feature,n_valid,mean_benign,mean_malignant,median_benign,median_malignant,shapiro_p_benign,shapiro_p_malignant,normal_in_both_classes,correlation_method,correlation_coefficient,correlation_p_value,class_difference_test,class_difference_stat,class_difference_p_value,cohen_d_malignant_minus_benign,correlation_q_value_fdr,class_difference_q_value_fdr
Post1_Morph_Compacity,113,15.721567458999997,17.73115889825397,15.726982465,16.5978999,0.00044230825815566875,2.918994187644891e-09,False,Spearman,0.347400968432565,0.0001632583448752355,Mann_Whitney_U,939.0,0.00023910467553420368,0.6451523332167705,0.0060698999103373135,0.008865826709081731
Post1_Morph_Compactness1,113,0.0363445694,0.03289159390476191,0.035873995000000006,0.033991625,0.0587632068655891,0.00035935746465764595,False,Spearman,-0.347400968432565,0.0001632583448752355,Mann_Whitney_U,2211.0,0.00023910467553420368,-0.7292680203011069,0.0060698999103373135,0.008865826709081731
Post1_Morph_Compactness2,113,0.47494428242000003,0.3939713005079365,0.4572585355,0.410531127,0.08104169770253336,0.06437580002156365,True,Pearson_point_biserial_equivalent,-0.3503044828013372,0.00014258579355646967,Welch_t_test,3.9813975129899664,0.0001240353678291465,-0.746311853326847,0.0060698999103373135,0.008865826709081731
Post1_Morph_SphericalDisproportion,113,1.29581504624,1.3999829243968251,1.298014273,1.345502894,0.0013300341966999347,1.7152705591341838e-08,False,Spearman,0.347400968432565,0.0001632583448752355,Mann_Whitney_U,939.0,0.00023910467553420368,0.6633359314718528,0.0060698999103373135,0.008865826709081731
Post1_Morph_Sphericity,113,0.7760764497000001,0.7248480635238094,0.7704076195,0.743216536,0.037416169834816514,4.709697243546706e-05,False,Spearman,-0.347400968432565,0.0001632583448752355,Mann_Whitney_U,2211.0,0.00023910467553420368,-0.7198444032577933,0.0060698999103373135,0.008865826709081731
Post1_Morph_Asphericity,113,0.29581504624,0.3999829243968255,0.298014273,0.345502894,0.0013300341966999026,1.7152705591341838e-08,False,Spearman,0.347400968432565,0.0001632583448752355,Mann_Whitney_U,939.0,0.00023910467553420368,0.6633359314718551,0.0060698999103373135,0.008865826709081731
T2_Morph_Compacity,113,15.725971691799998,17.73115889825397,15.726982465,16.5978999,0.0004486820754049963,2.918994187644891e-09,False,Spearman,0.3468547404947779,0.00016744551476792588,Mann_Whitney_U,940.0,0.00024457452990570293,0.6439152546197775,0.0060698999103373135,0.008865826709081731
T2_Morph_Compactness1,113,0.03633255354,0.03289159390476191,0.035873995000000006,0.033991625,0.06092036468666679,0.00035935746465764595,False,Spearman,-0.3468547404947779,0.00016744551476792588,Mann_Whitney_U,2210.0,0.00024457452990570293,-0.7272389022238462,0.0060698999103373135,0.008865826709081731
T2_Morph_Compactness2,113,0.47460927444000006,0.3939713005079365,0.4572585355,0.410531127,0.08330041721178028,0.06437580002156365,True,Pearson_point_biserial_equivalent,-0.34931606597421794,0.00014933330232111064,Welch_t_test,3.9696651168305706,0.00012944107548970457,-0.7439129297144583,0.0060698999103373135,0.008865826709081731
T2_Morph_SphericalDisproportion,113,1.2960647178599998,1.3999829243968251,1.298014273,1.345502894,0.001356424923896451,1.7152705591341838e-08,False,Spearman,0.3468547404947779,0.00016744551476792588,Mann_Whitney_U,940.0,0.00024457452990570293,0.6619667662314678,0.0060698999103373135,0.008865826709081731
T2_Morph_Sphericity,113,0.7759094775800002,0.7248480635238094,0.7704076195,0.743216536,0.0387696991581766,4.709697243546706e-05,False,Spearman,-0.3468547404947779,0.00016744551476792588,Mann_Whitney_U,2210.0,0.00024457452990570293,-0.7179439686690512,0.0060698999103373135,0.008865826709081731
T2_Morph_Asphericity,113,0.29606471786,0.3999829243968255,0.298014273,0.345502894,0.0013564249238965144,1.7152705591341838e-08,False,Spearman,0.3468547404947779,0.00016744551476792588,Mann_Whitney_U,940.0,0.00024457452990570293,0.6619667662314687,0.0060698999103373135,0.008865826709081731
ADC_Morph_SurfaceToVolumeRatio_cm,113,15.733274678599999,17.447170453650795,15.726860935000001,16.51665418,0.00027911823858367443,4.843618517710724e-09,False,Spearman,0.3009715937206655,0.0011984464224971865,Mann_Whitney_U,1024.0,0.0014611362366316316,0.5808225912592531,0.02621949027275149,0.031952609462298664
ADC_Morph_Compacity,113,0.0363126684,0.033330295095238084,0.035874272,0.03415883,0.025598333558107252,0.0027696456561302047,False,Spearman,-0.3009715937206655,0.0011984464224971865,Mann_Whitney_U,2126.0,0.0014611362366316316,-0.6404181277371055,0.02621949027275149,0.031952609462298664
ADC_Morph_Compactness1,113,0.47408010146,0.4038675506507937,0.457265593,0.41457988,0.02756545501304284,0.3362724032595336,False,Spearman,-0.3009715937206655,0.0011984464224971865,Mann_Whitney_U,2126.0,0.0014611362366316316,-0.6466853412187941,0.02621949027275149,0.031952609462298664
ADC_Morph_Compactness2,113,1.296482293,1.3855461529523807,1.2980075869999999,1.341108534,0.000803526059666903,3.900350600152033e-08,False,Spearman,0.3009715937206655,0.0011984464224971865,Mann_Whitney_U,1024.0,0.0014611362366316316,0.5954809843216622,0.02621949027275149,0.031952609462298664
ADC_Morph_SphericalDisproportion,113,0.77563068882,0.7314574642857143,0.7704115855,0.745651806,0.017587800442603174,0.00031740902989723356,False,Spearman,-0.3009715937206655,0.0011984464224971865,Mann_Whitney_U,2126.0,0.0014611362366316316,-0.6351925589953669,0.02621949027275149,0.031952609462298664
ADC_Morph_Sphericity,113,0.296482293,0.3855461529523809,0.298007587,0.341108534,0.0008035260596669541,3.900350600152033e-08,False,Spearman,0.3009715937206655,0.0011984464224971865,Mann_Whitney_U,1024.0,0.0014611362366316316,0.5954809843216634,0.02621949027275149,0.031952609462298664
Post1_IH_IntensityHistogramMode_Intensity,113,10.9,16.174603174603174,12.0,16.0,0.009223580309961633,0.2942848638369158,False,Spearman,0.3008234511301131,0.0012054938056437466,Mann_Whitney_U,1025.0,0.0014690854925194787,0.6589739558980985,0.02621949027275149,0.031952609462298664
Post1_IH_MinimumHistogramGradientGreyLevel_Intensity,113,11.22,17.26984126984127,11.0,18.0,0.0011824090186873422,0.10342454738647683,False,Spearman,0.30263787163014677,0.0011217245601519135,Mann_Whitney_U,1022.5,0.0013746587877509755,0.6488801379095028,0.02621949027275149,0.031952609462298664
Post1_IH_Uniformity_Intensity,113,0.12829960925999997,0.07810227749206346,0.0854964055,0.058784142,6.756405165413453e-10,2.928240142494805e-11,False,Spearman,-0.29496308640500796,0.0015164815570945713,Mann_Whitney_U,2115.0,0.0018164740692907342,-0.4899055718299435,0.03141283225410184,0.035744930068295266
Post1_GLCM_JointMaximum,113,0.10064048414000001,0.04519726628571429,0.044179607,0.022023277,2.1343564596930283e-10,5.767901556662564e-12,False,Spearman,-0.29277817465385975,0.001649955298829934,Mann_Whitney_U,2111.0,0.0019642666031672003,-0.5006080826277621,0.03262411613595551,0.035744930068295266
Post1_IB_MaximumIntensity,113,523.259881896,645.1746445984127,506.0,631.0,0.1698123768843238,0.8986769816179726,True,Pearson_point_biserial_equivalent,0.2871329461280435,0.0020455908454096636,Welch_t_test,-3.1726446736319285,0.001972134072733532,0.5981532765158627,0.034399752002028744,0.035744930068295266
Post1_IB_IntensityRange,113,503.01460298000006,628.868538236508,498.000473,627.1200542,0.2273750520617893,0.9360655236140848,True,Pearson_point_biserial_equivalent,0.28699725491696193,0.002056077131155741,Welch_t_test,-3.172696708662905,0.0019709677765042456,0.5978452262621099,0.034399752002028744,0.035744930068295266
ADC_GLSZM_LowGrayLevelZoneEmphasis,113,339.3310506806,549.7096823173017,175.4603213,493.4606061,3.372672776927316e-07,2.327109371011365e-05,False,Spearman,0.2878627217711925,0.0019900190259299296,Mann_Whitney_U,1048.0,0.002337950098735724,0.4792746543857928,0.034399752002028744,0.03684557292775385
Post1_GLCM_AngularSecondMoment,113,0.048942300019999996,0.01599383473015873,0.012647176,0.005766469,2.6373378689320055e-12,5.737022129682018e-14,False,Spearman,-0.2884083511515634,0.0019493666984316265,Mann_Whitney_U,2103.0,0.002293472608109997,-0.4408222776821179,0.034399752002028744,0.03684557292775385
ADC_GLSZM_LargeZoneEmphasis,113,0.09755403124,0.03823072565079366,0.03018191,0.013143895,3.914866742033275e-12,3.3090530292080774e-14,False,Spearman,-0.2829466601090659,0.002392396229773778,Mann_Whitney_U,2093.0,0.002775781575255112,-0.3992820134283966,0.035269941914250785,0.03684557292775385
Post1_IH_IntensityHistogramMedian_Intensity,113,12.22,15.65079365079365,13.0,17.0,0.0033927546732412275,0.25261494612826985,False,Spearman,0.2799164130410952,0.00267565076590868,Mann_Whitney_U,1063.5,0.0030817759377149124,0.5649898617940307,0.035269941914250785,0.03684557292775385
Post1_IH_IntensityHistogram50thPercentile,113,12.22,15.65079365079365,13.0,17.0,0.0033927546732412275,0.25261494612826985,False,Spearman,0.2799164130410952,0.00267565076590868,Mann_Whitney_U,1063.5,0.0030817759377149124,0.5649898617940307,0.035269941914250785,0.03684557292775385
Post1_IH_IntensityHistogramMaximumGreyLevel_Intensity,113,24.74,30.317460317460316,24.0,30.0,0.13649237087957505,0.8490933746229862,True,Pearson_point_biserial_equivalent,0.28396093250829335,0.002303817726260392,Welch_t_test,-3.1333865526176727,0.002230693258943538,0.5909622833394496,0.035269941914250785,0.03684557292775385
Post1_IH_IntensityHistogramRange_Intensity,113,23.04,28.714285714285715,23.0,29.0,0.18590053581007476,0.8447730359468433,True,Pearson_point_biserial_equivalent,0.282026284253501,0.0024754235422101696,Welch_t_test,-3.1121264375189677,0.002382029217200236,0.586586795438361,0.035269941914250785,0.03684557292775385
Post1_GLCM_JointEntropyLog2,113,6.851036966800001,7.80768978842857,7.2557944945,7.9841104,0.0009504578118844598,0.00034753997071852613,False,Spearman,0.2802149320847576,0.002646461930692766,Mann_Whitney_U,1062.0,0.003050272080383417,0.5697674939883103,0.035269941914250785,0.03684557292775385
Post1_GLCM_JointEntropyLog10,113,2.0623676283799997,2.350348823142857,2.184211785,2.403456719,0.0009504578123461071,0.00034753997108301956,False,Spearman,0.2802149320847576,0.002646461930692766,Mann_Whitney_U,1062.0,0.003050272080383417,0.5697674939988011,0.035269941914250785,0.03684557292775385
Post1_IB_AreaUnderCurveCIVH,113,5447.963085356001,6929.182816617461,5770.712585,7439.964941,0.028114272438761436,0.4957683183787946,False,Spearman,0.2763913365202482,0.003042947632007678,Mann_Whitney_U,1069.0,0.0034761225094276284,0.5791521347798237,0.035806060293422384,0.03684557292775385
Post1_IB_RootMeanSquareIntensity,113,278.0230205578,349.6531683884127,292.9106471,369.2023396,0.28987880409604994,0.6028133776836568,True,Pearson_point_biserial_equivalent,0.2748962177670658,0.0032119855288223016,Welch_t_test,-3.0656898739699128,0.002731220538857423,0.570527650407798,0.035806060293422384,0.03684557292775385
Post1_IH_IntensityHistogramEntropyLog10_Intensity,113,1.1203280412,1.2707563656190477,1.1976187944999999,1.291644898,0.0005201373781899522,0.00014706824060840365,False,Spearman,0.2774837923958223,0.002924541236903893,Mann_Whitney_U,1067.0,0.0033492397406611942,0.5704985486442771,0.035806060293422384,0.03684557292775385
Post1_IH_IntensityHistogramEntropyLog2_Intensity,113,3.72164919558,4.221361272746032,3.9784035214999998,4.290751476,0.0005201373860959316,0.00014706823791556858,False,Spearman,0.2774837923958223,0.002924541236903893,Mann_Whitney_U,1067.0,0.0033492397406611942,0.5704985486868627,0.035806060293422384,0.03684557292775385
Post1_GLCM_SumEntropy,113,6.6315436308,7.72777486379365,7.2557944945,7.942881321,0.00019480992212230462,8.401320280234081e-05,False,Spearman,0.2758451085824612,0.0031037532261526,Mann_Whitney_U,1070.0,0.0035411906848995967,0.5785248895635299,0.035806060293422384,0.03684557292775385
Post1_IB_75thIntensityPercentile,113,326.657144967,415.8596990714285,336.1931305,444.7147827,0.4248016588316893,0.6249764396398438,True,Pearson_point_biserial_equivalent,0.2680185547082565,0.004103368466608075,Welch_t_test,-2.9790961048532822,0.0035575035930245098,0.5551335238784336,0.03690050373854653,0.03684557292775385
Post1_GLCM_JointAverage,113,12.74802927992,16.091346010936505,13.564092745,16.77924621,0.07237128624223871,0.4312956867052981,True,Pearson_point_biserial_equivalent,0.2685535475232599,0.004026823471505855,Welch_t_test,-2.993899947188793,0.0033991703305766693,0.5563276648009179,0.03690050373854653,0.03684557292775385
Post1_GLCM_SumAverage,113,25.496058561319998,32.18269202001587,27.12818549,33.55849241,0.07237128598578535,0.4312956857964865,True,Pearson_point_biserial_equivalent,0.26855354741116233,0.0040268234874094935,Welch_t_test,-2.9938999457803344,0.003399170345090946,0.556327664550651,0.03690050373854653,0.03684557292775385
Post1_GLRLM_LongRunHighGreyLevelEmphasis,113,315.35424928246,437.58040458396823,309.86321755,431.4965957,0.11385658113052546,0.0520629451947625,True,Pearson_point_biserial_equivalent,0.26248910361099465,0.0049741972382838515,Welch_t_test,-3.0142273878962964,0.0032245583298747037,0.5428235415572383,0.039194816869614145,0.03684557292775385
Post1_IB_MedianIntensity,113,253.07247131379998,326.89657919666666,279.2001953,353.0,0.004405239871613052,0.41190562785816504,False,Spearman,0.27420870544184756,0.0032925112913491845,Mann_Whitney_U,1073.0,0.003742811412679903,0.5601180987191237,0.035806060293422384,0.0370027946480854
Post1_IB_50thIntensityPercentile,113,253.07247131379998,326.89657919666666,279.2001953,353.0,0.004405239871613052,0.41190562785816504,False,Spearman,0.27420870544184756,0.0032925112913491845,Mann_Whitney_U,1073.0,0.003742811412679903,0.5601180987191237,0.035806060293422384,0.0370027946480854
Post1_IB_MeanIntensity,113,253.174750465,321.434541012381,268.0578553,343.8062661,0.035692454520822155,0.47379040156210805,False,Spearman,0.27092905714237775,0.003702160939736012,Mann_Whitney_U,1079.0,0.0041786170362059765,0.5747931298190443,0.03690050373854653,0.03824405325900606
Post1_IH_IntensityHistogramMean_Intensity,113,12.222183514480001,15.38054331852381,12.93056582,16.45454545,0.03774627377332257,0.470809361866624,False,Spearman,0.27147528508016483,0.0036309109949072675,Mann_Whitney_U,1078.0,0.004102978834414181,0.5755189032161064,0.03690050373854653,0.03824405325900606
Post1_IH_AreaUnderCurveCIVH_Intensity,113,264.1137468808,332.36392826539685,279.4214457,355.5724432,0.0377462738814921,0.4708093611193506,False,Spearman,0.27147528508016483,0.0036309109949072675,Mann_Whitney_U,1078.0,0.004102978834414181,0.5755189031913194,0.03690050373854653,0.03824405325900606
Post1_GLCM_Autocorrelation,113,206.7232157433,321.6979933687937,192.27896420000002,313.5280382,0.09547060085679913,0.010101313290849654,False,Spearman,0.26765168951565543,0.004156608467100644,Mann_Whitney_U,1085.0,0.0046596202821317725,0.6109773259069028,0.03690050373854653,0.03824405325900606
Post1_GLRLM_HighGreyLevelRunEmphasis,113,205.96900272093998,313.4204657772064,195.8173344,304.6016647,0.19481475096712622,0.017655446621452867,False,Spearman,0.26765168951565543,0.004156608467100644,Mann_Whitney_U,1085.0,0.0046596202821317725,0.6138839502927221,0.03690050373854653,0.03824405325900606
Post1_GLRLM_ShortRunHighGreyLevelEmphasis,113,186.76137360858,288.3035141949365,170.81444929999998,276.3258999,0.08711883562541417,0.012993746481268163,False,Spearman,0.26874414539122954,0.0039998638234928635,Mann_Whitney_U,1083.0,0.004493984116449073,0.6157636379927132,0.03690050373854653,0.03824405325900606
Post1_IB_90thIntensityPercentile,113,391.1221978796,487.39640009206346,400.482666,504.6595154,0.8612469278094573,0.7090762653104198,True,Pearson_point_biserial_equivalent,0.2620740877990518,0.005045769528042281,Welch_t_test,-2.89608541029634,0.00456518991591516,0.5419019472383043,0.039194816869614145,0.03824405325900606
Post1_IH_IntensityHistogram75thPercentile,113,15.62,19.6984126984127,16.0,21.0,0.4479117726949385,0.6340524145850353,True,Pearson_point_biserial_equivalent,0.263133396401036,0.004864877900273579,Welch_t_test,-2.914985749864804,0.004313025077144441,0.5442549152367457,0.039194816869614145,0.03824405325900606
Post1_IH_IntensityHistogram90thPercentile,113,18.6,23.047619047619047,19.0,24.0,0.7128907067970134,0.7528322405729345,True,Pearson_point_biserial_equivalent,0.2623733386910693,0.004994070048909981,Welch_t_test,-2.9024945887670723,0.00447772931655797,0.5425664386225,0.039194816869614145,0.03824405325900606
Post1_GLSZM_LargeZoneLowGreyLevelEmphasis,113,1240.7668900979202,144.70473616663497,2.3439606255000003,0.464058036,1.4201235323328126e-15,7.2589411714915e-17,False,Spearman,-0.2643743218889331,0.004660349718967507,Mann_Whitney_U,2059.0,0.005190220867338161,-0.2010842423087697,0.039194816869614145,0.04181011254244629
ADC_IH_IntensityHistogramStd_Intensity,113,25.36,32.98412698412698,22.5,35.0,0.09018618652196746,0.5409122761869724,True,Pearson_point_biserial_equivalent,0.2649139710916115,0.004573826944654099,Welch_t_test,-2.830131785017732,0.005686796792349693,0.548214752235173,0.039194816869614145,0.044977392812220296
ADC_IB_StandardDeviation,113,1419.991419686,1853.0820457984125,1259.5,1949.0,0.1223596891508581,0.5528906048634136,True,Pearson_point_biserial_equivalent,0.26350079688408146,0.0048035042844209435,Welch_t_test,-2.81374018359238,0.005961212874610081,0.5450714895628058,0.039194816869614145,0.04566637264479762
Post1_GLCM_DifferenceEntropy,113,4.23054386384,5.359546377857143,4.692281505,5.689338808,0.06667093150989369,0.004919089161681823,False,Spearman,0.25973678521548504,0.005466268342071,Mann_Whitney_U,1099.5,0.006034417331517363,0.549529080904013,0.04138800240737828,0.04566637264479762
Post1_GLSZM_SmallZoneHighGreyLevelEmphasis,113,84.87656285285999,125.80223790660318,60.6574752,107.6623755,3.610855531572188e-05,0.0001641434890303692,False,Spearman,0.2594582704488496,0.0055184003209837705,Mann_Whitney_U,1100.0,0.006088849685973017,0.5240953323740166,0.04138800240737828,0.04566637264479762
ADC_IH_MaximumHistogramGradient_Intensity,113,12.78,17.984126984126984,9.0,16.0,1.402390921928856e-05,0.00881790558867637,False,Spearman,0.2588462271782154,0.0056345194943378425,Mann_Whitney_U,1101.5,0.006210069125268948,0.4485204804443592,0.04152207706191979,0.04572325953379624
Post1_NGTDM_Complexity,113,723.7019385012401,1128.3109929026987,430.15283984999996,722.5228451,1.0464175600615933e-07,8.141687457294174e-05,False,Spearman,0.2583658145732755,0.00572718304302342,Mann_Whitney_U,1102.0,0.006306656487420171,0.44591451133560644,0.04152207706191979,0.04572325953379624
Post1_GLSZM_HighGrayLevelZoneEmphasis,113,203.0022553448,297.2571258838095,181.82962980000002,263.0377358,0.0634039273004805,0.008864054388571161,False,Spearman,0.2556346748843403,0.00628018997262961,Mann_Whitney_U,1107.0,0.006882168773499216,0.6089407290587603,0.04478496128022754,0.0490777609257731
Post1_IB_25thIntensityPercentile,113,178.3135500494,226.7977253138095,193.0,232.5686951,0.01991712825076349,0.31078257733152004,False,Spearman,0.25481957181076975,0.0064541746924748665,Mann_Whitney_U,1108.5,0.0070628458161895525,0.49463073798620444,0.04528332243913818,0.049553837581329925
Post1_GLSZM_NormalisedGreyLevelNonUniformity,113,0.08223529442000001,0.05609814368253969,0.055847897,0.049537875,6.2930437262087146e-12,1.0297872833104983e-09,False,Spearman,-0.25126589630527046,0.0072636967134902305,Mann_Whitney_U,2035.0,0.007901315743265771,-0.4224701298648517,0.04937043859950391,0.053704255442509535
T2_IH_MaximumHistogramGradientGreyLevel_Intensity,113,7.94,8.34920634920635,4.0,6.0,4.384868096976214e-11,5.167317683853042e-08,False,Spearman,0.2515157778787681,0.007203968376253609,Mann_Whitney_U,1117.5,0.00784000132383017,0.04742762356826188,0.04937043859950391,0.053704255442509535
T2_GLCM_JointMaximum,113,0.1788609078,0.1174618214920635,0.094833734,0.049806784,6.243321737179516e-10,3.6040334523046737e-13,False,Spearman,-0.25071914476845797,0.007395915942398117,Mann_Whitney_U,2034.0,0.008037947253893347,-0.29631270108077534,0.04949574515297202,0.05379241623759394
ADC_GLRLM_LowGreyLevelRunEmphasis,113,352.67512029424006,548.0374420617302,169.8484262,455.4058242,5.061278684767119e-07,1.2980624427883599e-05,False,Spearman,0.2496266866213187,0.007666495241491115,Mann_Whitney_U,1118.0,0.008317301895256061,0.4183112712092186,0.04977585441823154,0.054001266924362704
ADC_GLRLM_ShortRunLowGreyLevelEmphasis,113,308.5731603291,477.0234494662698,153.53240820000002,392.6646501,4.01975949311355e-07,1.5242235734799408e-05,False,Spearman,0.24962616756868267,0.0076666258529230185,Mann_Whitney_U,1118.0,0.0083174365147869,0.41238607408688377,0.04977585441823154,0.054001266924362704
ADC_IB_MedianIntensity,113,180.4408971484,467.78336050079366,0.0,142.8585205,3.264546263882487e-11,4.789551596607406e-08,False,Spearman,0.24594858943985637,0.008642921750946974,Mann_Whitney_U,1158.0,0.00932905398254377,0.5635512752273498,0.05150234194057444,0.055590938115158084
ADC_IH_IntensityHistogramMedian_Intensity,113,3.96,8.920634920634921,1.0,3.0,1.6673651186379515e-11,2.7751148244623726e-08,False,Spearman,0.24666572057278574,0.008444362519923506,Mann_Whitney_U,1164.5,0.009126336421159783,0.5632930969911497,0.05150234194057444,0.055590938115158084
ADC_GLRLM_LongRunLowGreyLevelEmphasis,113,681.0544046249202,990.8828700114286,285.8804196,801.7481737,1.0955787750076608e-08,7.897664102019528e-07,False,Spearman,0.24634879994196038,0.008531609797742484,Mann_Whitney_U,1124.0,0.009208355354445205,0.3209655276433681,0.05150234194057444,0.055590938115158084
Post1_GLCM_InverseDifference,113,0.45217239982,0.3800509256825397,0.4225645905,0.361367996,0.015815168940391203,8.339393172357932e-05,False,Spearman,-0.24689502787974743,0.00838172661696454,Mann_Whitney_U,2027.0,0.009054195579744137,-0.5278077635143847,0.05150234194057444,0.055590938115158084
Post1_GLRLM_RunPercentage,113,0.8337418175200001,0.8838818185079366,0.8667485255,0.90516333,1.5347927831518564e-06,1.55119105367829e-08,False,Spearman,0.24662242671668577,0.008456234580246037,Mann_Whitney_U,1123.5,0.009130840485993979,0.5131760751214234,0.05150234194057444,0.055590938115158084
T2_GLRLM_LongRunsEmphasis,113,3.1263140960999998,2.8534620012857146,2.2731132405,1.944655047,1.3624401327245853e-13,8.348264993885265e-16,False,Spearman,-0.24634879994196038,0.008531609797742484,Mann_Whitney_U,2026.0,0.009208355354445205,-0.06218624648071086,0.05150234194057444,0.055590938115158084
ADC_IB_IntensityBasedEnergy,113,837.30816096522,1141.2576297360317,716.0112377,1186.682563,0.007861484643208502,0.1562606429457429,False,Spearman,0.242525204377451,0.009648599689614982,Mann_Whitney_U,1131.0,0.01035465645503372,0.4794545649774879,0.052084568242212095,0.0558517929295024
Post1_GLCM_SumVariance,113,87.64350249886002,123.39396990223813,54.895858175,106.1795269,3.176137674119754e-06,0.00044221488243848043,False,Spearman,0.24197897643966398,0.009818240450256073,Mann_Whitney_U,1132.0,0.01052838395452689,0.3809416754117564,0.052084568242212095,0.0558517929295024
Post1_GLCM_InverseDifferenceMoment,113,0.38706906869999996,0.30359559982539686,0.3472916705,0.278696344,0.0038432374051162164,8.548364496987748e-06,False,Spearman,-0.24361766025302514,0.009317033550283797,Mann_Whitney_U,2021.0,0.010014836642704573,-0.5347590266221187,0.052084568242212095,0.0558517929295024
Post1_GLCM_ClusterTendency,113,87.64350249886002,123.39396990223813,54.895858175,106.1795269,3.176137674119754e-06,0.00044221488243848043,False,Spearman,0.24197897643966398,0.009818240450256073,Mann_Whitney_U,1132.0,0.01052838395452689,0.3809416754117564,0.052084568242212095,0.0558517929295024
Post1_GLCM_ClusterProminence,113,40440.38054775604,64857.948447029674,10422.4781325,31528.43605,2.9339412918772296e-10,2.311146694459226e-08,False,Spearman,0.242525204377451,0.009648599689614982,Mann_Whitney_U,1131.0,0.01035465645503372,0.32732226239620377,0.052084568242212095,0.0558517929295024
Post1_GLRLM_ShortRunsEmphasis,113,0.8645975158600001,0.90224682,0.8908276625,0.915337519,1.175532853289013e-06,2.5606415715713377e-08,False,Spearman,0.24361766025302514,0.009317033550283797,Mann_Whitney_U,1129.0,0.010014836642704573,0.5003417701340512,0.052084568242212095,0.0558517929295024
Post1_GLRLM_LongRunsEmphasis,113,2.1183821376200003,1.575391298571429,1.5705384740000001,1.405753415,2.2363682307747132e-11,3.0502215633147996e-12,False,Spearman,-0.242525204377451,0.009648599689614982,Mann_Whitney_U,2019.0,0.01035465645503372,-0.44956559662979045,0.052084568242212095,0.0558517929295024
Post1_GLRLM_RunLengthVariance,113,0.42747254583999994,0.19046650719047623,0.181493114,0.107767181,9.167111123097135e-12,7.361116423840653e-13,False,Spearman,-0.24197897643966398,0.009818240450256073,Mann_Whitney_U,2018.0,0.01052838395452689,-0.44456210313207767,0.052084568242212095,0.0558517929295024
T2_GLRLM_RunLengthVariance,113,0.61022611018,0.5996554498412698,0.4497671045,0.278358329,1.245417423468188e-11,1.4033436149720426e-15,False,Spearman,-0.24197897643966398,0.009818240450256073,Mann_Whitney_U,2018.0,0.01052838395452689,-0.008946224523730506,0.052084568242212095,0.0558517929295024
Post1_IH_IntensityHistogram25thPercentile,113,8.8,10.952380952380953,9.5,11.0,0.01572724737471422,0.2759199991072452,False,Spearman,0.23730453302672894,0.011380465038502065,Mann_Whitney_U,1142.0,0.012124664182538533,0.4713228902723815,0.05893455109224283,0.0627884395167174
T2_IH_MinimumHistogramGradientGreyLevel_Intensity,113,11.62,12.047619047619047,8.0,11.0,7.613340736577043e-10,0.003518497323064029,False,Spearman,0.2376184297269267,0.011269123884336131,Mann_Whitney_U,1141.0,0.012011035260725781,0.04340677453103586,0.05893455109224283,0.0627884395167174
ADC_GLCM_Correlation,113,348.31619241384,539.242947084984,161.84400490000002,454.0616242,2.8919232146019227e-07,7.486745452698983e-06,False,Spearman,0.2365171888556477,0.011663989340800826,Mann_Whitney_U,1142.0,0.012413292490448804,0.39672118895687464,0.05899899107804203,0.06278908694325519
Post1_GLRLM_RunEntropy,113,4.408443152039999,4.7016232528730155,4.580908608,4.79520178,0.0002464609663542026,0.04368729783265316,False,Spearman,0.23651669706179343,0.011664168351061183,Mann_Whitney_U,1142.0,0.012413474660045852,0.5084194567434258,0.05899899107804203,0.06278908694325519
Post1_GLCM_JointVariance,113,29.38362566548,40.4236936013016,18.12713667,32.32371969,7.897745372414435e-07,0.0007517303374113836,False,Spearman,0.2359704691240064,0.011864482637748554,Mann_Whitney_U,1143.0,0.01261751265828018,0.3593038125174805,0.059322413188742776,0.06308756329140089
ADC_IH_IntensityHistogram75thPercentile,113,20.18,26.285714285714285,18.5,28.0,0.035801036683294506,0.24271092295103647,False,Spearman,0.2355614268171065,0.012016451870198619,Mann_Whitney_U,1144.0,0.012772305365807606,0.4733787548536461,0.059399506403822716,0.06313582766052624
T2_GLRLM_RunPercentage,113,0.7519426525,0.7975852866031745,0.7691066879999999,0.81208194,5.073815705803853e-05,8.273471058540739e-09,False,Spearman,0.2348785016349388,0.012273969943790305,Mann_Whitney_U,1145.0,0.013034326005443431,0.3447146320833507,0.059990751972458234,0.06370709901536957
Post1_GLSZM_GreyLevelVariance,113,35.93672782934,48.729107002825394,29.841099375,36.90423638,4.1002957999384646e-05,0.0028955918106248176,False,Spearman,0.2337855573728582,0.012696137181929924,Mann_Whitney_U,1147.0,0.013463660549646721,0.43070557591053127,0.06136466304599463,0.06507435932329247
ADC_Morph_IntegratedIntensity_Intensity,113,774.3373865036799,1069.6203366143172,630.9333893,1145.724893,0.0025538261672053875,0.04970961662428531,False,Spearman,0.22886950593277472,0.014755614541124128,Mann_Whitney_U,1156.0,0.01555311102508037,0.4549028622739052,0.06274647314235143,0.06612716183373626
ADC_IB_75thIntensityPercentile,113,1121.48227903976,1467.823175368254,1031.5,1559.442261,0.05298682871709014,0.3013644485621202,True,Pearson_point_biserial_equivalent,0.23010531096652814,0.014212304647301804,Welch_t_test,-2.455729793844121,0.015809712254502464,0.47182969287483173,0.06274647314235143,0.06612716183373626
ADC_IB_IntensityBasedQuartileCoefficientOfDispersion,113,43956.5808424896,60738.077064947625,34958.818795,65352.83508,0.002383274849592391,0.043896104226340875,False,Spearman,0.22832327799498767,0.015001455647826548,Mann_Whitney_U,1157.0,0.015802032154761725,0.45346302255856996,0.06274647314235143,0.06612716183373626
ADC_IB_TotalLesionGlycolysis,113,14.15507732348,19.30949721171428,11.544136215,20.60078193,0.00171208343589099,0.04257801744197222,False,Spearman,0.22886998182567295,0.014755401892011029,Mann_Whitney_U,1156.0,0.015552895926290571,0.45542919531182946,0.06274647314235143,0.06612716183373626
ADC_IH_IntensityHistogramEntropyLog2_Intensity,113,807.0605805378,1100.9430519271427,658.1961414,1174.566457,0.0017120834409631706,0.042578017532655554,False,Spearman,0.22886998182567295,0.014755401892011029,Mann_Whitney_U,1156.0,0.015552895926290571,0.45542919524520536,0.06274647314235143,0.06612716183373626
ADC_GLRLM_HighGreyLevelRunEmphasis,113,0.08007048908000002,0.048615822555555556,0.0299052825,0.008731238,5.348019720436581e-07,1.2167270873940207e-09,False,Spearman,-0.23050818974613588,0.014038986668773972,Mann_Whitney_U,1997.0,0.014826929772034793,-0.3749641893996479,0.06274647314235143,0.06612716183373626
ADC_GLSZM_HighGrayLevelZoneEmphasis,113,0.013247622120000002,0.008129112761904764,0.0050293035,0.001061446,4.543391244766516e-08,2.2262754092645556e-12,False,Spearman,-0.22914309636245778,0.014633801376975977,Mann_Whitney_U,1994.5,0.015429735451519658,-0.3127127292818288,0.06274647314235143,0.06612716183373626
Post1_IB_IntensityBasedMedianAbsoluteDeviation,113,84.79530701654,106.29148512031747,74.021261475,101.9873192,0.016291381331333215,0.42958146687932414,False,Spearman,0.2310544176839229,0.013806940289548613,Mann_Whitney_U,1152.0,0.014591598096700159,0.42915426632111753,0.06274647314235143,0.06612716183373626
Post1_IH_IntensityHistogramVariance_Intensity,113,31.7743065862,43.840728694031746,21.416352535,32.73240008,2.1552502649963927e-06,0.0006795550142218553,False,Spearman,0.23214687355949706,0.01335285134193725,Mann_Whitney_U,1150.0,0.014130793758208592,0.373162613942202,0.06274647314235143,0.06612716183373626
Post1_IH_IntensityHistogramMedianAbsoluteDeviation_Intensity,113,3.9103935786200004,4.909009650984129,3.4344697725,4.696428571,0.017010123407565216,0.4447766398447585,False,Spearman,0.2310544176839229,0.013806940289548613,Mann_Whitney_U,1152.0,0.014591598096700159,0.4310778252161066,0.06274647314235143,0.06612716183373626
Post1_GLCM_DifferenceAverage,113,3.3188650664200003,4.096183753714286,2.7937364395,4.01274607,0.0030396607932094955,0.13184548345651578,False,Spearman,0.22832327799498767,0.015001455647826548,Mann_Whitney_U,1157.0,0.015802032154761725,0.38589883636961997,0.06274647314235143,0.06612716183373626
Post1_GLCM_Dissimilarity,113,3.3188650664200003,4.096183753714286,2.7937364395,4.01274607,0.0030396607932094955,0.13184548345651578,False,Spearman,0.22832327799498767,0.015001455647826548,Mann_Whitney_U,1157.0,0.015802032154761725,0.38589883636961997,0.06274647314235143,0.06612716183373626
Post1_GLRLM_GreyLevelVariance,113,32.26496109198,44.332000883031746,22.658804885000002,33.05462129,2.640849143364632e-06,0.0006974979222648421,False,Spearman,0.2310544176839229,0.013806940289548613,Mann_Whitney_U,1152.0,0.014591598096700159,0.37784089260295395,0.06274647314235143,0.06612716183373626
T2_GLRLM_ShortRunsEmphasis,113,0.78649783352,0.8287793944444444,0.818038212,0.846707247,1.6312775700938594e-07,5.359019617468374e-10,False,Spearman,0.23214687355949706,0.01335285134193725,Mann_Whitney_U,1150.0,0.014130793758208592,0.3277149019658969,0.06274647314235143,0.06612716183373626
ADC_GLCM_JointMaximum,113,14.21757688788,19.34216139265079,11.60489229,20.77995621,0.0015247690092831162,0.04096018711172025,False,Spearman,0.22668506553139445,0.015760230072132685,Mann_Whitney_U,1160.0,0.016569715932174354,0.4464414838338979,0.06347960273630557,0.06674004083202838
ADC_GLCM_DifferenceEntropy,113,28.435153776000003,38.684322785587305,23.20978458,41.55991242,0.0015247690107368789,0.0409601870994159,False,Spearman,0.22668506553139445,0.015760230072132685,Mann_Whitney_U,1160.0,0.016569715932174354,0.4464414838427609,0.06347960273630557,0.06674004083202838
Post1_IB_IntensityVariance,113,14888.4633896494,20521.60076221587,10023.4270495,15128.18136,2.204308850719126e-06,0.0007022700843371623,False,Spearman,0.2266845941816265,0.015760453093151727,Mann_Whitney_U,1160.0,0.016569941172089805,0.37166170196032494,0.06347960273630557,0.06674004083202838
Post1_IH_IntensityHistogramInterquartileRange_Intensity,113,6.82,8.746031746031745,5.0,8.0,0.00047318860862302994,0.06226789266326671,False,Spearman,0.22671516527624908,0.01574599392711801,Mann_Whitney_U,1161.0,0.016555653415900384,0.39364368419249945,0.06347960273630557,0.06674004083202838
Post1_IB_IntensityInterquartileRange,113,148.34359491126,189.0619737573016,115.14199065,182.0,0.000445492921812523,0.19370643173389668,False,Spearman,0.22559870566717827,0.016281570737063898,Mann_Whitney_U,1162.0,0.017096685841467507,0.3888934075620782,0.06381868268634062,0.0670131678748377
Post1_IB_IntensityBasedMeanAbsoluteDeviation,113,86.60049204724001,107.69281513555558,74.33437193500001,102.6822917,0.022439593179241886,0.39627689143892725,False,Spearman,0.22559213830605243,0.016284767306169675,Mann_Whitney_U,1162.0,0.01709991180254479,0.42008505337273516,0.06381868268634062,0.0670131678748377
Post1_IH_IntensityHistogramMeanAbsoluteDeviation_Intensity,113,4.00794680538,4.98385316563492,3.43529337,4.730867347,0.01910980113327978,0.3918753131085357,False,Spearman,0.22613836624383948,0.016020750276891448,Mann_Whitney_U,1161.0,0.01683309575416171,0.42187116411922215,0.06381868268634062,0.0670131678748377
ADC_GLSZM_SmallZoneLowGreyLevelEmphasis,113,111.83118706048,166.55471651496822,52.421245185000004,122.3264602,1.0834849639376554e-07,3.486641750568028e-08,False,Spearman,0.2223147706793301,0.017949417308010352,Mann_Whitney_U,1168.0,0.01878006883402828,0.33253853738933403,0.06964843011635428,0.07285059304466208
T2_GLSZM_NormalisedZoneSizeNonUniformity,113,0.25213655661999995,0.19247517463492064,0.2079947405,0.1872,1.4275035685781325e-10,0.04358101536667985,False,Spearman,-0.2220453503560084,0.01809258069689203,Mann_Whitney_U,1981.5,0.018924406928843254,-0.49617266030765794,0.06964843011635428,0.07285059304466208
Post1_GLSZM_ZoneSizeNonUniformity,113,78.3531722231,92.17462602039683,27.231666665,37.51162791,4.520203356459732e-15,6.181170355737777e-14,False,Spearman,0.22122231480375598,0.018536047391927917,Mann_Whitney_U,1170.0,0.019371351422129507,0.055926908206056454,0.07072965452183021,0.07391699884759943
Post1_IH_IntensityHistogramStd_Intensity,113,4.94972177596,6.126146168444444,4.6275547495,5.721223652,0.10181461804811076,0.4203781127659791,True,Pearson_point_biserial_equivalent,0.21961446223961,0.019429510274445363,Welch_t_test,-2.3516650352235735,0.020620307266408143,0.44920075910064905,0.07349423451638028,0.07799855357293514
Post1_GLCM_Contrast,113,28.372486737019997,36.5250986341746,15.50587237,29.90017287,9.957276428082588e-08,0.0003330538677784325,False,Spearman,0.21849117511482075,0.02007551211597718,Mann_Whitney_U,1175.0,0.02092123506182769,0.27250634116357086,0.0746397245337613,0.07845463148185383
Post1_IB_StandardDeviation,113,107.08025628954002,132.48697106444445,100.11323933,122.9966721,0.11592137745993224,0.4309171069805389,True,Pearson_point_biserial_equivalent,0.21871985452733864,0.01994252006649513,Welch_t_test,-2.341593757698971,0.02115495705058817,0.44727879115913316,0.0746397245337613,0.07865304544449449
Post1_GLSZM_ZonePercentage,113,0.24733809540000004,0.31026169477777776,0.23839615549999998,0.290410959,0.08014521692313321,0.219633995707184,True,Pearson_point_biserial_equivalent,0.2158942340524961,0.021640171057513116,Welch_t_test,-2.324494307558403,0.022035604893930458,0.44121600165300834,0.07977520686456106,0.08123295024457415
ADC_IB_AreaUnderCurveCIVH,113,8406508082.599719,2133997494.2340796,115000000.0,474000000.0,2.428565158505141e-15,2.0338290271566266e-14,False,Spearman,0.2154891618160686,0.021893431095406774,Mann_Whitney_U,1180.5,0.022748480493368764,-0.19563020376790274,0.07999301042446491,0.08309523256267683
Post1_IB_IntensityBasedRobustMeanAbsoluteDeviation,113,63.212144569559996,78.65661512166665,47.780220695,75.4087486,0.0014416489363616373,0.38545808505306123,False,Spearman,0.2152138074880984,0.02206703735847308,Mann_Whitney_U,1181.0,0.02292282277591085,0.3701313632801087,0.07999301042446491,0.08309523256267683
ADC_GLRLM_LongRunsEmphasis,113,0.17712644068,0.09934270377777775,0.036410652,0.010789125,1.3049472968245313e-09,2.037203298945464e-11,False,Spearman,-0.21412179683929308,0.022767211199521128,Mann_Whitney_U,1967.0,0.023625721621006096,-0.33920447875127374,0.08184906505612967,0.0849354454970054
Post1_IB_10thIntensityPercentile,113,111.22837824284,143.87815993015872,118.87189864999999,139.0,0.12698739446763102,0.22018989602579722,True,Pearson_point_biserial_equivalent,0.2116020524326684,0.024455815266570154,Welch_t_test,-2.276158963259002,0.024878121790084598,0.43202866925018857,0.08649007838177249,0.08870477851382623
Post1_IH_IntensityHistogramRobustMeanAbsoluteDeviation_Intensity,113,3.05936475564,3.8031290701269844,2.3759823585,3.618655693,0.0018937887558734161,0.30037354617718554,False,Spearman,0.2119364398613761,0.024225740371013153,Mann_Whitney_U,1187.0,0.025088709949380023,0.3809885028294212,0.08637866443762887,0.08872836445512448
Post1_IH_IntensityHistogram10thPercentile,113,5.72,7.190476190476191,6.0,7.0,0.03632755499207934,0.0776350338890094,False,Spearman,0.20979155954806455,0.02573421482283484,Mann_Whitney_U,1192.5,0.026601032764677436,0.42516165474942424,0.09027728587042867,0.09331813913415068
ADC_GLSZM_LargeZoneLowGreyLevelEmphasis,113,4891019.43141352,145826.07550320003,15108.673535000002,46125.84375,1.513233656451081e-15,5.1953771307993504e-14,False,Spearman,0.20920530017244085,0.026160209815367687,Mann_Whitney_U,1192.0,0.027026806795932293,-0.22328611527491088,0.09103753015747955,0.09405328764984437
ADC_IH_IntensityHistogram50thPercentile,113,17.58,22.88888888888889,16.0,24.0,0.01436878649150751,0.2464327376120176,False,Spearman,0.208785442410997,0.026468973813676654,Mann_Whitney_U,1193.0,0.027336051894308627,0.4268744737813392,0.0913809810234075,0.09437446487320836
ADC_IB_50thIntensityPercentile,113,973.07518461508,1277.524337774603,878.5,1323.887695,0.020288048368116846,0.2696172423109916,False,Spearman,0.20756704795645758,0.02738262147648145,Mann_Whitney_U,1195.0,0.028250309792998165,0.4271716703961012,0.09379086883676717,0.09676287212562364
T2_GLCM_ClusterShade,113,-1244.50478722872,43.43724779163491,1.5272100535000002,26.91232313,4.915899568876398e-12,6.81342586115154e-12,False,Spearman,0.20702081888288795,0.02780085995460289,Mann_Whitney_U,1196.0,0.02866872536132701,0.43100491572901944,0.09447948500197076,0.09742887134513475
ADC_IB_IntensityKurtosis,113,772.9382132204598,1040.4716385490476,599.5,1113.877686,0.00183883710743928,0.04285552128732628,False,Spearman,0.20102692959594637,0.032758407431488404,Mann_Whitney_U,1207.0,0.03362180218129076,0.3911064716083665,0.10799776978228343,0.11084290061771114
ADC_IB_25thIntensityPercentile,113,772.9382132204598,1040.4716385490476,599.5,1113.877686,0.00183883710743928,0.04285552128732628,False,Spearman,0.20102692959594637,0.032758407431488404,Mann_Whitney_U,1207.0,0.03362180218129076,0.3911064716083665,0.10799776978228343,0.11084290061771114
Post1_GLCM_DifferenceVariance,113,9.71531437574,12.449116725555555,6.491580891,10.13358287,8.862346535824753e-07,0.000224298559925782,False,Spearman,0.2010118811056351,0.03277173703738256,Mann_Whitney_U,1207.0,0.033635087083995104,0.28422486146745524,0.10799776978228343,0.11084290061771114
Post1_GLRLM_LongRunLowGreyLevelEmphasis,113,0.4566590384,0.09977233504761905,0.0542392305,0.032405148,5.981088455607942e-14,5.23608418958015e-16,False,Spearman,-0.20155810904342214,0.03229082592824407,Mann_Whitney_U,1944.0,0.03315509199458064,-0.3441825213136248,0.10799776978228343,0.11084290061771114
T2_IH_IntensityHistogramMode_Intensity,113,10.1,9.587301587301587,6.0,8.0,1.9071089041075987e-10,0.00020049383228950293,False,Spearman,0.19916980598047115,0.034438373861905014,Mann_Whitney_U,1212.0,0.03529898855607002,-0.05559589928473591,0.11263678669119309,0.11545157911195834
Post1_GLSZM_LargeZoneEmphasis,113,4978.258579496241,952.950938688492,87.090007215,25.91836735,6.02324347978731e-14,8.985383775488621e-16,False,Spearman,-0.1988269693544869,0.0347563136494387,Mann_Whitney_U,1939.0,0.035614947441181245,-0.3385714527346973,0.11282833162317787,0.11561568758890926
ADC_IH_IntensityHistogramMinimumGreyLevel_Intensity,113,8.04,12.952380952380953,4.5,12.0,3.412516164488521e-07,3.0032008013545275e-05,False,Spearman,0.19581572100589872,0.03765659403957374,Mann_Whitney_U,1222.0,0.03851011299896746,0.4719314241568083,0.12044572358246013,0.12317572907757975
T2_IH_IntensityHistogramMinimumGreyLevel_Intensity,113,2.76,3.634920634920635,2.0,3.0,4.882707875632285e-05,1.1541124225586798e-05,False,Spearman,0.19603732568669727,0.037436445677507195,Mann_Whitney_U,1223.0,0.03829183355330192,0.42622184478558234,0.12044572358246013,0.12317572907757975
T2_GLSZM_GreyLevelNonUniformity,113,11.51056962628,10.428728041269842,3.6114942525,4.692307692,9.068515963269854e-15,4.32846979528449e-14,False,Spearman,0.19419493457647352,0.03929998844345884,Mann_Whitney_U,1219.5,0.0401428973644078,-0.03638765244762088,0.12478463483871968,0.12746102447822916
ADC_IB_MinimumIntensity,113,421.1143404408,703.8820276196826,220.57295225000001,654.7225952,7.254824732733975e-07,4.9459996104519895e-05,False,Spearman,0.1925394074856401,0.04104019714033342,Mann_Whitney_U,1225.5,0.04187800028530375,0.4710518075530693,0.12844324267608045,0.1310356634806269
ADC_IH_IntensityHistogramKurtosis_Intensity,113,14.12,18.746031746031747,11.0,20.0,0.001248091592001554,0.034408600735961505,False,Spearman,0.19226195053575393,0.04133805511414084,Mann_Whitney_U,1223.5,0.04217239744204084,0.3880207095625912,0.12844324267608045,0.1310356634806269
ADC_IH_IntensityHistogram25thPercentile,113,14.12,18.746031746031747,11.0,20.0,0.001248091592001554,0.034408600735961505,False,Spearman,0.19226195053575393,0.04133805511414084,Mann_Whitney_U,1223.5,0.04217239744204084,0.3880207095625912,0.12844324267608045,0.1310356634806269
Post1_GLSZM_ZoneSizeEntropy,113,5.48990174476,5.946804900936507,5.7362043975,6.003747569,4.563358497710292e-05,0.1522589256385832,False,Spearman,0.19172600616325522,0.04191852121894596,Mann_Whitney_U,1224.0,0.04274972683604401,0.45488475836725234,0.12932309737759926,0.13188745513247618
ADC_IH_IntensityHistogram10thPercentile,113,10.74,15.571428571428571,8.0,17.0,1.8747625942979793e-05,0.0008300310770310655,False,Spearman,0.18984217687938754,0.044013103016361826,Mann_Whitney_U,1229.5,0.04483563621412263,0.4307097776690158,0.1348288719163197,0.13734860389537565
ADC_GLRLM_ShortRunHighGreyLevelEmphasis,113,2.40270179926,0.998510934698413,0.11886585399999999,0.018793549,1.0172222922551103e-13,3.2987975749043656e-13,False,Spearman,-0.18844863853653288,0.04561801816790836,Mann_Whitney_U,1920.0,0.0464300570229991,-0.256560658033692,0.1387680972240569,0.14123828534968258
ADC_IB_10thIntensityPercentile,113,577.8377516142,852.326869773365,405.97795105,917.1096802,3.3293793276283496e-05,0.0011175517240363554,False,Spearman,0.1878971149247071,0.04626649322947276,Mann_Whitney_U,1231.5,0.04707534949326739,0.42393635889911246,0.1397633649640323,0.14220678492757857
T2_GLRLM_LongRunLowGreyLevelEmphasis,113,1.0012089713,0.7625281112222223,0.067688267,0.034195027,9.398102897235078e-15,4.642825409152573e-17,False,Spearman,-0.18680995472317172,0.04756719165273451,Mann_Whitney_U,1917.0,0.04836805833380067,-0.05584922077963546,0.14270157495820351,0.14510417500140202
T2_GLCM_AngularSecondMoment,113,0.11269267082000001,0.06887147084126984,0.0321599645,0.020754709,6.07537182208737e-12,4.5552235795517275e-15,False,Spearman,-0.18571788501367256,0.04890414868048743,Mann_Whitney_U,1915.0,0.04969697602480485,-0.22352635136412127,0.145707566274055,0.14806975733417882
Post1_GLCM_ClusterShade,113,-178.63481676618002,-563.8752422822857,-0.211436632,-224.5011496,0.003887925056773109,8.076931022972808e-06,False,Spearman,-0.18462504297202353,0.05027304900344295,Mann_Whitney_U,1913.0,0.051057351335797155,-0.39228466307565196,0.14820812755501742,0.1505158814537402
T2_IH_IntensityHistogram25thPercentile,113,8.04,7.825396825396825,5.5,7.0,1.8590349523203637e-10,0.13807220071977994,False,Spearman,0.18450538861090487,0.05042483420262661,Mann_Whitney_U,1239.0,0.05121000104633,-0.03352275425879394,0.14820812755501742,0.1505158814537402
ADC_IB_RootMeanSquareIntensity,113,5514.6081636628,1573.8844650198414,201.6625,397.817,2.1579865074952412e-15,2.7145552670813234e-14,False,Spearman,0.18407881503423648,0.0509690412599956,Mann_Whitney_U,1238.0,0.051748902932436135,-0.1839978202132223,0.14880223455099387,0.15107901191684375
ADC_Morph_SphereDiameter_mm,113,5505335.136031073,1558502.8667120365,197203.1358,393008.6849,2.1489212944442e-15,2.6326115146968477e-14,False,Spearman,0.18189390328308827,0.0538330650143666,Mann_Whitney_U,1242.0,0.05459396038356363,-0.18426840307391346,0.15611588854166314,0.15832248511233452
Post1_GLSZM_ZoneSizeVariance,113,4540.71504805738,908.8874597115715,56.696937805000005,16.34113564,5.3221110199775914e-14,7.969959987704012e-16,False,Spearman,-0.18134767534530125,0.054569410681377266,Mann_Whitney_U,1907.0,0.05532526298717702,-0.3248918092435586,0.15720326918145108,0.15938072449948346
Post1_GLSZM_LowGrayLevelZoneEmphasis,113,0.058932904620000004,0.034413435063492065,0.036664433499999996,0.028471603,1.8246252367804508e-12,1.2611660489212628e-13,False,Spearman,-0.17916276359415298,0.05759812079015194,Mann_Whitney_U,1903.0,0.05833259347155757,-0.3323880290738571,0.1648367272612901,0.16693867210610228
ADC_GLCM_ClusterTendency,113,-347.81754422330005,588.3511852430474,2.281582921,67.87682707,3.225021829974748e-12,6.136851889193556e-11,False,Spearman,0.17643199076298893,0.061575906436553134,Mann_Whitney_U,1252.0,0.062280946727103534,0.31509925329009636,0.17506875359412166,0.1770732799103924
T2_IB_10thIntensityPercentile,113,127.88239192862,134.305207742873,93.460113525,121.0,1.6040137452383315e-10,0.02740820907030334,False,Spearman,0.17424961073448136,0.06491374609769857,Mann_Whitney_U,1256.0,0.06559311532867025,0.061881236914190056,0.1833602568344083,0.18527925433747766
T2_GLSZM_LowGrayLevelZoneEmphasis,113,0.08983159156000001,0.039163682682539676,0.023512119499999998,0.017281674,5.495847704959875e-13,1.4396562994184998e-13,False,Spearman,-0.17315461632157117,0.06664313557089681,Mann_Whitney_U,1892.0,0.06730889983627,-0.336561861394437,0.18703073531187167,0.18888159396114335
T2_IB_25thIntensityPercentile,113,182.54124497782,176.48988808492064,119.5,167.4405975,2.5316464008144526e-10,0.2839567157388273,False,Spearman,0.1728850966599671,0.06707449421478222,Mann_Whitney_U,1258.5,0.06773684748951347,-0.039066115771674424,0.18703464732968117,0.18888159396114335
T2_IH_IntensityHistogram10thPercentile,113,5.8,6.0,4.0,5.0,1.283689008315516e-10,0.008988347405411976,False,Spearman,0.17225169324426048,0.06809716646284238,Mann_Whitney_U,1262.0,0.06875466068164121,0.04676742582424871,0.18867686249258875,0.19049858214340082
Post1_IB_IntensityBasedEnergy,113,335784784.953134,204236185.097,31450000.0,61400000.0,1.824879036526191e-15,2.6171588676150796e-12,False,Spearman,0.1709707665404348,0.07020395720917894,Mann_Whitney_U,1262.0,0.07084119048698292,-0.10018054632762335,0.19328304674679012,0.1950374548217568
Post1_GLCM_InverseVariance,113,0.28053272454,0.2464452587936508,0.28321507199999996,0.239573478,0.47225787914194384,0.0012646780327658814,False,Spearman,-0.16987688865177314,0.07204458608051786,Mann_Whitney_U,1886.0,0.07266682347436543,-0.35603726353701615,0.19587121840640792,0.197562926320931
T2_GLCM_InverseDifferenceMoment,113,0.54347506896,0.47996090603174607,0.517395614,0.481754042,0.1139413536000764,0.002895388200360064,False,Spearman,-0.16987724188015343,0.07204398548390438,Mann_Whitney_U,1886.0,0.07266622875128953,-0.35666737578752195,0.19587121840640792,0.197562926320931
ADC_IB_IntensityBasedMedianAbsoluteDeviation,113,0.84489340324,0.5443574498730158,0.42726746299999996,0.303672544,9.154003298345084e-12,2.6420285251605925e-08,False,Spearman,-0.16550706514947672,0.07978997259000534,Mann_Whitney_U,1878.0,0.0803477721564558,-0.31044610597563804,0.2155816029605734,0.21708870116806384
T2_GLCM_InverseDifference,113,0.58626703592,0.5344500737619048,0.5642407775,0.536334151,0.07539941748817734,0.001490220537030274,False,Spearman,-0.1633224929973179,0.08390502068144273,Mann_Whitney_U,1874.0,0.08442796416745996,-0.3353814821502034,0.2239200483960636,0.22531561607025416
T2_GLSZM_LargeZoneEmphasis,113,17910.187825545003,11309.363362521002,557.14489795,373.4907975,7.119410870082472e-15,1.5132307956734122e-16,False,Spearman,-0.16332215339832848,0.08390567330703073,Mann_Whitney_U,1874.0,0.08442861015965845,-0.09835818211037835,0.2239200483960636,0.22531561607025416
Post1_IH_RootMeanSquare_Intensity,113,0.018492886400000002,0.013685220158730162,0.014291440499999999,0.011530964,5.146726035806345e-08,0.0012441813373769864,False,Spearman,-0.16277592546054145,0.08496064698697602,Mann_Whitney_U,1873.0,0.0854746022394818,-0.3917537044125671,0.22535293560569855,0.22671617057423527
ADC_IH_RootMeanSquare_Intensity,113,258.29,23.674603174603174,8.5,12.0,2.037833223872752e-15,1.3423607350582166e-13,False,Spearman,0.16173594084926282,0.08699848758640011,Mann_Whitney_U,1279.0,0.08749522856341828,-0.20096135888515645,0.22935964909141848,0.23066923893992092
T2_GLSZM_ZoneSizeEntropy,113,4.68451644288,5.226132582222224,4.6919798635,5.237874018,0.07403090967913097,0.04611301737617735,False,Spearman,0.15977499405999868,0.09094667845377688,Mann_Whitney_U,1282.5,0.09140946802570693,0.345987274925784,0.23832412727345148,0.23953685898302718
T2_GLRLM_ShortRunLowGreyLevelEmphasis,113,0.04426409528,0.03398829149206349,0.0233348965,0.014345488,5.925486852855098e-12,1.6136948073684786e-12,False,Spearman,-0.15840610195824506,0.09378609426863284,Mann_Whitney_U,1865.0,0.09422453186400592,-0.1584568511188663,0.24429311980152868,0.24543515784935674
Post1_NGTDM_Busyness,113,1.64253696412,0.7505401444444444,0.2112269325,0.154712302,1.2801023451764441e-13,1.8846130911775002e-15,False,Spearman,-0.15294382258037453,0.10582037320526094,Mann_Whitney_U,1855.0,0.10615596585310538,-0.24624293221076712,0.27399918062076495,0.2748681258696479
T2_GLSZM_LargeZoneLowGreyLevelEmphasis,113,9465.27560089648,6847.72183284019,14.035903475000001,5.229486019,1.2722687548065994e-15,1.6935123268009454e-17,False,Spearman,-0.15239759464258745,0.10708738530315336,Mann_Whitney_U,1854.0,0.10741222690061716,-0.046611442068341266,0.2756391278513119,0.27647525859034594
T2_GLRLM_LowGreyLevelRunEmphasis,113,0.09037136348,0.062022965269841274,0.03014248,0.017153264,2.2113094548302924e-13,9.80863115391981e-15,False,Spearman,-0.1518516824523558,0.10836547922617189,Mann_Whitney_U,1853.0,0.10867949895332467,-0.15150157240666665,0.2772881380199104,0.2780916590864484
T2_IH_Uniformity_Intensity,113,0.21862437776000004,0.16192031776190474,0.146205252,0.112799672,1.1418161400312057e-08,4.461976195911134e-12,False,Spearman,-0.1502129952316469,0.11227357577377245,Mann_Whitney_U,1850.0,0.1125546539025294,-0.29093393158296327,0.28560821907363165,0.28632324238362744
ADC_GLCM_ClusterShade,113,116672.72247741996,92191.83357813001,6099.837900500001,13308.48896,1.285537276958253e-13,4.887765789736016e-12,False,Spearman,0.1491205370845077,0.1149392883976498,Mann_Whitney_U,1302.0,0.11519804562835706,-0.08853783833528223,0.2906894793777771,0.2913438944670658
Post1_GLRLM_LowGreyLevelRunEmphasis,113,0.09586927295999999,0.04204600987301586,0.0305974405,0.023047953,5.2362077558557067e-11,1.969394267754948e-13,False,Spearman,-0.14748154320250398,0.1190303928275504,Mann_Whitney_U,1845.0,0.1192551584357346,-0.44122752808045274,0.299296074450777,0.29986123652915925
T2_GLSZM_ZonePercentage,113,0.12678131001999998,0.1590357819206349,0.08831410149999999,0.124146434,0.0004640968274312179,0.0009194470121326343,False,Spearman,0.14693531526471695,0.12041856426101602,Mann_Whitney_U,1306.0,0.12063187569923858,0.3011399820902113,0.30104641065254,0.30157968924809647
ADC_IB_IntensityBasedCoefficientOfVariation,111,0.4242588075416666,0.37792815985714284,0.299115456,0.209175085,3.3498536587056e-05,4.775548298041322e-08,False,Spearman,-0.14657098590042486,0.12477318437047435,Mann_Whitney_U,1770.0,0.12496316832986892,-0.13719589165189852,0.3081553688991895,0.3103066005401357
T2_IB_MedianIntensity,113,256.64537998996,233.1079599852381,154.0,212.8475494,8.233481703250758e-09,0.006591566355211248,False,Spearman,0.14475070449595065,0.12609576014725454,Mann_Whitney_U,1310.0,0.12626268573702074,-0.1131511769109287,0.3081553688991895,0.3103066005401357
T2_IB_50thIntensityPercentile,113,256.64537998996,233.1079599852381,154.0,212.8475494,8.233481703250758e-09,0.006591566355211248,False,Spearman,0.14475070449595065,0.12609576014725454,Mann_Whitney_U,1310.0,0.12626268573702074,-0.1131511769109287,0.3081553688991895,0.3103066005401357
T2_IB_MinimumIntensity,113,54.47263618064,73.33114900966667,45.5,70.01758575,0.0037410686261607562,0.0001366066372629742,False,Spearman,0.14359099543084392,0.1291919273060694,Mann_Whitney_U,1312.5,0.12933493359770398,0.35819568026603377,0.3139580356320681,0.31607132648877095
Post1_GLCM_Correlation,113,0.5031298576000001,0.5364820078888888,0.5094954655,0.538610574,0.15399345208284104,0.45034290330250226,True,Pearson_point_biserial_equivalent,0.14584338427133403,0.12323100956440627,Welch_t_test,-1.5107672211837924,0.13430043903579592,0.2941716269588534,0.30631708091723847,0.32637257531045377
ADC_GLCM_InverseDifferenceMoment,113,0.9810455154799999,0.9829998767777778,0.982360494,0.985948241,0.3790792935276162,0.00017702275158588583,False,Spearman,0.14147333005453294,0.13499547652923005,Mann_Whitney_U,1316.0,0.1350913153134411,0.190258255398378,0.32623906827897264,0.3264706786741493
T2_IH_MaximumHistogramGradient_Intensity,113,173.28,75.91269841269842,29.25,19.0,9.590362496544677e-15,1.6234891447729194e-13,False,Spearman,-0.13902686296883432,0.14194515036296956,Mann_Whitney_U,1829.5,0.14198707565846214,-0.16476795924596743,0.3411388972811699,0.3412396569692322
ADC_GLSZM_ZonePercentage,113,34.11299623682,37.834762291809525,23.345795645000003,26.94444444,4.9308331526542516e-09,2.975018794273414e-06,False,Spearman,0.13874218468668478,0.14277112578513498,Mann_Whitney_U,1321.0,0.1428066652521803,0.09801173442721083,0.3412386797611743,0.3413236229928485
Post1_IH_MinimumHistogramGradient_Intensity,113,-164.07,-69.03174603174604,-18.0,-13.5,3.530636984588377e-14,1.7137171993228097e-15,False,Spearman,0.13632724783958602,0.14992488068577917,Mann_Whitney_U,1325.5,0.14990681594932595,0.23111312487227711,0.35444197336040184,0.35439926596715643
Post1_NGTDM_Contrast,113,0.28525461322,0.3061039676825396,0.166762821,0.252590259,1.486734864955824e-08,0.0005203810450593984,False,Spearman,0.13655698444676295,0.14923294314249974,Mann_Whitney_U,1325.0,0.1492197577874504,0.07536430293751291,0.35444197336040184,0.35439926596715643
Post1_Morph_Maximum3DDiameter_mm,113,16.033142202219995,17.759112117206353,13.029657910000001,13.74772708,6.358879369667646e-11,9.451841270917976e-09,False,Spearman,0.13573848927127277,0.15170916384247216,Mann_Whitney_U,1326.5,0.15167766092388094,0.15054418723175406,0.35480368963158815,0.3547300134510119
T2_IH_MinimumHistogramGradient_Intensity,113,-199.35,-105.64285714285714,-29.25,-20.5,3.861251399211424e-15,5.187775015026316e-14,False,Spearman,0.13575401548518476,0.15166190644394467,Mann_Whitney_U,1326.5,0.15163084573615618,0.14629315722256866,0.35480368963158815,0.3547300134510119
T2_Morph_Maximum3DDiameter_mm,113,16.050699986339996,17.759112117206353,13.029657910000001,13.74772708,6.245203248901735e-11,9.451841270917976e-09,False,Spearman,0.13410007407564453,0.15675845322379917,Mann_Whitney_U,1329.5,0.1566902057352256,0.14906523113707956,0.36465201685750076,0.364493259330605
Post1_GLRLM_ShortRunLowGreyLevelEmphasis,113,0.06629827944,0.03459870482539682,0.028120363000000002,0.022017271,1.0217826440820095e-09,9.719346735921886e-12,False,Spearman,-0.13382584475782772,0.1576157146073136,Mann_Whitney_U,1820.0,0.15754130457157867,-0.4404811928219051,0.364695935394582,0.36452376323742935
ADC_GLCM_SumVariance,113,5.180755455460001,4.3678862286984135,6.0081134894999995,5.427930403,0.0007002888688286161,3.424979379400126e-05,False,Spearman,-0.1333808846008058,0.1590141408458021,Mann_Whitney_U,1819.0,0.15893039164834954,-0.2621941067872939,0.36598492734351273,0.3657921712541378
ADC_GLRLM_RunPercentage,113,33.2388132619,35.800627013031736,15.05149839,22.07010759,1.1704264791421174e-09,3.50918688831431e-07,False,Spearman,0.12945629043600118,0.171751802308593,Mann_Whitney_U,1338.0,0.17157947585726685,0.06250870393201455,0.3792508881218558,0.3788703529005542
Post1_IB_TotalLesionGlycolysis,113,1099.1238894955798,513.5291003626985,83.89918722,136.159,1.8692670096315904e-15,9.58345533312383e-13,False,Spearman,0.1294560212555313,0.1717527010574841,Mann_Whitney_U,1338.0,0.17158036671588317,-0.13770739588302397,0.3792508881218558,0.3788703529005542
T2_IB_MeanIntensity,113,252.5699621863,239.11823064696827,175.72370404999998,231.1583333,5.624497046313921e-08,0.021286367255964486,False,Spearman,0.13000224919331835,0.1699360731377105,Mann_Whitney_U,1337.0,0.16977593781806843,-0.07232860607949927,0.3792508881218558,0.3788703529005542
T2_IB_AreaUnderCurveCIVH,113,6135.364859044,5811.477517476191,4288.664097499999,5571.411979,5.3656738741235565e-08,0.018736871189988312,False,Spearman,0.1294560212555313,0.1717527010574841,Mann_Whitney_U,1338.0,0.17158036671588317,-0.07170365671627985,0.3792508881218558,0.3788703529005542
T2_IH_IntensityHistogramMean_Intensity,113,10.9071255065,10.347646124666667,7.738474377499999,10.01666667,4.966226039901886e-08,0.018343858570132356,False,Spearman,0.13000251950957079,0.1699351776593544,Mann_Whitney_U,1337.0,0.1697750502498938,-0.07326692808118393,0.3792508881218558,0.3788703529005542
T2_IH_IntensityHistogramMedian_Intensity,113,11.12,10.047619047619047,7.0,9.0,7.648882437338595e-09,0.004206349682213127,False,Spearman,0.12986277647780692,0.17039857074374887,Mann_Whitney_U,1338.0,0.17023814807630444,-0.12501124211819453,0.3792508881218558,0.3788703529005542
T2_IH_IntensityHistogram50thPercentile,113,11.12,10.047619047619047,7.0,9.0,7.648882437338595e-09,0.004206349682213127,False,Spearman,0.12986277647780692,0.17039857074374887,Mann_Whitney_U,1338.0,0.17023814807630444,-0.12501124211819453,0.3792508881218558,0.3788703529005542
T2_IH_AreaUnderCurveCIVH_Intensity,113,265.1794888868,251.57714639984127,188.14165830000002,243.5302083,4.966226043273274e-08,0.018343858603588944,False,Spearman,0.13000251950957079,0.1699351776593544,Mann_Whitney_U,1337.0,0.1697750502498938,-0.07326692816631716,0.3792508881218558,0.3788703529005542
ADC_IB_MeanIntensity,113,109387.74759554675,117831.09223764762,50266.168659999996,69484.38384,9.881868702415003e-10,6.881017380745156e-08,False,Spearman,0.1283635653799572,0.17542889590838984,Mann_Whitney_U,1340.0,0.17523222792806237,0.060437803084347305,0.3796595508465153,0.37923392611297074
ADC_IB_90thIntensityPercentile,113,270.53451284362,303.0977916676191,224.16832955,263.5989071,0.0005862686385085554,0.004265806517562972,False,Spearman,0.1283635653799572,0.17542889590838984,Mann_Whitney_U,1340.0,0.17523222792806237,0.18482352675854805,0.3796595508465153,0.37923392611297074
ADC_IH_IntensityHistogramInterquartileRange_Intensity,113,21.4,24.063492063492063,18.5,21.0,0.005288432380855143,0.01574645676844071,False,Spearman,0.1289800782467475,0.17334723132302735,Mann_Whitney_U,1339.0,0.17316478151770598,0.19866549442640058,0.3796595508465153,0.37923392611297074
ADC_NGTDM_Contrast,111,0.7560986666666668,0.7338170401269842,0.187470009,0.107142617,3.4659442900422722e-09,2.2671746485972335e-12,False,Spearman,-0.12996603151026226,0.17397212792552774,Mann_Whitney_U,1741.0,0.17379225437464285,-0.01724541776733583,0.3796595508465153,0.37923392611297074
ADC_Morph_Asphericity,113,5.26159297628,5.585042275936509,3.9360526690000004,4.585056474,3.3776275304909054e-10,1.0237091104024555e-06,False,Spearman,0.12727110950438308,0.17916266930300603,Mann_Whitney_U,1342.0,0.1789417731922961,0.08696933127498413,0.3839200056492986,0.3834466568406345
ADC_IB_IntensityInterquartileRange,113,1239.550522544,1385.2986853333334,1090.200531,1240.358765,0.00592581353619045,0.012307065346151289,False,Spearman,0.1272716387807131,0.1791608463497113,Mann_Whitney_U,1342.0,0.17893996583451532,0.18987672696749752,0.3839200056492986,0.3834466568406345
Post1_Morph_IntegratedIntensity_Intensity,113,1094920.3301339399,508746.45518793655,81148.671695,132424.8843,1.8637941100886146e-15,9.175490539785256e-13,False,Spearman,0.12672488156659603,0.18105126822810752,Mann_Whitney_U,1343.0,0.1808183050545319,-0.13803474482598596,0.38606520430993513,0.38556844460157536
ADC_GLSZM_GreyLevelVariance,113,13183.667605864019,1254.5774592796508,57.798014365,118.5196922,7.111944162632296e-15,5.009011810480859e-14,False,Spearman,0.1239939997003049,0.1907123201246362,Mann_Whitney_U,1348.0,0.19041962010475766,-0.28699557794291947,0.40077226692858336,0.400157172683911
T2_GLCM_JointAverage,113,11.215071752259998,10.538006323873015,7.744580863,9.881165919,5.107060966709715e-08,0.015231748899159852,False,Spearman,0.1239939997003049,0.1907123201246362,Mann_Whitney_U,1348.0,0.19041962010475766,-0.08440881836482991,0.40077226692858336,0.400157172683911
T2_GLCM_SumAverage,113,22.43014350466,21.076012648587305,15.48916173,19.76233184,5.107060974898106e-08,0.015231748885827175,False,Spearman,0.1239939997003049,0.1907123201246362,Mann_Whitney_U,1348.0,0.19041962010475766,-0.0844088183195391,0.40077226692858336,0.400157172683911
T2_GLRLM_ShortRunHighGreyLevelEmphasis,113,200.5192902409,135.76109610466668,60.930026645,97.35470123,3.861889769180939e-11,1.960755127346306e-09,False,Spearman,0.12235505806429964,0.19668724405119312,Mann_Whitney_U,1351.0,0.19635927281114407,-0.23880600623505763,0.4113411113570625,0.4106552099656138
ADC_Morph_RadiusSphereNorm_MaxIntensityCoor_PerimeterCoor_3DSmallestDist,113,0.13534217942,0.12297708695238095,0.13229104149999998,0.11286653,0.008531584468653836,0.0010401135007760574,False,Spearman,-0.12153723245100102,0.19971877793105092,Mann_Whitney_U,1797.5,0.19937341684845533,-0.20538018213265866,0.41190263161125334,0.41118205389260865
ADC_GLCM_DifferenceVariance,113,2.9032436067200003,2.3736189104761904,3.1114571399999997,2.239484467,0.0034042119400180836,0.00026562964418560864,False,Spearman,-0.12165277742228306,0.1992884430655351,Mann_Whitney_U,1797.0,0.19894877120268428,-0.25114720673732116,0.41190263161125334,0.41118205389260865
T2_GLCM_JointEntropyLog2,113,5.460646958240001,6.005247182349205,5.59391997,6.171404267,0.2100479601199823,0.02365754683389202,False,Spearman,0.12126285433245679,0.20074335149789818,Mann_Whitney_U,1353.0,0.2003921733913403,0.26342868431536,0.41190263161125334,0.41118205389260865
T2_GLCM_JointEntropyLog10,113,1.64381853014,1.8077595332539684,1.6839377045,1.8577778,0.21004796008027077,0.023657546774890317,False,Spearman,0.12126285433245679,0.20074335149789818,Mann_Whitney_U,1353.0,0.2003921733913403,0.263428684335304,0.41190263161125334,0.41118205389260865
T2_GLSZM_ZoneSizeNonUniformity,113,46.76089699606,29.87235234111111,8.593947924,12.28888889,1.5287540340421392e-13,3.755701872057038e-13,False,Spearman,0.12048485473864246,0.2036690931495282,Mann_Whitney_U,1354.5,0.20330189542598187,-0.16941468898506593,0.4159439226293181,0.41519401178545595
Post1_GLRLM_RunLengthNonUniformity,113,2197.2222838256,1208.8970391323808,245.5521109,289.4276181,1.8388683675270873e-15,1.9882487146520535e-14,False,Spearman,0.1201701463131514,0.20486123944101073,Mann_Whitney_U,1355.0,0.2044871047829966,-0.11642013020405288,0.4164235474618676,0.41566304009627814
ADC_IH_IntensityHistogramMean_Intensity,113,33.44019308514,35.84666157722222,15.256713520000002,21.60594439,9.627822494060202e-10,7.861109610259527e-08,False,Spearman,0.11853170896460867,0.21114869060704575,Mann_Whitney_U,1358.0,0.21074069236634163,0.05635357102270537,0.41750043768930734,0.41669369959542574
ADC_IH_IntensityHistogram90thPercentile,113,4.719688513199999,5.281947861920635,3.903869655,4.648219486,0.0006609255178837701,0.0059530282664421305,False,Spearman,0.11853170896460867,0.21114869060704575,Mann_Whitney_U,1358.0,0.21074069236634163,0.18203809630150447,0.41750043768930734,0.41669369959542574
ADC_GLCM_InverseDifference,113,0.92301166526,0.9261060222380952,0.9179275785000001,0.926503082,0.03981076398228497,0.3473165004066097,False,Spearman,0.11907793803817829,0.2090374408888532,Mann_Whitney_U,1357.0,0.2086406549930313,0.11376174087437532,0.41750043768930734,0.41669369959542574
ADC_GLSZM_SmallZoneHighGreyLevelEmphasis,113,15493.527481107258,1103.3530889343654,6.2249882795,0.88545754,5.974711877852438e-15,5.292236103743539e-15,False,Spearman,-0.11853146249979025,0.21114964664746577,Mann_Whitney_U,1792.0,0.21074164117469807,-0.2838203593315863,0.41750043768930734,0.41669369959542574
T2_IB_RootMeanSquareIntensity,113,272.69697889822,255.16456026888892,184.68610255,245.4202146,1.1141900225624698e-07,0.010688348184869634,False,Spearman,0.11853146249979025,0.21114964664746577,Mann_Whitney_U,1358.0,0.21074164117469807,-0.08829675126225511,0.41750043768930734,0.41669369959542574
T2_GLCM_Autocorrelation,113,251.93483381362,152.94420485098416,62.043046079999996,106.509573,1.4842325640538292e-11,2.927528881204732e-09,False,Spearman,0.11853170896460867,0.21114869060704575,Mann_Whitney_U,1358.0,0.21074069236634163,-0.2778910775601115,0.41750043768930734,0.41669369959542574
T2_GLRLM_HighGreyLevelRunEmphasis,113,238.88509514062002,152.98798244399998,70.14003402,113.0286677,1.84246917170363e-11,3.9567246836601035e-09,False,Spearman,0.11634679267033017,0.2197457099843519,Mann_Whitney_U,1362.0,0.21929371701454248,-0.2617086642857247,0.4305828101044733,0.4316414791915203
Post1_IH_IntensityHistogramQuartileCoefficientOfDispersion_Intensity,113,0.27866373372,0.2920263087460318,0.217647059,0.272727273,0.0014320393788302404,0.01969827314747134,False,Spearman,0.11586707797764613,0.22166596190811053,Mann_Whitney_U,1363.0,0.221205132985555,0.08523625425694087,0.43239772838577617,0.43344249030953347
T2_IB_75thIntensityPercentile,113,319.55317807934006,294.53059338920633,210.55809785,274.7109375,1.254606323274603e-07,0.003631959930662332,False,Spearman,0.11552792950049973,0.22303067677320676,Mann_Whitney_U,1363.5,0.22256258111244775,-0.10465040303112529,0.4331176089122542,0.4341467389413219
T2_IH_RootMeanSquare_Intensity,113,0.02644902236,0.02025410696825397,0.0189999955,0.017756815,3.325805235580972e-06,3.863356627324314e-05,False,Spearman,-0.11361541105970678,0.23083758696113468,Mann_Whitney_U,1783.0,0.23033275916392437,-0.3193313927566751,0.44628600145819375,0.447297992126371
ADC_GLRLM_RunLengthVariance,113,4.327143423959999,4.523757838333333,4.308651300499999,4.526109101,0.51677775916917,0.39241180868482,True,Pearson_point_biserial_equivalent,0.11647867618312803,0.21921986290272288,Welch_t_test,-1.204197281623575,0.23158856056698374,0.2340227756816521,0.4305828101044733,0.44767845979503934
ADC_IB_IntensityRange,113,220.80078685913998,245.6685770165397,190.5774697,207.612874,0.0004855236060270931,0.0004313357768426264,False,Spearman,0.11306918312191974,0.23310204210122967,Mann_Whitney_U,1368.0,0.23258696991650318,0.16506495488911757,0.4486698597966146,0.44767845979503934
ADC_GLSZM_GreyLevelNonUniformity,113,0.12426731564000003,0.07811306711111111,0.07143682000000001,0.063870535,1.516845701781717e-12,2.8643304432154263e-12,False,Spearman,-0.11225077483725034,0.23652386244518006,Mann_Whitney_U,1780.5,0.23599366627435514,-0.3403033571638558,0.45325057340816444,0.45223455871957924
ADC_IH_IntensityHistogramRange_Intensity,113,3.8539741691999994,4.281240058079366,3.311885275,3.642921318,0.0005720213343242625,0.0005865829134782334,False,Spearman,0.11143073100820353,0.23998750378465913,Mann_Whitney_U,1371.0,0.23944240589994037,0.16174460265575444,0.457870895378626,0.4568309059933073
ADC_Morph_RadiusRoiNorm_MaxIntensityCoor_PerimeterCoor_2DSagittalSmallestDist,113,16.01794860666,17.25612752919048,12.638146235,13.56465997,6.649975871176928e-11,8.069120750326358e-09,False,Spearman,0.11115877215181441,0.24114393186849736,Mann_Whitney_U,1371.5,0.24059396776854847,0.10920003478069552,0.4580681675231282,0.45702347589222087
T2_IB_IntensityBasedEnergy,113,900314940.7846206,125326815.28696667,12350000.0,25100000.0,1.6520414680014666e-14,2.5544609886396115e-12,False,Spearman,0.1103385022905753,0.24465531745883584,Mann_Whitney_U,1373.0,0.24409082101204005,-0.3127616715843771,0.45919294325030025,0.45812587212188494
T2_IH_IntensityHistogram75thPercentile,113,13.68,12.603174603174603,9.0,12.0,1.2535513348941948e-07,0.0029791068223827895,False,Spearman,0.11026296840619272,0.24498043137933054,Mann_Whitney_U,1373.5,0.2444167149480021,-0.1097899651633724,0.45919294325030025,0.45812587212188494
T2_IH_IntensityHistogramEntropyLog10_Intensity,113,0.9061064263199998,0.9884105033650794,0.9086812184999999,1.002221874,0.33139286874806234,0.03937229654772616,False,Spearman,0.10979204378749466,0.2470141349898167,Mann_Whitney_U,1374.0,0.24644012431384155,0.23926575845760614,0.45919294325030025,0.45812587212188494
T2_IH_IntensityHistogramEntropyLog2_Intensity,113,3.0100203945400006,3.2834286201746035,3.0185736685,3.329308999,0.33139286762849285,0.03937229668011784,False,Spearman,0.10979204378749466,0.2470141349898167,Mann_Whitney_U,1374.0,0.24644012431384155,0.2392657582828716,0.45919294325030025,0.45812587212188494
T2_GLSZM_ZoneSizeVariance,113,8341.98959922372,9418.226130322444,328.3405469,174.7720896,1.4601599282758183e-15,2.106085547332644e-16,False,Spearman,-0.10979204378749466,0.2470141349898167,Mann_Whitney_U,1776.0,0.24644012431384155,0.02302029974138483,0.45919294325030025,0.45812587212188494
T2_GLRLM_RunLengthNonUniformity,113,1570.3290731410002,934.8524389884125,189.3732943,206.5562337,3.0548945601880094e-15,4.846900906504723e-14,False,Spearman,0.10869935961962332,0.2517777691051271,Mann_Whitney_U,1376.0,0.2511851422913022,-0.11670941146393747,0.46408190491834866,0.4629895631216798
T2_GLSZM_SmallZoneLowGreyLevelEmphasis,113,0.010717415639999998,0.007520551825396826,0.005856233000000001,0.00448138,1.301611118881753e-09,4.531553481007535e-12,False,Spearman,-0.10869935961962332,0.2517777691051271,Mann_Whitney_U,1774.0,0.2511851422913022,-0.27493602036994047,0.46408190491834866,0.4629895631216798
Post1_IH_IntensityHistogramSkewness_Intensity,113,0.18917347548,0.0018306143809523833,-0.054482915,-0.118579166,0.003949911934662057,4.666869650586373e-08,False,Spearman,-0.10815313168183628,0.25418262822895443,Mann_Whitney_U,1773.0,0.2535809058623901,-0.22420375845546497,0.46653773535694165,0.46543330822843754
T2_Morph_RadiusRoiNorm_CentroidCoor_WCentroidCoor_Dist,113,0.07669986827999999,0.06147428958730159,0.060287673,0.046092254,6.810827519954194e-05,1.8893047366410788e-07,False,Spearman,-0.1076069037440492,0.2566032073881024,Mann_Whitney_U,1772.0,0.25599253332049443,-0.2796433575062754,0.4690016605622879,0.46788551258157596
ADC_GLCM_JointAverage,113,32.04903832262001,33.81782697642857,14.598901260000002,19.81781657,7.198617048189637e-10,3.133875512057448e-08,False,Spearman,0.10706089841964654,0.25903853116239267,Mann_Whitney_U,1379.0,0.2584190585563855,0.04211038035102089,0.47147180358008706,0.47034431159844214
T2_GLRLM_LongRunHighGreyLevelEmphasis,113,558.9022030170199,257.9772865815873,136.86419454999998,180.5906866,3.0285721146800165e-13,1.3298400302649578e-07,False,Spearman,0.10596821993068806,0.2639594675994995,Mann_Whitney_U,1381.0,0.26332283370873133,-0.3113524658702885,0.4784265350240929,0.47727263609707554
Post1_GLSZM_GreyLevelNonUniformity,113,19.26853654362,16.408179769904763,4.962237762,5.149253731,3.4740549099446342e-15,1.034432245192419e-14,False,Spearman,0.10542221119893766,0.2664421250088417,Mann_Whitney_U,1382.0,0.26579715284944583,-0.04733157789609209,0.48092250779604206,0.47975834642949766
T2_Morph_RadiusRoiNorm_MaxIntensityCoor_PerimeterCoor_3DSmallestDist,113,0.14907108178,0.13856270815873017,0.133038021,0.121700474,0.0033550517186927615,3.313210621639561e-05,False,Spearman,-0.1046033025973792,0.27019526334564775,Mann_Whitney_U,1766.5,0.26953808718711136,-0.14364784654243679,0.48568156841056515,0.48450028068757617
Post1_Morph_SurfaceArea_cm2,113,9.307321130980002,8.367885578,3.348027033,3.289221526,8.225005448370155e-15,8.36177577296976e-14,False,Spearman,0.10378330817953986,0.2739890472203083,Mann_Whitney_U,1385.0,0.2733200085596448,-0.03962002185999808,0.4864703491462617,0.48528246417732845
T2_Morph_SurfaceArea_cm2,113,9.30950677164,8.367885578,3.348027033,3.289221526,8.220432609943448e-15,8.36177577296976e-14,False,Spearman,0.10378330817953986,0.2739890472203083,Mann_Whitney_U,1385.0,0.2733200085596448,-0.039712712065437604,0.4864703491462617,0.48528246417732845
T2_IH_IntensityHistogram90thPercentile,113,15.66,14.904761904761905,11.0,14.0,1.1767872682482178e-06,0.0025808562271590115,False,Spearman,0.10390956424010846,0.27340258451561344,Mann_Whitney_U,1385.0,0.2727368840116846,-0.07015302687797537,0.4864703491462617,0.48528246417732845
ADC_IH_IntensityHistogramMaximumGreyLevel_Intensity,113,13.38,16.714285714285715,9.0,18.0,1.9322697613838908e-05,2.522928105041367e-05,False,Spearman,0.10349326831455621,0.2753394993978935,Mann_Whitney_U,1389.5,0.2746935307219248,0.23782115896012768,0.4868808221060311,0.48573856042291585
Post1_NGTDM_Strength,113,5.863945562259999,6.677775721222223,3.4983563195,5.212981014,2.9973705664160393e-06,8.955241711586446e-05,False,Spearman,0.10214462436617869,0.2816777043055985,Mann_Whitney_U,1388.0,0.28098612912934195,0.13771220900699135,0.4901192054917414,0.488915864685055
T2_IB_MaximumIntensity,113,480.3615137219999,501.3832750968254,377.73677065,481.0,0.0005752552407290456,0.03943664499525018,False,Spearman,0.10269127935954532,0.2790969270982294,Mann_Whitney_U,1387.0,0.2784127006633621,0.06907285104088166,0.4901192054917414,0.488915864685055
T2_IH_IntensityHistogramMaximumGreyLevel_Intensity,113,20.18,21.063492063492063,16.0,20.0,0.0005663017578433046,0.0325316010525766,False,Spearman,0.10220797567661012,0.28137780510663957,Mann_Whitney_U,1388.0,0.28068787117082117,0.07053437639919453,0.4901192054917414,0.488915864685055
T2_GLSZM_LargeZoneHighGreyLevelEmphasis,113,2222193.2708305,217553.1902676349,29701.065150000002,15000.31579,2.356842976813602e-15,1.2265162170087647e-14,False,Spearman,-0.10214462436617869,0.2816777043055985,Mann_Whitney_U,1762.0,0.28098612912934195,-0.23091232995221747,0.4901192054917414,0.488915864685055
T2_GLCM_DifferenceAverage,113,1.88676797812,1.9681424707777777,1.374754976,1.51786153,2.5667746929515814e-05,2.080393999826147e-06,False,Spearman,0.09886746231610215,0.2974834669131792,Mann_Whitney_U,1394.0,0.2967517315625545,0.05589234578277005,0.5114834312538852,0.5102253092083447
T2_GLCM_DifferenceEntropy,113,2.36110480404,2.6920900753968255,2.2568424235,2.574597067,0.0010330889468220773,0.0172244329994782,False,Spearman,0.09903543490726406,0.2966593915638833,Mann_Whitney_U,1394.0,0.29593181706687577,0.16566744375190767,0.5114834312538852,0.5102253092083447
T2_GLCM_Dissimilarity,113,1.88676797812,1.9681424707777777,1.374754976,1.51786153,2.5667746929515814e-05,2.080393999826147e-06,False,Spearman,0.09886746231610215,0.2974834669131792,Mann_Whitney_U,1394.0,0.2967517315625545,0.05589234578277005,0.5114834312538852,0.5102253092083447
T2_GLSZM_SmallZoneHighGreyLevelEmphasis,113,78.46571591962,58.04682122942857,30.50380043,39.48325247,5.515757108922208e-11,4.062143924360871e-09,False,Spearman,0.09832102880166933,0.3001747073045926,Mann_Whitney_U,1395.0,0.2994369444458208,-0.2005372851057717,0.5140787310137708,0.5128152395036695
ADC_NGTDM_Busyness,113,427.18584454564007,458.63087366003174,149.93043745,184.6810531,4.400119481350427e-11,3.0135902622749486e-09,False,Spearman,0.09777500416896291,0.3028798771819151,Mann_Whitney_U,1396.0,0.3021362967790585,0.047824097649059566,0.5146591663052074,0.5133956605425408
T2_IB_90thIntensityPercentile,113,368.34150828519995,349.2804398269841,247.1212387,330.4254761,1.3853874725198379e-06,0.0028455408892438063,False,Spearman,0.09777541078292885,0.30287785676371964,Mann_Whitney_U,1396.0,0.30213428625181227,-0.07297837427883103,0.5146591663052074,0.5133956605425408
ADC_IB_IntensityBasedRobustMeanAbsoluteDeviation,113,216.24175777927996,238.42978386860315,190.4518199,206.310211,0.0007030025606977812,0.000342729844348858,False,Spearman,0.09722857292609523,0.30560302007004064,Mann_Whitney_U,1397.0,0.3048538151137018,0.14871355483982263,0.5152609059320453,0.5139977115289158
T2_IB_TotalLesionGlycolysis,113,1609.9317761186799,393.9324025360318,63.079453395,89.714,4.833118208178877e-15,2.4772202225678757e-12,False,Spearman,0.09722857292609523,0.30560302007004064,Mann_Whitney_U,1397.0,0.3048538151137018,-0.22768770134312163,0.5152609059320453,0.5139977115289158
ADC_IH_IntensityHistogramRobustMeanAbsoluteDeviation_Intensity,113,3.7613341313200004,4.139932838396825,3.2939980159999998,3.614583333,0.0007908034709554918,0.0005357885337113729,False,Spearman,0.09668254602182366,0.30834009710972504,Mann_Whitney_U,1398.0,0.3075854831560042,0.1443388459724793,0.5165112647639769,0.5152497330229062
ADC_NGTDM_Complexity,113,6.491493758019999,8.855955626301585,4.439222667,5.699286957,1.0011833046695925e-06,4.05720689148018e-12,False,Spearman,0.09613631694825403,0.31109414107623434,Mann_Whitney_U,1399.0,0.310334321958624,0.24362232562737568,0.5165112647639769,0.5152497330229062
Post1_IH_MaximumHistogramGradientGreyLevel_Intensity,113,10.2,11.920634920634921,10.0,11.0,0.19667515643319092,0.043228236004135424,False,Spearman,0.09630929497120679,0.31022027303682237,Mann_Whitney_U,1399.0,0.3094645551817018,0.2622953797338598,0.5165112647639769,0.5152497330229062
T2_GLSZM_HighGrayLevelZoneEmphasis,113,211.04842367034001,161.86623563603175,86.65802675500001,122.6666667,1.893522232639169e-10,1.1763622687319396e-08,False,Spearman,0.09613631694825403,0.31109414107623434,Mann_Whitney_U,1399.0,0.310334321958624,-0.19803476201677,0.5165112647639769,0.5152497330229062
ADC_Morph_RadiusSphereNorm_CentroidCoor_WCentroidCoor_Dist,113,0.13381772394,0.11802466974603175,0.0991793505,0.072410846,4.62944398117736e-07,7.364602233610648e-07,False,Spearman,-0.09449743323715998,0.3194530208229344,Mann_Whitney_U,1748.0,0.31867886257787703,-0.1360842357632088,0.5185151643954347,0.5172586015723004
ADC_GLSZM_NormalisedGreyLevelNonUniformity,113,47.875943175040014,44.25356791573015,8.630952381,10.87234043,9.247876070772766e-15,1.5451694808551693e-15,False,Spearman,0.0947727149147055,0.3180389517976289,Mann_Whitney_U,1401.5,0.31726709722402513,-0.024003252536816917,0.5185151643954347,0.5172586015723004
Post1_Morph_MaxIntensityCoor_PerimeterCoor_2DSagittalSmallestDist_mm,113,1.8566547585799997,2.190871788539683,1.58113883,1.58113883,1.0769214060033828e-06,1.2795491853610938e-08,False,Spearman,0.09458273740401375,0.3190143964966199,Mann_Whitney_U,1407.5,0.3182882631197399,0.20237195296528215,0.5185151643954347,0.5172586015723004
Post1_IB_IntensitySkewness,113,0.16542431307999997,-0.002772071412698389,-0.051489756,-0.111009044,0.0014264667752847426,4.587316429207747e-08,False,Spearman,-0.09449743323715998,0.3194530208229344,Mann_Whitney_U,1748.0,0.31867886257787703,-0.20076295805471353,0.5185151643954347,0.5172586015723004
Post1_GLSZM_SmallZoneEmphasis,113,0.3994328175000001,0.421653165031746,0.393210409,0.401624016,0.17652791061731546,0.017060187703068327,False,Spearman,0.09504366117494703,0.3166511096045381,Mann_Whitney_U,1401.0,0.31588151317344726,0.19756637276541616,0.5185151643954347,0.5172586015723004
T2_Morph_IntegratedIntensity_Intensity,113,1605596.9043828282,390286.6877616032,61398.58992,87151.125,4.795301645570333e-15,2.332651352675045e-12,False,Spearman,0.09449743323715998,0.3194530208229344,Mann_Whitney_U,1402.0,0.31867886257787703,-0.22767387432056788,0.5185151643954347,0.5172586015723004
T2_Morph_MaxIntensityCoor_RoiCentroidCoor_Dist_cm,113,4.91333965054,4.996655249888889,4.101449568,4.55055751,5.993682676192863e-11,0.005371662562242168,False,Spearman,0.09395120529937291,0.32227088357812583,Mann_Whitney_U,1403.0,0.32149238357409915,0.025419686575070325,0.5211443656374897,0.519885452991573
T2_IB_IntensityInterquartileRange,113,137.01193311752,118.04070530238094,66.96424103,86.0,9.88233757733203e-09,3.070335538160149e-07,False,Spearman,0.09285990794009066,0.32794838625852807,Mann_Whitney_U,1405.0,0.32716189976267573,-0.14122552151042275,0.528361288972073,0.5270941718398664
Post1_IH_IntensityHistogramKurtosis_Intensity,113,0.59902213176,0.3363158564761904,0.101104818,-0.184340219,2.3493798808199964e-08,1.2354962669479572e-12,False,Spearman,-0.09231252148601177,0.3308201373581917,Mann_Whitney_U,1744.0,0.3300299599362828,-0.11509119783778164,0.5310212536930383,0.5297528877206016
Post1_IB_IntensityKurtosis,113,0.6535375895,0.3562040245396825,0.08710486,-0.172582553,6.83051774793366e-09,1.2493468636447517e-12,False,Spearman,-0.09176629354822471,0.33370175723032647,Mann_Whitney_U,1743.0,0.33290814564851823,-0.1276808120897791,0.5336774426293823,0.532408247636417
Post1_GLSZM_SmallZoneLowGreyLevelEmphasis,113,0.013615937679999999,0.013136221746031743,0.010056313,0.010487482,0.0008999663027971147,2.125433159962382e-12,False,Spearman,-0.09012760973486356,0.34244210906580896,Mann_Whitney_U,1740.0,0.3416396069709735,-0.03635572389701421,0.5436580928599521,0.5423840475634069
T2_GLCM_SumEntropy,113,4.95540018616,5.596724603555557,5.5334791469999995,5.83814007,0.006640584343732828,0.04417549807562777,False,Spearman,0.09012798454428181,0.3424400935573506,Mann_Whitney_U,1410.0,0.3416375993524692,0.2640059050238587,0.5436580928599521,0.5423840475634069
ADC_IH_IntensityHistogramSkewness_Intensity,111,4.113931925395833,2.031420258555556,-0.4406424485,-0.061980782,9.469429371288284e-15,2.9717477030717424e-16,False,Spearman,0.08967088636952594,0.3493071131068385,Mann_Whitney_U,1354.0,0.34850142376108484,-0.1171275687600302,0.5525403425508173,0.551265888494807
T2_IH_IntensityHistogramRobustMeanAbsoluteDeviation_Intensity,113,2.5446123594,2.174805109714286,1.301704604,1.669275093,2.85322768582042e-08,5.383207065894016e-07,False,Spearman,0.08849260607512997,0.3513053616589691,Mann_Whitney_U,1413.0,0.3504962154267509,-0.1612087845769079,0.5536877982668535,0.5524125134443357
T2_IB_IntensityBasedRobustMeanAbsoluteDeviation,113,57.81339865701999,49.340224727888895,28.283374799999997,37.00371572,5.488655290901642e-08,3.6456926266018787e-07,False,Spearman,0.08575778623256713,0.3664478432066006,Mann_Whitney_U,1418.0,0.36563243044145544,-0.15861526274895554,0.5754686346385245,0.5741881127871231
T2_Morph_MaxIntensityCoor_PerimeterCoor_2DCoronalSmallestDist_mm,113,1.92802342864,2.7012232306984125,1.58113883,1.58113883,1.8765632403836843e-06,1.504770510866458e-09,False,Spearman,0.08386979207427825,0.3771321589446376,Mann_Whitney_U,1426.5,0.3763692148831672,0.332579654837536,0.5901168674133718,0.5889230520653875
T2_IB_IntensityBasedMedianAbsoluteDeviation,113,73.86274429378,66.49086876566666,40.332614480000004,53.19806419,3.996912538150612e-07,1.059301706529854e-06,False,Spearman,0.08248041860584483,0.38511445103187547,Mann_Whitney_U,1424.0,0.3843002205384147,-0.11586086382748176,0.6004472623615262,0.5991777632050552
T2_IB_IntensitySkewness,113,0.40492634472,0.5769136625714286,0.36367761,0.470992516,0.18928684550645525,7.160570893935879e-07,False,Spearman,0.08138796273027073,0.39146184694568376,Mann_Whitney_U,1426.0,0.3906501720114506,0.17915447858669395,0.6081639407906159,0.6069029458035036
ADC_IH_IntensityHistogramMeanAbsoluteDeviation_Intensity,113,3.0145779008799996,3.3288776826031747,2.6462936385,2.560115172,0.00035155062860985965,2.177127662774758e-05,False,Spearman,0.08084509690814343,0.3946391697879623,Mann_Whitney_U,1427.0,0.3938292421757318,0.14053075730928555,0.6109182877500484,0.6096644852186596
ADC_IH_MinimumHistogramGradient_Intensity,113,14.76,17.746031746031747,10.0,19.0,1.3766111908773921e-05,3.6361342108803684e-06,False,Spearman,0.0799699063739342,0.3997938254874406,Mann_Whitney_U,1433.0,0.3990372378569602,0.19204572892267846,0.6165295881842194,0.6152910538473289
T2_IH_IntensityHistogramMedianAbsoluteDeviation_Intensity,113,3.0427803778399998,2.7264797613174605,1.670011203,2.1797862,4.0596997404484355e-07,1.5185294148299838e-06,False,Spearman,0.07974944474116527,0.40109855966927377,Mann_Whitney_U,1429.0,0.4002928005489519,-0.12069478062596314,0.6165295881842194,0.6152910538473289
ADC_Morph_MaxIntensityCoor_RoiCentroidCoor_Dist_cm,113,0.9737834299399999,1.0196197948253969,1.0091327845,1.066508627,0.23025877815234666,0.091124030358391,True,Pearson_point_biserial_equivalent,0.07904896998406748,0.405260808516187,Welch_t_test,-0.8309649577563306,0.4079164200621175,0.158235091825896,0.6207339848751456,0.6207403711289415
T2_IH_IntensityHistogramSkewness_Intensity,111,0.3813579554166666,0.5893929804285715,0.33471277050000003,0.432890767,0.0618834616089701,3.963844652000781e-10,False,Spearman,0.07945521577046602,0.40713375094246973,Mann_Whitney_U,1372.0,0.4063368889555473,0.1913734002379753,0.621414672491138,0.6207403711289415
ADC_IH_IntensityHistogramMedianAbsoluteDeviation_Intensity,113,0.43248799338000005,0.4357484650317461,0.3930166095,0.285672033,0.08663714659716086,2.8258211021038443e-06,False,Spearman,-0.07811075752045639,0.41087541619197954,Mann_Whitney_U,1718.0,0.41007810852722215,0.009932424475092067,0.622756900890815,0.6207403711289415
ADC_GLRLM_GreyLevelVariance,113,0.8277593414000001,0.6191041005396825,0.2178492305,0.287286954,3.7485930326641454e-13,1.1286518770679036e-12,False,Spearman,0.0781105951035484,0.410876392081986,Mann_Whitney_U,1432.0,0.41007908196661735,-0.1443593299034238,0.622756900890815,0.6207403711289415
ADC_IB_IntensityBasedMeanAbsoluteDeviation,113,164.30000674720003,181.31222677579368,142.69462805,140.5953948,0.0005473371596906517,1.579205189588867e-05,False,Spearman,0.07756436716576136,0.41416610429401934,Mann_Whitney_U,1433.0,0.41337218327583647,0.1382125875730679,0.6234595784558946,0.6207403711289415
T2_IH_IntensityHistogramInterquartileRange_Intensity,113,5.64,4.777777777777778,3.0,4.0,6.4263026297042705e-09,4.1270306424218147e-07,False,Spearman,0.07755767914806021,0.414206478560353,Mann_Whitney_U,1434.0,0.4134241636279091,-0.15541601877610117,0.6234595784558946,0.6207403711289415
ADC_Morph_voxelsCounting_vx,113,9.27799202206,8.050375589015873,3.2878245885,3.260147868,8.191984200064949e-15,5.905576619253394e-14,False,Spearman,0.0770181392279743,0.41747113617589515,Mann_Whitney_U,1434.0,0.4166808928037953,-0.05189806015036894,0.6240547911907711,0.6207403711289415
T2_Morph_RadiusSphereNorm_CentroidCoor_WCentroidCoor_Dist,113,0.10984359736000002,0.0920921758888889,0.0879635745,0.075965139,5.6640929261804095e-05,6.749307798439474e-07,False,Spearman,-0.0770181392279743,0.41747113617589515,Mann_Whitney_U,1716.0,0.4166808928037953,-0.23015454141541797,0.6240547911907711,0.6207403711289415
Post1_Morph_RadiusRoiNorm_MaxIntensityCoor_RoiCentroidCoor_Dist,113,0.5846566572199999,0.5563642167777778,0.6069771385,0.581398771,0.18435704405844822,0.09340484437012882,True,Pearson_point_biserial_equivalent,-0.07616624249156827,0.4226561476269484,Welch_t_test,0.8188464572729593,0.4146406575976075,-0.1524303227146987,0.6258020373119924,0.6207403711289415
T2_IB_IntensityRange,113,425.8888775746,428.0521260904761,302.2238331,407.0,0.00024538501064754235,0.011065070958404949,False,Spearman,0.0764723883218438,0.42078854277992894,Mann_Whitney_U,1435.0,0.4200022738900524,0.007162139248996115,0.6258020373119924,0.62355286396646
T2_Morph_RadiusRoiNorm_MaxIntensityCoor_PerimeterCoor_2DSagittalSmallestDist,113,0.30724584516,0.24343730406349212,0.1979610965,0.172622196,2.264233884720171e-06,8.29968117314176e-06,False,Spearman,-0.07565288399626079,0.42579855332989125,Mann_Whitney_U,1713.5,0.4250187804548876,-0.28942816920916375,0.6278724430457718,0.6288543180199868
T2_NGTDM_Complexity,113,497.50514131833995,331.81015108428574,63.47159725499999,137.1759957,2.5217254386565898e-11,1.6956469447017553e-13,False,Spearman,0.07537961215260829,0.4274767943790252,Mann_Whitney_U,1437.0,0.4266993319874033,-0.19654497589196251,0.6282175863340403,0.6292007098797302
Post1_GLCM_NormalisedInverseDifference,113,0.8958072938000001,0.8909172887460317,0.8947033904999999,0.896481669,0.7243007051307238,0.2349305730274987,True,Pearson_point_biserial_equivalent,-0.07611718527686914,0.42295585970051897,Welch_t_test,0.7903055438536183,0.4312788601223394,-0.1523315729465664,0.6258020373119924,0.6324096688099697
ADC_Morph_RadiusRoiNorm_MaxIntensityCoor_PerimeterCoor_2DAxialSmallestDist,113,1.4273901083599998,1.8071858322539676,0.707106781,0.707106781,2.8228914356380526e-10,9.872775807236735e-12,False,Spearman,0.07459705482267644,0.43230367429684524,Mann_Whitney_U,1456.0,0.4317831531874966,0.2160945080257199,0.6331720482125511,0.6324096688099697
ADC_GLRLM_ShortRunsEmphasis,113,3.96649378556,2.634731527015873,1.7253426150000002,1.930330959,1.5591505331642504e-13,6.710729650901901e-12,False,Spearman,0.0726483157256779,0.4444580227728099,Mann_Whitney_U,1442.0,0.44370775544398555,-0.25648944768015897,0.6346358524081758,0.6348665640408139
Post1_Morph_ApproximateVolume_cm3,113,4.0877799999999995,1.8774444444444445,0.3875,0.365,2.1675929371244447e-15,8.691354978211739e-15,False,Spearman,0.07210313727062861,0.4478924291708275,Mann_Whitney_U,1443.0,0.4471485095245793,-0.1435395288002031,0.6346358524081758,0.6348665640408139
Post1_Morph_voxelsCounting_vx,113,4087.78,1877.4444444444443,387.5,365.0,2.1675929371244447e-15,8.691354978211739e-15,False,Spearman,0.07210313727062861,0.4478924291708275,Mann_Whitney_U,1443.0,0.4471485095245793,-0.14353952880020318,0.6346358524081758,0.6348665640408139
Post1_Morph_SphereDiameter_mm,113,11.13871180896,11.536273765174602,9.0432775045,8.866755794,8.111726202244575e-12,4.009813721817943e-08,False,Spearman,0.07210313727062861,0.4478924291708275,Mann_Whitney_U,1443.0,0.4471485095245793,0.05046572240179136,0.6346358524081758,0.6348665640408139
T2_IB_IntensityBasedMeanAbsoluteDeviation,113,78.12911850372001,67.75960580585713,40.801218195000004,53.56689404,4.530006411461513e-07,1.4144861669822401e-06,False,Spearman,0.07319454366346494,0.44103192101717825,Mann_Whitney_U,1441.0,0.44027561866021014,-0.15562654883173058,0.6346358524081758,0.6348665640408139
T2_IH_IntensityHistogramRange_Intensity,113,17.42,17.428571428571427,12.0,17.0,0.00032124439319985103,0.01193889619413126,False,Spearman,0.07215086215477065,0.44759118870670367,Mann_Whitney_U,1443.0,0.4468478466019763,0.0006909558798531369,0.6346358524081758,0.6348665640408139
T2_GLCM_Contrast,113,13.621134576880001,10.76224005777778,4.35623386,5.046863591,1.5701930703628419e-10,2.888607812221913e-12,False,Spearman,0.07264846678476015,0.44445707321981587,Mann_Whitney_U,1442.0,0.4437068077567634,-0.14408851634751416,0.6346358524081758,0.6348665640408139
T2_GLCM_NormalisedInverseDifference,113,0.9170228672200001,0.9116379251428571,0.911336036,0.907861594,0.0010922387720565308,0.31941301745443784,False,Spearman,-0.07264846678476015,0.44445707321981587,Mann_Whitney_U,1708.0,0.4437068077567634,-0.18798648894631068,0.6346358524081758,0.6348665640408139
T2_GLRLM_RunEntropy,113,3.99014974026,4.112266375666667,3.891004374,4.158639975,0.6275591923931699,0.6272339778799856,True,Pearson_point_biserial_equivalent,0.07324637225099746,0.44070761420629706,Welch_t_test,-0.7450699448576148,0.45827149680187484,0.1465546801911355,0.6346358524081758,0.6348665640408139
T2_GLSZM_NormalisedGreyLevelNonUniformity,113,0.16172806834,0.1088315065714286,0.1118150645,0.0848,1.449489981529542e-10,4.27163148954691e-08,False,Spearman,-0.07401450117006043,0.43591703980222507,Mann_Whitney_U,1710.5,0.4351522530606051,-0.35932424717787725,0.6346358524081758,0.6348665640408139
ADC_GLCM_DifferenceAverage,113,4.15217178302,4.928461567365078,2.7518280529999997,2.617216446,1.204367535569752e-08,1.3285597282845941e-08,False,Spearman,0.07101022252478123,0.45482195131940406,Mann_Whitney_U,1445.0,0.45409159961926393,0.1503093200782412,0.6349086364252542,0.6348665640408139
Post1_Morph_Volume_cm3,113,4.07392833392,1.8619953704603176,0.37675000000000003,0.356125,2.160631000545656e-15,8.521385371591798e-15,False,Spearman,0.07100963191231674,0.45482571207463085,Mann_Whitney_U,1445.0,0.45409535354554187,-0.14373939237318759,0.6349086364252542,0.6348665640408139
T2_Morph_ApproximateVolume_cm3,113,4.0880399999999995,1.8774444444444445,0.3875,0.365,2.1674614004536117e-15,8.691354978211739e-15,False,Spearman,0.07046486917517891,0.45830186629317204,Mann_Whitney_U,1446.0,0.4575787649324232,-0.14355668922744394,0.6349086364252542,0.6348665640408139
T2_Morph_voxelsCounting_vx,113,4088.04,1877.4444444444443,387.5,365.0,2.1674614004536117e-15,8.691354978211739e-15,False,Spearman,0.07046486917517891,0.45830186629317204,Mann_Whitney_U,1446.0,0.4575787649324232,-0.143556689227444,0.6349086364252542,0.6348665640408139
T2_Morph_SphereDiameter_mm,113,11.14190464772,11.536273765174602,9.0432775045,8.866755794,8.101212471929794e-12,4.009813721817943e-08,False,Spearman,0.07046486917517891,0.45830186629317204,Mann_Whitney_U,1446.0,0.4575787649324232,0.050065001719705904,0.6349086364252542,0.6348665640408139
T2_IB_IntensityVariance,113,18132.709801854337,10455.332981409048,3124.0493065,4698.16735,1.45024933301607e-10,2.6991069878552895e-12,False,Spearman,0.07155585985010379,0.451354967999416,Mann_Whitney_U,1444.0,0.4506176716254179,-0.2999728936116938,0.6349086364252542,0.6348665640408139
T2_IB_StandardDeviation,113,95.23264835123999,83.67679314201584,55.89153617,68.54317872,1.1573303717789657e-06,3.7465483842911636e-06,False,Spearman,0.07155585985010379,0.451354967999416,Mann_Whitney_U,1444.0,0.4506176716254179,-0.14865684455655268,0.6349086364252542,0.6348665640408139
ADC_Morph_CentreOfMassShift_mm,113,0.1962835115,0.17652476517460322,0.1377163335,0.114218762,3.3430459296033414e-07,2.8068017224832197e-06,False,Spearman,-0.06937094809895558,0.4653264091930035,Mann_Whitney_U,1702.0,0.4646186839449493,-0.11662547832916766,0.6385393943184748,0.6375682256026907
Post1_Morph_RadiusRoiNorm_MaxIntensityCoor_PerimeterCoor_3DSmallestDist,113,0.15063691892,0.14152773880952382,0.1454394865,0.12878226,0.02942041967219499,0.01705196682708844,False,Spearman,-0.06937109234334239,0.4653254790624387,Mann_Whitney_U,1702.0,0.46461775537181615,-0.12496265711672905,0.6385393943184748,0.6375682256026907
T2_Morph_Volume_cm3,113,4.0741883339200005,1.8619953704603176,0.37675000000000003,0.356125,2.160502425520823e-15,8.521385371591798e-15,False,Spearman,0.06937094809895558,0.4653264091930035,Mann_Whitney_U,1448.0,0.4646186839449493,-0.14375656440237802,0.6385393943184748,0.6375682256026907
T2_Morph_CentreOfMassShift_mm,113,0.55605009188,0.48232650420634915,0.507132556,0.390153759,0.0005724081324703619,3.411705579513117e-06,False,Spearman,-0.06882472016116853,0.46885595055067963,Mann_Whitney_U,1701.0,0.4681563788190902,-0.18684195499282136,0.6393490234781994,0.6383950620260321
T2_IH_IntensityHistogramMeanAbsoluteDeviation_Intensity,113,3.2333861819200003,2.79125779615873,1.68877051,2.18712978,4.352744532219753e-07,1.7931011295229073e-06,False,Spearman,0.06882486326977277,0.4688550239214292,Mann_Whitney_U,1449.0,0.4681554536993964,-0.16141087779054603,0.6393490234781994,0.6383950620260321
T2_IB_IntensityBasedQuartileCoefficientOfDispersion,113,0.2533935826,0.2605443695873016,0.1969534155,0.227942902,0.00012789789600445154,2.8831230154425827e-05,False,Spearman,0.06827849222338148,0.4724000538214048,Mann_Whitney_U,1450.0,0.471708941253969,0.04674884150969462,0.6421688231634721,0.6412293420171141
ADC_GLSZM_ZoneSizeVariance,113,5.124108294,5.478375521269842,5.284999233000001,5.367634486,0.009790232861157657,0.09573261680443568,False,Spearman,0.0677328276390221,0.4759549840749151,Mann_Whitney_U,1451.0,0.47527264255779755,0.23408216528710882,0.6429863910018758,0.6420645884889126
Post1_Morph_RadiusRoiNorm_MaxIntensityCoor_PerimeterCoor_2DCoronalSmallestDist,113,0.31638717902,0.26880100285714287,0.2068139865,0.18835187,2.212567888448796e-05,2.0361511400786e-07,False,Spearman,-0.06773240512263352,0.4759577423048368,Mann_Whitney_U,1699.0,0.4752753965366203,-0.196362485479763,0.6429863910018758,0.6420645884889126
ADC_GLCM_NormalisedInverseDifferenceMoment,113,0.29224855621999996,0.31203931544444446,0.3048770845,0.327700422,0.0017114906605099453,0.0841332316928909,False,Spearman,0.06663994697549427,0.4831182444090788,Mann_Whitney_U,1453.0,0.48245434994474534,0.18367255005648112,0.645498784466657,0.6446311597896134
ADC_GLCM_InverseVariance,113,0.7227109377400001,0.7619955724761902,0.7578638945,0.774297101,5.725994790069926e-05,2.194981722628466e-07,False,Spearman,0.06609371790192466,0.48672001454774305,Mann_Whitney_U,1454.0,0.48606580688222567,0.25660141346376214,0.645498784466657,0.6446311597896134
ADC_GLSZM_SmallZoneEmphasis,113,23137.668104351396,1448.656890719873,107.58484849999999,162.75,2.584751066503487e-14,5.999335719697702e-14,False,Spearman,0.06609358047223328,0.4867209225403758,Mann_Whitney_U,1454.0,0.4860667135884901,-0.36117474703514485,0.645498784466657,0.6446311597896134
Post1_Morph_CentreOfMassShift_mm,113,0.49839638826,0.488446636,0.3432181785,0.395690852,1.2422801033406587e-08,7.189830074870399e-10,False,Spearman,0.06663980841002032,0.4831191562794819,Mann_Whitney_U,1453.0,0.48245526048635956,-0.021742167905799463,0.645498784466657,0.6446311597896134
T2_IH_IntensityHistogramVariance_Intensity,113,30.798500685079997,17.769444689269847,5.4659564285,7.977701263,1.4549024928102023e-10,2.8857074117646877e-12,False,Spearman,0.06609371790192466,0.48672001454774305,Mann_Whitney_U,1454.0,0.48606580688222567,-0.30051231546267115,0.645498784466657,0.6446311597896134
T2_IH_IntensityHistogramStd_Intensity,113,3.93772878718,3.4520310510476193,2.3374987395,2.824482477,1.1723148213537115e-06,4.487441164420483e-06,False,Spearman,0.06609371790192466,0.48672001454774305,Mann_Whitney_U,1454.0,0.48606580688222567,-0.15199907583738254,0.645498784466657,0.6446311597896134
Post1_IB_IntensityBasedQuartileCoefficientOfDispersion,113,0.31550080121999996,0.3029298271428571,0.2395149405,0.278704078,6.560939759850217e-05,0.04029218613278962,False,Spearman,0.06390866872108507,0.5012699881438276,Mann_Whitney_U,1458.0,0.5006576076254721,-0.07519365164011461,0.662773388579225,0.6619637061309432
Post1_GLSZM_NormalisedZoneSizeNonUniformity,113,0.27227380706000004,0.2784920856825397,0.25689217750000004,0.264570085,0.02608904208651261,0.2734644823140952,False,Spearman,0.06336244078329802,0.5049424303895802,Mann_Whitney_U,1459.0,0.5043412780619777,0.09135566154874282,0.665605930968083,0.6648135028998797
ADC_GLRLM_GreyLevelNonUniformity,113,1279.4912418102,969.461332313492,216.5089564,234.0150938,4.078076277922517e-15,1.2853905407112816e-14,False,Spearman,0.06281621284551096,0.5086288092092339,Mann_Whitney_U,1460.0,0.5080391936070596,-0.07236076637476489,0.6664263012229421,0.665653762708045
Post1_Morph_RadiusSphereNorm_MaxIntensityCoor_PerimeterCoor_2DSagittalSmallestDist,113,0.42689161066000003,0.4391576987619048,0.2828225815,0.361859801,2.4032200808923337e-06,1.232305714929203e-07,False,Spearman,0.0628163434605069,0.5086279260553708,Mann_Whitney_U,1460.0,0.5080383115095899,0.03328548731945895,0.6664263012229421,0.665653762708045
ADC_IB_MaximumIntensity,113,395.23743304308005,425.19746799523807,336.5,331.0,0.0003613360446043638,6.25576084124177e-06,False,Spearman,0.062270114386937275,0.5123281769507206,Mann_Whitney_U,1461.0,0.511750407568748,0.09908165737268684,0.6692575284491395,0.6685027846618781
ADC_GLRLM_RunLengthNonUniformity,113,0.7700797951,0.7908439764920636,0.8557727989999999,0.83158853,9.112666363184341e-08,5.402640378186883e-07,False,Spearman,-0.06172375696993686,0.5160430998263973,Mann_Whitney_U,1688.0,0.5154774829652427,0.143762547589067,0.6700858161924861,0.6693513584772554
T2_GLCM_JointVariance,113,28.5658089524,16.772137640396824,5.1308370475,7.310815461,1.3289016377675244e-10,8.085478033648439e-12,False,Spearman,0.061723885313367644,0.516042225547898,Mann_Whitney_U,1462.0,0.5154766096761889,-0.2928691179431042,0.6700858161924861,0.6693513584772554
T2_GLRLM_GreyLevelVariance,113,31.698351771240006,17.945256655269837,5.7869556145,8.209984238,1.9521489163721585e-10,3.408497145990745e-12,False,Spearman,0.06117765623979803,0.5197700006535094,Mann_Whitney_U,1463.0,0.519216846445926,-0.31571979499815583,0.6729165187032041,0.6722003815594577
ADC_Morph_MaxIntensityCoor_PerimeterCoor_3DSmallestDist_mm,113,0.19560104663999997,0.18461994787301586,0.1969752045,0.173831826,0.008267428370441964,0.031115361989993484,False,Spearman,-0.060632309691308554,0.5235053740487314,Mann_Whitney_U,1686.0,0.5229649958941387,-0.13026033726996553,0.6757413581934664,0.6750438374301198
ADC_Morph_RadiusSphereNorm_MaxIntensityCoor_PerimeterCoor_2DAxialSmallestDist,113,0.24065565979999998,0.19150099066666665,0.133038021,0.124514561,4.5670074402195963e-10,9.263871752030227e-10,False,Spearman,-0.05899323061124311,0.5348134991062532,Mann_Whitney_U,1683.0,0.5343132703190377,-0.21346675133514156,0.6862694764673208,0.6856275856365452
ADC_GLCM_Dissimilarity,113,0.54630576036,0.5300355633809523,0.482713362,0.511655479,1.6417416688340203e-05,0.0005438335543960368,False,Spearman,0.05899273994551952,0.5348169023503948,Mann_Whitney_U,1467.0,0.5343166701857215,-0.10974355937695829,0.6862694764673208,0.6856275856365452
Post1_Morph_RadiusRoiNorm_MaxIntensityCoor_PerimeterCoor_2DAxialSmallestDist,113,0.23205532735999998,0.18921745168253967,0.153203176,0.149906338,6.531838032998475e-09,3.3060084248073726e-05,False,Spearman,-0.05790028179838027,0.5424207775029002,Mann_Whitney_U,1681.0,0.5419488454339163,-0.23806277407441054,0.6939795241581223,0.6933757287169223
T2_Morph_RadiusSphereNorm_MaxIntensityCoor_PerimeterCoor_2DCoronalSmallestDist,113,0.39255103236000005,0.4865733336984127,0.3257229935,0.265343182,4.6904650428258904e-06,3.3390574710463424e-08,False,Spearman,0.05762740691396086,0.5443283420039349,Mann_Whitney_U,1469.5,0.5438636773329422,0.24706194258196307,0.6943777969844918,0.6937850429320523
ADC_GLCM_NormalisedInverseDifference,113,0.4888608286,0.47051129942857145,0.4176925885,0.451027364,2.2032740688563264e-05,0.0011878419042270238,False,Spearman,0.057354052724810645,0.5462425491348468,Mann_Whitney_U,1470.0,0.5457852248777563,-0.10825441360512805,0.6947821896890596,0.6942005053269708
ADC_Morph_RadiusSphereNorm_MaxIntensityCoor_PerimeterCoor_2DSagittalSmallestDist,113,0.23548426613999995,0.2251609096825397,0.157143676,0.143769601,1.2598567998162907e-05,4.1977660719218e-09,False,Spearman,-0.05653506177934506,0.5519972895023962,Mann_Whitney_U,1678.5,0.5515624493840987,-0.05272088916615263,0.7000548715263626,0.6995033979069473
T2_Morph_MaxIntensityCoor_PerimeterCoor_2DAxialSmallestDist_mm,113,1.3794577690599998,1.6298132946507933,0.707106781,0.707106781,4.4295399996117725e-10,8.06434476033779e-11,False,Spearman,0.056041163894267776,0.5554818607459385,Mann_Whitney_U,1484.5,0.5553198985840935,0.1778275247567972,0.7024261901874513,0.7022213833839555
T2_Morph_RadiusRoiNorm_MaxIntensityCoor_RoiCentroidCoor_Dist,113,0.6242959866,0.6036731686031745,0.6101274720000001,0.591734327,0.6224803277690905,0.45104037715241163,True,Pearson_point_biserial_equivalent,-0.05248965545119655,0.5808458355647327,Welch_t_test,0.5733788462387527,0.5675545035386609,-0.1048861775084927,0.7265243867367246,0.7156122001139638
ADC_IB_IntensitySkewness,113,5.914185012800001,1.1109837582222222,-0.4048996485,-0.067427316,2.0238071828593618e-14,1.0004739381261455e-13,False,Spearman,0.05353033790313108,0.5733583656558847,Mann_Whitney_U,1477.0,0.5730117650609761,-0.2657459813832058,0.7229301132182894,0.7204049647442907
T2_GLSZM_GreyLevelVariance,113,31.51495119676,20.733338300380954,8.6428122825,15.6336105,1.0830812053217383e-09,3.8065636474247576e-11,False,Spearman,0.05325766689358592,0.5753158007137912,Mann_Whitney_U,1477.5,0.574977673537369,-0.28410796891843504,0.7233016569667605,0.7207933371433876
ADC_GLCM_ClusterProminence,113,0.80047045156,0.8338860633174603,0.8734591935,0.858607313,3.2371515925282506e-09,5.448810171716115e-09,False,Spearman,-0.052437882027556976,0.5812195093893797,Mann_Whitney_U,1671.0,0.580907236470551,0.2497973203663768,0.7265243867367246,0.7261340455881887
T2_GLCM_ClusterProminence,113,122372.9397933614,27020.14858334911,886.4879572,2836.036464,9.202726636091248e-13,1.265987056740179e-15,False,Spearman,0.051345532915544764,0.5891292533216059,Mann_Whitney_U,1481.0,0.5888524874476757,-0.4077065042015409,0.734301504856443,0.7339565387958136
ADC_IH_IntensityHistogramMode_Intensity,113,6.84,7.317460317460317,6.0,6.0,0.00035289898901250783,8.577509780089902e-06,False,Spearman,0.0507044701208848,0.593793907787467,Mann_Whitney_U,1482.5,0.5935455787384869,0.0905178132227953,0.7357897952157705,0.7354939302275361
ADC_IH_IntensityHistogramQuartileCoefficientOfDispersion_Intensity,113,1.0401154468800002,1.1167831477460317,1.116365855,1.153393128,0.00020672213269963606,0.008116785990676657,False,Spearman,0.05025307476840552,0.5970884265548353,Mann_Whitney_U,1483.0,0.596848334423315,0.22120467688663292,0.7357897952157705,0.7354939302275361
ADC_IH_IntensityHistogramEntropyLog10_Intensity,113,3.45518872504,3.7098733143015865,3.708487098,3.831489038,0.0002067221348372668,0.008116785854852844,False,Spearman,0.05025307476840552,0.5970884265548353,Mann_Whitney_U,1483.0,0.596848334423315,0.22120467670197286,0.7357897952157705,0.7354939302275361
Post1_Morph_MaxIntensityCoor_RoiCentroidCoor_Dist_cm,113,4.91448349188,5.034577880666668,4.0112253415,3.806760094,1.0905542976583358e-10,1.507211216789601e-06,False,Spearman,0.05025297027640877,0.5970891901406137,Mann_Whitney_U,1483.0,0.596849097403035,0.02891638471239557,0.7357897952157705,0.7354939302275361
Post1_IH_MaximumHistogramGradient_Intensity,113,125.47,89.45238095238095,11.25,11.0,8.16881981578934e-14,1.808125535566581e-16,False,Spearman,0.049187317975454566,0.6048992214091691,Mann_Whitney_U,1485.0,0.6046971151181408,-0.0928118638570878,0.743308365290928,0.7430600143400883
ADC_GLCM_AngularSecondMoment,113,11.145559902959999,11.689583712873016,7.831413126,7.137683758,1.6188538424180714e-07,5.8417152841860383e-08,False,Spearman,0.04861438754769664,0.6091167438888481,Mann_Whitney_U,1486.0,0.6089338234754399,0.04705629660477482,0.7463824889905604,0.7461583470755391
Post1_Morph_RadiusSphereNorm_CentroidCoor_WCentroidCoor_Dist,113,0.10855542228000001,0.09059925392063492,0.074582961,0.082218211,5.70241380233225e-09,6.161254685262955e-07,False,Spearman,0.047521830587473515,0.6171949345709501,Mann_Whitney_U,1488.0,0.6170515485883785,-0.19803859986747746,0.7541567318493351,0.7539815270672603
T2_GLCM_SumVariance,113,98.03224822813999,51.49778336525396,15.60531126,23.91177012,1.0370864016399949e-10,2.2783962807826584e-12,False,Spearman,0.046430340154187656,0.6253111227353292,Mann_Whitney_U,1490.0,0.6252083968302098,-0.3309074329736369,0.7598054144968386,0.7596805939138024
T2_GLCM_ClusterTendency,113,98.03224822813999,51.49778336525396,15.60531126,23.91177012,1.0370864016399949e-10,2.2783962807826584e-12,False,Spearman,0.046430340154187656,0.6253111227353292,Mann_Whitney_U,1490.0,0.6252083968302098,-0.3309074329736369,0.7598054144968386,0.7596805939138024
ADC_Morph_Volume_cm3,113,4.08006,1.843904761904762,0.3875,0.365,2.1610965391446805e-15,7.795710166133026e-15,False,Spearman,0.0445184100469502,0.6396360842205088,Mann_Whitney_U,1493.5,0.6396071453263947,-0.14518362791640638,0.7665060513386261,0.7664713724985722
ADC_Morph_ApproximateVolume_cm3,113,4080.06,1843.904761904762,387.5,365.0,2.1610965391446805e-15,7.795710166133026e-15,False,Spearman,0.0445184100469502,0.6396360842205088,Mann_Whitney_U,1493.5,0.6396071453263947,-0.14518362791640635,0.7665060513386261,0.7664713724985722
ADC_Morph_Maximum3DDiameter_mm,113,11.093612995900001,11.332045816682536,9.0432775045,8.866755794,7.811087861780898e-12,2.1723966110648316e-08,False,Spearman,0.0445184100469502,0.6396360842205088,Mann_Whitney_U,1493.5,0.6396071453263947,0.030180162688762224,0.7665060513386261,0.7664713724985722
ADC_IH_Uniformity_Intensity,113,0.023227268479999997,0.018816148444444444,0.0168402195,0.015267624,7.358552261957777e-08,0.00010216768157985373,False,Spearman,-0.044790690898538245,0.6375877702732963,Mann_Whitney_U,1657.0,0.6375480812907042,-0.23610086892716056,0.7665060513386261,0.7664713724985722
T2_IH_IntensityHistogramQuartileCoefficientOfDispersion_Intensity,113,0.2309388224,0.22729035039682544,0.2,0.2,0.0006218812385376247,0.0024528758783903615,False,Spearman,0.04485565313367725,0.6370994748452858,Mann_Whitney_U,1493.0,0.6370602325976158,-0.02449317049343899,0.7665060513386261,0.7664713724985722
ADC_FEATURE_RESULTS,113,4.06627250058,1.8290952381428576,0.37675000000000003,0.354291667,2.1541890512115477e-15,7.658086572566554e-15,False,Spearman,0.043152007085177094,0.6499559691388243,Mann_Whitney_U,1496.0,0.649981744844033,-0.14534676301622051,0.7746050591106536,0.7746357781017927
Post1_GLSZM_LargeZoneHighGreyLevelEmphasis,113,488602.03264859004,78404.12859630158,8551.7147465,7601.024,3.851676113829658e-15,3.130202946179719e-17,False,Spearman,-0.043152007085177094,0.6499559691388243,Mann_Whitney_U,1654.0,0.649981744844033,-0.23556409049340624,0.7746050591106536,0.7746357781017927
Post1_IH_IntensityHistogramCoefficientOfVariation_Intensity,113,0.4308768498200001,0.422880262079365,0.3858916645,0.396029232,8.419046888872862e-05,3.576118867326106e-08,False,Spearman,0.042059551209602995,0.6582548797395019,Mann_Whitney_U,1498.0,0.6583256123261956,-0.04001293363636476,0.7823521111658014,0.7824361785844127
ADC_GLSZM_NormalisedZoneSizeNonUniformity,113,0.16549231862000002,0.16543072088888888,0.171271009,0.1492891,0.06849231364703226,1.0393177793583289e-05,False,Spearman,-0.04096709533402888,0.6665955320776288,Mann_Whitney_U,1650.0,0.6667122489485258,-0.0006530332150928988,0.7879593925374145,0.7880973594907846
T2_NGTDM_Strength,113,4.537596411599999,3.268588019777778,1.4107886885,1.520140543,9.621607026736973e-11,2.8168934676174484e-10,False,Spearman,0.040967180517721885,0.6665948801151546,Mann_Whitney_U,1500.0,0.6667115977315294,-0.21156355380309166,0.7879593925374145,0.7880973594907846
T2_Morph_RadiusSphereNorm_MaxIntensityCoor_PerimeterCoor_3DSmallestDist,113,0.214950502,0.2087154956666667,0.1982924245,0.194266276,0.020154100482181272,0.0005598768639766261,False,Spearman,-0.04042170789893984,0.6707747865781521,Mann_Whitney_U,1649.0,0.6709148818916023,-0.06147920656111792,0.7907507646653014,0.7909159176770921
ADC_Morph_RadiusSphereNorm_MaxIntensityCoor_RoiCentroidCoor_Dist,113,0.6710588377000001,0.6683420958253969,0.723189685,0.704434175,0.00354419485574243,0.0005667440054650784,False,Spearman,-0.03768972770730658,0.691859005140985,Mann_Whitney_U,1644.0,0.6921196206890274,-0.015253383045299305,0.8134018033414282,0.8137082027019648
Post1_NGTDM_Coarseness,113,0.02496780634,0.024786609507936506,0.017824875,0.020893488,0.0011157058195882276,2.8875656215497015e-05,False,Spearman,-0.03714349976951953,0.6961036061655155,Mann_Whitney_U,1643.0,0.6963890414620633,-0.008722728087322195,0.8161861689541758,0.8165208437627965
T2_GLCM_DifferenceVariance,113,5.825503549439999,3.773353989460317,1.4531268270000002,1.687165487,8.678512167894751e-11,3.56686354479278e-13,False,Spearman,0.036052543215793695,0.704609205702797,Mann_Whitney_U,1509.0,0.7049449895933719,-0.2393936042450807,0.823938184087948,0.8243308346051526
Post1_GLRLM_GreyLevelNonUniformity,113,256.79560782976,111.99637269236507,29.987030185000002,17.791949,3.0804003931548386e-15,2.3063864309037907e-15,False,Spearman,-0.03550481595615837,0.7088933962525192,Mann_Whitney_U,1640.0,0.709254663396877,-0.1609300677561511,0.8267255425465037,0.827146859457484
ADC_GLSZM_ZoneSizeNonUniformity,113,0.24042008924000002,0.21249825607936515,0.1985003015,0.192743764,5.245751621123574e-11,6.155854761581548e-07,False,Spearman,-0.03495880608998574,0.7131732134965908,Mann_Whitney_U,1639.0,0.7135602077830103,-0.21908401189657428,0.8281110402747209,0.8286016609495691
T2_IH_IntensityHistogramKurtosis_Intensity,111,0.9308477205625,1.927911233873016,-0.0127244155,-0.031696727,1.349302913611136e-10,1.1436262226666107e-15,False,Spearman,0.03518730984120638,0.7138888278230353,Mann_Whitney_U,1450.0,0.714311776680663,0.149247522864016,0.8281110402747209,0.8286016609495691
T2_Morph_RadiusRoiNorm_MaxIntensityCoor_PerimeterCoor_2DAxialSmallestDist,113,0.19844817907999995,0.20284435787301586,0.147655393,0.128178834,1.6087258420850007e-08,1.2045977010102522e-08,False,Spearman,-0.034139459072251695,0.7196122499655091,Mann_Whitney_U,1637.5,0.7200382377571686,0.025959437689837557,0.8325301296143522,0.8330229612350222
ADC_Morph_MaxIntensityCoor_PerimeterCoor_2DCoronalSmallestDist_mm,113,0.29283255917999995,0.3469996742380952,0.20576819899999998,0.218998682,1.0757692746593852e-07,5.858185573735734e-13,False,Spearman,0.03386648423978771,0.7217618807153252,Mann_Whitney_U,1513.0,0.7222009754886062,0.15057827845145536,0.8328021700561445,0.8333088178714686
T2_GLRLM_GreyLevelNonUniformity,113,243.2400565053601,150.41136496212698,45.796792705,39.44667049,2.1523985434840183e-15,4.721871790575727e-15,False,Spearman,-0.03331990420501016,0.7260726124820496,Mann_Whitney_U,1636.0,0.7265380688278055,-0.1052971041141199,0.8355597524595015,0.836095396666919
T2_Morph_RadiusSphereNorm_MaxIntensityCoor_RoiCentroidCoor_Dist,113,0.9040842720599999,0.9222432738571428,0.8642641375,0.923121248,0.650117633549121,0.12339157382622405,True,Pearson_point_biserial_equivalent,0.0308366565951738,0.7457634525173764,Welch_t_test,-0.3362804875678155,0.7372971207840622,0.061562932944011745,0.849233250903295,0.8462381201611268
Post1_Morph_RadiusSphereNorm_MaxIntensityCoor_PerimeterCoor_2DCoronalSmallestDist,113,0.44547301414,0.4040548966031746,0.31659873299999997,0.275271821,3.895044248792691e-05,4.844491218770168e-07,False,Spearman,-0.03168135214283845,0.7390463274846936,Mann_Whitney_U,1633.0,0.7395921179045167,-0.12223350841606145,0.8482457848439096,0.84663834549596
ADC_GLSZM_LargeZoneHighGreyLevelEmphasis,113,9.12328045584,9.192389697412699,3.748979592,3.793650794,2.87754751463646e-14,7.876657429813842e-15,False,Spearman,0.030863611261802405,0.7455488078525182,Mann_Whitney_U,1518.5,0.746135466950989,0.003257249602543835,0.849233250903295,0.8496702295336459
T2_Morph_RadiusSphereNorm_MaxIntensityCoor_PerimeterCoor_2DSagittalSmallestDist,113,0.45154076822,0.365814653031746,0.2666498145,0.26236743,5.406855891512585e-07,3.17254805249635e-05,False,Spearman,-0.030862135174231843,0.745560561688661,Mann_Whitney_U,1631.5,0.7461471900732246,-0.2601311488873892,0.849233250903295,0.8496702295336459
Post1_IB_MinimumIntensity,113,20.24527891712,16.30610636377778,0.0,0.0,4.817510808553861e-11,3.1149960945528574e-11,False,Spearman,-0.030520255413956397,0.7482844610087966,Mann_Whitney_U,1625.0,0.7491456758158765,-0.11147434903319285,0.8498792181170406,0.8508573602608519
ADC_Morph_RadiusRoiNorm_MaxIntensityCoor_RoiCentroidCoor_Dist,113,0.9460027436599999,1.084472110444444,0.7009629454999999,0.594626555,3.822037764808669e-08,6.591574259689458e-11,False,Spearman,-0.0294963086405008,0.7564611113244517,Mann_Whitney_U,1629.0,0.7571167410157325,0.11245627275534059,0.8569286026722304,0.8576713081818844
T2_Morph_RadiusSphereNorm_MaxIntensityCoor_PerimeterCoor_2DAxialSmallestDist,113,0.28639365415999996,0.3031297605714286,0.20417890649999998,0.206575166,2.0138030489848346e-08,1.3550149672497914e-08,False,Spearman,0.028677503404477122,0.7630190779306026,Mann_Whitney_U,1522.5,0.7637166728896044,0.06900225744096088,0.8621124646748368,0.8629006563817608
ADC_NGTDM_Coarseness,111,0.13996785891666666,0.15044231757142856,0.1241812155,0.099972106,0.0007636361896310984,4.626967187163964e-12,False,Spearman,-0.028376862775166437,0.7675019624222068,Mann_Whitney_U,1562.0,0.7682667194681008,0.07419285667128696,0.8649309680146631,0.8657928056181964
Post1_Morph_RadiusRoiNorm_MaxIntensityCoor_PerimeterCoor_2DSagittalSmallestDist,113,0.299583842,0.2895717454761905,0.201315791,0.251218532,3.4916055967807494e-06,6.01536855911641e-07,False,Spearman,0.02785768275205088,0.7696020284282088,Mann_Whitney_U,1524.0,0.7703419574374515,-0.0401287099904889,0.8650565435820953,0.8658882467320191
ADC_IH_IntensityHistogramCoefficientOfVariation_Intensity,113,0.2918131179,0.29497789828571425,0.237335835,0.176470588,0.0016598383404787722,3.0381714065661312e-06,False,Spearman,-0.027596850854628128,0.771699906318602,Mann_Whitney_U,1625.5,0.7724543813321575,0.012755387428633642,0.8651790186819377,0.8660248862873415
T2_GLCM_Correlation,113,0.6133252736799999,0.6046988288412698,0.6598751545,0.585331552,0.4147273453060257,0.24303543336911357,True,Pearson_point_biserial_equivalent,-0.025207158137114674,0.7909951565187947,Welch_t_test,0.25700181384830784,0.7977758189826356,-0.050316142633730646,0.8845318588320713,0.8891607086270008
ADC_GLCM_SumEntropy,113,0.1259207809,0.06625646512698412,0.017081883,0.016825178,5.782711189388186e-12,4.5924099357384713e-14,False,Spearman,0.024580308310633132,0.7960780850258415,Mann_Whitney_U,1530.0,0.7969910685211472,-0.2822597643212572,0.8879332486826694,0.8891607086270008
Post1_Morph_RadiusSphereNorm_MaxIntensityCoor_PerimeterCoor_2DAxialSmallestDist,113,0.32437761896,0.2843692096984128,0.22505647099999998,0.216469603,2.256329227037087e-08,6.88549978752102e-05,False,Spearman,-0.024307244316488123,0.7982949604201404,Mann_Whitney_U,1619.5,0.7992226139612811,-0.16660847022568978,0.8881286644060385,0.8891607086270008
ADC_GLRLM_LongRunHighGreyLevelEmphasis,113,197.75758513012,73.61952206134922,27.138821985,28.77342915,2.554970296513288e-15,5.264200258644596e-13,False,Spearman,0.023487801324843228,0.8049571941985078,Mann_Whitney_U,1532.0,0.8059290589448714,-0.18266485247814618,0.8932560700927318,0.8941828231938417
T2_GLCM_NormalisedInverseDifferenceMoment,113,0.9768935272199998,0.9774332779206348,0.977946035,0.977594718,0.8012051842614725,0.11680679126477878,True,Pearson_point_biserial_equivalent,0.02302145631855423,0.8087549513658339,Welch_t_test,-0.24380557264733665,0.8078479299199535,0.04595082819888176,0.8936330322498317,0.8941828231938417
ADC_IH_AreaUnderCurveCIVH_Intensity,113,0.19292551994,0.13363340987301586,0.0991872385,0.086030985,1.1448648954925838e-10,7.659731615170246e-12,False,Spearman,-0.02294162108992426,0.8094055510492728,Mann_Whitney_U,1617.0,0.8104070647332261,-0.28566938123606495,0.8936330322498317,0.8947387643628257
ADC_LOCAL_INTENSITY_HISTOGRAM_LocalIntensityPeak_Intensity,113,0.18292395368000006,0.13665009607936504,0.058001398999999995,0.056750978,1.8629291575264556e-10,2.4016083543528544e-11,False,Spearman,0.021302933869215383,0.8227877695069508,Mann_Whitney_U,1536.0,0.8238789919672569,-0.19441911927391267,0.9061080499633508,0.9073097759639411
Post1_Morph_MaxIntensityCoor_PerimeterCoor_3DSmallestDist_mm,113,1.0076747026200001,1.0683129803174602,0.707106781,0.707106781,8.173862942103218e-10,3.323071080592692e-11,False,Spearman,0.020542558350349453,0.829014883261468,Mann_Whitney_U,1542.5,0.830502329539739,0.10673237148445325,0.910660288431158,0.9122942256307739
ADC_IB_IntensityVariance,113,0.6858010107,0.2922004891587302,0.205448818,0.159666856,5.0740878270126835e-11,0.0001685529542567985,False,Spearman,-0.018571749884759764,0.8452033519177078,Mann_Whitney_U,1609.0,0.8464463741691347,-0.22182964632238944,0.9261044284236849,0.927466430134946
ADC_NGTDM_Strength,113,0.29683078186,0.29601606861904756,0.3194456685,0.324575103,0.028435769398317393,0.015054651647597632,False,Spearman,-0.01802552194697271,0.8497018764321993,Mann_Whitney_U,1608.0,0.8509755606143707,-0.006044191285296453,0.9286942619296651,0.9300863539378172
T2_NGTDM_Busyness,111,1.1864026284374998,1.2340372514285713,0.4983931355,0.508497353,2.1263434089015284e-12,4.9589981928797445e-15,False,Spearman,-0.016458580409596534,0.8638694781924219,Mann_Whitney_U,1541.0,0.8652910158952933,0.017395895930260898,0.9418125890067757,0.9433623857505077
Post1_IH_IntensityHistogramMinimumGreyLevel_Intensity,113,1.7,1.6031746031746033,1.0,1.0,4.33163425012627e-12,1.0273453345196069e-12,False,Spearman,0.015940448398053343,0.8669169481129255,Mann_Whitney_U,1553.5,0.8691213630002265,-0.06457232696571567,0.9427721810728065,0.9451694822627462
T2_NGTDM_Coarseness,111,0.03139111866666666,0.03173665477777778,0.021844452,0.026398947,4.030571379070063e-07,0.00019261225280730213,False,Spearman,0.015323505898589874,0.8731765073646361,Mann_Whitney_U,1485.0,0.8746631805997988,0.012095888213551141,0.9472114232010392,0.9488241485309539
ADC_Morph_SurfaceArea_cm2,113,8.8432790776,9.16628544820635,8.738018517,9.426396692,0.8200034632886442,0.0050134404640850005,False,Spearman,0.0147481543202504,0.8767895267040513,Mann_Whitney_U,1548.0,0.8782488945446232,0.09190427395328055,0.9487647863588615,0.9503439530520176
ADC_GLCM_JointEntropyLog10,113,2.02845747472,2.0702498296507934,2.021021528,1.973015716,0.27810161368622627,0.007163048151110394,False,Spearman,0.014201955912810255,0.8813186427437736,Mann_Whitney_U,1549.0,0.8828092011045989,0.03887021997296457,0.9489445782018354,0.9505495110903478
ADC_GLCM_Contrast,113,2.02845747472,2.0702498296507934,2.021021528,1.973015716,0.27810161368622627,0.007163048151110394,False,Spearman,0.014201955912810255,0.8813186427437736,Mann_Whitney_U,1549.0,0.8828092011045989,0.03887021997296457,0.9489445782018354,0.9505495110903478
ADC_Morph_RadiusSphereNorm_MaxIntensityCoor_PerimeterCoor_2DCoronalSmallestDist,113,0.20202880353999997,0.2243262549047619,0.14532034049999998,0.134839972,6.443220232049142e-08,2.4368673881827972e-12,False,Spearman,-0.010924626903120543,0.908569897592315,Mann_Whitney_U,1595.0,0.9102485810647425,0.10048054720709305,0.9584294106336648,0.95873698613789
ADC_IH_IntensityHistogramVariance_Intensity,111,0.5168885081458333,0.3891823319365079,0.2221739145,0.156932543,4.219941471899366e-11,1.782132832417506e-09,False,Spearman,0.012485819621073233,0.89651719814166,Mann_Whitney_U,1490.0,0.8981678153317556,-0.0723627475116034,0.9584294106336648,0.95873698613789
ADC_GLRLM_RunEntropy,111,0.03916256079166667,0.053998310111111114,0.0310661955,0.034103886,0.00020817712113047247,8.570086914451685e-14,False,Spearman,-0.011350745110066575,0.9058794112814765,Mann_Whitney_U,1532.0,0.9075959324298924,0.1991766442370658,0.9584294106336648,0.95873698613789
Post1_Morph_RadiusSphereNorm_MaxIntensityCoor_RoiCentroidCoor_Dist,113,0.84471616832,0.8508144591746031,0.8329437975,0.907621115,0.907871501607511,0.11711038666969333,True,Pearson_point_biserial_equivalent,0.010758169001783469,0.9099571186016173,Welch_t_test,-0.11577264469984648,0.9080424189578316,0.021468857349646826,0.9584294106336648,0.95873698613789
Post1_Morph_RadiusRoiNorm_CentroidCoor_WCentroidCoor_Dist,113,0.07605423604,0.05918608701587301,0.048307755499999994,0.049332757,1.1621266394003937e-08,1.2627193070038579e-06,False,Spearman,0.010924558755741037,0.9085704654605703,Mann_Whitney_U,1555.0,0.9102491385631002,-0.27364419673634444,0.9584294106336648,0.95873698613789
T2_Morph_MaxIntensityCoor_PerimeterCoor_3DSmallestDist_mm,113,1.0344178591400002,1.1322782120793653,0.707106781,0.707106781,5.263792621987096e-10,4.1854609626253666e-13,False,Spearman,-0.011842820865956047,0.9009229385326818,Mann_Whitney_U,1593.0,0.9030168854838063,0.1213139392120333,0.9584294106336648,0.95873698613789
T2_Morph_RadiusRoiNorm_MaxIntensityCoor_PerimeterCoor_2DCoronalSmallestDist,113,0.27217898956,0.3235541539682539,0.2261089495,0.184427778,1.0632285666550854e-05,2.8550093065548936e-08,False,Spearman,0.01147078669352809,0.9040202836084437,Mann_Whitney_U,1554.0,0.9056675104770511,0.19752141776937107,0.9584294106336648,0.95873698613789
T2_IH_IntensityHistogramCoefficientOfVariation_Intensity,113,0.33253988439999993,0.3327397336190477,0.313997759,0.293150453,0.3016081113191703,0.0005141395690441802,False,Spearman,0.01147081054496213,0.9040200849882691,Mann_Whitney_U,1554.0,0.9056673152461162,0.0012611896856728154,0.9584294106336648,0.95873698613789
T2_NGTDM_Contrast,111,0.15206166245833333,0.1177513210952381,0.0674635795,0.069952236,9.469002417416664e-10,5.418742086383002e-09,False,Spearman,0.011350745110066575,0.9058794112814765,Mann_Whitney_U,1492.0,0.9075959324298924,-0.2108001589860829,0.9584294106336648,0.95873698613789
ADC_Morph_MaxIntensityCoor_PerimeterCoor_2DAxialSmallestDist_mm,113,0.33955264082,0.2828914247936507,0.20422690300000002,0.214053446,1.1666248206291253e-09,6.395245970304408e-09,False,Spearman,-0.010105363935656283,0.9154000174210634,Mann_Whitney_U,1593.5,0.917125931158204,-0.18444404494788116,0.9618333516380737,0.9636468117241997
ADC_Morph_RadiusRoiNorm_MaxIntensityCoor_PerimeterCoor_2DCoronalSmallestDist,113,1.6324131035199998,1.7835784662063487,0.707106781,0.707106781,2.8259475661705822e-08,2.6592861465017585e-11,False,Spearman,0.009784231172991294,0.918078981414856,Mann_Whitney_U,1559.0,0.9200976316041317,0.09212723362902404,0.9623237516035237,0.9644396861392707
ADC_Morph_MaxIntensityCoor_PerimeterCoor_2DSagittalSmallestDist_mm,113,0.34721304768000005,0.3480299587619048,0.220066822,0.224415922,2.1305164468986947e-06,6.150403536145662e-11,False,Spearman,-0.008739719695357692,0.9267987305453813,Mann_Whitney_U,1591.0,0.928603408598313,0.0024792998631604415,0.9668049061629564,0.9686874723230007
T2_GLCM_InverseVariance,113,0.35059301108,0.35525353385714287,0.374978857,0.391185914,6.928274137029144e-05,0.00015205825792952748,False,Spearman,-0.008739665177114005,0.9267991859079375,Mann_Whitney_U,1591.0,0.9286038527786006,0.04261881729304096,0.9668049061629564,0.9686874723230007
Post1_Morph_RadiusSphereNorm_MaxIntensityCoor_PerimeterCoor_3DSmallestDist,113,0.21410006471999996,0.21396688415873014,0.20447639299999998,0.214053446,0.26449314349677294,0.030668010741231985,False,Spearman,-0.007920354504762393,0.9336450502826844,Mann_Whitney_U,1589.5,0.9354970103603213,-0.0013382858365989553,0.9709579192097552,0.9730245069640006
Post1_IB_IntensityBasedCoefficientOfVariation,113,0.47002343846,0.4465480099047619,0.413365173,0.405616405,4.120216955426467e-06,3.4263681783826383e-10,False,Spearman,0.007647191129018727,0.93592860627704,Mann_Whitney_U,1561.0,0.9377963163279056,-0.09578455705049894,0.9709579192097552,0.9730245069640006
T2_Morph_MaxIntensityCoor_PerimeterCoor_2DSagittalSmallestDist_mm,113,2.20144219812,2.136410367095238,1.4029418505,1.58113883,7.081949100465261e-08,3.014132711593961e-10,False,Spearman,0.007462051242395494,0.9374766116507981,Mann_Whitney_U,1562.0,0.9394719377583454,-0.030713693933767498,0.9709579192097552,0.9730245069640006
T2_IB_IntensityKurtosis,113,1.05769738532,1.138406050380952,0.1700250575,0.044589411,1.4098590979363178e-10,2.7011421826643126e-15,False,Spearman,-0.00600850731565757,0.949637734907554,Mann_Whitney_U,1586.0,0.9515999651386539,0.018371001332532392,0.981217137018494,0.9832446195613169
ADC_Morph_RadiusRoiNorm_CentroidCoor_WCentroidCoor_Dist,113,0.90692109876,0.9313519157777779,0.707106781,0.707106781,6.699492274510464e-12,1.2586829403568062e-14,False,Spearman,-0.0018870181354247962,0.984173991150865,Mann_Whitney_U,1577.5,0.9872533324433919,0.043678014381166086,0.9977122254276162,0.9999926580503788
ADC_Morph_RadiusRoiNorm_MaxIntensityCoor_PerimeterCoor_3DSmallestDist,113,1.4748947163799997,1.4148393413968248,0.707106781,0.707106781,5.614476751836611e-10,1.1240679224656891e-11,False,Spearman,0.0019222301825723308,0.9838787146852733,Mann_Whitney_U,1572.0,0.9864745283746099,-0.04478250259504999,0.9977122254276162,0.9999926580503788
ADC_IH_MaximumHistogramGradientGreyLevel_Intensity,113,-253.15,-264.75396825396825,-20.75,-19.0,1.943954074334569e-14,1.8044262961327393e-16,False,Spearman,-0.001365726040879349,0.9885456012404271,Mann_Whitney_U,1577.5,0.9907744350044341,-0.011371044378263478,0.9977122254276162,0.9999926580503788
ADC_GLCM_JointVariance,113,6.1357043226000005,6.430839237619049,6.548540853,6.639196752,0.00010759576293374912,0.006622396489454542,False,Spearman,0.0005462290735696253,0.9954186245787726,Mann_Whitney_U,1574.0,0.9976938195584479,0.14407107074997844,0.9977122254276162,0.9999926580503788
ADC_GLCM_JointEntropyLog2,113,1.8470310456599999,1.9358755078571428,1.9713072244999998,1.99859737,0.00010759576264765334,0.006622396458097519,False,Spearman,0.0005462290735696253,0.9954186245787726,Mann_Whitney_U,1574.0,0.9976938195584479,0.14407107076724793,0.9977122254276162,0.9999926580503788
ADC_GLCM_SumAverage,113,109.57877638094001,104.3668148935238,44.831089975,42.91745083,3.052354171506698e-10,1.8480097203832908e-09,False,Spearman,0.002187460348481603,0.981654655903225,Mann_Whitney_U,1571.0,0.9838390228325601,-0.032336321245067155,0.9977122254276162,0.9999926580503788
ADC_GLCM_Autocorrelation,113,109.57877638094001,104.3668148935238,44.831089975,42.91745083,3.052354171506698e-10,1.8480097203832908e-09,False,Spearman,0.002187460348481603,0.981654655903225,Mann_Whitney_U,1571.0,0.9838390228325601,-0.032336321245067155,0.9977122254276162,0.9999926580503788
Post1_Morph_SurfaceToVolumeRatio_cm,113,8.79847991438,9.038938245984125,8.738018517,9.244046541,0.8679302959074378,0.00402783820752553,False,Spearman,-0.0021849117511482078,0.9816760262477318,Mann_Whitney_U,1579.0,0.9838578493224669,0.06875457723392674,0.9977122254276162,0.9999926580503788
Post1_Morph_MaxIntensityCoor_PerimeterCoor_2DAxialSmallestDist_mm,113,1.4868686223399998,1.4769852285079361,0.707106781,0.707106781,2.364962840205866e-08,8.588765742437945e-11,False,Spearman,-0.0018175378913590882,0.9847566355045394,Mann_Whitney_U,1578.0,0.9872111143799195,-0.00824422434904222,0.9977122254276162,0.9999926580503788
Post1_Morph_MaxIntensityCoor_PerimeterCoor_2DCoronalSmallestDist_mm,113,1.9733080837599997,2.0717453585873016,1.58113883,1.58113883,1.2044221361103135e-05,2.7958929251786932e-08,False,Spearman,-0.002820527530952924,0.9763467400531032,Mann_Whitney_U,1580.0,0.9785676551396187,0.0634222245792723,0.9977122254276162,0.9999926580503788
Post1_GLCM_NormalisedInverseDifferenceMoment,113,0.9670252265799999,0.9677749478095238,0.969823032,0.972415083,0.030325318333581448,0.010148944925358045,False,Spearman,0.0005462279377870519,0.9954186341047941,Mann_Whitney_U,1574.0,0.9976938243537113,0.04340285795603868,0.9977122254276162,0.9999926580503788
T2_Morph_SurfaceToVolumeRatio_cm,113,8.795826420780001,9.038938245984125,8.738018517,9.244046541,0.8766475271162958,0.00402783820752553,False,Spearman,-0.0016386838133611555,0.9862564982657807,Mann_Whitney_U,1578.0,0.9884695070824615,0.06952367506075387,0.9977122254276162,0.9999926580503788
T2_GLSZM_SmallZoneEmphasis,113,0.31056696864000005,0.31967067095238094,0.33319164,0.320375658,0.1040235514777086,0.015075203749426261,False,Spearman,-0.0010924558755741039,0.9908374172010053,Mann_Whitney_U,1577.0,0.9930815501254601,0.07293298350240437,0.9977122254276162,0.9999926580503788
T2_IB_IntensityBasedCoefficientOfVariation,113,0.37209720145999997,0.37287944934920636,0.3366881585,0.323000273,0.01710556236020395,4.089343416723358e-06,False,Spearman,0.0,1.0,Mann_Whitney_U,1575.0,1.0,0.004140332892478937,1.0,1.0
