feature,n_valid,mean_benign,mean_malignant,median_benign,median_malignant,shapiro_p_benign,shapiro_p_malignant,normal_in_both_classes,correlation_method,correlation_coefficient,correlation_p_value,class_difference_test,class_difference_stat,class_difference_p_value,cohen_d_malignant_minus_benign,correlation_q_value_fdr,class_difference_q_value_fdr
Post1_Morph_Compacity,116,15.728989233461537,17.704628106406247,15.726982465,16.585598315,0.0010829986963688063,1.984687426747525e-09,False,Spearman,0.3395947382213044,0.0001919364757467111,Mann_Whitney_U,1008.0,0.0002737284188392355,0.6378756988849605,0.004751043040815183,0.006759137540485887
Post1_Morph_Compactness1,116,0.03634802075,0.032927488656250004,0.035873995000000006,0.034016855,0.11165883572643799,0.00024689234747103764,False,Spearman,-0.3395947382213044,0.0001919364757467111,Mann_Whitney_U,2320.0,0.0002737284188392355,-0.7210643797471611,0.004751043040815183,0.006759137540485887
Post1_Morph_Compactness2,116,0.47530719596153853,0.39468986442187504,0.4572585355,0.4111410155,0.13282825113169044,0.04828126372172547,False,Spearman,-0.3395947382213044,0.0001919364757467111,Mann_Whitney_U,2320.0,0.0002737284188392355,-0.7389273111251152,0.004751043040815183,0.006759137540485887
Post1_Morph_SphericalDisproportion,116,1.2961438251153845,1.398652072421875,1.298014273,1.344837914,0.003207664406064054,1.163309040299454e-08,False,Spearman,0.3395947382213044,0.0001919364757467111,Mann_Whitney_U,1008.0,0.0002737284188392355,0.6557458698624551,0.004751043040815183,0.006759137540485887
Post1_Morph_Sphericity,116,0.7760757611153847,0.72540617334375,0.7704076195,0.743584215,0.07559512944498646,3.205003774912215e-05,False,Spearman,-0.3395947382213044,0.0001919364757467111,Mann_Whitney_U,2320.0,0.0002737284188392355,-0.711589713721122,0.004751043040815183,0.006759137540485887
Post1_Morph_Asphericity,116,0.2961438251153847,0.398652072421875,0.298014273,0.34483791399999997,0.003207664406064127,1.1633090402994413e-08,False,Spearman,0.3395947382213044,0.0001919364757467111,Mann_Whitney_U,1008.0,0.0002737284188392355,0.6557458698624544,0.004751043040815183,0.006759137540485887
Post2_Morph_Compacity,116,15.733224072692307,17.704628106406247,15.726982465,16.585598315,0.0011088525128623429,1.984687426747525e-09,False,Spearman,0.3390770633154792,0.0001965948844475248,Mann_Whitney_U,1009.0,0.00027968844995114014,0.63668153831502,0.004751043040815183,0.006759137540485887
Post2_Morph_Compactness1,116,0.03633646703846154,0.032927488656250004,0.035873995000000006,0.034016855,0.1165560838418218,0.00024689234747103764,False,Spearman,-0.3390770633154792,0.0001965948844475248,Mann_Whitney_U,2319.0,0.00027968844995114014,-0.719116059680125,0.004751043040815183,0.006759137540485887
Post2_Morph_Compactness2,116,0.47498507290384623,0.39468986442187504,0.4572585355,0.4111410155,0.13726865171881403,0.04828126372172547,False,Spearman,-0.3390770633154792,0.0001965948844475248,Mann_Whitney_U,2319.0,0.00027968844995114014,-0.7366281677708127,0.004751043040815183,0.006759137540485887
Post2_Morph_SphericalDisproportion,116,1.2963838939807693,1.398652072421875,1.298014273,1.344837914,0.0033029010888285517,1.163309040299454e-08,False,Spearman,0.3390770633154792,0.0001965948844475248,Mann_Whitney_U,1009.0,0.00027968844995114014,0.6544255152234266,0.004751043040815183,0.006759137540485887
Post2_Morph_Sphericity,116,0.7759152110000002,0.72540617334375,0.7704076195,0.743584215,0.07894829458887315,3.205003774912215e-05,False,Spearman,-0.3390770633154792,0.0001965948844475248,Mann_Whitney_U,2319.0,0.00027968844995114014,-0.7097636025559864,0.004751043040815183,0.006759137540485887
Post2_Morph_Asphericity,116,0.29638389398076925,0.398652072421875,0.298014273,0.34483791399999997,0.003302901088828627,1.1633090402994413e-08,False,Spearman,0.3390770633154792,0.0001965948844475248,Mann_Whitney_U,1009.0,0.00027968844995114014,0.654425515223427,0.004751043040815183,0.006759137540485887
Pre_Morph_Compacity,116,15.733224072692307,17.704628106406247,15.726982465,16.585598315,0.0011088525128623429,1.984687426747525e-09,False,Spearman,0.3390770633154792,0.0001965948844475248,Mann_Whitney_U,1009.0,0.00027968844995114014,0.63668153831502,0.004751043040815183,0.006759137540485887
Pre_Morph_Compactness1,116,0.03633646703846154,0.032927488656250004,0.035873995000000006,0.034016855,0.1165560838418218,0.00024689234747103764,False,Spearman,-0.3390770633154792,0.0001965948844475248,Mann_Whitney_U,2319.0,0.00027968844995114014,-0.719116059680125,0.004751043040815183,0.006759137540485887
Pre_Morph_Compactness2,116,0.47498507290384623,0.39468986442187504,0.4572585355,0.4111410155,0.13726865171881403,0.04828126372172547,False,Spearman,-0.3390770633154792,0.0001965948844475248,Mann_Whitney_U,2319.0,0.00027968844995114014,-0.7366281677708127,0.004751043040815183,0.006759137540485887
Pre_Morph_SphericalDisproportion,116,1.2963838939807693,1.398652072421875,1.298014273,1.344837914,0.0033029010888285517,1.163309040299454e-08,False,Spearman,0.3390770633154792,0.0001965948844475248,Mann_Whitney_U,1009.0,0.00027968844995114014,0.6544255152234266,0.004751043040815183,0.006759137540485887
Pre_Morph_Sphericity,116,0.7759152110000002,0.72540617334375,0.7704076195,0.743584215,0.07894829458887315,3.205003774912215e-05,False,Spearman,-0.3390770633154792,0.0001965948844475248,Mann_Whitney_U,2319.0,0.00027968844995114014,-0.7097636025559864,0.004751043040815183,0.006759137540485887
Pre_Morph_Asphericity,116,0.29638389398076925,0.398652072421875,0.298014273,0.34483791399999997,0.003302901088828627,1.1633090402994413e-08,False,Spearman,0.3390770633154792,0.0001965948844475248,Mann_Whitney_U,1009.0,0.00027968844995114014,0.654425515223427,0.004751043040815183,0.006759137540485887
Post2_GLRLM_LongRunHighGreyLevelEmphasis,116,412.110387552327,621.6886052529687,379.0349845,585.6271509000001,0.3178526922170515,0.12692665879816498,True,Pearson_point_biserial_equivalent,0.3148960835949172,0.0005756709579045764,Welch_t_test,-3.7033469656246765,0.00033690575769875706,0.6613526221038207,0.008776916383020368,0.007713368663103122
Post2_IH_IntensityHistogramMode_Intensity,116,12.365384615384615,18.953125,13.5,20.0,0.00723697001999545,0.3957011256918759,False,Spearman,0.332461214954723,0.00026612090487806815,Mann_Whitney_U,1022.5,0.0003673812031839801,0.6996479249233293,0.0060927680853662975,0.007990541169251568
Post2_IB_MeanIntensity,116,300.24770793307687,394.4721885220313,302.1568151,411.11142785000004,0.1211264657517135,0.10090997684118633,True,Pearson_point_biserial_equivalent,0.3120694413104598,0.0006489794662611529,Welch_t_test,-3.5765878400134423,0.0005121247975676428,0.6547722929179336,0.008776916383020368,0.008761107739008046
Post2_IB_MedianIntensity,116,299.9110758159615,402.6741521335938,312.93945314999996,430.03434749999997,0.07974207976508445,0.14803616575607706,True,Pearson_point_biserial_equivalent,0.3103822206168289,0.0006967240856503392,Welch_t_test,-3.5741789405698414,0.0005165232130721146,0.6508536977719063,0.008776916383020368,0.008761107739008046
Post2_IB_50thIntensityPercentile,116,299.9110758159615,402.6741521335938,312.93945314999996,430.03434749999997,0.07974207976508445,0.14803616575607706,True,Pearson_point_biserial_equivalent,0.3103822206168289,0.0006967240856503392,Welch_t_test,-3.5741789405698414,0.0005165232130721146,0.6508536977719063,0.008776916383020368,0.008761107739008046
Post2_IB_AreaUnderCurveCIVH,116,6452.784874682692,8494.55551790625,6509.358669499999,8877.672448,0.07602475637802719,0.10989544815460799,True,Pearson_point_biserial_equivalent,0.3146865423969404,0.0005808324236298455,Welch_t_test,-3.613178513734298,0.00045139721422740744,0.6608641501213666,0.008776916383020368,0.008761107739008046
Post2_IH_IntensityHistogramMean_Intensity,116,14.40670441073077,18.756789132749997,14.489140575,19.529326490000003,0.12690484320932469,0.10082601486153829,True,Pearson_point_biserial_equivalent,0.311566054108725,0.0006629000929936952,Welch_t_test,-3.570104253527798,0.000523652416517926,0.6536024528320636,0.008776916383020368,0.008761107739008046
Post2_IH_AreaUnderCurveCIVH_Intensity,116,311.3198781211538,405.32249015468756,313.10127220000004,422.0165397,0.1269048428795042,0.10082601472137996,True,Pearson_point_biserial_equivalent,0.31156605410632765,0.0006629000930606403,Welch_t_test,-3.5701042534908747,0.0005236524165843889,0.6536024528264951,0.008776916383020368,0.008761107739008046
Post1_IH_Uniformity_Intensity,116,0.12975411403846152,0.07766439884375,0.086194325,0.0577011395,6.72832519679131e-10,2.0384098165035343e-11,False,Spearman,-0.3142286678358716,0.0005922591618816852,Mann_Whitney_U,2271.0,0.0007600410088861372,-0.5138171665528791,0.008776916383020368,0.009048322287408919
Post2_IB_RootMeanSquareIntensity,116,329.6772439640385,429.0712157396875,339.75149154999997,454.1772845,0.44111537991799965,0.13710396440628486,True,Pearson_point_biserial_equivalent,0.30938733826735615,0.000726365493767203,Welch_t_test,-3.521066845434456,0.0006203449885300484,0.6485462625059695,0.008776916383020368,0.009048322287408919
Post2_IH_IntensityHistogramMedian_Intensity,116,14.346153846153847,19.109375,15.0,20.0,0.034992422137178604,0.13506215082491974,False,Spearman,0.31822695408672796,0.0004990845455016324,Mann_Whitney_U,1050.0,0.0006500459922828503,0.648930427561293,0.008776916383020368,0.009048322287408919
Post2_IH_IntensityHistogram50thPercentile,116,14.346153846153847,19.109375,15.0,20.0,0.034992422137178604,0.13506215082491974,False,Spearman,0.31822695408672796,0.0004990845455016324,Mann_Whitney_U,1050.0,0.0006500459922828503,0.648930427561293,0.008776916383020368,0.009048322287408919
Post2_IH_IntensityHistogramRange_Intensity,116,27.442307692307693,34.890625,26.0,37.0,0.1759740807912917,0.1440885015899178,True,Pearson_point_biserial_equivalent,0.3096964781499798,0.0007170335089953952,Welch_t_test,-3.4674534332811455,0.0007556668646065095,0.649262999334059,0.008776916383020368,0.009048322287408919
Post2_GLCM_JointMaximum,116,0.08289108592307694,0.035548495,0.034381497,0.015788542,1.3619945257487123e-11,2.918439319056644e-14,False,Spearman,-0.3173347172708225,0.0005186233665526217,Mann_Whitney_U,2277.0,0.0006732180633963194,-0.445209718650618,0.008776916383020368,0.009048322287408919
Post2_GLCM_Autocorrelation,116,293.5432483544808,483.32042521792187,268.54113275,464.34163490000003,0.023302145983425927,0.04270391343800331,False,Spearman,0.3152640176475219,0.0005667097658424464,Mann_Whitney_U,1055.0,0.0007300068565885764,0.6979679040181058,0.008776916383020368,0.009048322287408919
Post2_GLRLM_HighGreyLevelRunEmphasis,116,290.59558780492307,465.8652528587344,261.6834404,456.7290293,0.031706724211514256,0.06595250769049966,False,Spearman,0.3173347172708225,0.0005186233665526217,Mann_Whitney_U,1051.0,0.0006732180633963194,0.6974893945137252,0.008776916383020368,0.009048322287408919
Post2_GLRLM_ShortRunHighGreyLevelEmphasis,116,267.6848312326731,432.81533304045314,234.11965179999999,412.69267179999997,0.016000609313795888,0.059875428037445,False,Spearman,0.31785239217664774,0.0005072029842540654,Mann_Whitney_U,1050.0,0.0006596772317328689,0.6957589979638196,0.008776916383020368,0.009048322287408919
Post2_GLCM_JointAverage,116,15.095009684384614,19.737658349203123,15.39721501,20.85565953,0.2822628807412676,0.09996401110225449,True,Pearson_point_biserial_equivalent,0.30302103269080644,0.0009450719567709041,Welch_t_test,-3.4566957196458485,0.000769627412952023,0.6338361225074923,0.009263503654631052,0.009048322287408919
Post2_GLCM_SumAverage,116,30.190019368365384,39.47531669828125,30.79443001,41.71131906,0.2822628809739223,0.09996401093246819,True,Pearson_point_biserial_equivalent,0.3030210327099152,0.0009450719560325596,Welch_t_test,-3.4566957198862704,0.0007696274123311854,0.6338361225515037,0.009263503654631052,0.009048322287408919
Post1_GLCM_JointMaximum,116,0.10248704176923076,0.044704201703125,0.04503518250000001,0.02125754,2.1336615512216542e-10,3.951146571232704e-12,False,Spearman,-0.31060494349509554,0.0006902421314248749,Mann_Whitney_U,2264.0,0.0008744323069913815,-0.5234576356215347,0.008776916383020368,0.00927751350100612
Post2_IB_IntensityRange,116,599.575663426923,759.9456961078124,565.5,804.47882525,0.1792943031255497,0.13766332434872902,True,Pearson_point_biserial_equivalent,0.3074191560274577,0.0007884370068879218,Welch_t_test,-3.4399909860939526,0.0008279173793180443,0.6439883751646407,0.009191012162014046,0.00927751350100612
Post1_IB_IntensityRange,116,494.6843163557692,628.6518423265625,496.0,621.0600271000001,0.26889710742549416,0.9393415446504828,True,Pearson_point_biserial_equivalent,0.30490083603107654,0.0008749374180822692,Welch_t_test,-3.4294534203829197,0.0008511411758152304,0.6381697861813888,0.009263503654631052,0.00927751350100612
Post2_IH_IntensityHistogram75thPercentile,116,18.442307692307693,24.25,19.0,26.0,0.559157747036765,0.08639517396737899,True,Pearson_point_biserial_equivalent,0.3024503151427027,0.000967360350953607,Welch_t_test,-3.4266109474481086,0.0008534568945909383,0.632522016535809,0.009263503654631052,0.00927751350100612
Post2_IB_75thIntensityPercentile,116,388.83924080557694,512.2352817000001,394.5,547.6798400499999,0.5313407359308551,0.11149727491078147,True,Pearson_point_biserial_equivalent,0.29991619200204617,0.001072244443126383,Welch_t_test,-3.3938651957907373,0.000951708599998333,0.6266960847238143,0.009263503654631052,0.0097910974189993
Post2_IH_IntensityHistogram25thPercentile,116,10.115384615384615,13.4375,11.0,13.5,0.28009309263310256,0.26110344670127045,True,Pearson_point_biserial_equivalent,0.29462421326966687,0.0013254731700703668,Welch_t_test,-3.3882935403883865,0.0009678556069355628,0.6145766570867941,0.010115453140010694,0.0097910974189993
Post1_GLCM_AngularSecondMoment,116,0.04914635590384616,0.015815491890625,0.012903566500000001,0.0057649905,1.785109206369984e-12,3.991131983172163e-14,False,Spearman,-0.30698121915431936,0.0008028930164518018,Mann_Whitney_U,2257.0,0.0010046149936068873,-0.45101803470253804,0.009191012162014046,0.009833993600731424
Post1_IB_MaximumIntensity,116,519.1028926538461,644.7031657765625,502.000473,625.5,0.14384013555573447,0.8897083028863806,True,Pearson_point_biserial_equivalent,0.2981979423508997,0.0011491576109082552,Welch_t_test,-3.3514405403195258,0.0010996579857984667,0.622754145252324,0.009263503654631052,0.009833993600731424
Post1_IH_IntensityHistogramRange_Intensity,116,22.653846153846153,28.703125,22.5,28.5,0.2283140589155437,0.848309222374905,True,Pearson_point_biserial_equivalent,0.3000276573530075,0.0010674210972415525,Welch_t_test,-3.368201920938705,0.0010425410907321726,0.6269520349417,0.009263503654631052,0.009833993600731424
Post2_IB_MaximumIntensity,116,624.6948699923078,777.358002653125,580.0,805.1810608000001,0.1590073260892193,0.08844938866389764,True,Pearson_point_biserial_equivalent,0.3001070586340397,0.0010639973203717553,Welch_t_test,-3.3459831906417588,0.0011303440920380947,0.6271343758519267,0.009263503654631052,0.009833993600731424
Post2_IH_IntensityHistogramMaximumGreyLevel_Intensity,116,29.403846153846153,36.515625,27.5,38.0,0.18235772364286487,0.09749129512911092,True,Pearson_point_biserial_equivalent,0.30158672057129443,0.0010020010108784103,Welch_t_test,-3.3643890358029895,0.00106422661864072,0.6305349695364975,0.009263503654631052,0.009833993600731424
Post2_GLSZM_HighGrayLevelZoneEmphasis,116,291.27803911326924,436.91129177031246,241.87529765,415.10062965,0.020907780073381232,0.08830394271738819,False,Spearman,0.30387516971936845,0.000912591005264165,Mann_Whitney_U,1077.0,0.0011302462500470006,0.6587477114062288,0.009263503654631052,0.009833993600731424
Post2_IB_25thIntensityPercentile,116,207.2754840303846,279.077287493125,219.67159270000002,279.55908205000003,0.49862525029683114,0.3673166937190063,True,Pearson_point_biserial_equivalent,0.29291632441639925,0.0014181428377363873,Welch_t_test,-3.3658246459633876,0.0010422253513630464,0.6106786297946651,0.010497546690746625,0.009833993600731424
Post1_IH_IntensityHistogramMode_Intensity,116,10.807692307692308,16.078125,11.5,16.0,0.013057756818626602,0.26619048850622956,False,Spearman,0.3027384886852357,0.0009560468838148025,Mann_Whitney_U,1080.0,0.0011797590745633228,0.6648139245433723,0.009263503654631052,0.01006265093009893
Post1_IH_IntensityHistogramMaximumGreyLevel_Intensity,116,24.53846153846154,30.296875,24.0,29.5,0.11498671360827244,0.8389947800436702,True,Pearson_point_biserial_equivalent,0.29546077782326985,0.0012821236863970358,Welch_t_test,-3.3165185104192694,0.0012328523493991986,0.6164883531482138,0.009959353635405547,0.010313284076704834
Post1_IH_IntensityHistogramEntropyLog10_Intensity,116,1.1121103883269232,1.271903183671875,1.179214776,1.3039251649999999,0.0011739192408634794,0.00011599197213737389,False,Spearman,0.29818074575529174,0.0011499521778162683,Mann_Whitney_U,1088.0,0.0013990036428303415,0.61041421053223,0.009263503654631052,0.010676606747915764
Post1_IH_IntensityHistogramEntropyLog2_Intensity,116,3.6943507436346152,4.22517091984375,3.9172666945000003,4.3315456405,0.0011739192582430056,0.0001159919699983538,False,Spearman,0.29818074575529174,0.0011499521778162683,Mann_Whitney_U,1088.0,0.0013990036428303415,0.6104142105558684,0.009263503654631052,0.010676606747915764
Post1_GLCM_JointEntropyLog2,116,6.799743306057692,7.8134352205625,7.1889741925,8.015249536499999,0.0021075646892150333,0.0002772553692733663,False,Spearman,0.29869842066111685,0.0011262512595102774,Mann_Whitney_U,1087.0,0.0013723318123044386,0.6079676954388818,0.009263503654631052,0.010676606747915764
Post1_GLCM_JointEntropyLog10,116,2.0469266979230767,2.352078370546875,2.16409687,2.412830533,0.0021075646892687694,0.0002772553696956396,False,Spearman,0.29869842066111685,0.0011262512595102774,Mann_Whitney_U,1087.0,0.0013723318123044386,0.6079676954151629,0.009263503654631052,0.010676606747915764
Post1_GLCM_SumEntropy,116,6.483844872326923,7.734768966625,7.1551098070000005,7.9946349969999995,0.00014609980560781203,6.557970659916845e-05,False,Spearman,0.29869842066111685,0.0011262512595102774,Mann_Whitney_U,1087.0,0.0013723318123044386,0.6389701390783733,0.009263503654631052,0.010676606747915764
Post2_IH_Uniformity_Intensity,116,0.10993911919230769,0.065284785859375,0.06613801799999999,0.046374039,1.253101129320764e-10,3.3380121032525477e-13,False,Spearman,-0.2966277210378162,0.0012238101438649671,Mann_Whitney_U,2237.0,0.0014819136297791488,-0.4612054654778622,0.009679225683295649,0.011114352223343615
Post1_IB_RootMeanSquareIntensity,116,275.8690837651923,349.49135858234376,282.93999365,368.4394409,0.36302154119412905,0.6798777944701999,True,Pearson_point_biserial_equivalent,0.28497657616433714,0.0019312230733872547,Welch_t_test,-3.226465434988686,0.0016373003969702095,0.5926403070505104,0.011314341624563127,0.011684928378781694
Post1_IH_IntensityHistogramMean_Intensity,116,12.152869732019234,15.361240474328124,12.664538935,16.39101514,0.050792017691158965,0.526570863397128,True,Pearson_point_biserial_equivalent,0.28427604793094857,0.0019837307234514974,Welch_t_test,-3.2260651452672007,0.0016385761630141728,0.5910552285209272,0.011314341624563127,0.011684928378781694
Post1_IH_AreaUnderCurveCIVH_Intensity,116,262.6159193623077,331.9468058675,273.67277105,354.1995928,0.0507920178353161,0.5265708625733589,True,Pearson_point_biserial_equivalent,0.2842760479265196,0.0019837307237875338,Welch_t_test,-3.2260651451822677,0.001638576163461341,0.5910552285109102,0.011314341624563127,0.011684928378781694
Post2_IH_IntensityHistogramEntropyLog10_Intensity,116,1.198351130076923,1.351669945328125,1.275797754,1.4038000565,0.0005332644240901635,6.891941110868019e-06,False,Spearman,0.2919686468853898,0.001472069765828837,Mann_Whitney_U,1100.0,0.0017585700048629877,0.5752582851323111,0.010497546690746625,0.011840975230079258
Post2_IH_IntensityHistogramEntropyLog2_Intensity,116,3.9808362865,4.490150366125,4.238108401,4.6633228465,0.0005332644206634467,6.891941069220716e-06,False,Spearman,0.2919686468853898,0.001472069765828837,Mann_Whitney_U,1100.0,0.0017585700048629877,0.5752582848651555,0.010497546690746625,0.011840975230079258
Post2_NGTDM_Complexity,116,1265.5682083245965,1909.5418038040625,619.0418845500001,1576.6687915,2.104601026870499e-09,0.0011058150103015203,False,Spearman,0.2924863217912149,0.0014423851032868884,Mann_Whitney_U,1099.0,0.001725639275429477,0.40775554246898427,0.010497546690746625,0.011840975230079258
Post2_GLCM_JointEntropyLog2,116,7.316129595961537,8.289264422296874,7.7599352835,8.606199846500001,0.0005644500967912192,2.3126932059636467e-05,False,Spearman,0.2904156221679143,0.0015644872105378535,Mann_Whitney_U,1103.0,0.0018608597925933654,0.58538031308054,0.010633624009124473,0.011840975230079258
Post2_GLCM_JointEntropyLog10,116,2.2023744604807693,2.495317233046875,2.335973285,2.5907243025,0.0005644500938742254,2.3126932008054692e-05,False,Spearman,0.2904156221679143,0.0015644872105378535,Mann_Whitney_U,1103.0,0.0018608597925933654,0.5853803131259266,0.010633624009124473,0.011840975230079258
Post2_GLCM_SumEntropy,116,7.180253161442309,8.207220831125,7.701810120999999,8.606199846500001,0.0008293697274901052,2.180274729264034e-05,False,Spearman,0.2909332970737395,0.0015331115981771753,Mann_Whitney_U,1102.0,0.0018261711475716922,0.5791555739638139,0.010633624009124473,0.011840975230079258
Post2_GLCM_DifferenceEntropy,116,4.80690419848077,6.013409541046875,5.312159207500001,6.509779601,0.04259609124129407,0.00017463947703978556,False,Spearman,0.2898979472620891,0.0015964451293316547,Mann_Whitney_U,1104.0,0.0018961528456795313,0.5737725993027268,0.010683902019373382,0.011840975230079258
Post1_IH_MinimumHistogramGradientGreyLevel_Intensity,116,11.211538461538462,17.015625,11.0,17.5,0.0015515028287553284,0.06261476881900066,False,Spearman,0.28921063707700534,0.001639791407709747,Mann_Whitney_U,1107.0,0.0019440157602476614,0.6219606559896333,0.010807716096268787,0.011840975230079258
Post2_IB_90thIntensityPercentile,116,469.34224099653846,597.382721665625,453.0,625.7401428000001,0.4386922671242565,0.16760263690623534,True,Pearson_point_biserial_equivalent,0.28398875367223614,0.002005636023403259,Welch_t_test,-3.172126086263098,0.0019598855553234636,0.5904054685540121,0.011314341624563127,0.011840975230079258
Post2_IH_IntensityHistogram90thPercentile,116,22.23076923076923,28.15625,21.0,29.0,0.33787320801304244,0.1761546933772218,True,Pearson_point_biserial_equivalent,0.28514655610873024,0.0019186736784481452,Welch_t_test,-3.1856661199582326,0.0018781292228545218,0.5930250747242143,0.011314341624563127,0.011840975230079258
Post1_IB_75thIntensityPercentile,116,323.21773987596157,416.23689127343755,331.3738098,442.35739135,0.5169674966819433,0.6567852835851679,True,Pearson_point_biserial_equivalent,0.2813512018009667,0.002217215063501582,Welch_t_test,-3.1773988284903107,0.0019146271332857582,0.5844482922478618,0.01205610690778985,0.011840975230079258
Post2_GLCM_AngularSecondMoment,116,0.03904962873076923,0.01248134409375,0.0070412105,0.004263146,2.6321211265054905e-13,1.1421048930736962e-15,False,Spearman,-0.2878272476387885,0.001730292735149867,Mann_Whitney_U,2220.0,0.002043559522197486,-0.3800526326727558,0.011233990146122272,0.012121707979231079
Post1_GLCM_DifferenceEntropy,116,4.1053627207500005,5.378271576234375,4.5071768205,5.702520348,0.045021263506682674,0.003507626889003591,False,Spearman,0.2857675337928602,0.0018734532647483452,Mann_Whitney_U,1112.0,0.0022005482424941017,0.6125944962303177,0.011314341624563127,0.012121707979231079
Post2_GLCM_ClusterProminence,116,94185.08303765528,136387.32354473404,21312.13173,82215.82475999999,4.261071469587e-11,5.6224135763269284e-08,False,Spearman,0.28679189782713815,0.0018009648412446989,Mann_Whitney_U,1110.0,0.002121140379385119,0.2556452367174137,0.011314341624563127,0.012121707979231079
Post2_GLSZM_SmallZoneHighGreyLevelEmphasis,116,131.3735125516923,191.5996178539844,98.65936034,156.99847445,4.266599289870221e-06,0.010220585801012334,False,Spearman,0.28627422292131305,0.0018372736081731966,Mann_Whitney_U,1111.0,0.002160935307269786,0.5176143124829592,0.011314341624563127,0.012121707979231079
Post2_GLSZM_NormalisedGreyLevelNonUniformity,116,0.07670306551923077,0.04867612278125,0.0509466485,0.0397178185,1.4962808114633203e-13,9.010657138724636e-13,False,Spearman,-0.28575654801548783,0.0018742447966926664,Mann_Whitney_U,2216.0,0.0022014136330097823,-0.359463862892658,0.011314341624563127,0.012121707979231079
Post1_GLCM_JointAverage,116,12.653651646250001,16.085991984984375,13.140567325,16.723573715,0.09850097860189491,0.4820989013606436,True,Pearson_point_biserial_equivalent,0.27816231569925526,0.0024998569135738333,Welch_t_test,-3.1470177666598307,0.0021057214816281654,0.5772650636554228,0.01249928462001439,0.012121707979231079
Post1_GLCM_SumAverage,116,25.307303294153847,32.17198396829687,26.281134655,33.44714743,0.09850097819297834,0.48209890018786117,True,Pearson_point_biserial_equivalent,0.2781623155877297,0.0024998569240028776,Welch_t_test,-3.147017765234566,0.002105721491068206,0.5772650634045661,0.01249928462001439,0.012121707979231079
Post1_IH_IntensityHistogramMedian_Intensity,116,12.115384615384615,15.609375,13.0,17.0,0.005536983526875178,0.2831949741839703,False,Spearman,0.28368830385021876,0.0020287784981975264,Mann_Whitney_U,1117.0,0.002370205227901219,0.5807390004448459,0.011314341624563127,0.012286742107218246
Post1_IH_IntensityHistogram50thPercentile,116,12.115384615384615,15.609375,13.0,17.0,0.005536983526875178,0.2831949741839703,False,Spearman,0.28368830385021876,0.0020287784981975264,Mann_Whitney_U,1117.0,0.002370205227901219,0.5807390004448459,0.011314341624563127,0.012286742107218246
Post1_IH_IntensityHistogram75thPercentile,116,15.461538461538462,19.71875,16.0,21.0,0.5368767135400346,0.6558876626251217,True,Pearson_point_biserial_equivalent,0.27652789279740086,0.002656982700635835,Welch_t_test,-3.1130126119930064,0.0023450964531966973,0.5735914318400548,0.012656419573194215,0.012286742107218246
Post1_IH_IntensityHistogram90thPercentile,116,18.442307692307693,23.09375,18.5,24.0,0.7421871159396332,0.772375853221508,True,Pearson_point_biserial_equivalent,0.27640051537976223,0.002669594525358072,Welch_t_test,-3.109350999265375,0.0023726122689800753,0.5733053572994727,0.012656419573194215,0.012286742107218246
Post1_GLRLM_LongRunHighGreyLevelEmphasis,116,311.7497021389039,435.99035732796875,303.49638834999996,428.48662924999996,0.1726855952070103,0.05044570704624243,True,Pearson_point_biserial_equivalent,0.2694910972622202,0.0034401381730419034,Welch_t_test,-3.1283120854217312,0.002263559369190741,0.5578360767587202,0.015588126096596126,0.012286742107218246
Post1_IB_90thIntensityPercentile,116,387.42791865730766,488.233956340625,391.482666,510.16520690000004,0.893246268096305,0.7393200678769868,True,Pearson_point_biserial_equivalent,0.27632838675706,0.0026767600016870527,Welch_t_test,-3.105318680149923,0.002403580427416636,0.5731433794938554,0.012656419573194215,0.012300676305014548
Post1_IB_AreaUnderCurveCIVH,116,5417.0312422269235,6919.204860482812,5653.2884275,7423.805572,0.037990864591092806,0.5508748101771432,False,Spearman,0.28161514876888655,0.0021951680528944427,Mann_Whitney_U,1120.0,0.002551127574903077,0.5937998756062595,0.01205610690778985,0.012903959245149284
Post1_GLRLM_ShortRunHighGreyLevelEmphasis,116,183.88025189363458,287.5359904887656,157.65111489999998,267.82809310000005,0.05235072815216753,0.012924751592754455,False,Spearman,0.2795444491455859,0.002373584889075657,Mann_Whitney_U,1124.0,0.0027444077360536043,0.6353423397886877,0.012439872611420613,0.013413678260486719
Post1_NGTDM_Complexity,116,699.3832326781155,1124.8517617573439,396.25749085,741.49568475,4.5491619858843434e-08,7.943499774778085e-05,False,Spearman,0.2800621240514111,0.002327793261488748,Mann_Whitney_U,1123.0,0.0026948722539832867,0.47307809480567564,0.012439872611420613,0.013413678260486719
Post2_GLSZM_GreyLevelVariance,116,51.88653918684615,70.83161897564062,34.27347317,63.111294295,9.723540976105147e-07,0.017320358169776364,False,Spearman,0.2795444491455859,0.002373584889075657,Mann_Whitney_U,1124.0,0.0027444077360536043,0.4170736321876404,0.012439872611420613,0.013413678260486719
Post1_GLCM_Autocorrelation,116,203.1420644427885,321.0928945411563,185.1994369,307.08897295,0.06317414544932014,0.010300872127229665,False,Spearman,0.2790267742397608,0.002420188732838509,Mann_Whitney_U,1125.0,0.0027947737077428235,0.6334276493225157,0.01249928462001439,0.01350807292075698
Post1_GLRLM_HighGreyLevelRunEmphasis,116,202.8598221924423,312.52141128224997,183.5235841,303.52535935000003,0.12899996144995896,0.0175788484251568,False,Spearman,0.27850909933393564,0.002467617393985439,Mann_Whitney_U,1126.0,0.0028459825144655265,0.6331991487662951,0.01249928462001439,0.013604421909807736
Post2_GLSZM_LargeZoneLowGreyLevelEmphasis,116,724.8181960563077,108.84909952553124,1.1098672514999999,0.24986178599999997,6.645513306420798e-16,8.434297181113726e-17,False,Spearman,-0.27695607461646016,0.0026149807224392,Mann_Whitney_U,2199.0,0.003004791720569699,-0.18724437692061296,0.012656419573194215,0.014207439113563251
Post1_IB_MeanIntensity,116,251.68286916249997,321.02263538093746,262.2895527,342.87904349999997,0.048026924222994274,0.5298237308062482,False,Spearman,0.276438399710635,0.002665837913636394,Mann_Whitney_U,1130.0,0.003059498426934155,0.5903033976869205,0.012656419573194215,0.014310557158240401
Post1_IB_MedianIntensity,116,250.96865433826923,325.85132014671876,270.7001953,352.2084503,0.007009492995895947,0.451605546072949,False,Spearman,0.2756645366605249,0.0027435277629312893,Mann_Whitney_U,1131.5,0.0031429740411758333,0.5734798021992462,0.012696112519947988,0.014391512714857764
Post1_IB_50thIntensityPercentile,116,250.96865433826923,325.85132014671876,270.7001953,352.2084503,0.007009492995895947,0.451605546072949,False,Spearman,0.2756645366605249,0.0027435277629312893,Mann_Whitney_U,1131.5,0.0031429740411758333,0.5734798021992462,0.012696112519947988,0.014391512714857764
Post1_GLSZM_NormalisedGreyLevelNonUniformity,116,0.08270770457692309,0.055960246546874995,0.056257323,0.049443196,4.314231964895418e-12,7.415042146753078e-10,False,Spearman,-0.27126269345104115,0.0032255515075939037,Mann_Whitney_U,2188.0,0.003658562087754836,-0.43766599796283395,0.014769630587403665,0.0165778594601391
Post1_GLCM_SumVariance,116,84.6777438795,124.39285156157813,47.736572965,106.942369,1.3430100362120478e-06,0.000643278459299614,False,Spearman,0.2681556012174324,0.0036102861807893348,Mann_Whitney_U,1146.0,0.0040675793809252896,0.42549258083654573,0.015841949048790032,0.017829079059998743
Post1_GLCM_InverseDifference,116,0.4558259350961538,0.3785248458125,0.431647164,0.3592616675,0.022491224792314787,5.42525877381309e-05,False,Spearman,-0.26867327612325764,0.0035434557016826122,Mann_Whitney_U,2183.0,0.0039966734221540305,-0.5673673269115479,0.015841949048790032,0.017829079059998743
Post1_GLCM_ClusterTendency,116,84.6777438795,124.39285156157813,47.736572965,106.942369,1.3430100362120478e-06,0.000643278459299614,False,Spearman,0.2681556012174324,0.0036102861807893348,Mann_Whitney_U,1146.0,0.0040675793809252896,0.42549258083654573,0.015841949048790032,0.017829079059998743
Post1_GLSZM_SmallZoneHighGreyLevelEmphasis,116,83.79703872755769,125.16414122853125,60.6574752,104.28944025,1.5681581529264323e-05,0.0001250090117700359,False,Spearman,0.26763792631160727,0.0036782456412133182,Mann_Whitney_U,1147.0,0.004139625253011202,0.5355516119877106,0.015841949048790032,0.017829079059998743
Post2_GLRLM_RunEntropy,116,4.584380647846154,4.893979859265626,4.631973666,5.0184063685,0.0016525816927492095,0.005295132602377483,False,Spearman,0.26763792631160727,0.0036782456412133182,Mann_Whitney_U,1147.0,0.004139625253011202,0.5256592571599472,0.015841949048790032,0.017829079059998743
Post1_GLCM_ClusterProminence,116,38954.295859128884,64922.9080605136,8754.878240499998,32879.369135,1.234459545159677e-10,2.2534967161931265e-08,False,Spearman,0.2660849015941318,0.003889063801916347,Mann_Whitney_U,1150.0,0.004362763977828522,0.35196441686609775,0.016424686930423406,0.018425265343256378
Post2_GLRLM_GreyLevelVariance,116,47.61199155001923,65.77527124448437,32.654132435,59.599811095,3.261584717531733e-07,0.0040343496784985364,False,Spearman,0.2660849015941318,0.003889063801916347,Mann_Whitney_U,1150.0,0.004362763977828522,0.3800063380565636,0.016424686930423406,0.018425265343256378
Post1_GLCM_InverseDifferenceMoment,116,0.3912104484230769,0.301847389265625,0.3571795305,0.27795735050000003,0.005474225997449198,5.555997956771773e-06,False,Spearman,-0.2655672266883066,0.003961706054926216,Mann_Whitney_U,2177.0,0.004439532067803894,-0.5739921397083168,0.016570597441277923,0.01856919662975667
Post2_GLCM_JointVariance,116,43.958409727519225,59.65916110090625,29.934287955000002,53.316719309999996,1.2699748436250661e-07,0.0020414921153571347,False,Spearman,0.26504955178248146,0.004035561703901618,Mann_Whitney_U,1152.0,0.004517522294502892,0.3406323960653792,0.016711513814198182,0.018687728761616496
Post2_GLCM_SumVariance,116,131.07051923703847,183.7396014294375,75.1855033,164.3772955,1.787442896108978e-07,0.0016492518755796984,False,Spearman,0.26453187687665636,0.004110648225561392,Mann_Whitney_U,1153.0,0.004596751672397621,0.3710513053482647,0.016711513814198182,0.018687728761616496
Post2_GLCM_ClusterTendency,116,131.07051923703847,183.7396014294375,75.1855033,164.3772955,1.787442896108978e-07,0.0016492518755796984,False,Spearman,0.26453187687665636,0.004110648225561392,Mann_Whitney_U,1153.0,0.004596751672397621,0.3710513053482647,0.016711513814198182,0.018687728761616496
Post2_IB_IntensityVariance,116,22146.659856747505,30512.461613340623,14865.175205,27318.185655,3.1076242719807974e-07,0.00361569882510608,False,Spearman,0.2629788521591808,0.00434347082350606,Mann_Whitney_U,1156.0,0.004842047767051625,0.36934882365265326,0.017334034937845286,0.019323768611628045
Post2_IB_StandardDeviation,116,129.0289433724423,162.56134997750002,121.91780815,165.24537245,0.03195300145882337,0.7773504107583786,False,Spearman,0.2629788521591808,0.00434347082350606,Mann_Whitney_U,1156.0,0.004842047767051625,0.48389815703942374,0.017334034937845286,0.019323768611628045
Post1_GLSZM_LargeZoneLowGreyLevelEmphasis,116,1193.783152350077,142.4481179911875,2.3439606255000003,0.4196436475,6.677051525235973e-16,5.1682558528338064e-17,False,Spearman,-0.2624611772533557,0.004423659652978154,Mann_Whitney_U,2171.0,0.004926407783470039,-0.19538204909348958,0.017493563173140884,0.019457196933586475
Post1_GLCM_JointVariance,116,28.467069700346148,40.70942830190625,15.806131095000001,32.55204956,3.270228704129549e-07,0.0010738612566612224,False,Spearman,0.2614258274417054,0.004588019938816838,Mann_Whitney_U,1159.0,0.005099127472250249,0.40106965432991015,0.017506918187590564,0.019457196933586475
Post1_GLSZM_HighGrayLevelZoneEmphasis,116,201.39140255653845,296.1414605653125,179.5317943,261.3670822,0.03204362552981635,0.007765144258124006,False,Spearman,0.2614258274417054,0.004588019938816838,Mann_Whitney_U,1159.0,0.005099127472250249,0.6193081975146268,0.017506918187590564,0.019457196933586475
Post2_IH_IntensityHistogramVariance_Intensity,116,47.22810562953846,65.22521435745313,32.30647526,58.39640598,3.0523660362615377e-07,0.0032358587639626296,False,Spearman,0.2614258274417054,0.004588019938816838,Mann_Whitney_U,1159.0,0.005099127472250249,0.37213619511002466,0.017506918187590564,0.019457196933586475
Post2_IH_IntensityHistogramStd_Intensity,116,5.963582128461538,7.51688506875,5.683400322000001,7.6402951125000005,0.02911847835980615,0.7566668604233425,False,Spearman,0.2614258274417054,0.004588019938816838,Mann_Whitney_U,1159.0,0.005099127472250249,0.48596050763529597,0.017506918187590564,0.019457196933586475
Post1_GLSZM_GreyLevelVariance,116,34.98219960648077,48.84867544965625,28.847627635000002,37.10836819,1.9077988039308068e-05,0.003960738035062629,False,Spearman,0.2588374529125796,0.005023040438799703,Mann_Whitney_U,1164.0,0.005555121422897516,0.47013160720551994,0.019000196442416267,0.02101285059965582
Post1_IH_IntensityHistogramVariance_Intensity,116,30.80858696303846,44.0954082225625,18.29576917,33.66779509,8.864915726309975e-07,0.0009521863272909531,False,Spearman,0.2578021031009292,0.005207107279007262,Mann_Whitney_U,1166.0,0.005747596220368011,0.41379553852309153,0.01952665229627723,0.021551194577723313
Post1_GLRLM_RunPercentage,116,0.8322014708653847,0.884765644,0.8667485255,0.9053615585,1.7120967379634523e-06,1.1004320144951861e-08,False,Spearman,0.25754376067744084,0.005253963302132658,Mann_Whitney_U,1166.5,0.005796551086229187,0.5370578626929877,0.019533966123313727,0.021551194577723313
Post1_GLRLM_GreyLevelVariance,116,31.319875838346164,44.57097628610937,19.86901153,33.7266221,1.0904681164999808e-06,0.0009750086192132866,False,Spearman,0.2572844281951041,0.0053013765240472075,Mann_Whitney_U,1167.0,0.0058460711728077035,0.41791023664313304,0.019543210067462166,0.021551194577723313
Post1_IB_IntensityBasedMedianAbsoluteDeviation,116,83.04842831744229,106.83015143093749,68.842309375,102.1393096,0.008167014047180926,0.47667924524266114,False,Spearman,0.25521372857180347,0.00569384347464918,Mann_Whitney_U,1171.0,0.006255358780136713,0.4767788959638196,0.020136763507905636,0.02212261031999569
Post1_IH_IntensityHistogramMedianAbsoluteDeviation_Intensity,116,3.8294291559423077,4.9338688751875,3.1904454744999997,4.71923947,0.008590140917454974,0.4927198613548138,False,Spearman,0.25521372857180347,0.00569384347464918,Mann_Whitney_U,1171.0,0.006255358780136713,0.47875222055084327,0.020136763507905636,0.02212261031999569
Post1_GLRLM_LongRunsEmphasis,116,2.129970365461538,1.570247726796875,1.5705384740000001,1.3960922815,1.9654915726198657e-11,2.1787008934471476e-12,False,Spearman,-0.2557314034776286,0.005593376043507732,Mann_Whitney_U,2158.0,0.006150687708795307,-0.46624943179230427,0.020136763507905636,0.02212261031999569
Post1_GLRLM_RunLengthVariance,116,0.43469310651923077,0.18844859860937502,0.181493114,0.10603325499999999,8.725633532393095e-12,5.208378315317584e-13,False,Spearman,-0.25521372857180347,0.00569384347464918,Mann_Whitney_U,2157.0,0.006255358780136713,-0.46368657726860774,0.020136763507905636,0.02212261031999569
Post2_GLCM_DifferenceVariance,116,14.072987022942304,18.559877959828125,9.4225925755,16.55364275,5.1654144172035336e-08,0.0016345472891315526,False,Spearman,0.2557314034776286,0.005593376043507732,Mann_Whitney_U,1170.0,0.006150687708795307,0.3104706559917798,0.020136763507905636,0.02212261031999569
Post1_GLCM_DifferenceAverage,116,3.2534476885769226,4.117028075640626,2.683998484,4.0301627135,0.0014203861684600504,0.1446788192946105,False,Spearman,0.2531430289485028,0.006111960749051658,Mann_Whitney_U,1175.0,0.006690264005840879,0.43086347421238447,0.020610100200290474,0.022560192577835522
Post1_GLCM_Dissimilarity,116,3.2534476885769226,4.117028075640626,2.683998484,4.0301627135,0.0014203861684600504,0.1446788192946105,False,Spearman,0.2531430289485028,0.006111960749051658,Mann_Whitney_U,1175.0,0.006690264005840879,0.43086347421238447,0.020610100200290474,0.022560192577835522
Post1_GLRLM_ShortRunsEmphasis,116,0.8639319018269231,0.9029152125937501,0.8908276625,0.9161133275,1.2441932293815271e-06,1.8527016014993366e-08,False,Spearman,0.2541783787601531,0.005899608695543823,Mann_Whitney_U,1173.0,0.006469524555968413,0.5198425050740257,0.020610100200290474,0.022560192577835522
Post2_IB_IntensityBasedMeanAbsoluteDeviation,116,104.8763298626154,132.55966998796876,97.92180164999999,133.16069155,0.010141143051426996,0.7536128464746091,False,Spearman,0.2531430289485028,0.006111960749051658,Mann_Whitney_U,1175.0,0.006690264005840879,0.4514188323537247,0.020610100200290474,0.022560192577835522
Post2_IB_IntensityBasedMedianAbsoluteDeviation,116,103.2354851526154,130.52087761953126,97.788599165,128.2296079,0.0073129298868834245,0.7694400473500318,False,Spearman,0.2531430289485028,0.006111960749051658,Mann_Whitney_U,1175.0,0.006690264005840879,0.4456239365818768,0.020610100200290474,0.022560192577835522
Post2_IH_IntensityHistogramMeanAbsoluteDeviation_Intensity,116,4.853302290365385,6.132376463890624,4.523522505000001,6.167577128,0.009102997894538082,0.7529426727780993,False,Spearman,0.2531430289485028,0.006111960749051658,Mann_Whitney_U,1175.0,0.006690264005840879,0.45171103416989844,0.020610100200290474,0.022560192577835522
Post1_IB_IntensityVariance,116,14434.46479912442,20639.30790093125,8575.3209655,15697.6037,9.064219099652505e-07,0.0009833932727018985,False,Spearman,0.2521076791368525,0.006331078504060885,Mann_Whitney_U,1177.0,0.006917750859553376,0.4122618317131704,0.020863781433837006,0.02279713351443726
Post1_GLRLM_RunEntropy,116,4.3878305675,4.700558156953125,4.5683246565,4.765616523,0.0004088720248917819,0.04596781526527973,False,Spearman,0.2521076791368525,0.006331078504060885,Mann_Whitney_U,1177.0,0.006917750859553376,0.5423688027788219,0.020863781433837006,0.02279713351443726
Post2_IH_IntensityHistogramMedianAbsoluteDeviation_Intensity,116,4.764894136230769,6.032010805875,4.5082135525,5.9325347425,0.007960383885499125,0.8004147345260542,False,Spearman,0.2521076791368525,0.006331078504060885,Mann_Whitney_U,1177.0,0.006917750859553376,0.4472164456425833,0.020863781433837006,0.02279713351443726
Post1_IH_IntensityHistogramInterquartileRange_Intensity,116,6.653846153846154,8.8125,5.0,8.0,0.00021801641434870101,0.06679294330813214,False,Spearman,0.2517147006961918,0.006416056220322623,Mann_Whitney_U,1179.0,0.007006048673187808,0.44261801610126245,0.020984845532634144,0.022914520096516514
Post1_IB_25thIntensityPercentile,116,178.23290833596153,225.87901085578125,193.0,231.8581772,0.02043174370212579,0.3673403260467596,False,Spearman,0.24978198296946857,0.006848897216775589,Mann_Whitney_U,1181.5,0.007454275872549999,0.49098568042441537,0.02193949672239597,0.023868357237870716
Post1_IB_IntensityBasedMeanAbsoluteDeviation,116,84.87946142715383,108.23493361000001,69.05757700000001,102.73209979999999,0.01105408558041533,0.44686170595268565,False,Spearman,0.2495193046077267,0.0069096805769385,Mann_Whitney_U,1182.0,0.007517160785260432,0.46721427458270365,0.02193949672239597,0.023868357237870716
Post1_IH_IntensityHistogramMeanAbsoluteDeviation_Intensity,116,3.9291706697884616,5.0086282551875,3.2135082955,4.7567097149999995,0.00938026886501115,0.44306000220161096,False,Spearman,0.25003697951355186,0.006790345365229782,Mann_Whitney_U,1181.0,0.007393679849495152,0.4687544212671816,0.02193949672239597,0.023868357237870716
Post2_GLCM_Contrast,116,42.07083291646155,53.47288164126563,28.30786793,48.84348028,1.5445359600701955e-08,0.00320737063367027,False,Spearman,0.2495193046077267,0.0069096805769385,Mann_Whitney_U,1182.0,0.007517160785260432,0.2560847689024701,0.02193949672239597,0.023868357237870716
Post1_IB_IntensityInterquartileRange,116,144.98483153275,190.35788041734372,110.0,183.0,0.00019670104830391455,0.22003384380905872,False,Spearman,0.2490083305121377,0.007029290455729639,Mann_Whitney_U,1183.0,0.007640855295816043,0.4353064016558927,0.02215754600175647,0.02408530473681144
Post2_IH_IntensityHistogramInterquartileRange_Intensity,116,8.326923076923077,10.8125,7.0,10.5,0.0004950431207465178,0.3065650136501802,False,Spearman,0.24841552050736165,0.007170352646299259,Mann_Whitney_U,1185.0,0.007786756667538764,0.4109126651941587,0.022439592813958114,0.02436862698114649
Post2_GLCM_InverseDifference,116,0.41487464732692303,0.34256760387499996,0.374472737,0.3045039585,0.002181388624571992,2.6795112358152244e-06,False,Spearman,-0.24796627989025125,0.007278915905585583,Mann_Whitney_U,2143.0,0.007898774582314166,-0.5301893264276291,0.022616631563783775,0.024542621023619017
Post2_GLCM_DifferenceAverage,116,4.071559745384615,5.0183455351875,3.939889543,5.2165834955,0.0007287125255360126,0.6237091898177812,False,Spearman,0.24744860498442606,0.007405819676996724,Mann_Whitney_U,1186.0,0.008029782560502532,0.38774422218095783,0.022686841968264614,0.024598277562102828
Post2_GLCM_Dissimilarity,116,4.071559745384615,5.0183455351875,3.939889543,5.2165834955,0.0007287125255360126,0.6237091898177812,False,Spearman,0.24744860498442606,0.007405819676996724,Mann_Whitney_U,1186.0,0.008029782560502532,0.38774422218095783,0.022686841968264614,0.024598277562102828
Post1_GLCM_Contrast,116,27.49596603165384,36.69690118207813,15.07912876,31.03529243,4.23705502082603e-08,0.0004660019995558502,False,Spearman,0.24486023045530028,0.008070164594741355,Mann_Whitney_U,1191.0,0.008714450928862817,0.3099334077981882,0.024378622213281173,0.026324903847606426
Post2_GLRLM_RunLengthVariance,116,0.3665578633461539,0.15499141317187498,0.127524588,0.07967467,2.6318948558898244e-12,2.2456687910252105e-14,False,Spearman,-0.24486023045530028,0.008070164594741355,Mann_Whitney_U,2137.0,0.008714450928862817,-0.42853148918668543,0.024378622213281173,0.026324903847606426
Post2_IB_IntensityInterquartileRange,116,181.56375677807694,233.15799420656248,151.5,226.5995636,0.00038190640064654404,0.3083201396689318,False,Spearman,0.24382722397578818,0.008349661864744371,Mann_Whitney_U,1193.0,0.009001953957409835,0.4005645939626843,0.025048985594233113,0.027005861872229506
Post2_GLCM_InverseDifferenceMoment,116,0.34587302125,0.264112142609375,0.294431217,0.2151987805,0.00031919754486993006,2.181539264890562e-07,False,Spearman,-0.24330720573782483,0.008493568280558392,Mann_Whitney_U,2134.0,0.00914986348658477,-0.534295628298116,0.025306179466047265,0.02726157956619435
Post2_IB_10thIntensityPercentile,116,131.3316408591923,175.88916158484375,133.2296066,165.7313843,0.1796663516565786,0.1751170280475225,True,Pearson_point_biserial_equivalent,0.2370641540741524,0.010399871344166227,Welch_t_test,-2.6371120571338302,0.009538326794040552,0.4864245997545782,0.02995989426961794,0.028225660921140407
Post1_IH_IntensityHistogramStd_Intensity,116,4.858225625,6.151597204515625,4.2656527025,5.8018356405,0.05443015350347652,0.4699104426013159,True,Pearson_point_biserial_equivalent,0.24149372672020558,0.009012687640271523,Welch_t_test,-2.637026842331737,0.009625392796482309,0.4960709116443296,0.026670198119170836,0.028290850449120303
Post1_IB_StandardDeviation,116,105.08788332551921,133.0339846978125,92.34623437,125.26946205,0.06206983425295689,0.4810335667280278,True,Pearson_point_biserial_equivalent,0.2406245897397408,0.009271247202174872,Welch_t_test,-2.6268915140759495,0.009898446375061556,0.494175613947963,0.027249949546932904,0.028898148813099173
Post1_IB_IntensityBasedRobustMeanAbsoluteDeviation,116,61.82168096880769,79.15973655101563,47.450430935,75.562205815,0.0006401295373785102,0.42950704916099963,False,Spearman,0.23916580649122354,0.009719920749039842,Mann_Whitney_U,1202.0,0.010407376982727517,0.41727585364303105,0.02837694983780088,0.030181393249909802
Post2_GLRLM_RunPercentage,116,0.8528901917115385,0.9005906521562499,0.894112661,0.924132868,1.4387013610222766e-07,7.87925234161887e-10,False,Spearman,0.23864813158539835,0.009883670700409587,Mann_Whitney_U,1203.0,0.010574919268587571,0.503633688377168,0.028662645031187803,0.030464171402884724
Post1_IH_IntensityHistogramRobustMeanAbsoluteDeviation_Intensity,116,2.994618044538462,3.8233818032499998,2.3406163085,3.6387722445,0.0008407675513771286,0.3447339774419722,False,Spearman,0.23657743196209774,0.01056317247693149,Mann_Whitney_U,1207.0,0.011269325839559887,0.426652213484481,0.03023013175963946,0.03225103118558257
Post2_GLSZM_ZonePercentage,116,0.28494916363461537,0.3554484928125,0.2737968665,0.3667577085,0.2787875475328545,0.5633091220029076,True,Pearson_point_biserial_equivalent,0.23319126648372224,0.011762866474857653,Welch_t_test,-2.554166711175484,0.012036660799991617,0.47801695063911037,0.03344344389910509,0.0342218787450742
Pre_IH_IntensityHistogramSkewness_Intensity,116,0.19534961140384613,-0.155399348953125,0.0329740885,-0.24395207400000002,0.003767146579814657,2.4994295304359254e-07,False,Spearman,-0.23295370762132162,0.01185134050658714,Mann_Whitney_U,2114.0,0.012582426238206093,-0.42452269298600914,0.03347618909328186,0.03554126891960812
Post1_GLSZM_ZonePercentage,116,0.24517774701923076,0.31234429934374996,0.23839615549999998,0.292284284,0.06365729818905251,0.20146123030894572,True,Pearson_point_biserial_equivalent,0.23107833131789166,0.012570466571092117,Welch_t_test,-2.533480399082327,0.0127185024723378,0.4734401557762869,0.03482899973519153,0.035693861777206085
Post2_GLRLM_LongRunsEmphasis,116,1.9830486553269229,1.4832141277343749,1.4416871745,1.3130752810000001,3.705227451886703e-12,1.1775604729108695e-13,False,Spearman,-0.2319183578096713,0.012243769825623177,Mann_Whitney_U,2112.0,0.012981675793192217,-0.4259564784705454,0.034361547575136014,0.03619890365409368
Pre_IB_IntensitySkewness,116,0.19904835021153847,-0.161291422390625,0.041912542000000004,-0.264065029,0.004003964978249781,3.0269715731724813e-07,False,Spearman,-0.23140068290384616,0.012444210401253363,Mann_Whitney_U,2111.0,0.013185471470934232,-0.4310751113850725,0.03470020208041803,0.03653299420290695
Post1_IH_IntensityHistogram25thPercentile,116,8.807692307692308,10.90625,9.5,11.0,0.01492175094172615,0.32750476968204867,False,Spearman,0.23086298977993744,0.012655432074872621,Mann_Whitney_U,1219.5,0.013400480028966951,0.46403878985313374,0.03484248704157969,0.036893726662029266
Post2_IB_IntensityBasedRobustMeanAbsoluteDeviation,116,76.87301407823077,96.96657767696875,68.0999299,93.93950868499999,0.0013568291198001513,0.48667714320348027,False,Spearman,0.22984765818637065,0.013062836222859675,Mann_Whitney_U,1220.0,0.013813931662672956,0.3948040356255147,0.03573794815688024,0.03779283190731281
Post2_IH_IntensityHistogramRobustMeanAbsoluteDeviation_Intensity,116,3.7291807468076925,4.641556058828124,3.3467300714999997,4.4719485265,0.0008650172549167106,0.5217796838124306,False,Spearman,0.22932998328054552,0.013274925711238823,Mann_Whitney_U,1221.0,0.014029219255065518,0.3794230242169359,0.03609120427743055,0.03814193984970938
Post2_GLRLM_ShortRunsEmphasis,116,0.8788249192884615,0.914674309,0.907118213,0.9296390864999999,3.166518093362327e-08,2.3808405535960114e-09,False,Spearman,0.22881230837472033,0.013490012761090558,Mann_Whitney_U,1222.0,0.014247462870848776,0.4798775913987079,0.03644817112468567,0.03849469781875291
Post2_GLCM_ClusterShade,116,-292.2909880549808,-1055.038945531578,-9.3489541325,-467.2494547,2.5081530639349957e-06,0.0003089970061525192,False,Spearman,-0.22777695856307004,0.013929318590108796,Mann_Whitney_U,2104.0,0.01469295352861214,-0.45916406291029976,0.03740279991788473,0.03945330114164371
Post2_IH_IntensityHistogram10thPercentile,116,6.538461538461538,8.546875,6.5,8.0,0.04823655445072642,0.07435136956254894,False,Spearman,0.22708767749734438,0.014228648840192606,Mann_Whitney_U,1226.5,0.014996610486442739,0.4794083725332867,0.03797216101523794,0.04002162921228584
Post1_GLCM_DifferenceVariance,116,9.419508984576924,12.46163735546875,5.6615710005,10.257976639999999,3.6721348996887744e-07,0.00026053843917453793,False,Spearman,0.22622393384559455,0.014611635429931148,Mann_Whitney_U,1227.0,0.015384212952128894,0.3187532808127224,0.038756472024512496,0.04080568679375652
Post1_GLSZM_ZoneSizeNonUniformity,116,75.99319593830771,91.01422703429688,27.231666665,36.670228370000004,2.1428489546702407e-15,4.351090568705944e-14,False,Spearman,0.22415323422229394,0.015566503070075396,Mann_Whitney_U,1231.0,0.016350340184254415,0.061537705301514714,0.041038962639289675,0.043105442303943454
Post2_GLSZM_ZoneSizeNonUniformity,116,122.42612158121158,111.89569638042187,30.420238095,43.87650787,1.4418298550886286e-15,6.418409835114546e-14,False,Spearman,0.22311788441064362,0.016063931666987042,Mann_Whitney_U,1233.0,0.016853097201777103,-0.025580244627287866,0.042095242621321464,0.04416323664321108
Post1_GLSZM_LargeZoneEmphasis,116,4823.707405440616,938.163921180578,87.090007215,25.90323962,2.831840672455171e-14,6.312416100509293e-16,False,Spearman,-0.21224671138831527,0.022176162637263866,Mann_Whitney_U,2074.0,0.023007102783194337,-0.33084769604984243,0.05776425597131606,0.05992868090233256
Post2_GLSZM_LargeZoneEmphasis,116,2429.676202483346,683.5101662910625,42.040920715,15.241732805,2.5014270313332412e-14,7.678219881986444e-16,False,Spearman,-0.2106936866708398,0.02319467689759627,Mann_Whitney_U,2071.0,0.02402918112599256,-0.2807598313304469,0.06005764553841891,0.062218415415516454
Post2_IB_IntensityBasedEnergy,116,675771777.965775,296391839.35256255,43700000.0,85550000.0,7.276019413643088e-16,3.6352853000523124e-12,False,Spearman,0.20603857285657204,0.026491052409365286,Mann_Whitney_U,1266.0,0.027332105773607573,-0.13223420970704564,0.06818702839096981,0.0703518698906467
Post2_GLSZM_ZoneSizeVariance,116,2257.166384114404,646.0948435534688,29.461250905,8.1611271535,2.4372505563111035e-14,7.334060034428452e-16,False,Spearman,-0.2044815878009379,0.027679196361353565,Mann_Whitney_U,2059.0,0.02852097258048661,-0.2753979266794314,0.07082617892464001,0.07298013572065691
Post2_IH_MinimumHistogramGradientGreyLevel_Intensity,116,11.807692307692308,16.765625,10.5,17.5,0.0016084613083367472,0.0021073959961232357,False,Spearman,0.20378639116523134,0.028224174291160323,Mann_Whitney_U,1272.5,0.02906715460893423,0.4700374334229336,0.07179833810909204,0.07394276172448182
Post2_IH_IntensityHistogramSkewness_Intensity,116,0.26633813173076926,-0.03152729348437502,0.1244947005,-0.194946057,0.0021996899489681683,3.682725354079495e-08,False,Spearman,-0.19930483874268626,0.03196084325850201,Mann_Whitney_U,2049.0,0.03279937461482587,-0.36368524866637925,0.08083120242702542,0.08295190672935612
Post1_GLCM_InverseVariance,116,0.28458540880769234,0.24484158690625,0.290799494,0.233341455,0.36420439122373643,0.0007853621736077474,False,Spearman,-0.19826948893103594,0.03288123815752907,Mann_Whitney_U,2047.0,0.03371803035104261,-0.41416779191300473,0.08267825779494305,0.08478233065146552
Post1_GLSZM_ZoneSizeEntropy,116,5.470457609749999,5.936190086218749,5.7362043975,5.9991591285,5.940237367418324e-05,0.15921399010677134,False,Spearman,0.1961987893077353,0.034789314316112034,Mann_Whitney_U,1285.0,0.03562149242848236,0.46541070264036566,0.08697328579028009,0.08905373107120589
Post1_GLSZM_ZoneSizeVariance,116,4401.133298067692,894.7095125750625,56.696937805000005,15.448646175,2.5092673602342392e-14,5.600079414276613e-16,False,Spearman,-0.19568111440191016,0.03528065097453588,Mann_Whitney_U,2042.0,0.03611143508981837,-0.31756638637899964,0.08769761813670347,0.08925269468222154
Post1_IB_10thIntensityPercentile,116,113.19030595273078,143.05193868125,123.43940735,138.41687009999998,0.13981197486553582,0.22953801372763338,True,Pearson_point_biserial_equivalent,0.1953550289670333,0.03559313569453257,Welch_t_test,-2.1231731515262595,0.03601376334242694,0.3970669591504551,0.08797167060864584,0.08925269468222154
Post1_IH_IntensityHistogram10thPercentile,116,5.8076923076923075,7.15625,6.0,7.0,0.03996763647467874,0.0800461604849472,False,Spearman,0.19208932011640678,0.03885313976747372,Mann_Whitney_U,1294.5,0.03967266349100764,0.39180713726618255,0.09548652993701168,0.09750061366434082
Post2_IB_IntensitySkewness,116,0.23648799738461537,-0.03772470662499997,0.11899761,-0.197799043,0.0008722816373984861,4.336403648431525e-08,False,Spearman,-0.19050436534365858,0.0405234033693275,Mann_Whitney_U,2032.0,0.04133479064662471,-0.33541980609759126,0.0990319127284127,0.1010147973667514
Post2_GLSZM_ZoneSizeEntropy,116,5.682374201230768,6.106659632218749,5.8438540759999995,6.110715626999999,0.00035991656552550354,0.2013194596902556,False,Spearman,0.18895134062618307,0.04221786770211278,Mann_Whitney_U,1299.0,0.04302145213323518,0.4664163446559705,0.10259649413641932,0.1045493389830017
Post2_GLRLM_LongRunLowGreyLevelEmphasis,116,0.3846414315000001,0.087197226328125,0.047235782000000004,0.0247522145,1.1025206278707375e-14,6.599169193299943e-16,False,Spearman,-0.18584529119123214,0.045784526272695025,Mann_Whitney_U,2023.0,0.046569679651126156,-0.29883508763280536,0.11064593849234632,0.11254339249022155
Post1_GLCM_ClusterShade,116,-167.7469055151731,-550.86246357475,0.156425849,-223.30724329999998,0.0016677055962341875,6.2278256819670476e-06,False,Spearman,-0.18480994137958182,0.047027700559532405,Mann_Whitney_U,2021.0,0.047805862292885616,-0.3937988407976059,0.1124013722164648,0.11426126427145739
Post1_GLRLM_LongRunLowGreyLevelEmphasis,116,0.4405538435384615,0.099328277765625,0.0542392305,0.0341981225,2.695732496524133e-14,3.830836891023733e-16,False,Spearman,-0.18480994137958182,0.047027700559532405,Mann_Whitney_U,2021.0,0.047805862292885616,-0.33302283624456547,0.1124013722164648,0.11426126427145739
Pre_Morph_MaxIntensityCoor_PerimeterCoor_2DSagittalSmallestDist_mm,116,1.3824281310769229,1.732709140984375,0.707106781,1.58113883,2.7494568636188265e-09,1.5909197577846576e-09,False,Spearman,0.1816558270368618,0.05098875669842501,Mann_Whitney_U,1335.0,0.05176520980038422,0.2889962294249296,0.1212027823159283,0.12304844952550348
Post2_GLCM_InverseVariance,116,0.2526425912307692,0.21677468609375,0.2363853295,0.185683137,0.09604820653428775,0.0003253457809230395,False,Spearman,-0.1811862170388057,0.051601437784726735,Mann_Whitney_U,2014.0,0.05235174521111555,-0.3831034897675649,0.12199252954541374,0.12376635416758294
Post2_NGTDM_Contrast,116,0.3527717554230769,0.397703363515625,0.25196133099999996,0.3112608435,4.288149840062349e-08,0.0009309962912937561,False,Spearman,0.1775624926980296,0.05653643750861251,Mann_Whitney_U,1321.0,0.05725358225876625,0.13268752301686518,0.13293702873646723,0.13462328801385579
Post1_IB_IntensityBasedEnergy,116,323759504.3152827,201268432.20485938,31450000.0,55600000.0,8.587062643415882e-16,1.7836652601845554e-12,False,Spearman,0.17264624033105172,0.06384487340840601,Mann_Whitney_U,1330.5,0.06450852434527238,-0.09447967592386844,0.14931462329385278,0.15086671016233055
Post1_NGTDM_Busyness,116,1.597944521576923,0.73970487590625,0.2112269325,0.151582441,5.947599129623374e-14,1.3338607979399625e-15,False,Spearman,-0.1687620192990019,0.0701484797416052,Mann_Whitney_U,1990.0,0.07076300989459529,-0.23983727910632177,0.16317961865025807,0.16460914066389812
Post1_IH_RootMeanSquare_Intensity,116,0.018813149249999998,0.013785390921875,0.014291440499999999,0.0118980245,6.600383714694909e-08,0.0016898949650649814,False,Spearman,-0.16669131967570125,0.07370953460138409,Mann_Whitney_U,1986.0,0.07429546159303714,-0.40825827061487857,0.17055131676384086,0.17190705209027213
Post2_Morph_MaxIntensityCoor_PerimeterCoor_2DSagittalSmallestDist_mm,116,1.8122961309230767,2.21504817675,0.707106781,1.58113883,2.8453242846313857e-08,8.941421960585034e-10,False,Spearman,0.16378712895227496,0.0789482060876425,Mann_Whitney_U,1359.5,0.07950984448187666,0.2256411536147672,0.18170618861441526,0.18299884841066852
Post2_GLSZM_NormalisedZoneSizeNonUniformity,116,0.27871854226923076,0.299535352578125,0.2676078615,0.29458756750000004,0.032805157621280216,0.05240551351418143,False,Spearman,0.16203224552327483,0.0822559069967905,Mann_Whitney_U,1351.0,0.08277153557387645,0.31601986821785316,0.18832273444002037,0.18950325249808558
Post1_NGTDM_Contrast,116,0.2783010701730769,0.309848451671875,0.162015366,0.25753272149999995,6.8213280440842895e-09,0.0006027619915565904,False,Spearman,0.1584085211824987,0.08943671023151366,Mann_Whitney_U,1358.0,0.08989224043233038,0.11471872793606011,0.20369093691470389,0.20472840098462677
Post2_IH_RootMeanSquare_Intensity,116,0.016915727115384614,0.01250853146875,0.013317682,0.0109279415,2.181028906980148e-08,0.003233052580140198,False,Spearman,-0.15737317137084839,0.09157737044760782,Mann_Whitney_U,1968.0,0.09201490509847281,-0.3962759934262088,0.20747997992036146,0.20847126936372748
Post2_NGTDM_Busyness,116,2.6459546450192306,0.58668380096875,0.1629094485,0.110140031,1.499991432064952e-15,8.886465928952948e-16,False,Spearman,-0.15374944703007226,0.09939121685485534,Mann_Whitney_U,1961.0,0.09976305661124209,-0.21784288062473786,0.22286174913330967,0.22485455764710005
Post1_IH_MaximumHistogramGradientGreyLevel_Intensity,116,10.096153846153847,12.046875,10.0,11.0,0.21084694302706916,0.05120962397109083,True,Pearson_point_biserial_equivalent,0.14823233509327685,0.11228463260451943,Welch_t_test,-1.6568407733746509,0.10034965020138296,0.2987839404400791,0.24793814813688303,0.22501081359588448
Post2_GLCM_Correlation,116,0.5014651128461538,0.5373901841875001,0.500540401,0.5453257825,0.1400194476245806,0.23948526292710173,True,Pearson_point_biserial_equivalent,0.15596851093505418,0.09454633717237124,Welch_t_test,-1.6442202334008515,0.10342519343409007,0.31475624864566243,0.21309666668384192,0.230717739199124
Post1_IH_IntensityHistogramQuartileCoefficientOfDispersion_Intensity,116,0.2726574362692307,0.294467708015625,0.2,0.272727273,0.0005561142881845344,0.01931508941363828,False,Spearman,0.15020716255777833,0.10752768521519668,Mann_Whitney_U,1374.0,0.1078318636323673,0.1391911037606433,0.23864562790107427,0.23932071775550906
Post1_GLCM_Correlation,116,0.5024072572499999,0.5374010377656249,0.5094954655,0.5390955694999999,0.20122506709728558,0.4341185727616283,True,Pearson_point_biserial_equivalent,0.1527051150702854,0.10173793669074672,Welch_t_test,-1.6076208432180934,0.11124492018995928,0.3080115084169892,0.22695385877166577,0.24564233646006237
Post2_IH_MaximumHistogramGradientGreyLevel_Intensity,116,13.192307692307692,16.1875,13.0,15.0,0.04436117962250435,0.04061581786438736,False,Spearman,0.142246745340427,0.12770629207773948,Mann_Whitney_U,1389.5,0.1278468325011363,0.3452935753569785,0.2805668538071549,0.280875616858557
Post1_IH_MinimumHistogramGradient_Intensity,116,-161.35576923076923,-68.046875,-18.0,-12.0,1.812972958408998e-14,1.2108230837447303e-15,False,Spearman,0.13956114426975488,0.13513280746763232,Mann_Whitney_U,1394.5,0.13521486474617658,0.22977302012957304,0.2953908102935681,0.29557018173159205
Pre_IH_IntensityHistogramMode_Intensity,116,14.211538461538462,16.9375,14.0,16.0,0.021793745466031418,0.040631772642464696,False,Spearman,0.13759643411669611,0.1407711596976685,Mann_Whitney_U,1398.5,0.14081076034525497,0.31124799950018706,0.30617727234242903,0.30626340375092953
Post1_GLSZM_LowGrayLevelZoneEmphasis,116,0.05701946373076923,0.034946074390625005,0.036053562,0.028533844500000002,9.313559788662461e-13,1.399180455925893e-13,False,Spearman,-0.13666617513784202,0.14350230221331114,Mann_Whitney_U,1928.0,0.1435205447113606,-0.3017715106481269,0.31056468389447933,0.31060416392757145
Post2_IB_TotalLesionGlycolysis,116,1516.816323748058,612.0133951542188,101.017,156.48399999999998,7.773387322053411e-16,1.3531914445383494e-12,False,Spearman,0.13356012570289105,0.15291214610524667,Mann_Whitney_U,1406.0,0.1528614191343096,-0.14486007430199796,0.32912105337506325,0.3290024617213106
Post2_IH_MinimumHistogramGradient_Intensity,116,-126.59615384615384,-56.1953125,-15.75,-9.75,5.790560479219505e-14,1.1746707718746554e-15,False,Spearman,0.13334204599812358,0.15358982490836284,Mann_Whitney_U,1406.5,0.1535344821366116,0.24376428917348456,0.32912105337506325,0.3290024617213106
Post2_GLSZM_SmallZoneEmphasis,116,0.4169839934230769,0.44385414495312503,0.40799820600000003,0.425427083,0.8028615875172233,0.008706401622270137,False,Spearman,0.1330424507970659,0.15452448241492478,Mann_Whitney_U,1407.0,0.15446221564416285,0.24994672787276478,0.3295007345612367,0.32936795982946493
Post2_Morph_IntegratedIntensity_Intensity,116,1513116.1279855769,606182.45588,98127.61902499999,151261.53889999999,7.752863397221256e-16,1.284393854956391e-12,False,Spearman,0.13252477589124073,0.15614952979782468,Mann_Whitney_U,1408.0,0.15607571649422472,-0.1452350786763694,0.3313416851807499,0.33118505695115974
Pre_GLSZM_GreyLevelNonUniformity,116,13.578720408096151,14.493547967,4.2903291345,4.807967313500001,3.0509940764840512e-15,1.0046943344257317e-15,False,Spearman,0.13097200291737193,0.16110060798201217,Mann_Whitney_U,1411.0,0.16099214533059192,0.022065616328676502,0.34018817704939464,0.33995914183887127
Pre_IH_MinimumHistogramGradientGreyLevel_Intensity,116,13.923076923076923,16.21875,13.5,17.5,0.0014844072475556954,0.020653220474987986,False,Spearman,0.13001612762277648,0.16420609654924886,Mann_Whitney_U,1413.5,0.16407850559037762,0.22414123245763795,0.345070782603494,0.3448026566754312
Post1_Morph_Maximum3DDiameter_mm,116,15.974798235307691,17.6290319455625,13.029657910000001,13.656193524999999,4.8283519754171244e-11,6.799067348707709e-09,False,Spearman,0.1291611303226309,0.16702135822923392,Mann_Whitney_U,1414.5,0.16687252727508906,0.14538089348518263,0.34862339134715453,0.34824251350866514
Post1_IH_IntensityHistogramSkewness_Intensity,116,0.23119094617307695,0.006004921500000003,0.037372086,-0.1117377715,0.0060912296590378365,4.764383156454452e-08,False,Spearman,-0.1278657017388143,0.171354797445177,Mann_Whitney_U,1911.0,0.17117715409668843,-0.2676169272353285,0.34862339134715453,0.34824251350866514
Post2_Morph_Maximum3DDiameter_mm,116,15.99168072003846,17.6290319455625,13.029657910000001,13.656193524999999,4.751593893130679e-11,6.799067348707709e-09,False,Spearman,0.12760833596243046,0.17222553360932633,Mann_Whitney_U,1417.5,0.1720421895116775,0.14394678895510066,0.34862339134715453,0.34824251350866514
Post2_IH_IntensityHistogramQuartileCoefficientOfDispersion_Intensity,116,0.26971962457692306,0.292239559859375,0.2466216215,0.28253507499999997,0.028480779522304458,0.21979294724502582,False,Spearman,0.12766503425443734,0.17203342840143723,Mann_Whitney_U,1417.5,0.17185172896557177,0.15973583460462168,0.34862339134715453,0.34824251350866514
Pre_Morph_Maximum3DDiameter_mm,116,15.99168072003846,17.6290319455625,13.029657910000001,13.656193524999999,4.751593893130679e-11,6.799067348707709e-09,False,Spearman,0.12760833596243046,0.17222553360932633,Mann_Whitney_U,1417.5,0.1720421895116775,0.14394678895510066,0.34862339134715453,0.34824251350866514
Pre_IB_IntensityBasedCoefficientOfVariation,116,0.4443811909807692,0.38852816395312495,0.3774475475,0.342530644,5.709916403283331e-06,1.32223364505556e-11,False,Spearman,-0.12734802683298915,0.17310954604824225,Mann_Whitney_U,1910.0,0.17292042050085443,-0.2122179839119746,0.34862339134715453,0.34824251350866514
Pre_IH_IntensityHistogramCoefficientOfVariation_Intensity,116,0.42074130465384624,0.370360929109375,0.36833519550000005,0.329131793,3.870455132530449e-05,2.3074811775829637e-10,False,Spearman,-0.1289010515504646,0.1678847822801107,Mann_Whitney_U,1913.0,0.16773015331293395,-0.22041741911218993,0.34862339134715453,0.34824251350866514
Pre_IH_IntensityHistogramQuartileCoefficientOfDispersion_Intensity,116,0.2823577567307692,0.22525099196875,0.244263131,0.2,0.00024015409634375922,0.0016116058289487858,False,Spearman,-0.1278944668477393,0.17125767993733515,Mann_Whitney_U,1911.0,0.1710808704051312,-0.3686601950729479,0.34862339134715453,0.34824251350866514
Pre_IH_MaximumHistogramGradient_Intensity,116,351.3076923076923,92.703125,10.25,12.5,1.004495246738308e-15,6.76704519814009e-15,False,Spearman,0.12738892439549399,0.17297043633087125,Mann_Whitney_U,1418.0,0.17278249802673962,-0.1835006952213136,0.34862339134715453,0.34824251350866514
Post2_NGTDM_Strength,116,8.441768579846153,9.93933034703125,4.2519368765,5.887158476,2.1579288122072077e-07,7.155434135130894e-06,False,Spearman,0.12631267702133883,0.17665874502042425,Mann_Whitney_U,1420.0,0.17644671768510767,0.1603805498043163,0.354131585640021,0.35370655388489325
Pre_IB_IntensityBasedQuartileCoefficientOfDispersion,116,0.2917236947307692,0.2347853674375,0.22859739099999998,0.198334848,0.0001765125250651926,0.0002483356082775072,False,Spearman,-0.1252773272096885,0.18026116697666042,Mann_Whitney_U,1906.0,0.18002633836375714,-0.3501059986314577,0.35969544786627194,0.35922686783593744
Post1_IB_TotalLesionGlycolysis,116,1061.3450414984422,506.0769112945312,83.89918722,133.2741946,8.807689145643774e-16,6.605706152347125e-13,False,Spearman,0.12475965230386335,0.18208244244296679,Mann_Whitney_U,1423.0,0.1818362573291874,-0.1322595032530168,0.36167060485246827,0.3611816070237284
Post2_Morph_RadiusSphereNorm_MaxIntensityCoor_PerimeterCoor_2DSagittalSmallestDist,116,0.3916665003846154,0.42265956215625,0.227899709,0.3233193935,1.9121939113105415e-06,2.7926772877535064e-06,False,Spearman,0.12346593967189563,0.18669277762729183,Mann_Whitney_U,1425.5,0.18641836478015306,0.09587845969555922,0.3691425375812361,0.3685999485425754
Post1_NGTDM_Strength,116,5.7245429871538445,6.862435161046875,3.304657877,5.229850430000001,1.2159021795658992e-06,8.055757284787602e-05,False,Spearman,0.12320662758638788,0.18762702270201426,Mann_Whitney_U,1426.0,0.18734697594521643,0.19114227542620987,0.3693111080333765,0.3687598847790459
Post1_Morph_IntegratedIntensity_Intensity,116,1057218.7148403267,501336.33717796876,81148.671695,130315.7077,8.781623479554456e-16,6.324141319486842e-13,False,Spearman,0.12165360286891241,0.19329357668278224,Mann_Whitney_U,1429.0,0.1929800355291983,-0.1325895948249831,0.3787509272838301,0.3781365561045102
Post1_GLRLM_LowGreyLevelRunEmphasis,116,0.09263722275,0.04236017215625,0.02692846,0.0232623605,2.2490216035385785e-11,1.7719957353654046e-13,False,Spearman,-0.11854755343396145,0.2049967482055314,Mann_Whitney_U,1893.0,0.20461760963963105,-0.41592738823310954,0.39632704653069406,0.3955940453032867
Post1_GLSZM_SmallZoneEmphasis,116,0.3960312312692308,0.421258647453125,0.3881171615,0.401537514,0.15408080513482855,0.012287726317561589,False,Spearman,0.11854755343396145,0.2049967482055314,Mann_Whitney_U,1435.0,0.20461760963963105,0.22602252189913166,0.39632704653069406,0.3955940453032867
Post2_GLRLM_LowGreyLevelRunEmphasis,116,0.07830507536538461,0.036811298718749996,0.0222582185,0.019556965500000002,3.1657822842672477e-12,1.6277301356952827e-13,False,Spearman,-0.11854755343396145,0.2049967482055314,Mann_Whitney_U,1893.0,0.20461760963963105,-0.3669104558654232,0.39632704653069406,0.3955940453032867
Post1_GLRLM_RunLengthNonUniformity,116,2123.6348930103845,1191.6635593771875,245.5521109,287.246085,8.674606884335565e-16,1.3981687111794512e-14,False,Spearman,0.11647685381066081,0.2130761090425016,Mann_Whitney_U,1439.0,0.21265450571769218,-0.11119761739657211,0.41012436917472656,0.40931287604954025
Pre_NGTDM_Strength,116,9.004505137980768,7.058561260484375,6.198320717,5.2169973105,0.00011575376454070241,1.8201174539727553e-07,False,Spearman,-0.11595917890483565,0.21513091644606488,Mann_Whitney_U,1888.0,0.21469888055969388,-0.25916789112562383,0.41225528041426535,0.41142737023553677
Post1_IB_IntensitySkewness,116,0.20851010796153846,0.001372172515624999,0.03714959,-0.1086400105,0.0022272985304167925,4.6960711029931104e-08,False,Spearman,-0.11492382909318533,0.21928271555346435,Mann_Whitney_U,1886.0,0.21883005436098868,-0.24523967787278683,0.4183683388848991,0.41750470897820213
Post2_GLRLM_RunLengthNonUniformity,116,2421.522190716923,1250.8314955804688,265.06875045000004,288.54046005,8.406442504940067e-16,2.0780468136598093e-14,False,Spearman,0.11233545456405954,0.22990968913009127,Mann_Whitney_U,1447.0,0.22940699407975218,-0.12148145782046106,0.4367280121030118,0.4357731110248568
Post1_IH_IntensityHistogramKurtosis_Intensity,116,0.6442237185961539,0.3159573519843749,0.101104818,-0.245272082,3.283354140703834e-08,9.182753690091569e-13,False,Spearman,-0.11026475494075891,0.23866766337192208,Mann_Whitney_U,1877.0,0.23812669950602916,-0.14414481237995708,0.45139318942080914,0.4503700621092291
Post1_IB_IntensityKurtosis,116,0.7002014980769229,0.3354140368124999,0.08710486,-0.206175767,9.386965690938234e-09,9.305856036341274e-13,False,Spearman,-0.10922940512910859,0.24313268281129047,Mann_Whitney_U,1875.0,0.24257323245664553,-0.15695608318042295,0.45784725983944313,0.45679374943134543
Pre_Morph_RadiusSphereNorm_MaxIntensityCoor_RoiCentroidCoor_Dist,116,0.8935059525384614,0.944941766640625,0.8493542365,0.9501451485000001,0.2739891719872308,0.0011153823514461888,False,Spearman,0.10871173022328343,0.24538678344143752,Mann_Whitney_U,1454.0,0.24481826165579335,0.16960484998405467,0.4601002189526954,0.4590342406046125
Post2_GLRLM_ShortRunLowGreyLevelEmphasis,116,0.05371395892307692,0.030465300437500002,0.020830211,0.018733541,9.253565892303787e-11,4.243563491906026e-12,False,Spearman,-0.10819405531745828,0.2476553076406817,Mann_Whitney_U,1873.0,0.24707783270729844,-0.3647822431706975,0.4623607674836761,0.4612826490458147
Pre_IH_IntensityHistogramRobustMeanAbsoluteDeviation_Intensity,116,3.79998676975,3.1359881891406247,3.192861004,2.8798331819999996,0.0015550930536651858,0.0030279149385644124,False,Spearman,-0.10715870550580796,0.25223571122254124,Mann_Whitney_U,1871.0,0.251640696047156,-0.3070945222003031,0.4688997195803651,0.4677936016261233
Post2_GLSZM_LowGrayLevelZoneEmphasis,116,0.04680709709615384,0.027906542796875003,0.024879866,0.020588408500000002,8.18635339940895e-12,1.4665251119981359e-09,False,Spearman,-0.1066410305999828,0.2545476309833731,Mann_Whitney_U,1870.0,0.25394403430522794,-0.35647797107086543,0.4711839126713501,0.470066616692656
Pre_Morph_RadiusSphereNorm_MaxIntensityCoor_PerimeterCoor_2DSagittalSmallestDist,116,0.30913354698076917,0.36530788754687504,0.213854392,0.25115134650000004,9.83151985248991e-07,1.9671220363377786e-06,False,Spearman,0.10586573916558632,0.258037190933721,Mann_Whitney_U,1459.5,0.2574209986914101,0.21038078744831323,0.4756193985430875,0.4744836204693364
Post1_Morph_MaxIntensityCoor_PerimeterCoor_2DSagittalSmallestDist_mm,116,1.8478722012884612,2.202193728515625,1.58113883,1.58113883,8.038066547826181e-07,1.3983484926207525e-08,False,Spearman,0.10189282623001142,0.2764317440461125,Mann_Whitney_U,1473.5,0.27579644885102694,0.21659905387453313,0.5047220353124574,0.5018376883958837
Post1_GLRLM_ShortRunLowGreyLevelEmphasis,116,0.06410854859615385,0.034993578296875,0.0251598375,0.022448454,4.2963447673378806e-10,1.058751312356634e-11,False,Spearman,-0.10146428154173119,0.2784673298275627,Mann_Whitney_U,1860.0,0.2777854953313379,-0.4075665209541814,0.5047220353124574,0.5018376883958837
Post2_Morph_MaxIntensityCoor_RoiCentroidCoor_Dist_cm,116,4.8679883728269235,4.980114323265624,3.670276345,4.210569731,1.4707486097991365e-10,4.353008074020695e-05,False,Spearman,0.10146428154173119,0.2784673298275627,Mann_Whitney_U,1468.0,0.2777854953313379,0.02774020176409903,0.5047220353124574,0.5018376883958837
Pre_IH_IntensityHistogram10thPercentile,116,7.923076923076923,8.75,8.0,8.0,0.030080985403779705,0.28555337777866224,False,Spearman,0.10200505875026003,0.2759002983695385,Mann_Whitney_U,1467.5,0.2752293345376986,0.18229804691603135,0.5047220353124574,0.5018376883958837
Post1_Morph_RadiusRoiNorm_MaxIntensityCoor_RoiCentroidCoor_Dist,116,0.5881554292307692,0.5508802244843749,0.6120712614999999,0.572404629,0.12690399416920087,0.07440229130295363,True,Pearson_point_biserial_equivalent,-0.09972083244923065,0.2868522874443896,Welch_t_test,1.0899643744181309,0.2780296158699034,-0.19977715785019987,0.5135010083881049,0.5018376883958837
Post1_GLSZM_GreyLevelNonUniformity,116,18.779111225076925,16.192426961,4.962237762,5.1376899285,1.654368279953912e-15,7.360539638080675e-15,False,Spearman,0.10094680066753962,0.2809387457565505,Mann_Whitney_U,1469.0,0.2802499105795552,-0.04334899075575517,0.5070886074858898,0.5037550045541591
Pre_IB_IntensityBasedRobustMeanAbsoluteDeviation,116,50.11327680782692,41.28253662735938,41.89572939999999,37.794082525,0.0016715181739688704,0.0013830866608637593,False,Spearman,-0.09991125682425571,0.28592836288707074,Mann_Whitney_U,1857.0,0.285225992909097,-0.2986143912359535,0.5135010083881049,0.510589740392828
Pre_GLSZM_HighGrayLevelZoneEmphasis,116,371.68731091063455,318.6415284629687,317.48176409999996,292.79464285,0.004538868952178038,0.003789664698769047,False,Spearman,-0.0988759070126054,0.29097577279511166,Mann_Whitney_U,1855.0,0.29026053271201513,-0.26388033950170076,0.5187477916634162,0.5174726710234696
Post1_Morph_SurfaceArea_cm2,116,9.123509628153844,8.260892139859376,3.348027033,3.2746846969999996,4.043482346058863e-15,5.974966301421145e-14,False,Spearman,0.09784055720095508,0.2960819645730863,Mann_Whitney_U,1475.0,0.295354535203495,-0.03683458298378247,0.5193373168923086,0.5180613823125819
Post2_Morph_SurfaceArea_cm2,116,9.125611205711538,8.260892139859376,3.348027033,3.2746846969999996,4.0413793786733374e-15,5.974966301421145e-14,False,Spearman,0.09784055720095508,0.2960819645730863,Mann_Whitney_U,1475.0,0.295354535203495,-0.03692478599394002,0.5193373168923086,0.5180613823125819
Pre_Morph_SurfaceArea_cm2,116,9.125611205711538,8.260892139859376,3.348027033,3.2746846969999996,4.0413793786733374e-15,5.974966301421145e-14,False,Spearman,0.09784055720095508,0.2960819645730863,Mann_Whitney_U,1475.0,0.295354535203495,-0.03692478599394002,0.5193373168923086,0.5180613823125819
Pre_NGTDM_Contrast,116,0.3593819558269231,0.262807960875,0.225666189,0.180687278,8.600819771119093e-06,1.6785152003434155e-06,False,Spearman,-0.09835823210678024,0.29352151774727236,Mann_Whitney_U,1854.0,0.29280009660992634,-0.3308657402872248,0.5193373168923086,0.5180613823125819
Pre_Morph_MaxIntensityCoor_RoiCentroidCoor_Dist_cm,116,5.17843004925,5.660952367046875,3.9777966365,4.709791747,5.945486928050913e-12,1.9145580334802504e-08,False,Spearman,0.0962875324834796,0.30385156544126,Mann_Whitney_U,1478.0,0.3031071741848044,0.09899941197780059,0.5308250239636471,0.5295245814071884
Post1_IB_IntensityBasedQuartileCoefficientOfDispersion,116,0.30911711530769226,0.305186680171875,0.2340312195,0.28620559850000005,2.439275508963363e-05,0.04778507371846243,False,Spearman,0.09473450776600413,0.3117536238924923,Mann_Whitney_U,1481.0,0.31099391854009806,-0.02354771742462834,0.5402901449929647,0.5411294182597707
Pre_IH_IntensityHistogramMedianAbsoluteDeviation_Intensity,116,4.986640215192308,4.278922430390625,4.4718632805,4.0558125855,0.01163054325404219,0.014832461943105942,False,Spearman,-0.09421683286017896,0.31441708515240524,Mann_Whitney_U,1846.0,0.313652653000851,-0.271152868729198,0.542743777941652,0.5435812910572517
Post1_GLSZM_NormalisedZoneSizeNonUniformity,116,0.2695326981923077,0.279228456765625,0.253495843,0.2648542465,0.014767551219393767,0.31136766469453664,False,Spearman,0.09318148304852863,0.3197881671358623,Mann_Whitney_U,1484.0,0.3190148630266799,0.14262658901913583,0.5476687114334648,0.5485038158759121
Post2_IB_IntensityKurtosis,116,0.6391705499423078,0.25926638656249995,-0.1505996665,-0.241172803,1.3547973008407913e-09,3.2262601463694723e-13,False,Spearman,-0.09318148304852863,0.3197881671358623,Mann_Whitney_U,1844.0,0.3190148630266799,-0.16851207381839456,0.5476687114334648,0.5485038158759121
Pre_IB_90thIntensityPercentile,116,326.0800091653846,303.48730087343756,322.0,300.12026979999996,0.678778675161154,0.6793708298565493,True,Pearson_point_biserial_equivalent,-0.09512464351386836,0.3097560851186314,Welch_t_test,0.9928609305349608,0.32332930162481177,-0.1904831864110223,0.5389755881064187,0.5537332527826501
Pre_GLCM_NormalisedInverseDifferenceMoment,116,0.9678065668653848,0.972007219015625,0.9724432745,0.9738863474999999,0.026826879824624707,0.024075876586386574,False,Spearman,0.09162845833105317,0.3279551506730285,Mann_Whitney_U,1487.0,0.327170028947664,0.245260773952503,0.5554343545148651,0.5581135787930739
Post2_IH_IntensityHistogramKurtosis_Intensity,116,0.5895748908846155,0.239248711375,-0.15180893750000002,-0.225637725,1.2725528373027335e-09,2.5226503111897397e-13,False,Spearman,-0.091110783425228,0.3307068915387358,Mann_Whitney_U,1840.0,0.32991823751780613,-0.15765012692641164,0.5554343545148651,0.5584219195340299
Pre_IB_IntensityBasedMedianAbsoluteDeviation,116,68.35802113319231,58.65745836078125,61.227322215,55.625459405,0.01177506857363205,0.014277044844252436,False,Spearman,-0.091110783425228,0.3307068915387358,Mann_Whitney_U,1840.0,0.32991823751780613,-0.27049741991591575,0.5554343545148651,0.5584219195340299
Pre_IB_MaximumIntensity,116,442.2177502557692,416.47301769062494,429.5,412.49711609999997,0.4848505772561217,0.7486681173214536,True,Pearson_point_biserial_equivalent,-0.09191857315142477,0.3264194514974414,Welch_t_test,0.9571813150525355,0.34096813009343885,-0.1840074947636108,0.5554343545148651,0.5619739668127092
Pre_IB_IntensityVariance,116,9885.3134631525,7061.110670812501,6784.694997,5494.393069,1.537302546430283e-05,9.035611310504746e-07,False,Spearman,-0.09007543361357769,0.3362544572065417,Mann_Whitney_U,1838.0,0.33545936289466005,-0.3575461315091143,0.5582850720795635,0.5619739668127092
Pre_IB_StandardDeviation,116,87.11280276773076,76.53847432328125,82.36815024500001,74.122418615,0.03147175100156185,0.13827233847772097,False,Spearman,-0.09007543361357769,0.3362544572065417,Mann_Whitney_U,1838.0,0.33545936289466005,-0.25475071521215553,0.5582850720795635,0.5619739668127092
Pre_IB_IntensityBasedMeanAbsoluteDeviation,116,69.82091286890385,59.86663180546876,61.34200524,56.051266385,0.012330571966423702,0.01881627326351844,False,Spearman,-0.08955775870775254,0.33905026693939166,Mann_Whitney_U,1837.0,0.3382522691851807,-0.27431381129909477,0.5586623716614976,0.5619739668127092
Pre_IH_IntensityHistogramMeanAbsoluteDeviation_Intensity,116,5.106316938365383,4.3788184548124995,4.4883914855,4.108647423,0.010902924296858605,0.018807611371107247,False,Spearman,-0.08955775870775254,0.33905026693939166,Mann_Whitney_U,1837.0,0.3382522691851807,-0.2761918961798483,0.5586623716614976,0.5619739668127092
Pre_IH_IntensityHistogramVariance_Intensity,116,52.56642351444231,37.65783606242188,36.30375678,29.368482125,1.6122752223838397e-05,8.924556569214939e-07,False,Spearman,-0.08904008380192738,0.34186074968873714,Mann_Whitney_U,1836.0,0.3410600626173683,-0.3559735183385443,0.5590579929120325,0.5619739668127092
Pre_IH_IntensityHistogramStd_Intensity,116,6.363144259288461,5.59283450775,6.0251548459999995,5.419240032499999,0.02955281625654592,0.13201570868775098,False,Spearman,-0.08904008380192738,0.34186074968873714,Mann_Whitney_U,1836.0,0.3410600626173683,-0.255504367994816,0.5590579929120325,0.5619739668127092
Pre_IH_IntensityHistogram90thPercentile,116,24.28846153846154,22.703125,24.0,22.0,0.6927458475350396,0.60925194137355,True,Pearson_point_biserial_equivalent,-0.09141671135992023,0.32907893128586607,Welch_t_test,0.9534714733905499,0.34280549845138064,-0.18299435100420675,0.5554343545148651,0.5627184597220777
Pre_IH_IntensityHistogramMaximumGreyLevel_Intensity,116,32.84615384615385,31.0,31.5,31.0,0.40843920731542666,0.6856044158835446,True,Pearson_point_biserial_equivalent,-0.09044069808636446,0.3342906052608812,Welch_t_test,0.9416632446635835,0.3488152680898291,-0.18102440614962784,0.5582850720795635,0.5704309835303596
Pre_IB_IntensityInterquartileRange,116,116.78147110307691,97.0366784325,91.5,82.0,0.0006603831039696484,0.0006686822635817959,False,Spearman,-0.08619353451827726,0.3575764878774128,Mann_Whitney_U,1830.5,0.35676494707582485,-0.271220874759508,0.5803946724875916,0.581246262089827
Pre_IB_10thIntensityPercentile,116,101.65942660440386,112.64679494406249,100.5,106.13463970000001,0.07632597457273328,0.4277816571963236,True,Pearson_point_biserial_equivalent,0.08802145062131904,0.34743376303534346,Welch_t_test,-0.9217296640905622,0.358970291596868,0.1761437518389645,0.5660437712373573,0.5818216728673635
Post2_GLSZM_GreyLevelNonUniformity,116,23.074112738769227,16.051272532859375,5.881570193,5.26185567,1.2901398373287485e-15,1.532438470133373e-14,False,Spearman,0.0854165236417643,0.3619431025016475,Mann_Whitney_U,1499.0,0.36112977050555306,-0.09177070207459381,0.5831320461219427,0.5818216728673635
Pre_GLRLM_GreyLevelVariance,116,53.236198942788455,38.80482066026562,38.276614695,31.194983125,2.10810917961255e-05,1.5356124199487235e-06,False,Spearman,-0.08541635946115127,0.3619440286274127,Mann_Whitney_U,1829.0,0.36113069350388083,-0.34782523093486134,0.5831320461219427,0.5818216728673635
Post2_Morph_CentreOfMassShift_mm,116,0.4483547968269231,0.464452505296875,0.317279154,0.365981413,1.4238424197955153e-09,4.688339214974604e-11,False,Spearman,0.08438100964950095,0.3678134468190075,Mann_Whitney_U,1501.0,0.36699854583509484,0.03699565035450928,0.586076371305012,0.584777902704272
Post2_Morph_RadiusRoiNorm_MaxIntensityCoor_PerimeterCoor_2DSagittalSmallestDist,116,0.27468055228846155,0.27764346579687504,0.1523516875,0.2176024015,2.297901521100226e-06,3.9044857001054715e-06,False,Spearman,0.08438133403152616,0.36781159878004155,Mann_Whitney_U,1501.0,0.36699670380819915,0.013423447122709016,0.586076371305012,0.584777902704272
Pre_GLCM_InverseVariance,116,0.26071035448076924,0.27602428084374997,0.244632986,0.271976653,0.004834663435799488,0.2781094752021682,False,Spearman,0.08438100964950095,0.3678134468190075,Mann_Whitney_U,1501.0,0.36699854583509484,0.15242499767138923,0.586076371305012,0.584777902704272
Pre_IH_IntensityHistogramInterquartileRange_Intensity,116,8.557692307692308,7.078125,7.0,6.0,0.00043191175403907423,0.0005294063154626353,False,Spearman,-0.08364410586984959,0.3720263870002595,Mann_Whitney_U,1825.0,0.37121625979924133,-0.279112383972574,0.5863459360330177,0.5871966291369817
Pre_GLSZM_SmallZoneHighGreyLevelEmphasis,116,160.65700785399997,138.01123234140624,119.4797233,117.5430518,1.5162926830027446e-05,7.334255073587665e-05,False,Spearman,-0.08386333474367579,0.3707699634650934,Mann_Whitney_U,1826.0,0.36995463081151025,-0.2175256116488686,0.5863459360330177,0.5871966291369817
Pre_GLCM_SumVariance,116,143.15088315530767,100.68905305242188,89.37773002,77.26392067500001,1.0896448939238466e-05,7.519085910933353e-07,False,Spearman,-0.08282798493202546,0.3767265153179491,Mann_Whitney_U,1824.0,0.3759110312875501,-0.3563131507467097,0.5873692980763722,0.5882061101082169
Pre_GLCM_ClusterTendency,116,143.15088315530767,100.68905305242188,89.37773002,77.26392067500001,1.0896448939238466e-05,7.519085910933353e-07,False,Spearman,-0.08282798493202546,0.3767265153179491,Mann_Whitney_U,1824.0,0.3759110312875501,-0.3563131507467097,0.5873692980763722,0.5882061101082169
Pre_GLSZM_LargeZoneLowGreyLevelEmphasis,116,420.2009361065769,58.05883898165626,0.8879542275000001,0.54406276,1.8101462948036023e-15,2.3571908919394267e-17,False,Spearman,-0.08282798493202546,0.3767265153179491,Mann_Whitney_U,1824.0,0.3759110312875501,-0.2328913444757421,0.5873692980763722,0.5882061101082169
Post1_GLCM_NormalisedInverseDifference,116,0.8957765285384617,0.890343803703125,0.8947033904999999,0.8960191665,0.6192455377521118,0.17903579850386886,True,Pearson_point_biserial_equivalent,-0.08369566236571274,0.3717306773497383,Welch_t_test,0.8817295310697316,0.3800296770848196,-0.16742456276498136,0.5863459360330177,0.5912381883655357
Pre_GLCM_JointVariance,116,47.876862556499994,33.97855128859375,29.74616668,26.112717875,9.74932662449609e-06,6.715982625101593e-07,False,Spearman,-0.08179263512037514,0.3827409519518278,Mann_Whitney_U,1822.0,0.3819262780016449,-0.3541148315383034,0.5924993384307654,0.5912381883655357
Pre_GLSZM_LargeZoneHighGreyLevelEmphasis,116,2082751.6868590578,262956.41562531254,9346.850785499999,14504.06553,7.009652120105336e-16,6.503802552218077e-17,False,Spearman,0.08179263512037514,0.3827409519518278,Mann_Whitney_U,1506.0,0.3819262780016449,-0.19525514863392504,0.5924993384307654,0.5912381883655357
Pre_GLCM_ClusterProminence,116,113585.64392686475,58424.3630545925,32334.801095000003,22320.23326,9.379524841883855e-09,6.269854191927221e-11,False,Spearman,-0.08075728530872484,0.3888130918461997,Mann_Whitney_U,1820.0,0.3880002035284633,-0.4295308226102692,0.5997648757202018,0.598510952251353
Pre_GLCM_DifferenceAverage,116,4.233380480826923,3.731406389828125,3.8902855599999997,3.513317966,0.009371675565977873,0.015575244699437964,False,Spearman,-0.07972193549707451,0.3949427379142102,Mann_Whitney_U,1818.0,0.39413262427275664,-0.2206792702399928,0.6049298978615544,0.6036890547839758
Pre_GLCM_Dissimilarity,116,4.233380480826923,3.731406389828125,3.8902855599999997,3.513317966,0.009371675565977873,0.015575244699437964,False,Spearman,-0.07972193549707451,0.3949427379142102,Mann_Whitney_U,1818.0,0.39413262427275664,-0.2206792702399928,0.6049298978615544,0.6036890547839758
Post2_Morph_MaxIntensityCoor_PerimeterCoor_3DSmallestDist_mm,116,1.0533316924615386,1.088149202234375,0.707106781,0.707106781,1.5857176665594296e-10,6.850835306213349e-13,False,Spearman,0.07880638776022739,0.4004108522097659,Mann_Whitney_U,1530.0,0.3998153905780667,0.053366219477518996,0.6079840058650104,0.6067618573716749
Pre_GLCM_DifferenceVariance,116,17.17984293375,12.51218671875,11.90292887,9.279466576499999,2.758012584470756e-06,5.624031878426884e-07,False,Spearman,-0.07868658568542419,0.40112967743277705,Mann_Whitney_U,1816.0,0.40032334038085216,-0.32273663323118246,0.6079840058650104,0.6067618573716749
Pre_GLRLM_LongRunHighGreyLevelEmphasis,116,528.153160825577,479.61271238421875,520.2901535000001,438.68878275,0.23081758475972872,0.010320349609533262,False,Spearman,-0.07868658568542419,0.40112967743277705,Mann_Whitney_U,1816.0,0.40032334038085216,-0.17048607951894607,0.6079840058650104,0.6067618573716749
Pre_IH_IntensityHistogramKurtosis_Intensity,116,0.9464883681730772,1.0426386011250002,0.2842247445,0.394003151,2.2737002007714545e-08,3.3494857728900373e-09,False,Spearman,0.07816891077959903,0.40424456146884924,Mann_Whitney_U,1513.0,0.40344049227623247,0.04013254987033514,0.6105777230519077,0.609363243542226
Pre_GLCM_Contrast,116,46.32614209934615,33.714164008187495,31.57795701,25.074593865,2.3550553249619802e-06,1.9897428809510463e-07,False,Spearman,-0.07765123587377389,0.4073736819794619,Mann_Whitney_U,1814.0,0.40657213565935035,-0.3144892463003026,0.6131749192424427,0.6119684394872574
Post2_Morph_RadiusSphereNorm_CentroidCoor_WCentroidCoor_Dist,116,0.09529341971153849,0.08803587021875,0.0690211925,0.070643729,1.0486375395699583e-09,1.3721788815636498e-07,False,Spearman,0.07661588606212356,0.41367450737620837,Mann_Whitney_U,1516.0,0.4128787775011419,-0.08942890175736064,0.6205117610643126,0.6193181662517128
Post1_Morph_RadiusSphereNorm_MaxIntensityCoor_PerimeterCoor_2DSagittalSmallestDist,116,0.42294453848076924,0.44702187104687496,0.2828225815,0.373906826,1.362591815993081e-06,1.8328076053044855e-07,False,Spearman,0.0740276538228624,0.42967252780298437,Mann_Whitney_U,1521.0,0.4288958982136011,0.06561584553752242,0.6422939848601312,0.6411330437213625
Pre_GLRLM_GreyLevelNonUniformity,116,334.7008726162693,118.55861195339062,19.40022344,22.5372655,9.865990377147051e-16,2.2634380331169328e-14,False,Spearman,0.07299216172134745,0.43617096386533993,Mann_Whitney_U,1523.0,0.4354038200563731,-0.16442981920469074,0.6484657292487175,0.6486324031661723
Pre_GLRLM_LongRunLowGreyLevelEmphasis,116,0.20354399984615382,0.072272432921875,0.0323097855,0.025239719,1.3150594568883345e-13,1.8372331049282702e-16,False,Spearman,-0.07247448681552228,0.43944057989304375,Mann_Whitney_U,1804.0,0.4386785803648552,-0.3175300819311472,0.6484657292487175,0.6512804862072081
Pre_GLCM_ClusterShade,116,-441.27051493886546,-310.8148402114219,-11.960828443,-148.03451145,0.00014768701234704363,1.445739335631695e-08,False,Spearman,-0.07195681190969712,0.4427240367069458,Mann_Whitney_U,1803.0,0.4419674497490943,0.07403880048001128,0.6506248512416265,0.653931430751211
Pre_IB_IntensityRange,116,421.8874459134616,399.81341048203126,423.5,402.29346945,0.971274345383209,0.23362378119976934,True,Pearson_point_biserial_equivalent,-0.07248685222678089,0.4393623188817623,Welch_t_test,0.7564573182864489,0.45124634788857276,-0.14487484239296738,0.6484657292487175,0.6588223126859014
Pre_IH_IntensityHistogramRange_Intensity,116,30.576923076923077,28.984375,30.0,29.0,0.9444425329478561,0.15448945271837913,True,Pearson_point_biserial_equivalent,-0.0724233807564771,0.439764115237636,Welch_t_test,0.7557575420799962,0.45166443877954865,-0.1447473168353986,0.6484657292487175,0.6588223126859014
Pre_Morph_MaxIntensityCoor_PerimeterCoor_2DAxialSmallestDist_mm,116,1.23368645075,1.3341640184062502,0.707106781,0.707106781,3.686861556898069e-10,3.0473510884636895e-10,False,Spearman,0.0711843091237406,0.44764943684613223,Mann_Whitney_U,1544.5,0.4471513800806156,0.10573897313543051,0.6556481650776684,0.6588223126859014
Post1_IH_IntensityHistogramCoefficientOfVariation_Intensity,116,0.4243542528653847,0.424839084484375,0.369507311,0.4004220375,4.780033058609839e-05,4.0377110183083816e-08,False,Spearman,0.0709214620980468,0.4493323039414815,Mann_Whitney_U,1527.0,0.448587350680282,0.002436176280142375,0.6559045376326995,0.6588223126859014
Post1_IB_MinimumIntensity,116,24.41857630011538,16.05132345184375,0.0,0.0,9.725543299763346e-11,2.0355411186081793e-11,False,Spearman,-0.07028927679816534,0.4533943084154006,Mann_Whitney_U,1786.0,0.45284568159329774,-0.21914271570646174,0.659620482142807,0.6588223126859014
Post1_Morph_Volume_cm3,116,3.942485577480769,1.83472851571875,0.37675000000000003,0.35520833350000003,1.0214036032028563e-15,6.021603646073418e-15,False,Spearman,0.0667801912108339,0.4763092786419274,Mann_Whitney_U,1535.0,0.47562175611378155,-0.1387392948234991,0.6604055005589134,0.6615642086842348
Post1_Morph_ApproximateVolume_cm3,116,3.9562499999999994,1.8500468749999999,0.3875,0.365,1.0248078929199284e-15,6.1423974763055934e-15,False,Spearman,0.06781645547979354,0.469477869905072,Mann_Whitney_U,1533.0,0.4687743545220979,-0.13854419230851928,0.6604055005589134,0.6615642086842348
Post1_Morph_voxelsCounting_vx,116,3956.25,1850.046875,387.5,365.0,1.0248078929199284e-15,6.1423974763055934e-15,False,Spearman,0.06781645547979354,0.469477869905072,Mann_Whitney_U,1533.0,0.4687743545220979,-0.1385441923085193,0.6604055005589134,0.6615642086842348
Post1_Morph_SphereDiameter_mm,116,11.069441848692309,11.4526900800625,9.0432775045,8.866755794,5.2446635337607765e-12,2.804574874743789e-08,False,Spearman,0.06781645547979354,0.469477869905072,Mann_Whitney_U,1533.0,0.4687743545220979,0.04906249897050248,0.6604055005589134,0.6615642086842348
Post2_Morph_ApproximateVolume_cm3,116,3.9564999999999992,1.8500468749999999,0.3875,0.365,1.0247497080898169e-15,6.1423974763055934e-15,False,Spearman,0.06626378899391311,0.4797335380536798,Mann_Whitney_U,1536.0,0.4790544422981329,-0.13856089421420803,0.6604055005589134,0.6615642086842348
Post2_Morph_voxelsCounting_vx,116,3956.5,1850.046875,387.5,365.0,1.0247497080898169e-15,6.1423974763055934e-15,False,Spearman,0.06626378899391311,0.4797335380536798,Mann_Whitney_U,1536.0,0.4790544422981329,-0.13856089421420806,0.6604055005589134,0.6615642086842348
Post2_Morph_SphereDiameter_mm,116,11.072511885961537,11.4526900800625,9.0432775045,8.866755794,5.2391097342426465e-12,2.804574874743789e-08,False,Spearman,0.06626378899391311,0.4797335380536798,Mann_Whitney_U,1536.0,0.4790544422981329,0.0486738046894356,0.6604055005589134,0.6615642086842348
Pre_Morph_ApproximateVolume_cm3,116,3.9564999999999992,1.8500468749999999,0.3875,0.365,1.0247497080898169e-15,6.1423974763055934e-15,False,Spearman,0.06626378899391311,0.4797335380536798,Mann_Whitney_U,1536.0,0.4790544422981329,-0.13856089421420803,0.6604055005589134,0.6615642086842348
Pre_Morph_voxelsCounting_vx,116,3956.5,1850.046875,387.5,365.0,1.0247497080898169e-15,6.1423974763055934e-15,False,Spearman,0.06626378899391311,0.4797335380536798,Mann_Whitney_U,1536.0,0.4790544422981329,-0.13856089421420806,0.6604055005589134,0.6615642086842348
Pre_Morph_RadiusRoiNorm_CentroidCoor_WCentroidCoor_Dist,116,0.07519628253846154,0.054786240734375005,0.0552449495,0.0501696175,4.578185565450258e-08,2.8641018709563944e-09,False,Spearman,-0.06678006285144553,0.4763101281467905,Mann_Whitney_U,1793.0,0.4756226043702688,-0.34841332980746026,0.6604055005589134,0.6615642086842348
Pre_Morph_RadiusRoiNorm_MaxIntensityCoor_PerimeterCoor_3DSmallestDist,116,0.1379232104615385,0.13168111628125,0.1329503165,0.120459803,0.0012374757867436809,0.001791096377945704,False,Spearman,-0.06678070465578911,0.476305880581682,Mann_Whitney_U,1793.0,0.4756183630472153,-0.0883336560056876,0.6604055005589134,0.6615642086842348
Pre_Morph_RadiusRoiNorm_MaxIntensityCoor_PerimeterCoor_2DSagittalSmallestDist,116,0.21578552332692308,0.23968400728125,0.1516207,0.1650091805,6.11609564388045e-07,6.555876856824051e-07,False,Spearman,0.06859232055013664,0.4643983023017286,Mann_Whitney_U,1531.5,0.46368350071815767,0.12963554157307808,0.6604055005589134,0.6615642086842348
Pre_Morph_SphereDiameter_mm,116,11.072511885961537,11.4526900800625,9.0432775045,8.866755794,5.2391097342426465e-12,2.804574874743789e-08,False,Spearman,0.06626378899391311,0.4797335380536798,Mann_Whitney_U,1536.0,0.4790544422981329,0.0486738046894356,0.6604055005589134,0.6615642086842348
Pre_GLRLM_RunLengthNonUniformity,116,1314.1983071734614,1135.3195185796874,272.66476209999996,267.90298805,1.7406824471404807e-15,2.314184529227644e-15,False,Spearman,0.06678006285144553,0.4763101281467905,Mann_Whitney_U,1535.0,0.4756226043702688,-0.039273755484157936,0.6604055005589134,0.6615642086842348
Pre_GLRLM_RunEntropy,116,4.638245733576922,4.603869605328125,4.7943597245,4.651881823,0.022613435798681324,0.030888413216021735,False,Spearman,-0.06936843738057132,0.45934742982254617,Mann_Whitney_U,1798.0,0.45862196106672093,-0.059472796656290454,0.6604055005589134,0.6615642086842348
Pre_GLSZM_ZoneSizeNonUniformity,116,66.8868823563077,87.01613558670311,32.37371004,33.592756115,1.560171218169287e-14,1.5622449992989794e-15,False,Spearman,0.06626238794562037,0.4797428463830268,Mann_Whitney_U,1536.0,0.4790637373230666,0.1004658760214718,0.6604055005589134,0.6615642086842348
Pre_GLCM_NormalisedInverseDifference,116,0.8963498943653848,0.900799422453125,0.896280316,0.902891515,0.7522160734229223,0.6484623646931507,True,Pearson_point_biserial_equivalent,0.0664736902153588,0.47834008848838494,Welch_t_test,-0.7006597389670596,0.4851191950369239,0.1328009544064324,0.6604055005589134,0.6627078484527592
Post2_IH_IntensityHistogramMinimumGreyLevel_Intensity,116,1.9615384615384615,1.625,1.0,1.0,4.414810333446622e-11,1.0805840525646104e-13,False,Spearman,-0.06586491608418775,0.48238750437380806,Mann_Whitney_U,1763.0,0.4822082893735987,-0.1957590062148495,0.6619513072637428,0.6627078484527592
Post2_Morph_Volume_cm3,116,3.942735577480769,1.83472851571875,0.37675000000000003,0.35520833350000003,1.0213467348819386e-15,6.021603646073418e-15,False,Spearman,0.06522716350825637,0.4866472048869116,Mann_Whitney_U,1538.0,0.4859857555320234,-0.13875600802406426,0.6636098248457886,0.6627078484527592
Pre_Morph_Volume_cm3,116,3.942735577480769,1.83472851571875,0.37675000000000003,0.35520833350000003,1.0213467348819386e-15,6.021603646073418e-15,False,Spearman,0.06522716350825637,0.4866472048869116,Mann_Whitney_U,1538.0,0.4859857555320234,-0.13875600802406426,0.6636098248457886,0.6627078484527592
Post2_IB_IntensityBasedQuartileCoefficientOfDispersion,116,0.30784729475000006,0.30627130901562494,0.2693911615,0.2813387125,0.00023606508425311117,0.020597065716851937,False,Spearman,0.06367401341649458,0.49710442148839984,Mann_Whitney_U,1541.0,0.49647153597463634,-0.010287791397387364,0.6757513229607935,0.6748909942155212
Pre_GLSZM_SmallZoneLowGreyLevelEmphasis,116,0.013969065423076922,0.011354118828125,0.007552270999999999,0.0092225165,9.457768434295518e-13,1.6100484688683007e-08,False,Spearman,0.06315633851066942,0.5006159422640151,Mann_Whitney_U,1542.0,0.4999931330801648,-0.14660415107182018,0.6784047815727308,0.6775607878189149
Post1_Morph_RadiusRoiNorm_MaxIntensityCoor_PerimeterCoor_2DCoronalSmallestDist,116,0.31415057555769227,0.27425848195312497,0.2068139865,0.1884556885,1.52824614234216e-05,3.013702322275049e-07,False,Spearman,-0.062121108103101313,0.5076769075353229,Mann_Whitney_U,1784.0,0.5070750844748786,-0.16510132154470927,0.6837134822844132,0.6850237942440129
Post1_Morph_RadiusRoiNorm_MaxIntensityCoor_PerimeterCoor_3DSmallestDist,116,0.1497114205961539,0.14165865442187497,0.1454394865,0.131536268,0.02912637788536996,0.016903012225851482,False,Spearman,-0.06160366902238687,0.5112254257126261,Mann_Whitney_U,1783.0,0.5106345132749738,-0.11114948459442732,0.6863674697067664,0.6876966355251195
Pre_IH_IntensityHistogram25thPercentile,116,11.923076923076923,12.59375,12.0,13.0,0.1423635220258367,0.744600287424849,True,Pearson_point_biserial_equivalent,0.06251478396753891,0.5049857100655766,Welch_t_test,-0.6517652266081798,0.5161288931385206,0.12485984502260242,0.6822011921693348,0.6929508287507916
Post2_Morph_RadiusRoiNorm_MaxIntensityCoor_RoiCentroidCoor_Dist,116,0.5729963755961538,0.5567739300156249,0.6127693089999999,0.5719358375000001,0.025544985127923473,0.3717927064357545,False,Spearman,-0.06005028907571846,0.5219545458214192,Mann_Whitney_U,1780.0,0.5213980210389145,-0.08801923362068477,0.696473090283182,0.6978711973905471
Post1_Morph_CentreOfMassShift_mm,116,0.4935502419807693,0.48360316853125007,0.3432181785,0.3812236275,8.836429714610921e-09,5.501455965672205e-10,False,Spearman,0.0595326141698933,0.5255553118986909,Mann_Whitney_U,1549.0,0.5250108045231576,-0.021911422037619813,0.6970017093778369,0.6984088684023657
Post2_Morph_RadiusRoiNorm_MaxIntensityCoor_PerimeterCoor_3DSmallestDist,116,0.1567581300769231,0.14326408459375,0.1355255665,0.12988761100000001,0.008343678617406366,0.0053025239566596915,False,Spearman,-0.059532957458609155,0.5255529199547927,Mann_Whitney_U,1779.0,0.525008414953219,-0.17653231629950586,0.6970017093778369,0.6984088684023657
Pre_IB_25thIntensityPercentile,116,156.58853042496156,165.43274021171874,159.0,167.5,0.1432670730032577,0.9593542808884745,True,Pearson_point_biserial_equivalent,0.060503414887077875,0.5188130671010992,Welch_t_test,-0.6314944262779748,0.5292238246900147,0.12082756137526035,0.6944113359660866,0.7018669626224281
Post2_Morph_MaxIntensityCoor_PerimeterCoor_2DCoronalSmallestDist_mm,116,1.8752381082692307,2.2504723936406252,1.58113883,1.58113883,2.831008499637538e-06,5.75730496549197e-12,False,Spearman,0.05859398644960887,0.5321158982767245,Mann_Whitney_U,1554.0,0.5316466466318921,0.18992078318193292,0.7035574946819914,0.7029370555771217
Pre_GLRLM_ShortRunHighGreyLevelEmphasis,116,333.7794176309808,293.18911100781247,262.17357374999995,255.94571125,0.003610601456295163,0.0006203678351590557,False,Spearman,-0.05746191454659266,0.5400826499863745,Mann_Whitney_U,1775.0,0.5395889735262844,-0.1949268966658466,0.7119271295274936,0.7112763741937386
Pre_GLSZM_GreyLevelVariance,116,60.784887267596154,48.63747875676563,51.811773255,40.688395065,0.00018689404860338548,2.6027782503798056e-05,False,Spearman,-0.05694423964076751,0.5437452126179037,Mann_Whitney_U,1774.0,0.5432649320005343,-0.3011730833135788,0.7145896298754927,0.7139584453783456
Post1_GLSZM_LargeZoneHighGreyLevelEmphasis,116,471724.25855879806,77211.00158698438,8551.7147465,7371.9099590000005,1.801392355483587e-15,2.2509871007790548e-17,False,Spearman,-0.05590888982911719,0.5511067217290833,Mann_Whitney_U,1772.0,0.5506540546692622,-0.2294684172121014,0.7220826022655158,0.7214894993407501
Post2_GLCM_NormalisedInverseDifference,116,0.8926090500384614,0.8892035322812499,0.8937873679999999,0.8901141555000001,0.5131915634158645,0.31401481669963205,True,Pearson_point_biserial_equivalent,-0.05380414235543545,0.5662192669020947,Welch_t_test,0.5641103189134254,0.5739585500388885,-0.10740759757001295,0.7396557991063399,0.7408663776466365
Pre_IB_IntensityKurtosis,116,1.0202149547884616,1.0666760268125,0.370629096,0.3981438095,2.682306643778916e-08,3.7047708469488005e-09,False,Spearman,0.05280284039416624,0.5734770589774373,Mann_Whitney_U,1562.0,0.5731137548281476,0.019158892414173453,0.7402448684130125,0.7408663776466365
Pre_GLCM_JointEntropyLog2,116,7.4522925150576915,7.44001518734375,8.049983367,7.668911119500001,0.017097423981807962,0.0026965018022087664,False,Spearman,-0.05280284039416624,0.5734770589774373,Mann_Whitney_U,1766.0,0.5731137548281476,-0.007864750213201792,0.7402448684130125,0.7408663776466365
Pre_GLCM_JointEntropyLog10,116,2.2433635835769232,2.239667739671875,2.4232864579999998,2.308572281,0.017097424138802282,0.0026965018147797745,False,Spearman,-0.05280284039416624,0.5734770589774373,Mann_Whitney_U,1766.0,0.5731137548281476,-0.007864750204327468,0.7402448684130125,0.7408663776466365
Pre_GLRLM_HighGreyLevelRunEmphasis,116,363.9739339989038,322.18174443234375,294.07523935,285.1839139,0.005794149462086284,0.0013352615935171448,False,Spearman,-0.05280284039416624,0.5734770589774373,Mann_Whitney_U,1766.0,0.5731137548281476,-0.19037083534655602,0.7402448684130125,0.7408663776466365
Pre_Morph_RadiusRoiNorm_MaxIntensityCoor_PerimeterCoor_2DCoronalSmallestDist,116,0.27631578782692306,0.25306951178125,0.1697349725,0.158454641,5.171198084771027e-07,2.471628622847453e-08,False,Spearman,-0.052285466985387184,0.5772441386739642,Mann_Whitney_U,1765.0,0.5768966719793636,-0.09783645696630393,0.742902959536019,0.7424557760681159
Post2_IH_MaximumHistogramGradient_Intensity,116,105.28846153846153,68.453125,11.5,9.0,8.492105455248298e-14,9.456532973978275e-17,False,Spearman,-0.051278308256185505,0.5846102265765998,Mann_Whitney_U,1763.0,0.5842953804851774,-0.11320767312677377,0.7479572016494732,0.7497595590296524
Pre_IH_IntensityHistogram75thPercentile,116,20.48076923076923,19.671875,20.0,19.5,0.5343152376744389,0.3629166538457244,True,Pearson_point_biserial_equivalent,-0.051484994440371766,0.5830950659343738,Welch_t_test,0.5367688868185888,0.5926788588598304,-0.10276536972606762,0.7479572016494732,0.7516481154636333
Pre_Morph_IntegratedIntensity_Intensity,116,664251.3370998653,327729.22812062496,70423.32079,76984.54072,1.175152414306581e-15,2.1521000095997397e-13,False,Spearman,0.050732140770865596,0.5886227031291865,Mann_Whitney_U,1566.0,0.5883243363682427,-0.1398280141355786,0.7489078593062476,0.7516481154636333
Post1_GLSZM_SmallZoneLowGreyLevelEmphasis,116,0.013191432384615382,0.013232749187499998,0.010005303,0.0105475625,0.0005438601948308254,1.9881069232873253e-12,False,Spearman,-0.050214465865040435,0.5924373996527794,Mann_Whitney_U,1761.0,0.5921559274678779,0.003151027267378852,0.7491577582818577,0.7516481154636333
Pre_IB_TotalLesionGlycolysis,116,667.2395557603461,330.80596067453126,72.96632312,79.52366399499999,1.181554845280106e-15,2.2327231476302104e-13,False,Spearman,0.050214465865040435,0.5924373996527794,Mann_Whitney_U,1567.0,0.5921559274678779,-0.13967214342304288,0.7491577582818577,0.7516481154636333
Pre_IB_75thIntensityPercentile,116,273.37000154000003,262.46941864375003,270.0612793,256.91851805,0.6030365654505432,0.4648579715436043,True,Pearson_point_biserial_equivalent,-0.05070851925121089,0.5887965238683602,Welch_t_test,0.5278725552831341,0.5988277377796326,-0.10121147913374698,0.7489078593062476,0.7556683487381062
Post1_Morph_RadiusSphereNorm_CentroidCoor_WCentroidCoor_Dist,116,0.10706740355769233,0.09008506234375,0.074582961,0.0811152245,2.7503999784759138e-09,4.4053652460676283e-07,False,Spearman,0.047626091335914646,0.6116764572650238,Mann_Whitney_U,1572.0,0.61148335346164,-0.18929655083431368,0.7559069855405834,0.7556683487381062
Post1_Morph_RadiusRoiNorm_MaxIntensityCoor_PerimeterCoor_2DAxialSmallestDist,116,0.22799835178846153,0.18860321553125003,0.153203176,0.149906338,3.2970744721838523e-09,2.551986270298043e-05,False,Spearman,-0.04866172174877618,0.6039459687485362,Mann_Whitney_U,1758.0,0.6037167457168675,-0.2209399750775434,0.7559069855405834,0.7556683487381062
Post1_GLRLM_GreyLevelNonUniformity,116,249.44467909936537,110.3371253081875,29.987030185000002,16.95852257,1.4664017034322567e-15,1.6375812582436077e-15,False,Spearman,-0.047626091335914646,0.6116764572650238,Mann_Whitney_U,1756.0,0.61148335346164,-0.15660316865028776,0.7559069855405834,0.7556683487381062
Post2_GLRLM_GreyLevelNonUniformity,116,191.95529568244234,97.78079884175,22.31558103,15.875891515,1.9736512455189137e-15,1.2004573357682514e-15,False,Spearman,-0.047626091335914646,0.6116764572650238,Mann_Whitney_U,1756.0,0.61148335346164,-0.1442453218033836,0.7559069855405834,0.7556683487381062
Pre_Morph_RadiusSphereNorm_CentroidCoor_WCentroidCoor_Dist,116,0.1079637689230769,0.084161121625,0.07815625300000001,0.0815030555,1.160564644606998e-08,6.411692706926081e-10,False,Spearman,-0.047626091335914646,0.6116764572650238,Mann_Whitney_U,1756.0,0.61148335346164,-0.26895751190551664,0.7559069855405834,0.7556683487381062
Pre_GLCM_SumEntropy,116,7.125023550519231,7.14904693865625,7.927148818499999,7.663522854,0.00041393425966372544,5.691372356003235e-07,False,Spearman,-0.047626091335914646,0.6116764572650238,Mann_Whitney_U,1756.0,0.61148335346164,0.011437735727636192,0.7559069855405834,0.7556683487381062
Pre_NGTDM_Complexity,116,1627.7005021439036,1110.403632168281,841.80405055,764.37395435,2.1507145974832413e-07,4.667447018170305e-08,False,Spearman,-0.047626091335914646,0.6116764572650238,Mann_Whitney_U,1756.0,0.61148335346164,-0.3448192307677858,0.7559069855405834,0.7556683487381062
Pre_GLSZM_ZoneSizeVariance,116,14738.078867250271,1300.5800095109219,24.268552720000002,36.05040698,7.73204302441065e-16,1.2999924252698058e-16,False,Spearman,0.0481437662417398,0.6078068516546797,Mann_Whitney_U,1571.0,0.60759555958239,-0.20940351210195843,0.7559069855405834,0.7556683487381062
Pre_Morph_CentreOfMassShift_mm,116,0.48515887767307697,0.44842520101562505,0.38133963699999995,0.361645962,6.1244318181706706e-06,5.17033285729411e-12,False,Spearman,-0.04710841643008948,0.6155567872769534,Mann_Whitney_U,1755.0,0.6153821259608625,-0.08571425462562005,0.7585473157662174,0.7583320815665019
Pre_IH_IntensityHistogramEntropyLog10_Intensity,116,1.222968717923077,1.21860610984375,1.2886156885,1.2620778615,0.014717495611112786,0.002084505074984309,False,Spearman,-0.04659074152426432,0.6194477538363128,Mann_Whitney_U,1754.0,0.6192917875906281,-0.017337855410700403,0.7590416138557635,0.7588505002871077
Pre_IH_IntensityHistogramEntropyLog2_Intensity,116,4.062614143115384,4.048121873109375,4.2806886595,4.1925319055,0.014717495572596549,0.0020845050798561234,False,Spearman,-0.04659074152426432,0.6194477538363128,Mann_Whitney_U,1754.0,0.6192917875906281,-0.017337855003487362,0.7590416138557635,0.7588505002871077
Pre_GLSZM_NormalisedGreyLevelNonUniformity,116,0.06075149942307692,0.057834982078125,0.048521061500000004,0.0485068045,1.2731685438085328e-10,5.893688499209215e-10,False,Spearman,0.04503771680678884,0.6311835812826561,Mann_Whitney_U,1577.0,0.631085198573273,-0.07350510208777777,0.7690892376973539,0.7711293858971173
Pre_IB_RootMeanSquareIntensity,116,235.83955495057688,228.10484112421875,225.90801720000002,223.75466895,0.7986092274292484,0.778460814326932,True,Pearson_point_biserial_equivalent,-0.04589700193973161,0.6246785870549865,Welch_t_test,0.4770394137182783,0.6344478671036283,-0.09158661117839909,0.7633010824969638,0.7730667288237488
Post2_Morph_RadiusRoiNorm_CentroidCoor_WCentroidCoor_Dist,116,0.0658962848076923,0.057266561312500006,0.044733474999999995,0.048364266,4.832040367702664e-09,8.98313277269716e-07,False,Spearman,0.04348469208931337,0.6430118923026007,Mann_Whitney_U,1580.0,0.6429733022683455,-0.16323568646330372,0.7769727031989758,0.7769260735742508
Post2_NGTDM_Coarseness,116,0.025561916000000004,0.024311926046874998,0.0182258325,0.020151001,0.0010667050254898399,0.00012165434756965079,False,Spearman,-0.04348469208931337,0.6430118923026007,Mann_Whitney_U,1748.0,0.6429733022683455,-0.06145265302213659,0.7769727031989758,0.7769260735742508
Pre_GLRLM_LowGreyLevelRunEmphasis,116,0.06873363067307693,0.033222185953125,0.016930865,0.018031408999999998,3.8561388306685064e-11,1.2278318562956445e-13,False,Spearman,-0.04348469208931337,0.6430118923026007,Mann_Whitney_U,1748.0,0.6429733022683455,-0.3901331573357384,0.7769727031989758,0.7769260735742508
Post2_Morph_RadiusSphereNorm_MaxIntensityCoor_RoiCentroidCoor_Dist,116,0.8310517205000002,0.8555993141406251,0.8304435185,0.8950588595,0.4664312495580185,0.20784415034543346,True,Pearson_point_biserial_equivalent,0.04234885330776553,0.6517198983071805,Welch_t_test,-0.4533778679346176,0.6511704813135752,0.08449309209766148,0.7853134508687633,0.7846514110011226
Pre_GLCM_InverseDifference,116,0.4061246712692307,0.40764959432812503,0.372929725,0.39125003950000004,0.00554175612704346,0.007727656269152586,False,Spearman,0.04141399246601273,0.6589224889938711,Mann_Whitney_U,1584.0,0.6589669668324365,0.01170434089939327,0.7917991235147346,0.7918525706411875
Post1_Morph_RadiusRoiNorm_MaxIntensityCoor_PerimeterCoor_2DSagittalSmallestDist,116,0.2962281818076923,0.29470468171875,0.201315791,0.25145736799999996,1.8527031766123624e-06,8.944788683972496e-07,False,Spearman,0.04089639616787503,0.662923806937689,Mann_Whitney_U,1585.0,0.6629896354155266,-0.00613421917477767,0.7922303736755351,0.7923090423235002
Post2_Morph_RadiusRoiNorm_MaxIntensityCoor_PerimeterCoor_2DAxialSmallestDist,116,0.2565057362884615,0.19807502678125002,0.1507743985,0.149906338,1.290975801609498e-07,5.864513030474928e-06,False,Spearman,-0.04089655338460977,0.662922590112281,Mann_Whitney_U,1743.0,0.6629884198140109,-0.3033524800433347,0.7922303736755351,0.7923090423235002
Pre_GLRLM_ShortRunLowGreyLevelEmphasis,116,0.05222460475,0.02811225396875,0.015633014,0.017274719,4.20132220893438e-10,5.046155592819844e-12,False,Spearman,-0.04037864265436242,0.6669358580429808,Mann_Whitney_U,1742.0,0.6670232646816376,-0.3983353648893222,0.7948413650649223,0.7949455346205818
Pre_GLCM_DifferenceEntropy,116,4.774663243115385,4.786699145453126,5.5706065375,5.247704902000001,0.0053473943892283745,0.002710394379735833,False,Spearman,-0.038825692564438324,0.6790257107550065,Mann_Whitney_U,1739.0,0.6791792033110347,0.0053020454763791705,0.8070387545858684,0.807221184263115
Pre_GLSZM_LargeZoneEmphasis,116,14964.363476524575,1348.313028668797,36.051903655000004,53.115079365,8.136886075367646e-16,1.4326687030287832e-16,False,Spearman,0.03830794303106178,0.6830748074333572,Mann_Whitney_U,1590.0,0.6832507692455738,-0.21190292578089442,0.8096390769305459,0.8098476420213204
Pre_GLCM_Autocorrelation,116,359.35231360744234,321.731948713125,280.9426742,274.14877235,0.004437463741769661,0.0006413539362303118,False,Spearman,-0.03727259321941147,0.6911987781832076,Mann_Whitney_U,1736.0,0.6914203270448916,-0.16370430979846268,0.8170420339937373,0.8173039191970866
Pre_IH_Uniformity_Intensity,116,0.09696644807692309,0.089341393625,0.063062159,0.0682422345,6.818553594220094e-09,6.054485967522535e-09,False,Spearman,0.03675491831358631,0.6952740294610826,Mann_Whitney_U,1593.0,0.6955186902145556,-0.10256254842603567,0.8196319859500567,0.8199204071635005
Post1_IB_IntensityBasedCoefficientOfVariation,116,0.46251967413461537,0.44844011693749997,0.3982651345,0.40901598,2.328637224710795e-06,3.4501184551555627e-10,False,Spearman,0.03623724340776114,0.6993579862547736,Mann_Whitney_U,1594.0,0.699625967584552,-0.05778202736102404,0.8222181730292609,0.8225332321602165
Pre_Morph_MaxIntensityCoor_PerimeterCoor_3DSmallestDist_mm,116,0.8788047283461539,0.9279414097812502,0.707106781,0.707106781,1.9268547383523575e-10,1.465055775214003e-11,False,Spearman,0.035599244039415424,0.7044030077938859,Mann_Whitney_U,1608.0,0.705170015215931,0.14703307656356407,0.8259172732893271,0.8268165946601886
Pre_GLCM_InverseDifferenceMoment,116,0.3370679132115384,0.335720161765625,0.29411577850000004,0.311950784,0.0007964712518353775,0.0009435533289305493,False,Spearman,0.03520189359611082,0.707551596731055,Mann_Whitney_U,1596.0,0.7078668342942007,-0.009089458106486162,0.8273788832742176,0.827747507844025
Post1_Morph_MaxIntensityCoor_RoiCentroidCoor_Dist_cm,116,4.922299042596153,4.97105036078125,4.0112253415,3.7987215415,8.077830878280466e-11,1.459909680421986e-06,False,Spearman,0.03468421869028566,0.7116610387783974,Mann_Whitney_U,1597.0,0.7120002063920117,0.011797686523568348,0.829953222167836,0.8303487661676275
Post1_NGTDM_Coarseness,116,0.02589747365384615,0.02529706071875,0.017824875,0.0210044525,0.0002894022897741432,4.214199987730199e-05,False,Spearman,-0.03313119397281018,0.7240386274441657,Mann_Whitney_U,1728.0,0.7244507583108852,-0.027691493584672273,0.8421304891396045,0.8426098392118586
Post2_GLCM_NormalisedInverseDifferenceMoment,116,0.9662391955576924,0.9672868715937499,0.9712916025,0.96984779,0.13011760479999748,0.08554185192339388,True,Pearson_point_biserial_equivalent,0.03221141373725313,0.731403220563258,Welch_t_test,-0.3371933915458151,0.7366898869934594,0.06424287542672481,0.8484277358533793,0.8545602689124129
Post1_IH_MaximumHistogramGradient_Intensity,116,125.15384615384616,88.1171875,11.25,10.75,4.8486327568568735e-14,1.2882448855464273e-16,False,Spearman,0.030561211282997006,0.744677240442093,Mann_Whitney_U,1605.0,0.7452150650332436,-0.09662686827602898,0.8610478789560371,0.8621504076847367
Post1_IH_IntensityHistogramMinimumGreyLevel_Intensity,116,1.8846153846153846,1.59375,1.0,1.0,8.50651870473421e-12,6.881869596741242e-13,False,Spearman,-0.03036736874147183,0.7462414950952321,Mann_Whitney_U,1708.0,0.7474881955539878,-0.1773191264180055,0.8610478789560371,0.8624863794853707
Post1_Morph_MaxIntensityCoor_PerimeterCoor_3DSmallestDist_mm,116,0.9961143979423077,1.062669133453125,0.707106781,0.707106781,3.2953850587868247e-10,2.2096740151178904e-11,False,Spearman,0.028351735002912597,0.7625671781962455,Mann_Whitney_U,1617.0,0.763563932136462,0.11822124335791065,0.8766367631499826,0.877400439446944
Post1_Morph_RadiusSphereNorm_MaxIntensityCoor_PerimeterCoor_2DCoronalSmallestDist,116,0.44364204640384614,0.412467550171875,0.31659873299999997,0.287115194,2.9844806974999472e-05,7.059629088604205e-07,False,Spearman,-0.02795455237854241,0.7657967578170376,Mann_Whitney_U,1718.0,0.7664638800204836,-0.09207620905752957,0.8766367631499826,0.877400439446944
Pre_IH_RootMeanSquare_Intensity,116,0.01632821775,0.014689820000000001,0.013184392999999999,0.014141798,1.1220487032231157e-06,0.00536775699960923,False,Spearman,-0.027954444914558594,0.7657976321769964,Mann_Whitney_U,1718.0,0.7664647517007788,-0.15208399806505246,0.8766367631499826,0.877400439446944
Pre_GLCM_AngularSecondMoment,116,0.025800384442307697,0.018137211703125,0.0075011175,0.008315479,2.0115654497554796e-12,4.715934245452719e-12,False,Spearman,0.02640142019708312,0.7784637419436248,Mann_Whitney_U,1613.0,0.7792105530449858,-0.19402847580658011,0.8887971856836661,0.8896498440277396
Post2_GLSZM_LargeZoneHighGreyLevelEmphasis,116,260270.632974175,58853.21367589063,7497.469132,7260.4678885,2.8587755515103124e-15,1.0784529923994026e-16,False,Spearman,-0.02588374529125796,0.7826988994013873,Mann_Whitney_U,1714.0,0.7834725700438938,-0.23107115286752603,0.8912932493183336,0.8921742616991984
Post2_Morph_RadiusSphereNorm_MaxIntensityCoor_PerimeterCoor_2DCoronalSmallestDist,116,0.4117735213076923,0.40645038465625,0.322277357,0.310511543,0.00020128056184853802,1.4867361943772245e-06,False,Spearman,0.024848634290526184,0.7911862296968012,Mann_Whitney_U,1616.0,0.7920140494374719,-0.017904114119072338,0.8939376880989831,0.8986286416246945
Pre_GLCM_JointAverage,116,16.85825661301923,16.54173600484375,16.24295574,16.38252575,0.8178427834234048,0.8605647758012143,True,Pearson_point_biserial_equivalent,-0.02497395480632038,0.7901573492164223,Welch_t_test,0.26011299500595964,0.7953379930116183,-0.04979807553167858,0.8939376880989831,0.8986286416246945
Pre_GLCM_SumAverage,116,33.71651322548077,33.08347200954688,32.485911475,32.7650515,0.817842783919316,0.8605647764730374,True,Pearson_point_biserial_equivalent,-0.024973954787723195,0.7901573493690832,Welch_t_test,0.26011299481034184,0.795337993162086,-0.04979807549457212,0.8939376880989831,0.8986286416246945
Pre_GLRLM_RunLengthVariance,116,0.28230456825000005,0.22147652142187502,0.1266599015,0.143519617,3.9267187237581234e-11,7.0243442898198155e-12,False,Spearman,0.02329537076213216,0.8039677877061806,Mann_Whitney_U,1619.0,0.8048778110866932,-0.1782626021971006,0.9060258747466025,0.9070514192298227
Pre_Morph_RadiusSphereNorm_MaxIntensityCoor_PerimeterCoor_2DAxialSmallestDist,116,0.2805208750192308,0.285877872234375,0.201507536,0.205374039,8.447007265949952e-10,6.8371491978962614e-06,False,Spearman,0.023036798987132477,0.8061006635124904,Mann_Whitney_U,1619.5,0.8070245101243726,0.022528996713346534,0.9060821411574506,0.9071205733956126
Pre_GLCM_JointMaximum,116,0.06501977348076923,0.050521092046874994,0.033193443,0.030461850999999998,1.340186761711949e-10,1.7852306583572774e-10,False,Spearman,-0.022260020950481844,0.8125165618552397,Mann_Whitney_U,1707.0,0.8134820160671478,-0.20164111744119909,0.910939959811931,0.9120223633742507
Post2_GLSZM_SmallZoneLowGreyLevelEmphasis,116,0.012709345403846158,0.010964368406250001,0.008338529,0.007524897,8.082804512127687e-07,8.178122931413024e-07,False,Spearman,-0.021224671138831527,0.8210874418218178,Mann_Whitney_U,1705.0,0.8221087897313638,-0.16731794128621644,0.9164493122586517,0.9189568923825266
Pre_IB_MeanIntensity,116,216.12184803519233,212.7558573415625,213.9558447,211.6759453,0.6849218416172852,0.883618189929237,True,Pearson_point_biserial_equivalent,-0.02090306330060397,0.8237541374959497,Welch_t_test,0.2176687319077854,0.828153132745578,-0.041676822260490465,0.9164493122586517,0.9189568923825266
Pre_IH_IntensityHistogramMean_Intensity,116,16.299164282576925,16.056193071375,16.15170382,15.98976753,0.6678550176565465,0.8813689525721558,True,Pearson_point_biserial_equivalent,-0.02064953271283244,0.8258577707190425,Welch_t_test,0.2149970274897867,0.830230019695248,-0.0411711124407404,0.9164493122586517,0.9189568923825266
Pre_IH_AreaUnderCurveCIVH_Intensity,116,223.0948111203846,219.7691426734375,221.076446,218.8599431,0.6678550181289451,0.8813689517957513,True,Pearson_point_biserial_equivalent,-0.02064953267333343,0.825857771046877,Welch_t_test,0.21499702707904494,0.8302300200145586,-0.04117111236195289,0.9164493122586517,0.9189568923825266
Post2_IB_MinimumIntensity,116,25.119206571115384,17.412306551437503,0.0,0.0876409935,2.94054398802572e-10,1.5476993716031972e-12,False,Spearman,0.02033592351733006,0.8284616036523349,Mann_Whitney_U,1628.0,0.8297286350546971,-0.19174010591403176,0.9169994849586913,0.9189568923825266
Pre_IB_AreaUnderCurveCIVH,116,2949.36587016923,2906.3198772078126,2910.5120925,2897.68222,0.6356354280903889,0.8288921661071452,True,Pearson_point_biserial_equivalent,-0.019595110306047006,0.8346197661096533,Welch_t_test,0.20406140620915156,0.8387408904438968,-0.039067971994789515,0.9214710615677644,0.9260210338657237
Pre_Morph_RadiusRoiNorm_MaxIntensityCoor_RoiCentroidCoor_Dist,116,0.6180193950961539,0.6117105706093751,0.6184031835,0.629243676,0.8930265567015815,0.09340636643185743,True,Pearson_point_biserial_equivalent,-0.017682337640536387,0.8505655497119214,Welch_t_test,0.1901850418419481,0.8495090942280434,-0.03525310264608965,0.9350777454155551,0.935535331618225
Pre_Morph_RadiusSphereNorm_MaxIntensityCoor_PerimeterCoor_3DSmallestDist,116,0.19777035690384615,0.200389914078125,0.1980349585,0.18662719700000002,0.014093008090145444,0.008037144210184963,False,Spearman,-0.01760121745277084,0.8512431889300225,Mann_Whitney_U,1698.0,0.8524633753450191,0.02645580605124958,0.9350777454155551,0.9364181017047559
Pre_Morph_RadiusSphereNorm_MaxIntensityCoor_PerimeterCoor_2DCoronalSmallestDist,116,0.3932410146730769,0.38766326796875,0.24357655849999998,0.248734524,6.623774122509701e-07,2.1482830609652917e-08,False,Spearman,-0.0173423426846567,0.8534064274564219,Mann_Whitney_U,1697.5,0.8546409794144582,-0.016016499210762397,0.9350926849963314,0.9364454056556406
Post1_Morph_RadiusSphereNorm_MaxIntensityCoor_RoiCentroidCoor_Dist,116,0.8518500928269231,0.842413956765625,0.859844789,0.895901399,0.9191645362351801,0.10172442631035619,True,Pearson_point_biserial_equivalent,-0.016524391911531655,0.860248557454351,Welch_t_test,0.18017816088538555,0.8573326142300963,-0.03294386499149835,0.9402214132980973,0.937034389924854
Post1_Morph_RadiusSphereNorm_MaxIntensityCoor_PerimeterCoor_2DAxialSmallestDist,116,0.31908404338461527,0.28349752315625,0.22505647099999998,0.2219174965,1.1299609146851632e-08,5.316238444887004e-05,False,Spearman,-0.01527149778286061,0.8707489063250138,Mann_Whitney_U,1693.5,0.8720990475509514,-0.14956934833258811,0.9492835361250419,0.950784675901413
Post2_IH_IntensityHistogramCoefficientOfVariation_Intensity,116,0.4256542917692307,0.42971232012499994,0.406457073,0.393854859,0.00012535778238589117,2.1898799225095484e-08,False,Spearman,0.014494897363104456,0.8772689230396938,Mann_Whitney_U,1636.0,0.87866267238249,0.0219861010281426,0.9492835361250419,0.9507916977273212
Pre_GLRLM_LongRunsEmphasis,116,1.7855783188846155,1.6546092286406249,1.4497023625,1.465765824,1.3934462993065228e-10,1.0033936898998097e-10,False,Spearman,0.014494897363104456,0.8772689230396938,Mann_Whitney_U,1636.0,0.87866267238249,-0.165338470381197,0.9492835361250419,0.9507916977273212
Pre_NGTDM_Coarseness,116,0.024611958480769226,0.025234857234374998,0.017094030500000003,0.020900576,0.0005999193333227196,0.00013088115185398778,False,Spearman,-0.014494897363104456,0.8772689230396938,Mann_Whitney_U,1692.0,0.87866267238249,0.029915025397299025,0.9492835361250419,0.9507916977273212
Pre_IB_MinimumIntensity,116,20.33030434428846,16.659607209921873,0.0,0.0,2.972263861382645e-10,6.630174966359704e-12,False,Spearman,-0.01390399564022524,0.8822354244990189,Mann_Whitney_U,1688.5,0.8838733847954914,-0.10795917005026442,0.9522888577098592,0.9540568793698232
Post2_Morph_RadiusRoiNorm_MaxIntensityCoor_PerimeterCoor_2DCoronalSmallestDist,116,0.2909103343846154,0.269382681109375,0.2235865075,0.21462842,8.76450546179158e-05,2.469825828913299e-07,False,Spearman,-0.012941922397473339,0.8903313040261632,Mann_Whitney_U,1689.0,0.8918126460542745,-0.10078154356286083,0.9586488050776758,0.9602438144396271
Post1_Morph_RadiusRoiNorm_CentroidCoor_WCentroidCoor_Dist,116,0.07487327119230767,0.058852467609375,0.048307755499999994,0.049263065499999995,5.3982750159235e-09,9.02690150003262e-07,False,Spearman,0.011906522833978661,0.8990568278374194,Mann_Whitney_U,1641.0,0.9005967726906386,-0.26258797960639874,0.9656137088336526,0.9672793817329111
Pre_Morph_RadiusRoiNorm_MaxIntensityCoor_PerimeterCoor_2DAxialSmallestDist,116,0.19674907659615382,0.18808464675,0.1382753955,0.135592238,1.822511835034315e-10,1.465920081128602e-06,False,Spearman,-0.011647752546249618,0.9012394615780758,Mann_Whitney_U,1686.5,0.9027940896173836,-0.0503006271574836,0.9656137088336526,0.9672793817329111
Pre_Morph_MaxIntensityCoor_PerimeterCoor_2DCoronalSmallestDist_mm,116,1.8498879857307686,1.78907333490625,1.224744871,1.58113883,6.163139159242174e-09,1.9572386860335314e-08,False,Spearman,0.010986453946031224,0.9068205864292109,Mann_Whitney_U,1644.0,0.9085472303246687,-0.03950179537299538,0.9692062778788864,0.9710517080865624
Pre_IH_IntensityHistogramMedian_Intensity,116,16.26923076923077,16.40625,16.5,16.0,0.6881298469981441,0.4223638157494956,True,Pearson_point_biserial_equivalent,0.010329412386684254,0.9123702839958285,Welch_t_test,-0.10732788272134343,0.9147578725425984,0.020591526729445333,0.9703693729539986,0.9729087397457954
Pre_IH_IntensityHistogram50thPercentile,116,16.26923076923077,16.40625,16.5,16.0,0.6881298469981441,0.4223638157494956,True,Pearson_point_biserial_equivalent,0.010329412386684254,0.9123702839958285,Welch_t_test,-0.10732788272134343,0.9147578725425984,0.020591526729445333,0.9703693729539986,0.9729087397457954
Post1_Morph_MaxIntensityCoor_PerimeterCoor_2DAxialSmallestDist_mm,116,1.456877782288461,1.4649558777656249,0.707106781,0.707106781,8.554281026758084e-09,5.7478874657604646e-11,False,Spearman,0.00838035146160817,0.9288568200340359,Mann_Whitney_U,1649.5,0.9308540818411328,0.006791580008447003,0.97684066872499,0.9786751258278832
Post1_GLCM_NormalisedInverseDifferenceMoment,116,0.9669812139807692,0.96751514984375,0.969823032,0.9718334275,0.030800121048014016,0.011488119664272047,False,Spearman,-0.008282798493202546,0.9296828433382663,Mann_Whitney_U,1680.0,0.9314287404430889,0.030771467295215755,0.97684066872499,0.9786751258278832
Pre_IB_IntensityBasedEnergy,116,125999695.30520576,77770610.57509376,24750000.0,19100000.0,1.7541302401245522e-15,5.406940663176927e-13,False,Spearman,0.008282989545793323,0.9296812255397471,Mann_Whitney_U,1648.0,0.931427162665439,-0.11969159582373902,0.97684066872499,0.9786751258278832
Pre_GLRLM_ShortRunsEmphasis,116,0.8855687860961539,0.891832420890625,0.9079312635000001,0.9038421245,6.036966712233972e-07,6.851642983658945e-06,False,Spearman,-0.008800473399027705,0.9253003405925588,Mann_Whitney_U,1681.0,0.9270167724991483,0.09245493650904729,0.97684066872499,0.9786751258278832
Pre_GLRLM_RunPercentage,116,0.8615368036730768,0.8700298779062499,0.891805034,0.884985479,4.089014406641574e-07,2.401609425550203e-06,False,Spearman,-0.008282798493202546,0.9296828433382663,Mann_Whitney_U,1680.0,0.9314287404430889,0.09611568178232566,0.97684066872499,0.9786751258278832
Post2_Morph_RadiusSphereNorm_MaxIntensityCoor_PerimeterCoor_3DSmallestDist,116,0.22491166619230765,0.21562547928125,0.2007813865,0.2142907565,0.005959620680764992,0.06473656421503785,False,Spearman,-0.00750638713216484,0.9362596481879614,Mann_Whitney_U,1678.5,0.93804977086707,-0.08806889403839468,0.979021507119623,0.9808933902095563
Pre_GLSZM_NormalisedZoneSizeNonUniformity,116,0.28069189669230765,0.284883340640625,0.2655644535,0.26196648349999996,0.1249919832597387,0.0007887409225850866,False,Spearman,-0.007765123587377388,0.9340674513524542,Mann_Whitney_U,1679.0,0.9358428164264608,0.06026587739098943,0.979021507119623,0.9808933902095563
Pre_IH_MinimumHistogramGradient_Intensity,116,-330.9326923076923,-78.8203125,-16.25,-14.75,9.801250015911868e-16,2.2081601315124838e-14,False,Spearman,0.006990573260978413,0.9406313923272487,Mann_Whitney_U,1650.5,0.9424514633904907,0.19253895042129768,0.9812341862406552,0.9831328215224544
Post2_Morph_RadiusSphereNorm_MaxIntensityCoor_PerimeterCoor_2DAxialSmallestDist,116,0.36295006861538454,0.29695008971875003,0.22505647099999998,0.22797333050000002,2.473043366109092e-07,2.6371725636592286e-05,False,Spearman,-0.006470998513157861,0.945036796536875,Mann_Whitney_U,1676.5,0.9468858323740662,-0.2505220663520664,0.9834713074008149,0.9853955432600928
Post1_Morph_SurfaceToVolumeRatio_cm,116,8.845028341903845,9.100881805421874,8.738018517,9.263991788999999,0.7949782711694265,0.004903510061655456,False,Spearman,0.003623724340776114,0.9692043901769594,Mann_Whitney_U,1657.0,0.9712150677429957,0.0729998334833187,0.989680539265205,0.9917336959347491
Post2_Morph_SurfaceToVolumeRatio_cm,116,8.842476905749999,9.100881805421874,8.738018517,9.263991788999999,0.8045819294935637,0.004903510061655456,False,Spearman,0.004141399246601273,0.9648076575793791,Mann_Whitney_U,1656.0,0.966789004429381,0.07373815532931098,0.989680539265205,0.9917336959347491
Post2_Morph_MaxIntensityCoor_PerimeterCoor_2DAxialSmallestDist_mm,116,1.566145064730769,1.536604617546875,0.707106781,1.58113883,5.838129277933874e-08,1.2962478902711516e-12,False,Spearman,-0.004767656966776568,0.9594901293178049,Mann_Whitney_U,1672.5,0.9616206632110355,-0.022567002447440965,0.989680539265205,0.9917336959347491
Pre_Morph_SurfaceToVolumeRatio_cm,116,8.842476905749999,9.100881805421874,8.738018517,9.263991788999999,0.8045819294935637,0.004903510061655456,False,Spearman,0.004141399246601273,0.9648076575793791,Mann_Whitney_U,1656.0,0.966789004429381,0.07373815532931098,0.989680539265205,0.9917336959347491
Pre_IB_MedianIntensity,116,216.31964841403845,217.1254886378125,220.0,214.483078,0.7707520687836488,0.5384089459968051,True,Pearson_point_biserial_equivalent,0.004431826559157139,0.9623414451035562,Welch_t_test,-0.04609578675969076,0.9633310990251586,0.008834394368813362,0.989680539265205,0.9917336959347491
Pre_IB_50thIntensityPercentile,116,216.31964841403845,217.1254886378125,220.0,214.483078,0.7707520687836488,0.5384089459968051,True,Pearson_point_biserial_equivalent,0.004431826559157139,0.9623414451035562,Welch_t_test,-0.04609578675969076,0.9633310990251586,0.008834394368813362,0.989680539265205,0.9917336959347491
Pre_GLSZM_SmallZoneEmphasis,116,0.42235061390384615,0.42702686959375,0.422617503,0.39729155699999996,0.8601800427458564,0.005801245843436331,False,Spearman,0.0051767490582515915,0.9560174908912822,Mann_Whitney_U,1654.0,0.9579400826507654,0.04586706460844231,0.989680539265205,0.9917336959347491
Pre_GLSZM_ZoneSizeEntropy,116,5.763280695480769,5.84464561746875,6.0040640465,5.798415302,0.0005803704875226431,0.20658641921768267,False,Spearman,0.003623724340776114,0.9692043901769594,Mann_Whitney_U,1657.0,0.9712150677429957,0.087744125465346,0.989680539265205,0.9917336959347491
Post1_Morph_MaxIntensityCoor_PerimeterCoor_2DCoronalSmallestDist_mm,116,1.9790008629807687,2.08492864903125,1.58113883,1.58113883,8.71247487769811e-06,3.141309165077843e-08,False,Spearman,0.00293916533514937,0.9750199048675462,Mann_Whitney_U,1658.5,0.9771408073211352,0.0685590684957005,0.9909664920966883,0.9931220822072285
Pre_GLSZM_LowGrayLevelZoneEmphasis,116,0.041215484576923075,0.02758459996875,0.021636567500000002,0.022753305,5.816078041516396e-12,6.932375190904439e-06,False,Spearman,0.0031060494349509546,0.9736020466440645,Mann_Whitney_U,1658.0,0.9756420177744167,-0.28504855004930885,0.9909664920966883,0.9931220822072285
Pre_GLCM_Correlation,116,0.5028629203846153,0.5023650904375001,0.5196815785,0.5119617825,0.11237074239100381,0.2810407821014142,True,Pearson_point_biserial_equivalent,-0.002342016496300686,0.9800939273665958,Welch_t_test,0.024450517320173615,0.9805435057228423,-0.004668538044683407,0.9934821303642057,0.993445530329926
Pre_GLSZM_ZonePercentage,116,0.28568472390384614,0.2863020906875,0.2822789855,0.262245979,0.26262827770464064,0.14081693956762995,True,Pearson_point_biserial_equivalent,0.002110331891884695,0.9820627955324334,Welch_t_test,-0.02257947007118755,0.9820266161882028,0.0042066995079925815,0.9934821303642057,0.993445530329926
Post1_Morph_RadiusSphereNorm_MaxIntensityCoor_PerimeterCoor_3DSmallestDist,116,0.2130479335384615,0.21419523395312498,0.20447639299999998,0.2142907565,0.26307418616725664,0.02942026364108472,False,Spearman,-0.0018118761009848073,0.9845992460456536,Mann_Whitney_U,1667.5,0.9867122755892657,0.011605560237339706,0.9937370580739197,0.9951177081183159
Pre_IH_MaximumHistogramGradientGreyLevel_Intensity,116,14.711538461538462,14.734375,14.0,14.0,0.06220998010379003,0.20851716229357284,True,Pearson_point_biserial_equivalent,0.001415137238908682,0.9879711966768074,Welch_t_test,-0.014759186361598816,0.9882548273726723,0.00282090691724659,0.9948321077648409,0.9951177081183159
Post2_IB_IntensityBasedCoefficientOfVariation,116,0.45938038730769215,0.4501439131875,0.422635967,0.401931201,5.823696166264545e-07,3.6255300609843123e-10,False,Spearman,0.0005176749058251591,0.9955995707801936,Mann_Whitney_U,1663.0,0.997785296757559,-0.04047312719377994,0.9955995707801936,0.997785296757559
Pre_IH_IntensityHistogramMinimumGreyLevel_Intensity,116,2.269230769230769,2.015625,1.0,1.0,6.852046544268586e-11,6.897751368430348e-13,False,Spearman,-0.0006212319539767208,0.9947193089844668,Mann_Whitney_U,1665.0,0.9973422632046527,-0.10899166018577257,0.9955995707801936,0.997785296757559
Pre_NGTDM_Busyness,116,1.1172054361730768,0.53221860453125,0.1055939845,0.137010234,1.2396299522245762e-14,7.445053883051665e-16,False,Spearman,-0.0005176749058251591,0.9955995707801936,Mann_Whitney_U,1665.0,0.997785296757559,-0.1965617071957855,0.9955995707801936,0.997785296757559
