Single_Tag,Dataset,Model,Mean_AUC,Std_AUC,Pooled_AUC,Pooled_AUC_Macro_OvR,Pooled_AUC_Micro_OvR,Mean_PR_AUC,Std_PR_AUC,Pooled_PR_AUC,Mean_Acc,Std_Acc,Pooled_Acc,Mean_Bal_Acc,Std_Bal_Acc,Pooled_Bal_Acc,Mean_Prec,Std_Prec,Pooled_Prec,Mean_Rec,Std_Rec,Pooled_Rec,Mean_F1,Std_F1,Pooled_F1,Mean_Specificity,Std_Specificity,Pooled_Specificity,Mean_Kappa,Std_Kappa,Pooled_Kappa,Pooled_Brier,Avg_Features,Mean_Selected_K,Std_Selected_K,Min_Selected_K,Median_Selected_K,Max_Selected_K,Pooled_AUC_CI95_Low,Pooled_AUC_CI95_High,Pooled_PR_AUC_CI95_Low,Pooled_PR_AUC_CI95_High,Pooled_Acc_CI95_Low,Pooled_Acc_CI95_High,Pooled_Bal_Acc_CI95_Low,Pooled_Bal_Acc_CI95_High,Pooled_Prec_CI95_Low,Pooled_Prec_CI95_High,Pooled_Rec_CI95_Low,Pooled_Rec_CI95_High,Pooled_F1_CI95_Low,Pooled_F1_CI95_High,Pooled_Specificity_CI95_Low,Pooled_Specificity_CI95_High,Pooled_Kappa_CI95_Low,Pooled_Kappa_CI95_High,Pooled_Brier_CI95_Low,Pooled_Brier_CI95_High,CI_Bootstrap_Requested,CI_Bootstrap_Min_Successful,Run_Name,Run_Dir,Experiment_ID,FS_METHOD,FS_N_FEATURES,USE_SMOTE,N_Unique_Selected_Features,Max_Selection_Count,Mean_Selection_Count,Source_Configuration,Fusion_Level,Method,USE_SMOTE_BOOL,Selected_SMOTE_Condition,Pair_Tag,Dataset_A,Dataset_B,Triple_Tag,Dataset_C,Quad_Tag,Dataset_D,All5_Tag,Dataset_E
ADC,ADC,SVM_Linear,0.7641100685598292,0.0801971311881608,0.6912499999999999,0.6912499999999999,0.6867497691597414,0.7985308324026308,0.1185962108375108,0.7204339314980122,0.6801937193241541,0.0839134629476066,0.6754385964912281,0.6926427811954128,0.05713531167767,0.6825,0.7483838383838384,0.091252102605784,0.7547169811320755,0.6434024455077086,0.1906890365706958,0.625,0.670807453416149,0.1175532091965165,0.6837606837606838,0.7418831168831169,0.090753061318699,0.74,0.3671952265582782,0.1311475761912005,0.3564235581324382,0.2293934447164728,8.8,8.8,4.48998886412873,4,6.0,16,0.5630264173765345,0.8094810383649268,0.5129797338492005,0.8942199603487767,0.5809347442680777,0.7647186700767262,0.5845154288130346,0.7753674654150198,0.5555555555555556,0.9032258064516128,0.4772727272727273,0.7605633802816901,0.5332978723404256,0.7968779370300751,0.6041568396226414,0.8695853462157809,0.1645929048345405,0.5252560005174793,0.1888191243243204,0.2739833747882537,2000.0,2000.0,mrmr_then_elasticnet_no_corr_auto_k_smote,nested_cv_outputs_single_dataset_batch_smote_compare/ADC/fs_method_comparison/mrmr_then_elasticnet_no_corr_auto_k_smote,mrmr_then_elasticnet_no_corr_auto_k,mrmr_then_elasticnet_no_corr,auto,True,29,4,1.5172413793103448,ADC,Single,mRMR → EN,True,SMOTE,,,,,,,,,
ADC,ADC,LogisticRegression,0.7615227462595884,0.0720935705743265,0.7150000000000001,0.7150000000000001,0.7090643274853803,0.8155175810177987,0.0810714275669487,0.7583947247864167,0.696581679190375,0.079317873916928,0.6929824561403509,0.7135951621477937,0.0529431457371122,0.698125,0.7659632034632035,0.1313509105145326,0.7636363636363637,0.6749175970228601,0.2200964190584582,0.65625,0.6862604540023896,0.1263588937547808,0.7058823529411765,0.7522727272727272,0.1448456320246515,0.74,0.4014222183296055,0.1206255254433572,0.3885994483604046,0.2165469234771746,8.8,8.8,4.48998886412873,4,6.0,16,0.5923779761904763,0.8323354694597604,0.5592929443285953,0.9068368154660948,0.5999621212121212,0.782955426356589,0.6028215600552232,0.7898444538484714,0.5681818181818182,0.90625,0.5,0.7857435597189694,0.5541772352568168,0.8079470198675497,0.6071282201405152,0.8775819418676559,0.1986591593162693,0.5574876072936431,0.1780522899980122,0.2580136619054242,2000.0,2000.0,mrmr_then_elasticnet_no_corr_auto_k_no_smote,nested_cv_outputs_single_dataset_batch_smote_compare/ADC/fs_method_comparison/mrmr_then_elasticnet_no_corr_auto_k_no_smote,mrmr_then_elasticnet_no_corr_auto_k,mrmr_then_elasticnet_no_corr,auto,False,29,4,1.5172413793103448,ADC,Single,mRMR → EN,False,No SMOTE,,,,,,,,,
ADC,ADC,LightGBM,0.760117545930943,0.0597821534628532,0.7264062499999999,0.7264062499999999,0.7270698676515851,0.8170835685540055,0.0336658359289767,0.7662347457752754,0.6747281703803443,0.1123757236352502,0.6666666666666666,0.685038353459406,0.0873680849007979,0.6637500000000001,0.709018759018759,0.0519759024269532,0.7096774193548387,0.7332801701222753,0.1968780182403581,0.6875,0.700552995391705,0.1099513203743807,0.6984126984126984,0.6367965367965367,0.0728045353356192,0.64,0.3616863873227145,0.1782406593838561,0.326073428749222,0.2382937793686895,13.2,13.2,6.013318551349164,4,18.0,18,0.6069191384180791,0.8362663361540408,0.5829719790069027,0.894268174623126,0.56,0.7685978523640861,0.5585294913419914,0.7655145777551107,0.5115823073415414,0.8594184027777776,0.528288784067086,0.8292682926829268,0.5453984287317621,0.8082191780821918,0.4864566772655008,0.7954661410018552,0.1157715877252936,0.521163365972486,0.1724961875679664,0.3063824087473557,2000.0,2000.0,elasticnet_then_mrmr_auto_k_smote,nested_cv_outputs_single_dataset_batch_smote_compare/ADC/fs_method_comparison/elasticnet_then_mrmr_auto_k_smote,elasticnet_then_mrmr_auto_k,elasticnet_then_mrmr,auto,True,27,5,2.4444444444444446,ADC,Single,EN → mRMR,True,SMOTE,,,,,,,,,
ADC,ADC,LogisticRegression,0.7476682178356819,0.0258476812524649,0.7031249999999999,0.703125,0.7028316405047708,0.801916945770375,0.0770167720699189,0.7643530765409321,0.6747281703803443,0.1086363520261722,0.6666666666666666,0.6892703349282296,0.0527157517678215,0.6725,0.7777777777777778,0.1152024519629318,0.7407407407407407,0.6611164274322169,0.2305988989591794,0.625,0.6692650486768134,0.1335783557079134,0.6779661016949152,0.7174242424242425,0.225187402825257,0.72,0.3656792358794646,0.130727854451685,0.3376146788990825,0.2208769056061319,12.0,12.0,2.8284271247461903,8,12.0,16,0.5826547050017729,0.8155176780554139,0.5786957893744074,0.898614243661702,0.5624851190476191,0.7674663402692777,0.5651980676328503,0.7716950252371454,0.5428450363196126,0.887102453430259,0.4515470704410798,0.783797032326444,0.5160970935803258,0.7964601769911505,0.5660377358490566,0.8541666666666666,0.1252250084597907,0.5319844186421716,0.1904859271042101,0.2520264976569248,2000.0,2000.0,corr_mrmr_auto_k_no_smote,nested_cv_outputs_single_dataset_batch_smote_compare/ADC/fs_method_comparison/corr_mrmr_auto_k_no_smote,corr_mrmr_auto_k,corr_mrmr,auto,False,36,4,1.6666666666666667,ADC,Single,Corr. → mRMR,False,No SMOTE,,,,,,,,,
ADC,ADC,LogisticRegression,0.7319497550119559,0.0322039837859944,0.6959375,0.6959375,0.6914435210834102,0.7959089707445981,0.0772844821379999,0.7577951630439883,0.6728966685488424,0.0872211392397096,0.6666666666666666,0.688977937267411,0.042304116947326,0.6681250000000001,0.755050505050505,0.1288423335064109,0.7241379310344828,0.6938649654439129,0.2167836267088103,0.65625,0.6807552447552447,0.1097040462847997,0.6885245901639344,0.6840909090909091,0.2177763488268556,0.68,0.3583096336858811,0.1054889137232557,0.3318938926588525,0.2264226410946716,12.0,12.0,2.8284271247461903,8,12.0,16,0.5795261121856867,0.8102078913136822,0.5688948520666914,0.8928149800908852,0.5677843872229466,0.7672603448275861,0.5669840525345512,0.7696898149050249,0.5348837209302325,0.875,0.5,0.8,0.5433528428093647,0.8028319489587095,0.52,0.8333333333333334,0.1318523823096343,0.521978021978022,0.1935063765389161,0.2596530730385123,2000.0,2000.0,corr_mrmr_auto_k_smote,nested_cv_outputs_single_dataset_batch_smote_compare/ADC/fs_method_comparison/corr_mrmr_auto_k_smote,corr_mrmr_auto_k,corr_mrmr,auto,True,36,4,1.6666666666666667,ADC,Single,Corr. → mRMR,True,SMOTE,,,,,,,,,
ADC,ADC,KNN,0.7280579778187433,0.0409438131181458,0.6682812499999999,0.6682812499999999,0.6717836257309941,0.7449253760836461,0.0838948952588915,0.6994266065318107,0.6710651667173405,0.0757078609977509,0.6666666666666666,0.680983519404572,0.0553721866928664,0.6659375000000001,0.7455555555555555,0.1417004317060432,0.7166666666666667,0.7013609782030834,0.1850259256661023,0.671875,0.6875244968608814,0.0869526757338235,0.6935483870967742,0.6606060606060606,0.2530529839226882,0.66,0.3403553385877632,0.1145827089279425,0.328996282527881,0.2362243250528799,13.2,13.2,6.013318551349164,4,18.0,18,0.541227224820975,0.7828741083135614,0.5039686480608526,0.8488612429039116,0.5679949152542373,0.7631698564593301,0.5677495566677175,0.7614452764976958,0.5161164314516129,0.8636363636363636,0.5205150158061117,0.8048949864498645,0.5390930341280973,0.8,0.508764495985727,0.8035801820728291,0.1325099519923822,0.5116004319884235,0.186688127218246,0.2889627281902114,2000.0,2000.0,elasticnet_then_mrmr_auto_k_no_smote,nested_cv_outputs_single_dataset_batch_smote_compare/ADC/fs_method_comparison/elasticnet_then_mrmr_auto_k_no_smote,elasticnet_then_mrmr_auto_k,elasticnet_then_mrmr,auto,False,27,5,2.4444444444444446,ADC,Single,EN → mRMR,False,No SMOTE,,,,,,,,,
Post1,Post1,KNN,0.7672478991596638,0.0981678212557853,0.7647235576923077,0.7647235576923077,0.7552021403091559,0.798354315666422,0.0593865832746101,0.8150282786635179,0.6953162583307189,0.0717818685705607,0.6982758620689655,0.6785504201680672,0.0619946005006717,0.7049278846153846,0.7328937728937729,0.1191577737762933,0.7735849056603774,0.5701960784313725,0.2113518124354783,0.640625,0.6263520871143375,0.1497128817448793,0.7008547008547008,0.7869047619047619,0.0898404285114007,0.7692307692307693,0.3508181577907242,0.1279307164182672,0.4018856806128462,0.2032202478692626,7.2,7.2,3.249615361854384,4,6.0,12,0.6231489621427576,0.8938508371385083,0.65612403312556,0.9185721628464788,0.5726495726495726,0.8114855542931342,0.5878070615796519,0.8132009454488198,0.574468085106383,0.9090909090909092,0.4467990121580547,0.8235294117647058,0.5262892078681553,0.8271821184241566,0.6515151515151515,0.8837209302325582,0.1690169631760046,0.6151013140156157,0.1597288941567193,0.2500363492063492,2000.0,2000.0,elasticnet_then_mrmr_auto_k_smote,nested_cv_outputs_single_dataset_batch_smote_compare/Post1/fs_method_comparison/elasticnet_then_mrmr_auto_k_smote,elasticnet_then_mrmr_auto_k,elasticnet_then_mrmr,auto,True,17,5,2.1176470588235294,Post1,Single,EN → mRMR,True,SMOTE,,,,,,,,,
Post1,Post1,KNN,0.743167211328976,0.1003434110195496,0.7433894230769231,0.7433894230769231,0.7484393579072534,0.7650054883197297,0.0869151581647344,0.7959809455319256,0.6704648089520169,0.0612553418993951,0.6810344827586207,0.6684290382819794,0.0586526620751722,0.6748798076923077,0.6597619047619048,0.1522067456587791,0.7014925373134329,0.703921568627451,0.1409038762605622,0.734375,0.6675019272186857,0.1168848534820607,0.7175572519083969,0.6329365079365079,0.1140898895496672,0.6153846153846154,0.31960305369152,0.1137869247463396,0.3516616314199395,0.2040961470795214,7.2,7.2,3.249615361854384,4,6.0,12,0.5968218039772728,0.8719275502656508,0.6232110409911648,0.90725166453228,0.5481463675213676,0.803575600801068,0.5484050071959921,0.7948321840698003,0.5,0.8607594936708861,0.5576844262295082,0.9062681686046512,0.5555555555555556,0.8372093023255814,0.4629629629629629,0.7777777777777778,0.0958749190194071,0.587931964696449,0.1650945273885284,0.245596478801271,2000.0,2000.0,elasticnet_then_mrmr_auto_k_no_smote,nested_cv_outputs_single_dataset_batch_smote_compare/Post1/fs_method_comparison/elasticnet_then_mrmr_auto_k_no_smote,elasticnet_then_mrmr_auto_k,elasticnet_then_mrmr,auto,False,17,5,2.1176470588235294,Post1,Single,EN → mRMR,False,No SMOTE,,,,,,,,,
Post1,Post1,SVM_RBF,0.6986655773420478,0.1263287252372711,0.6406250000000001,0.640625,0.6248885255648038,0.7841293516827197,0.0134633936367049,0.7059368539662991,0.5791144956884667,0.0474785748300651,0.5862068965517241,0.6016339869281045,0.0552968795181622,0.5691105769230769,0.6033678955453149,0.1498089059809599,0.6025641025641025,0.7588235294117647,0.2041100185046761,0.734375,0.6301470588235294,0.0767215590059366,0.6619718309859155,0.4444444444444445,0.2587958821967137,0.4038461538461538,0.1722226689683251,0.0879063258963031,0.1418002466091245,0.2384428283467704,12.0,12.0,4.1952353926806065,4,14.0,16,0.5079761032405146,0.7705479040020262,0.5458207725359037,0.8438642368460746,0.4485981308411215,0.7174252717391302,0.4475581333867937,0.6895041854513794,0.4062288851351351,0.7692307692307693,0.5625,0.8909767891682782,0.4915100154083205,0.782608695652174,0.2238805970149253,0.5854142469996125,-0.1036465755195485,0.3804840839771422,0.2124203444109328,0.2665661824692271,2000.0,2000.0,corr_mrmr_auto_k_no_smote,nested_cv_outputs_single_dataset_batch_smote_compare/Post1/fs_method_comparison/corr_mrmr_auto_k_no_smote,corr_mrmr_auto_k,corr_mrmr,auto,False,29,5,2.068965517241379,Post1,Single,Corr. → mRMR,False,No SMOTE,,,,,,,,,
Post1,Post1,XGBoost,0.6584889511360099,0.0504314803085377,0.6754807692307693,0.6754807692307692,0.6793995243757431,0.7035892026889469,0.1194469664805791,0.6985680304154177,0.6261468107964214,0.0296842513242944,0.6206896551724138,0.6206349206349207,0.0248138844671897,0.6183894230769231,0.6365656565656566,0.124800175314915,0.6612903225806451,0.6333333333333333,0.1264059722453819,0.640625,0.6173463069438302,0.0859649219389526,0.6507936507936508,0.6079365079365079,0.1433281477027813,0.5961538461538461,0.226442308588772,0.0272848693458175,0.2359281437125748,0.2553259120855556,12.0,12.0,6.572670690061994,4,16.0,18,0.5482647646069778,0.7986134752263785,0.5228069154386041,0.8673197121121635,0.5145631067961165,0.7289768302180685,0.5158736345580933,0.7252596607350896,0.4545454545454545,0.8125208333333332,0.4657475200755786,0.8133703703703702,0.4864738570346048,0.7731613575662821,0.4651162790697674,0.7307692307692307,0.0318484426330363,0.4450248965726801,0.1862539408956752,0.3297125359138772,2000.0,2000.0,mrmr_then_elasticnet_no_corr_auto_k_no_smote,nested_cv_outputs_single_dataset_batch_smote_compare/Post1/fs_method_comparison/mrmr_then_elasticnet_no_corr_auto_k_no_smote,mrmr_then_elasticnet_no_corr_auto_k,mrmr_then_elasticnet_no_corr,auto,False,38,4,1.5789473684210529,Post1,Single,mRMR → EN,False,No SMOTE,,,,,,,,,
Post1,Post1,NaiveBayes,0.6583512293806412,0.0954056929426743,0.6834435096153845,0.6838942307692306,0.6829667063020214,0.6984848032792522,0.1966292305667537,0.7204834664248103,0.607057699438122,0.0970852476616095,0.6293103448275862,0.5611157796451913,0.1016244246685522,0.6081730769230769,0.5661764705882353,0.2013864859526001,0.6265060240963856,0.7325490196078432,0.2147559257643511,0.8125,0.6335144848774691,0.2070903333097963,0.7074829931972789,0.3896825396825397,0.1878187640600134,0.4038461538461538,0.1397074509572853,0.1852218544313215,0.2240199128811448,0.2993260923364599,12.0,12.0,6.572670690061994,4,16.0,18,0.5793793411190801,0.792712249614792,0.5507423395827917,0.8575419938623712,0.5,0.7372881355932204,0.5239244851258582,0.696573769006035,0.4285714285714285,0.7866721311475409,0.6817727272727273,0.929422084623323,0.5436893203883495,0.8167651860609131,0.2571428571428571,0.5714285714285714,0.04649741075506,0.398840805316105,0.2079236258790162,0.4068471723741587,2000.0,2000.0,mrmr_then_elasticnet_no_corr_auto_k_smote,nested_cv_outputs_single_dataset_batch_smote_compare/Post1/fs_method_comparison/mrmr_then_elasticnet_no_corr_auto_k_smote,mrmr_then_elasticnet_no_corr_auto_k,mrmr_then_elasticnet_no_corr,auto,True,38,4,1.5789473684210529,Post1,Single,mRMR → EN,True,SMOTE,,,,,,,,,
Post1,Post1,ExtraTrees,0.6546101774042951,0.0935903374499282,0.6334134615384616,0.6334134615384615,0.6397889417360286,0.7520511989453526,0.0706752972838828,0.7265414944671009,0.5939011056919844,0.1026756577817509,0.5948275862068966,0.6258636788048553,0.0959082580100989,0.5895432692307692,0.6516317016317016,0.2215361118835,0.6307692307692307,0.6882352941176471,0.213392437026083,0.640625,0.6157109557109558,0.1105425698531098,0.6356589147286822,0.5634920634920635,0.2305688737513325,0.5384615384615384,0.2203113686921352,0.1780516836472795,0.1794099939795304,0.2310575107385404,12.0,12.0,4.1952353926806065,4,14.0,16,0.4780037762868801,0.7928475609023639,0.5161615064183438,0.8739838109509308,0.4754057782827462,0.7155459770114941,0.4717263427109974,0.7088850350645576,0.4193548387096774,0.8,0.4705882352941176,0.8163350340136054,0.4684588844163312,0.7671232876712328,0.3833088235294118,0.6964420995670995,-0.0557468863989076,0.413433527953963,0.1997387916057958,0.2613142141580474,2000.0,2000.0,corr_mrmr_auto_k_smote,nested_cv_outputs_single_dataset_batch_smote_compare/Post1/fs_method_comparison/corr_mrmr_auto_k_smote,corr_mrmr_auto_k,corr_mrmr,auto,True,29,5,2.068965517241379,Post1,Single,Corr. → mRMR,True,SMOTE,,,,,,,,,
Post2,Post2,SVM_RBF,0.7897615039281706,0.1272521514572494,0.7440828402366864,0.7440828402366864,0.7432975381693331,0.8761986278988442,0.0712902540056531,0.8146227235534622,0.6755665839536806,0.0549396712983553,0.6752136752136753,0.6882954545454545,0.0704483406630223,0.6692307692307693,0.7006151742993849,0.1158651856594017,0.7014925373134329,0.7521464646464646,0.2013671578788783,0.7230769230769231,0.6944312733786417,0.0704704043000131,0.7121212121212122,0.6244444444444444,0.1556190346667697,0.6153846153846154,0.3480960314449422,0.1187275029444884,0.3397683397683397,0.2052959979717733,10.8,10.8,3.919183588453085,8,8.0,18,0.5865891670717874,0.8734757621189406,0.6296550894759507,0.9198475157254952,0.5607197976506902,0.7798211009174312,0.5575549724822981,0.770855982253041,0.5094099776143268,0.8441630591630591,0.5409647635198794,0.8750385802469134,0.5437463039621528,0.8205202312138727,0.4807692307692308,0.76,0.1118116591376275,0.5377660585194696,0.1601440182928276,0.2611091200792749,2000.0,2000.0,elasticnet_then_mrmr_auto_k_no_smote,nested_cv_outputs_single_dataset_batch_smote_compare/Post2/fs_method_comparison/elasticnet_then_mrmr_auto_k_no_smote,elasticnet_then_mrmr_auto_k,elasticnet_then_mrmr,auto,False,22,5,2.4545454545454546,Post2,Single,EN → mRMR,False,No SMOTE,,,,,,,,,
Post2,Post2,SVM_RBF,0.7873092031425365,0.1294676321465468,0.7510355029585799,0.7510355029585799,0.7469501059244649,0.8718210725837888,0.0738718826600563,0.8213934890154204,0.6819069938424777,0.0251393501102935,0.6837606837606838,0.7044823232323232,0.0397467447598952,0.6846153846153846,0.7368421052631579,0.1363589210265485,0.7333333333333333,0.7089646464646464,0.2042311152440618,0.676923076923077,0.6831073762838469,0.0687921133879883,0.704,0.7,0.1596291999650486,0.6923076923076923,0.3727449037591397,0.0439589106809849,0.3657142857142857,0.2054131500006439,10.8,10.8,3.919183588453085,8,8.0,18,0.5931496081504702,0.8738106607243916,0.6468993127708619,0.9197089788784876,0.5574953611190409,0.7938931297709924,0.5593924992106247,0.7941204751131222,0.5292717086834736,0.8732834507042251,0.4736664295874822,0.8372165697674419,0.5176470588235295,0.8198917025003981,0.5428273809523809,0.8260869565217391,0.1155078656484333,0.5811033608895741,0.1547559237240749,0.2708218061782478,2000.0,2000.0,elasticnet_then_mrmr_auto_k_smote,nested_cv_outputs_single_dataset_batch_smote_compare/Post2/fs_method_comparison/elasticnet_then_mrmr_auto_k_smote,elasticnet_then_mrmr_auto_k,elasticnet_then_mrmr,auto,True,22,5,2.4545454545454546,Post2,Single,EN → mRMR,True,SMOTE,,,,,,,,,
Post2,Post2,ExtraTrees,0.7571071829405163,0.1027050881938623,0.7168639053254438,0.7168639053254438,0.7159763313609467,0.8361588425155523,0.04417749926044,0.8003583273829167,0.6592886683209264,0.1032346393964282,0.6410256410256411,0.6821212121212121,0.1037997855000192,0.6480769230769231,0.7554474421347487,0.1302393106566667,0.7169811320754716,0.6353535353535353,0.2587840544115338,0.5846153846153846,0.6368253968253968,0.1434920634920635,0.6440677966101694,0.7288888888888889,0.1712120914156286,0.7115384615384616,0.3331390014097278,0.1773868511305271,0.2894736842105263,0.2180318104014922,10.4,10.4,3.878143885933063,8,8.0,18,0.5601313171471896,0.8527265247797876,0.6331819106614339,0.9092956022674183,0.5187816131237184,0.7549019607843137,0.5274836753731343,0.761463392363579,0.4997807017543863,0.8656965174129352,0.3902100271002711,0.764720888355342,0.4533095238095238,0.7742049068605179,0.5581283542039356,0.8474668386145909,0.051054948579565,0.5080547965542715,0.1857082494606704,0.2545300795914997,2000.0,2000.0,mrmr_then_elasticnet_no_corr_auto_k_smote,nested_cv_outputs_single_dataset_batch_smote_compare/Post2/fs_method_comparison/mrmr_then_elasticnet_no_corr_auto_k_smote,mrmr_then_elasticnet_no_corr_auto_k,mrmr_then_elasticnet_no_corr,auto,True,33,4,1.5757575757575757,Post2,Single,mRMR → EN,True,SMOTE,,,,,,,,,
Post2,Post2,SVM_RBF,0.7523583052749718,0.1113802437806729,0.7168639053254439,0.7168639053254438,0.7034114982832932,0.8196305566595665,0.0458717521619721,0.7951372985770255,0.6585819318077382,0.0832682955976203,0.6410256410256411,0.6685732323232323,0.1056177653663604,0.6269230769230769,0.6867034399292464,0.1199762287617741,0.6533333333333333,0.7771464646464646,0.1995404947370179,0.7538461538461538,0.696829436583076,0.050797943497377,0.7,0.56,0.2932659855346421,0.5,0.3060423065778035,0.1763347666046013,0.2588235294117648,0.2200325190907499,10.4,10.4,3.878143885933063,8,8.0,18,0.5572338102510516,0.8514960018996752,0.6316745963772638,0.9052291517617402,0.5148442756897049,0.7565276145710927,0.5094911209766926,0.7415693429771709,0.4629560530679933,0.8051948051948052,0.5713789682539683,0.9076923076923076,0.5357142857142857,0.8105263157894737,0.31704107830552,0.6727360139860139,0.0199195167384916,0.4856615145329053,0.1738095304295764,0.2763306025303009,2000.0,2000.0,mrmr_then_elasticnet_no_corr_auto_k_no_smote,nested_cv_outputs_single_dataset_batch_smote_compare/Post2/fs_method_comparison/mrmr_then_elasticnet_no_corr_auto_k_no_smote,mrmr_then_elasticnet_no_corr_auto_k,mrmr_then_elasticnet_no_corr,auto,False,33,4,1.5757575757575757,Post2,Single,mRMR → EN,False,No SMOTE,,,,,,,,,
Post2,Post2,LightGBM,0.7437556116722783,0.1195637965077793,0.6923076923076923,0.6923076923076923,0.6961063627730295,0.820323679406593,0.0815479656382035,0.7435191731056903,0.6955178751952945,0.0984540009446365,0.6752136752136753,0.7039898989898989,0.1117982326537754,0.6730769230769231,0.7312280701754386,0.1176781113401345,0.7142857142857143,0.7257575757575758,0.1717016667093844,0.6923076923076923,0.709161712319607,0.0830676802832013,0.703125,0.6822222222222222,0.1796567371680687,0.6538461538461539,0.380123590132134,0.1912904591212314,0.3448275862068966,0.2386297378056885,8.4,8.4,3.666060555964671,4,10.0,12,0.5706657877879333,0.8117349666871465,0.592064760870592,0.8617516256591031,0.5765561015561016,0.767681277056277,0.5731651716213212,0.7659646782099936,0.5409590163934427,0.8412698412698413,0.5571428571428572,0.819672131147541,0.5783085466867469,0.7912337662337661,0.5,0.783797032326444,0.1458020335680162,0.5232752942316073,0.1831113617671118,0.2991521646873268,2000.0,2000.0,corr_mrmr_auto_k_no_smote,nested_cv_outputs_single_dataset_batch_smote_compare/Post2/fs_method_comparison/corr_mrmr_auto_k_no_smote,corr_mrmr_auto_k,corr_mrmr,auto,False,25,4,1.68,Post2,Single,Corr. → mRMR,False,No SMOTE,,,,,,,,,
Post2,Post2,LightGBM,0.7369703984287318,0.1237676641925296,0.6513313609467456,0.6513313609467456,0.6571699905033238,0.8163729412938906,0.0694899707494862,0.6959974711191044,0.6750592776399229,0.0642547676472732,0.6752136752136753,0.6946843434343434,0.0729548513861933,0.6711538461538462,0.7,0.1475729574745243,0.7076923076923077,0.7382575757575758,0.1707337780195856,0.7076923076923077,0.6917948717948718,0.0771006497421652,0.7076923076923077,0.6511111111111111,0.1453136242157494,0.6346153846153846,0.3553842265622989,0.1194534931089749,0.3423076923076923,0.2589423732661182,8.4,8.4,3.666060555964671,4,10.0,12,0.5196569691209952,0.7738441040418949,0.494161039204763,0.8427295314662174,0.5793650793650794,0.7652311006658832,0.5735076325502211,0.7617711978773531,0.5283018867924528,0.8289784011916582,0.5657356459330144,0.8301886792452831,0.5714285714285714,0.7973086850895839,0.4912200956937799,0.7547266076241818,0.1447920878552136,0.5194100913512985,0.2065472422661231,0.3191717815646595,2000.0,2000.0,corr_mrmr_auto_k_smote,nested_cv_outputs_single_dataset_batch_smote_compare/Post2/fs_method_comparison/corr_mrmr_auto_k_smote,corr_mrmr_auto_k,corr_mrmr,auto,True,25,4,1.68,Post2,Single,Corr. → mRMR,True,SMOTE,,,,,,,,,
Pre,Pre,LogisticRegression,0.6981748035914702,0.0703878787130751,0.6786982248520711,0.6786982248520711,0.679085397034115,0.7527950189509405,0.0626091451995264,0.7395409264937207,0.591298593879239,0.0485928592188318,0.5982905982905983,0.592121212121212,0.0509364686335181,0.5942307692307692,0.6215919701213819,0.1344941469260611,0.640625,0.6353535353535353,0.1108227721078645,0.6307692307692307,0.609094304388422,0.0826855161654172,0.6356589147286822,0.5488888888888889,0.1668295500366529,0.5576923076923077,0.1721947817670753,0.1000621078736021,0.1880998080614203,0.2281048360217744,10.4,10.4,4.2708313008125245,6,8.0,18,0.551639979338843,0.8005335201509338,0.5788798678654945,0.8784411689810604,0.4915179898899792,0.6947512335526316,0.4910380606499607,0.6977615442613365,0.4461111111111112,0.8167045454545452,0.4666666666666667,0.776160862354892,0.4810126582278481,0.7482014388489209,0.4053766532489937,0.7291807432432431,-0.0177715892373413,0.3796652011665821,0.1885494962286168,0.2715286417881229,2000.0,2000.0,mrmr_then_elasticnet_no_corr_auto_k_smote,nested_cv_outputs_single_dataset_batch_smote_compare/Pre/fs_method_comparison/mrmr_then_elasticnet_no_corr_auto_k_smote,mrmr_then_elasticnet_no_corr_auto_k,mrmr_then_elasticnet_no_corr,auto,True,34,5,1.5294117647058822,Pre,Single,mRMR → EN,True,SMOTE,,,,,,,,,
Pre,Pre,SVM_RBF,0.6781537598204265,0.09839375713556,0.6396449704142013,0.6396449704142013,0.6434728614215794,0.7432898136869619,0.047765689789151,0.6963997214980628,0.5926762246117085,0.0979530356141848,0.6153846153846154,0.5923989898989899,0.0748139207806761,0.5942307692307692,0.5965151515151516,0.1241570290415424,0.6219512195121951,0.7936868686868687,0.1871714718690985,0.7846153846153846,0.6566145092460881,0.1121293175514729,0.6938775510204082,0.3911111111111111,0.181407392284076,0.4038461538461538,0.1751514587994435,0.1539463250617125,0.1948310139165009,0.2390975935676983,10.4,10.4,4.2708313008125245,6,8.0,18,0.500430731031875,0.7685890425709525,0.4926839193694041,0.8527333334901434,0.4928434065934066,0.7288413955214647,0.492421059332824,0.6961080878989276,0.439989010989011,0.7764705882352941,0.6144535283993116,0.9130745341614904,0.536551013397458,0.804749612803304,0.2432227682227682,0.5686274509803921,-0.015432739374802,0.4042522380052911,0.196372018870158,0.2892045235484382,2000.0,2000.0,mrmr_then_elasticnet_no_corr_auto_k_no_smote,nested_cv_outputs_single_dataset_batch_smote_compare/Pre/fs_method_comparison/mrmr_then_elasticnet_no_corr_auto_k_no_smote,mrmr_then_elasticnet_no_corr_auto_k,mrmr_then_elasticnet_no_corr,auto,False,34,5,1.5294117647058822,Pre,Single,mRMR → EN,False,No SMOTE,,,,,,,,,
Pre,Pre,LightGBM,0.6700771604938272,0.1456299810247404,0.6127218934911243,0.6127218934911243,0.6179414128132076,0.7413324865471235,0.128524284816042,0.6496246803488994,0.6010008271298594,0.1093069818942608,0.5897435897435898,0.6102525252525253,0.131275961133924,0.5865384615384616,0.6169327731092438,0.1001460341793572,0.6349206349206349,0.656060606060606,0.2029030582717143,0.6153846153846154,0.6213317384370016,0.1120761977422455,0.625,0.5644444444444444,0.0989824775614225,0.5576923076923077,0.1929297912328185,0.2213211543707982,0.1724137931034483,0.2522271695329985,9.2,9.2,4.308131845707603,4,8.0,16,0.5131828100438488,0.7179237831998982,0.4804125690599101,0.8149594407396292,0.4841269841269841,0.6923076923076923,0.4862574621072284,0.6921606334841629,0.4444444444444444,0.7941626650660262,0.4655172413793103,0.7551900070372971,0.4705659536541889,0.7353117647058823,0.4254996776273372,0.7115530303030303,-0.027236853913648,0.377114808022589,0.218442304182226,0.2839462135694294,2000.0,2000.0,elasticnet_then_mrmr_auto_k_no_smote,nested_cv_outputs_single_dataset_batch_smote_compare/Pre/fs_method_comparison/elasticnet_then_mrmr_auto_k_no_smote,elasticnet_then_mrmr_auto_k,elasticnet_then_mrmr,auto,False,24,4,1.9166666666666667,Pre,Single,EN → mRMR,False,No SMOTE,,,,,,,,,
Pre,Pre,LogisticRegression,0.6677511223344557,0.132102467975406,0.6547337278106509,0.6547337278106509,0.6652786909197165,0.7250764865843131,0.0816808671714701,0.6806438379159452,0.5981463100817939,0.0753044585901696,0.6068376068376068,0.6023863636363636,0.0882118854001222,0.6,0.6258120981185997,0.1397047008291242,0.6417910447761194,0.6758838383838384,0.0737049361335312,0.6615384615384615,0.6335344225666806,0.074667091468319,0.6515151515151515,0.528888888888889,0.1856054490472986,0.5384615384615384,0.1891254201393019,0.1794068079068221,0.2007722007722008,0.2306369006246769,9.2,9.2,4.308131845707603,4,8.0,16,0.5321748450411791,0.7825948589642426,0.4899872267891929,0.8538276202057604,0.4903799019607843,0.7187607020547945,0.4891748121873524,0.7083443082913421,0.4210335621662853,0.8235552115583074,0.5,0.7962962962962963,0.477060691601976,0.7755163883735312,0.3799827586206897,0.7142857142857143,-0.0212152437963559,0.4092485850785812,0.1940138064480187,0.2706336528690927,2000.0,2000.0,elasticnet_then_mrmr_auto_k_smote,nested_cv_outputs_single_dataset_batch_smote_compare/Pre/fs_method_comparison/elasticnet_then_mrmr_auto_k_smote,elasticnet_then_mrmr_auto_k,elasticnet_then_mrmr,auto,True,24,4,1.9166666666666667,Pre,Single,EN → mRMR,True,SMOTE,,,,,,,,,
Pre,Pre,LogisticRegression,0.6144682940516274,0.1091848421140427,0.6213017751479291,0.6213017751479291,0.6229089049601869,0.6489743452391752,0.0900074611695639,0.6535836353752755,0.6086674018932083,0.0872803864353802,0.5897435897435898,0.596780303030303,0.0890844346750733,0.575,0.6352356103731815,0.0694814581696725,0.6133333333333333,0.6935606060606061,0.2033226637673952,0.7076923076923077,0.6382640503009714,0.0841560988395698,0.6571428571428571,0.5,0.2854496128592251,0.4423076923076923,0.1847459972459972,0.1660470755266993,0.1529411764705883,0.2458001577842138,10.4,10.4,3.4409301068170506,4,12.0,14,0.4931226533166458,0.7480094461697722,0.4607931317877652,0.8278639808772605,0.4504391891891892,0.7158295194508008,0.4510263929618768,0.6912959238730563,0.4037500000000001,0.787534722222222,0.5090829346092504,0.8805970149253731,0.4799834710743801,0.7885793650793651,0.2941176470588235,0.627906976744186,-0.0960821681687907,0.3861298035797206,0.216657007556709,0.2779968563538018,2000.0,2000.0,corr_mrmr_auto_k_no_smote,nested_cv_outputs_single_dataset_batch_smote_compare/Pre/fs_method_comparison/corr_mrmr_auto_k_no_smote,corr_mrmr_auto_k,corr_mrmr,auto,False,33,4,1.5757575757575757,Pre,Single,Corr. → mRMR,False,No SMOTE,,,,,,,,,
Pre,Pre,LogisticRegression,0.6120861391694725,0.0833701706852364,0.6218934911242605,0.6218934911242604,0.6231280590254948,0.6450507656893057,0.112117687195441,0.657452829465444,0.6080976013234078,0.0669452379010681,0.5982905982905983,0.5967803030303029,0.0673867551747548,0.5807692307692308,0.6214275608375778,0.0954621324191178,0.6153846153846154,0.7157828282828282,0.2052318884777859,0.7384615384615385,0.6391392111761324,0.097830302972184,0.6713286713286714,0.4777777777777777,0.2666666666666666,0.4230769230769231,0.1833080943446797,0.1194672021414631,0.165680473372781,0.2447573893631829,10.4,10.4,3.4409301068170506,4,12.0,14,0.4900549256501286,0.753483694153337,0.4632264707626879,0.8306123033215078,0.4599795918367347,0.726580255681818,0.4610464492816971,0.6935989989216026,0.4109413417632596,0.7857522796352582,0.5365328006728345,0.8983112257430607,0.4901713922979264,0.7976924732505227,0.2837787414279951,0.6,-0.0782220978632197,0.3890590499637695,0.2143447234138627,0.2799886392211748,2000.0,2000.0,corr_mrmr_auto_k_smote,nested_cv_outputs_single_dataset_batch_smote_compare/Pre/fs_method_comparison/corr_mrmr_auto_k_smote,corr_mrmr_auto_k,corr_mrmr,auto,True,33,4,1.5757575757575757,Pre,Single,Corr. → mRMR,True,SMOTE,,,,,,,,,
T2,T2,SVM_RBF,0.6744991582491583,0.0494379918900018,0.6420118343195267,0.6420118343195267,0.6360581488786617,0.7083171821340213,0.1085082333473791,0.6790838135038568,0.5814097968936679,0.0749696913153768,0.5897435897435898,0.592260101010101,0.0613925919961431,0.5903846153846154,0.6198015873015874,0.1298616431410154,0.6440677966101694,0.5978535353535352,0.1528747918042304,0.5846153846153846,0.5853632478632479,0.1026355253452585,0.6129032258064516,0.5866666666666667,0.1292714628644354,0.5961538461538461,0.1747672614276477,0.1216708982207285,0.1787072243346007,0.2497055342898065,12.4,12.4,3.4409301068170506,8,12.0,18,0.5444219066937119,0.7384773255410795,0.518686968871102,0.8287018470334329,0.5,0.6854012841091492,0.5017837715705138,0.6837020339611495,0.4545025728987993,0.7968855574324324,0.4264020438683949,0.740751633986928,0.4666666666666667,0.7297297297297297,0.4727015437392796,0.7209302325581395,0.0035233842461223,0.3600302574704001,0.2102632031069635,0.2924023938949782,2000.0,2000.0,elasticnet_then_mrmr_auto_k_smote,nested_cv_outputs_single_dataset_batch_smote_compare/T2/fs_method_comparison/elasticnet_then_mrmr_auto_k_smote,elasticnet_then_mrmr_auto_k,elasticnet_then_mrmr,auto,True,26,5,2.3846153846153846,T2,Single,EN → mRMR,True,SMOTE,,,,,,,,,
T2,T2,KNN,0.6701529180695848,0.0982020967373296,0.628698224852071,0.628698224852071,0.6257944334867411,0.7071623910211274,0.085936499893411,0.7189497882550799,0.5240777502067824,0.0986667410534095,0.5470085470085471,0.5576010101010102,0.0656672679700064,0.5288461538461539,0.5799526707234619,0.161901340695909,0.5769230769230769,0.7285353535353536,0.2473587648231681,0.6923076923076923,0.5951414768806074,0.108407176651961,0.6293706293706294,0.3866666666666666,0.2616566405250671,0.3653846153846153,0.1016937486061138,0.1291293482642686,0.059171597633136,0.251001445766479,12.4,12.4,3.4409301068170506,8,12.0,18,0.495286498459168,0.7473584458659086,0.546651080309085,0.8547205676264593,0.4199838709677419,0.6573564593301434,0.4147679924242424,0.6227741836816029,0.3783783783783784,0.735855607966457,0.5254028896915811,0.8352978406552495,0.4565122044241037,0.7472848788638261,0.2,0.5143749999999995,-0.173396734591038,0.2500163185378588,0.2020136684086473,0.303417404491583,2000.0,2000.0,elasticnet_then_mrmr_auto_k_no_smote,nested_cv_outputs_single_dataset_batch_smote_compare/T2/fs_method_comparison/elasticnet_then_mrmr_auto_k_no_smote,elasticnet_then_mrmr_auto_k,elasticnet_then_mrmr,auto,False,26,5,2.3846153846153846,T2,Single,EN → mRMR,False,No SMOTE,,,,,,,,,
T2,T2,XGBoost,0.6654040404040404,0.1398017749236718,0.6928994082840236,0.6928994082840236,0.7008547008547008,0.7091351730252954,0.2063380995515698,0.6792658740728336,0.6419198603069571,0.1030296542446229,0.6666666666666666,0.6485732323232323,0.0646420699658389,0.6615384615384616,0.6690476190476191,0.1679204541190996,0.696969696969697,0.6993686868686868,0.129203380052529,0.7076923076923077,0.6612974744553692,0.1219381518487116,0.7022900763358778,0.5977777777777779,0.1758787461103056,0.6153846153846154,0.2933473807560992,0.1396106869269833,0.3236994219653178,0.2319007798535718,10.0,10.0,4.898979485566356,4,10.0,18,0.5829678766660524,0.796947557000399,0.5067235077142794,0.8360012106054353,0.5656455862977602,0.7628984024553395,0.5650542276872064,0.7557321705290875,0.5178571428571429,0.8289473684210527,0.5454545454545454,0.8571848739495795,0.5511770850072313,0.8105334281650071,0.509075500770416,0.7213342440801456,0.1274822842595305,0.5120474911956483,0.1787039093606473,0.2905938240995829,2000.0,2000.0,mrmr_then_elasticnet_no_corr_auto_k_smote,nested_cv_outputs_single_dataset_batch_smote_compare/T2/fs_method_comparison/mrmr_then_elasticnet_no_corr_auto_k_smote,mrmr_then_elasticnet_no_corr_auto_k,mrmr_then_elasticnet_no_corr,auto,True,36,4,1.3888888888888888,T2,Single,mRMR → EN,True,SMOTE,,,,,,,,,
T2,T2,XGBoost,0.6439730639730639,0.1296043156008425,0.6630177514792899,0.6630177514792899,0.6719263642340566,0.6982078188952123,0.1971840735406997,0.6525142562561844,0.5508399963238673,0.1243721831047602,0.5811965811965812,0.5527398989898991,0.0850443379023198,0.5692307692307692,0.5762878787878788,0.1584220427150154,0.6111111111111112,0.6743686868686869,0.1406660860350945,0.676923076923077,0.6018478260869565,0.1295901408530131,0.6423357664233577,0.4311111111111111,0.1713274245990789,0.4615384615384615,0.1110266199503057,0.1733960912636932,0.1403508771929824,0.2409235810388326,10.0,10.0,4.898979485566356,4,10.0,18,0.560221590909091,0.7648373313343327,0.4796971655229685,0.8088435681034041,0.4818028024606972,0.6826939655172414,0.4761115792007704,0.6666666666666666,0.4230633802816901,0.767452242524917,0.5185185185185185,0.8261014492753622,0.4897732426303855,0.755821043675553,0.3249831081081081,0.6041666666666666,-0.0479899789124205,0.3317009586158522,0.1959685484856401,0.2880147384127906,2000.0,2000.0,mrmr_then_elasticnet_no_corr_auto_k_no_smote,nested_cv_outputs_single_dataset_batch_smote_compare/T2/fs_method_comparison/mrmr_then_elasticnet_no_corr_auto_k_no_smote,mrmr_then_elasticnet_no_corr_auto_k,mrmr_then_elasticnet_no_corr,auto,False,36,4,1.3888888888888888,T2,Single,mRMR → EN,False,No SMOTE,,,,,,,,,
T2,T2,ExtraTrees,0.63912177328844,0.1143622909377707,0.6408284023668639,0.6408284023668639,0.6464314413032362,0.69697321245204,0.1308320579493275,0.7060364700757935,0.5894623655913979,0.1471246699725748,0.5726495726495726,0.5801641414141414,0.1397575703734364,0.5673076923076923,0.594202172096909,0.1377978969475444,0.6153846153846154,0.631439393939394,0.2017329080926804,0.6153846153846154,0.6010989010989012,0.1580462773045748,0.6153846153846154,0.5288888888888889,0.1671252949063392,0.5192307692307693,0.158828392236991,0.2563618104575975,0.1346153846153845,0.231058974140678,14.4,14.4,4.8,6,18.0,18,0.5283351394861001,0.7614745065789472,0.5404259065439162,0.8333529293422017,0.4761709601873536,0.6764943074003794,0.4666644385026738,0.6755286897367643,0.4305059523809525,0.7826268115942029,0.4687333776595745,0.7719298245614035,0.4714844926227041,0.7317073170731707,0.3555376344086022,0.6800212765957446,-0.0660562464659232,0.342336084022811,0.2065912763207616,0.2541586709487102,2000.0,2000.0,corr_mrmr_auto_k_smote,nested_cv_outputs_single_dataset_batch_smote_compare/T2/fs_method_comparison/corr_mrmr_auto_k_smote,corr_mrmr_auto_k,corr_mrmr,auto,True,43,4,1.6744186046511629,T2,Single,Corr. → mRMR,True,SMOTE,,,,,,,,,
T2,T2,LightGBM,0.626662457912458,0.1339835177552683,0.57603550295858,0.57603550295858,0.5806121703557601,0.7159790341846037,0.0905936678892017,0.6672904424577952,0.5600578990901571,0.1025139902657642,0.5641025641025641,0.5643560606060606,0.0995107438881272,0.5615384615384615,0.5726635593508658,0.1162442170710455,0.6129032258064516,0.586489898989899,0.196234219989762,0.5846153846153846,0.5619451542372434,0.1401949039933904,0.5984251968503937,0.5422222222222223,0.0850272287542621,0.5384615384615384,0.1193441351866856,0.1865817370135716,0.1223709369024856,0.2600238304772331,14.4,14.4,4.8,6,18.0,18,0.4566308426596445,0.7025763673346221,0.4938796738948564,0.8150008288286862,0.4596669653524492,0.6727272727272727,0.4602535499347724,0.6666666666666666,0.4150618087182824,0.7656402191558441,0.4193360840210053,0.7556321839080455,0.4367147821438119,0.7222338935574228,0.415377358490566,0.6666666666666666,-0.0789001819413305,0.3303999426804295,0.2247086971963511,0.2992517194624882,2000.0,2000.0,corr_mrmr_auto_k_no_smote,nested_cv_outputs_single_dataset_batch_smote_compare/T2/fs_method_comparison/corr_mrmr_auto_k_no_smote,corr_mrmr_auto_k,corr_mrmr,auto,False,43,4,1.6744186046511629,T2,Single,Corr. → mRMR,False,No SMOTE,,,,,,,,,
,,SVM_Linear,0.7902777777777777,0.0530966616650215,0.7653968253968254,0.7653968253968254,0.7686976270655493,0.8422650546375667,0.0862401070849618,0.8208081703889891,0.6828011204481793,0.0782271074574285,0.672566371681416,0.6942857142857144,0.0704878976405297,0.665079365079365,0.7269180492709905,0.1255006924746129,0.696969696969697,0.7728571428571429,0.1797750617141068,0.7301587301587301,0.7201451905626135,0.0847448143451841,0.7131782945736435,0.6157142857142858,0.1792501387583785,0.6,0.37006142006142,0.1524750327266171,0.3322153010701165,0.1949450820879718,8.0,8.0,3.5777087639996634,4,8.0,12,0.6622002716550788,0.8590987893825797,0.6645785069784709,0.923747222652202,0.5737704918032787,0.7670074531725016,0.5740740740740741,0.757676083429508,0.5070652173913047,0.8484936575052854,0.5762583461736005,0.8695652173913043,0.5607289719626168,0.8198917025003981,0.4901752190237797,0.7441860465116279,0.1459628416337954,0.5118483864329939,0.1573317574938586,0.2347080442576772,2000.0,2000.0,elasticnet_then_mrmr_auto_k_no_smote,nested_cv_outputs_all_pairwise_concat_batch_smote_compare/ADC_Post1/fs_method_comparison/elasticnet_then_mrmr_auto_k_no_smote,elasticnet_then_mrmr_auto_k,elasticnet_then_mrmr,auto,False,21,5,1.9047619047619049,ADC–Post1,Pairwise,EN → mRMR,False,No SMOTE,ADC_Post1,ADC,Post1,,,,,,
,,KNN,0.7894047619047619,0.0466744270623365,0.741904761904762,0.741904761904762,0.7249980421332914,0.7982672852042295,0.1103277160143177,0.798228471546,0.6674649859943977,0.1152990276698236,0.6548672566371682,0.6827777777777778,0.0831455177547228,0.6677777777777778,0.7948562548562548,0.1063931749225034,0.7608695652173914,0.6084126984126984,0.233395737255007,0.5555555555555556,0.6405002405002405,0.1841317588869865,0.6422018348623854,0.7571428571428571,0.1587579340778062,0.78,0.353624270877792,0.1762607694632392,0.3241834074528447,0.2151254320944975,10.0,10.0,5.059644256269407,4,12.0,16,0.6207337988878304,0.8529368547661992,0.6124435705242837,0.905685079193582,0.5416571100917431,0.7622971108586268,0.5553952724416197,0.7721006388728551,0.53328125,0.9091248303934868,0.375,0.7307926829268291,0.4589540270848183,0.7742049068605179,0.6457589285714287,0.9,0.1091205093444368,0.5224236079297636,0.1715254546663016,0.2620913162209341,2000.0,2000.0,mrmr_then_elasticnet_no_corr_auto_k_smote,nested_cv_outputs_all_pairwise_concat_batch_smote_compare/ADC_Post1/fs_method_comparison/mrmr_then_elasticnet_no_corr_auto_k_smote,mrmr_then_elasticnet_no_corr_auto_k,mrmr_then_elasticnet_no_corr,auto,True,40,4,1.25,ADC–Post1,Pairwise,mRMR → EN,True,SMOTE,ADC_Post1,ADC,Post1,,,,,,
,,SVM_RBF,0.7878968253968254,0.0498422808511351,0.7749206349206348,0.7749206349206348,0.7748453285300336,0.8247229692924074,0.086021241339332,0.8210502211666859,0.7173249299719887,0.1006345706458599,0.7079646017699115,0.7097222222222221,0.1087320414620914,0.7092063492063492,0.7660822510822511,0.0791180347619839,0.7586206896551724,0.7249206349206349,0.1565530055202229,0.6984126984126984,0.7332798371337924,0.1021379783722927,0.7272727272727273,0.6945238095238095,0.18848001632345,0.72,0.411188080554461,0.2212964777461541,0.41413982717989,0.1937435590472652,8.0,8.0,3.5777087639996634,4,8.0,12,0.6693216181239338,0.8663916430033504,0.6557146302230238,0.9206281733075424,0.6176406649616368,0.7959233207846245,0.6172022366423541,0.7989673438845261,0.56,0.897100707371556,0.5645057899090158,0.8154166666666665,0.5882033248081843,0.8228571428571428,0.5869254658385095,0.8600277777777776,0.2341365623192132,0.5846408839779005,0.1560299228459468,0.233339850789373,2000.0,2000.0,elasticnet_then_mrmr_auto_k_smote,nested_cv_outputs_all_pairwise_concat_batch_smote_compare/ADC_Post1/fs_method_comparison/elasticnet_then_mrmr_auto_k_smote,elasticnet_then_mrmr_auto_k,elasticnet_then_mrmr,auto,True,21,5,1.9047619047619049,ADC–Post1,Pairwise,EN → mRMR,True,SMOTE,ADC_Post1,ADC,Post1,,,,,,
,,KNN,0.7731746031746031,0.0663965379515576,0.7098412698412698,0.7098412698412699,0.7045187563630668,0.7865291244258323,0.1150045686139784,0.7692822748834021,0.666750700280112,0.0913894726773673,0.6548672566371682,0.6876984126984127,0.0567279913603442,0.6512698412698412,0.7555555555555555,0.1601051556688794,0.6935483870967742,0.7349206349206349,0.2422182695385745,0.6825396825396826,0.6868344216170303,0.1332470895670503,0.688,0.6404761904761905,0.2398033964193175,0.62,0.3558018609742747,0.1312668242513972,0.3019166798669412,0.2242740289954645,10.0,10.0,5.059644256269407,4,12.0,16,0.5655466219096335,0.8318933734037374,0.5875793802254224,0.8901624694692251,0.5257889117367923,0.7723669623059867,0.5251803812741314,0.7713939232409381,0.4727015437392796,0.8666911764705881,0.5,0.8478329664281783,0.5057471264367817,0.8125100806451613,0.4399848484848485,0.8,0.0490027042251738,0.5308566185005755,0.1781308335126591,0.2752071663330153,2000.0,2000.0,mrmr_then_elasticnet_no_corr_auto_k_no_smote,nested_cv_outputs_all_pairwise_concat_batch_smote_compare/ADC_Post1/fs_method_comparison/mrmr_then_elasticnet_no_corr_auto_k_no_smote,mrmr_then_elasticnet_no_corr_auto_k,mrmr_then_elasticnet_no_corr,auto,False,40,4,1.25,ADC–Post1,Pairwise,mRMR → EN,False,No SMOTE,ADC_Post1,ADC,Post1,,,,,,
,,GradientBoosting,0.7560714285714286,0.1008156456441734,0.7101587301587302,0.7101587301587302,0.7118803351867805,0.8081017430595787,0.0951527436052962,0.7837278463386337,0.7212745098039216,0.1293521847401102,0.7079646017699115,0.7239682539682539,0.0998160944361719,0.7050793650793651,0.7497863247863248,0.0990751621577925,0.7419354838709677,0.7712698412698413,0.2255155064251592,0.7301587301587301,0.7356581196581197,0.1528350286610633,0.736,0.6766666666666667,0.1466666666666666,0.68,0.4457947900053163,0.2094736444076006,0.4093141137335656,0.2172798389107991,9.2,9.2,2.4,6,8.0,12,0.5902255818715448,0.8284669201235132,0.6425749440724962,0.894480733047284,0.6018498033431662,0.8076923076923077,0.5960501891911187,0.8041881528451977,0.5625,0.870979262672811,0.5624725877192983,0.8823529411764706,0.5848663522012579,0.8421052631578947,0.5116149870801034,0.8088859600443948,0.1898101463420953,0.6037770447940213,0.1765142370644831,0.2589460816744866,2000.0,2000.0,corr_mrmr_auto_k_smote,nested_cv_outputs_all_pairwise_concat_batch_smote_compare/ADC_Post1/fs_method_comparison/corr_mrmr_auto_k_smote,corr_mrmr_auto_k,corr_mrmr,auto,True,29,4,1.5862068965517242,ADC–Post1,Pairwise,Corr. → mRMR,True,SMOTE,ADC_Post1,ADC,Post1,,,,,,
,,RandomForest,0.7560714285714286,0.0808259984516069,0.7092063492063492,0.7092063492063492,0.720025060693868,0.8082862392605147,0.1054069457998935,0.7380549471879504,0.6708963585434173,0.1205792199690101,0.6548672566371682,0.6705158730158729,0.1161656177328742,0.6533333333333333,0.7175,0.1026861453383291,0.7,0.7093650793650793,0.1948857318422427,0.6666666666666666,0.693780447634403,0.1314308184874324,0.6829268292682927,0.6316666666666667,0.1919490673185062,0.64,0.3338949384956644,0.2302012686918015,0.3047799337434926,0.2160375009968935,9.2,9.2,2.4,6,8.0,12,0.592428542533685,0.8242866400797607,0.5663861368458419,0.890557912506336,0.554521103896104,0.7543859649122807,0.5545251017639078,0.7534533112828685,0.5077380952380955,0.8548445535296868,0.5084676298971936,0.8166768292682927,0.5309644211666968,0.7936725375081538,0.4997950819672134,0.7777777777777778,0.1025105531873735,0.495516709610169,0.1836612874061205,0.2480661132271928,2000.0,2000.0,corr_mrmr_auto_k_no_smote,nested_cv_outputs_all_pairwise_concat_batch_smote_compare/ADC_Post1/fs_method_comparison/corr_mrmr_auto_k_no_smote,corr_mrmr_auto_k,corr_mrmr,auto,False,29,4,1.5862068965517242,ADC–Post1,Pairwise,Corr. → mRMR,False,No SMOTE,ADC_Post1,ADC,Post1,,,,,,
,,SVM_Linear,0.7770315596152917,0.1007745733046511,0.6865625,0.6865625,0.6845952600800246,0.8428949481675712,0.0644388836920264,0.7826902951133206,0.6644587296761209,0.1010098625875118,0.6578947368421053,0.7011855396065922,0.0703803179999263,0.67125,0.7823287823287824,0.1123977718645063,0.7659574468085106,0.6084316852737904,0.2059666069865905,0.5625,0.6520060331825038,0.1031310146308067,0.6486486486486487,0.793939393939394,0.1205855015216456,0.78,0.3682937942823775,0.1567421814595414,0.3302199457667972,0.2306588406586769,8.4,8.4,4.079215610874228,4,8.0,16,0.5323461279655037,0.8102145729818426,0.6064258101805936,0.8983004713868935,0.534476854038734,0.7631629168340699,0.5573553734448811,0.7716763251283599,0.5581283542039356,0.9090909090909092,0.3683941997851772,0.7250122549019606,0.4634146341463415,0.7745821570999685,0.6521739130434783,0.8958333333333334,0.1099379462082498,0.523083667863934,0.1780959169423111,0.2936378222106913,2000.0,2000.0,mrmr_then_elasticnet_no_corr_auto_k_smote,nested_cv_outputs_all_pairwise_concat_batch_smote_compare/ADC_Post2/fs_method_comparison/mrmr_then_elasticnet_no_corr_auto_k_smote,mrmr_then_elasticnet_no_corr_auto_k,mrmr_then_elasticnet_no_corr,auto,True,30,4,1.4,ADC–Post2,Pairwise,mRMR → EN,True,SMOTE,ADC_Post2,ADC,Post2,,,,,,
,,SVM_Linear,0.7728631035808069,0.112310366718077,0.6746875,0.6746875000000001,0.6768621114188981,0.8452306422006336,0.0699144203581069,0.7867970631061638,0.6354167571558876,0.1168400547240571,0.631578947368421,0.6770188729399255,0.0934153680263413,0.6303125,0.7294117647058824,0.1664196554800658,0.6833333333333333,0.704795321637427,0.2449298183480491,0.640625,0.6648351648351648,0.1099625255901965,0.6612903225806451,0.6492424242424243,0.2429870361243947,0.62,0.3218869647384621,0.1970879588432296,0.258364312267658,0.2350368661338307,8.4,8.4,4.079215610874228,4,8.0,16,0.5173558245689266,0.8048962644013133,0.6114133155924741,0.9010846957625092,0.5042735042735043,0.741393214682981,0.5027390054859724,0.740770596590909,0.4776034599728629,0.84375,0.4347621000820345,0.814021317829457,0.4782512504809542,0.7865205992509363,0.441843365253078,0.7777777777777778,0.0054585046584646,0.4677049621706697,0.1843020925211909,0.2966556734698222,2000.0,2000.0,mrmr_then_elasticnet_no_corr_auto_k_no_smote,nested_cv_outputs_all_pairwise_concat_batch_smote_compare/ADC_Post2/fs_method_comparison/mrmr_then_elasticnet_no_corr_auto_k_no_smote,mrmr_then_elasticnet_no_corr_auto_k,mrmr_then_elasticnet_no_corr,auto,False,30,4,1.4,ADC–Post2,Pairwise,mRMR → EN,False,No SMOTE,ADC_Post2,ADC,Post2,,,,,,
,,SVM_Linear,0.7501455429206626,0.125704063209087,0.6778124999999999,0.6778124999999999,0.6795552477685441,0.8116309997007548,0.1424549499831046,0.7748796444400892,0.6486122573079094,0.0680185506636271,0.6491228070175439,0.6818992557150452,0.0716902723045347,0.6415625,0.7071428571428571,0.1726149424799224,0.6818181818181818,0.7448591174906964,0.1545978806362305,0.703125,0.6925977011494253,0.0559558174610012,0.6923076923076923,0.6189393939393939,0.2196656194977903,0.58,0.3239073748391208,0.1274184328204118,0.2843691148775894,0.2335353512139769,10.8,10.8,5.878775382679628,4,12.0,18,0.5244150680673443,0.801903766825879,0.5808036886162589,0.8965752075421944,0.5195806100217866,0.7685363247863246,0.5136499613016836,0.7597916260954234,0.4716913746630728,0.8533709677419353,0.5272727272727272,0.8475211864406775,0.5306122448979592,0.8142878528656972,0.4081443688586546,0.7674418604651163,0.0271084869219733,0.5162740216374787,0.1817074814356531,0.2941437653481223,2000.0,2000.0,elasticnet_then_mrmr_auto_k_no_smote,nested_cv_outputs_all_pairwise_concat_batch_smote_compare/ADC_Post2/fs_method_comparison/elasticnet_then_mrmr_auto_k_no_smote,elasticnet_then_mrmr_auto_k,elasticnet_then_mrmr,auto,False,25,5,2.16,ADC–Post2,Pairwise,EN → mRMR,False,No SMOTE,ADC_Post2,ADC,Post2,,,,,,
,,ExtraTrees,0.7400783639539621,0.1162256270730174,0.6921875,0.6921875,0.6958294859956909,0.8152773303109904,0.1191065608030066,0.7679614747345231,0.6614038135777267,0.0547437770314514,0.6578947368421053,0.697837586390218,0.0373293800792308,0.6690625,0.7685120435120435,0.1496283864707435,0.7551020408163265,0.6100691121743753,0.1582200455480231,0.578125,0.6529629629629629,0.0706388640081904,0.6548672566371682,0.7856060606060605,0.1353836842647798,0.76,0.3540279881571627,0.079404518774121,0.3273827534039334,0.2241326425035477,10.8,10.8,5.878775382679628,4,12.0,18,0.5362859378493181,0.8240019133669945,0.5409008314805994,0.9024165253070732,0.5359838383838385,0.7747852503666456,0.5467462428233705,0.7822320391571261,0.5293014705882355,0.9117776057791536,0.3888888888888889,0.7619360902255637,0.4680712904117159,0.7887419756635048,0.6221969696969698,0.8958733974358972,0.0888827331486611,0.5478282676631581,0.1906963842065057,0.2612689543221509,2000.0,2000.0,elasticnet_then_mrmr_auto_k_smote,nested_cv_outputs_all_pairwise_concat_batch_smote_compare/ADC_Post2/fs_method_comparison/elasticnet_then_mrmr_auto_k_smote,elasticnet_then_mrmr_auto_k,elasticnet_then_mrmr,auto,True,25,5,2.16,ADC–Post2,Pairwise,EN → mRMR,True,SMOTE,ADC_Post2,ADC,Post2,,,,,,
,,LogisticRegression,0.7067422919097559,0.052217748333488,0.6446875,0.6446875,0.636657433056325,0.7609790301203769,0.1254818075057444,0.7477989926552975,0.6183135704874835,0.0832624537780637,0.6140350877192983,0.6609223817118555,0.0600619976035584,0.6190625000000001,0.7233766233766235,0.1780500061466376,0.6851851851851852,0.6263902179691654,0.1881215258694722,0.578125,0.6281374277896017,0.0972471366564545,0.6271186440677966,0.6954545454545455,0.1860862680950792,0.66,0.2858054884883681,0.1248645679583301,0.2330275229357797,0.2490068032971782,14.0,14.0,5.059644256269407,4,16.0,18,0.5204280873025744,0.7597856728412267,0.5796122287115762,0.8645328992607502,0.5046629123731927,0.7222222222222222,0.5071413009648303,0.7317738597972973,0.4571273291925466,0.86,0.4117647058823529,0.7285774818401937,0.4523390342052314,0.7516778523489933,0.5090829346092504,0.8181818181818182,0.0142091240010716,0.4406799899712219,0.2032473503693152,0.2987953136158905,2000.0,2000.0,corr_mrmr_auto_k_smote,nested_cv_outputs_all_pairwise_concat_batch_smote_compare/ADC_Post2/fs_method_comparison/corr_mrmr_auto_k_smote,corr_mrmr_auto_k,corr_mrmr,auto,True,44,4,1.5909090909090908,ADC–Post2,Pairwise,Corr. → mRMR,True,SMOTE,ADC_Post2,ADC,Post2,,,,,,
,,LogisticRegression,0.7001749322801956,0.0660520455045061,0.6471875,0.6471875,0.641889812249923,0.7592060848657631,0.1253678908262475,0.7482710750467989,0.6183135704874835,0.0832624537780637,0.6140350877192983,0.6609223817118555,0.0600619976035584,0.6190625000000001,0.7233766233766235,0.1780500061466376,0.6851851851851852,0.6263902179691654,0.1881215258694722,0.578125,0.6281374277896017,0.0972471366564545,0.6271186440677966,0.6954545454545455,0.1860862680950792,0.66,0.2858054884883681,0.1248645679583301,0.2330275229357797,0.2471848839765888,14.0,14.0,5.059644256269407,4,16.0,18,0.5252727103925436,0.7615201701749881,0.5831395937588567,0.8676400259888102,0.5046629123731927,0.7222222222222222,0.5071413009648303,0.7317738597972973,0.4571273291925466,0.86,0.4117647058823529,0.7285774818401937,0.4523390342052314,0.7516778523489933,0.5090829346092504,0.8181818181818182,0.0142091240010716,0.4406799899712219,0.2027694404122666,0.2950348536129154,2000.0,2000.0,corr_mrmr_auto_k_no_smote,nested_cv_outputs_all_pairwise_concat_batch_smote_compare/ADC_Post2/fs_method_comparison/corr_mrmr_auto_k_no_smote,corr_mrmr_auto_k,corr_mrmr,auto,False,44,4,1.5909090909090908,ADC–Post2,Pairwise,Corr. → mRMR,False,No SMOTE,ADC_Post2,ADC,Post2,,,,,,
,,LogisticRegression,0.7923832308042834,0.0347877539939723,0.7224999999999999,0.7224999999999999,0.7247614650661742,0.8393156124361658,0.0666528155058795,0.7672749438182814,0.67609781522825,0.0748128719021169,0.6754385964912281,0.6913583200425306,0.0603744387136795,0.6737500000000001,0.738655462184874,0.1594514287755037,0.7213114754098361,0.7054439128123339,0.1836392247804621,0.6875,0.6904576178297406,0.096222766794505,0.704,0.6772727272727272,0.2142533536280428,0.66,0.3569916941185683,0.1169749769590127,0.3452343992548897,0.2156377536762958,9.6,9.6,4.963869458396342,4,8.0,18,0.5905567887532371,0.8396570661194471,0.5557493484249082,0.9130173098635764,0.5762583461736005,0.7678712406015037,0.574365473862296,0.7677568023681854,0.5185019841269841,0.870979262672811,0.5466363636363637,0.807240500463392,0.5541545492314085,0.8059866413787415,0.5110992907801418,0.8085106382978723,0.146224521406639,0.5215920988973473,0.1691370828910463,0.2698180968873486,2000.0,2000.0,elasticnet_then_mrmr_auto_k_no_smote,nested_cv_outputs_all_pairwise_concat_batch_smote_compare/ADC_Pre/fs_method_comparison/elasticnet_then_mrmr_auto_k_no_smote,elasticnet_then_mrmr_auto_k,elasticnet_then_mrmr,auto,False,26,4,1.8461538461538465,ADC–Pre,Pairwise,EN → mRMR,False,No SMOTE,ADC_Pre,ADC,Pre,,,,,,
,,SVM_RBF,0.7862328341514944,0.0209781286452212,0.719375,0.719375,0.7225684826100338,0.8167344894450705,0.0637642408128105,0.7385474798971012,0.6784997611084567,0.1108473749780791,0.6754385964912281,0.6917336902863218,0.0796673642965196,0.6759375000000001,0.7469444444444445,0.1329868182458716,0.7288135593220338,0.6930994152046783,0.2414128018520437,0.671875,0.6796642161018036,0.1350396051358235,0.6991869918699187,0.6903679653679653,0.1795142368138741,0.68,0.3693528427180885,0.1779482733633179,0.3480680061823802,0.2190935374859482,9.6,9.6,4.963869458396342,4,8.0,18,0.5800317199248121,0.8346707201954577,0.5163678592981448,0.902953260409279,0.5619047619047619,0.768,0.5612819331411264,0.7700059523809524,0.5184865900383142,0.875,0.5,0.8113207547169812,0.530599950823703,0.805560551558753,0.5217391304347826,0.8260869565217391,0.1205121413144988,0.5254466772768736,0.1721803423566074,0.2777958223351093,2000.0,2000.0,elasticnet_then_mrmr_auto_k_smote,nested_cv_outputs_all_pairwise_concat_batch_smote_compare/ADC_Pre/fs_method_comparison/elasticnet_then_mrmr_auto_k_smote,elasticnet_then_mrmr_auto_k,elasticnet_then_mrmr,auto,True,26,4,1.8461538461538465,ADC–Pre,Pairwise,EN → mRMR,True,SMOTE,ADC_Pre,ADC,Pre,,,,,,
,,LogisticRegression,0.7276236620016523,0.0556185528404034,0.6653125,0.6653125,0.6482763927362266,0.7761418242018973,0.0703806579252012,0.7134322763106729,0.6088346436172524,0.1065657471744331,0.6052631578947368,0.6411709197235513,0.1005875415700282,0.6178125,0.7056060606060606,0.148747140013095,0.7021276595744681,0.5482509303561935,0.247744049004283,0.515625,0.5793211941038028,0.1441198419801299,0.5945945945945946,0.7340909090909091,0.1628417857899666,0.72,0.2545826561623615,0.1840066497577492,0.2271768605001507,0.2389065919485445,9.6,9.6,4.8,4,10.0,18,0.536179895273529,0.7829093361316503,0.5145824268629468,0.8700583434014264,0.4879848739495798,0.7130468486686888,0.505918501931491,0.7210242075311076,0.4666666666666667,0.8684318377911993,0.3230645161290323,0.6867658132530119,0.3998837209302328,0.7343916933760682,0.5901534258091635,0.8518790849673201,0.0120822763740601,0.4219827313897495,0.1947263269216841,0.2848265423698076,2000.0,2000.0,mrmr_then_elasticnet_no_corr_auto_k_smote,nested_cv_outputs_all_pairwise_concat_batch_smote_compare/ADC_Pre/fs_method_comparison/mrmr_then_elasticnet_no_corr_auto_k_smote,mrmr_then_elasticnet_no_corr_auto_k,mrmr_then_elasticnet_no_corr,auto,True,33,3,1.4545454545454546,ADC–Pre,Pairwise,mRMR → EN,True,SMOTE,ADC_Pre,ADC,Pre,,,,,,
,,LightGBM,0.724244081277574,0.0467089239046266,0.6206250000000001,0.620625,0.6148045552477684,0.7620931137217737,0.0896759032446878,0.6793540935649682,0.6172725824899737,0.058747498891919,0.6140350877192983,0.6501501860712386,0.0389903570251686,0.6190625000000001,0.721003996003996,0.1552170857870223,0.6851851851851852,0.6177246145667198,0.196796632011458,0.578125,0.6238371650136356,0.0670093947412662,0.6271186440677966,0.6825757575757576,0.2059770329632803,0.66,0.2698980070547139,0.0792191127631014,0.2330275229357797,0.2762222642447146,12.8,12.8,5.30659966456864,4,14.0,18,0.4693151507207299,0.7739369462901439,0.4658236565954824,0.8591501814183625,0.4957246376811594,0.7360027777777778,0.5085374935798664,0.7394111935028248,0.4929526433966115,0.848522727272727,0.3859311740890688,0.7692307692307693,0.453781512605042,0.7628933803581117,0.5,0.8235294117647058,0.015270702596284,0.468135583114715,0.2019578334474644,0.3538756856438019,2000.0,2000.0,corr_mrmr_auto_k_smote,nested_cv_outputs_all_pairwise_concat_batch_smote_compare/ADC_Pre/fs_method_comparison/corr_mrmr_auto_k_smote,corr_mrmr_auto_k,corr_mrmr,auto,True,47,3,1.3617021276595744,ADC–Pre,Pairwise,Corr. → mRMR,True,SMOTE,ADC_Pre,ADC,Pre,,,,,,
,,LightGBM,0.7240949481140869,0.0585368929033162,0.618125,0.618125,0.608571868267159,0.7700356774069606,0.0826582908985382,0.6722424721934337,0.6109788761962676,0.0927729730719032,0.6052631578947368,0.6573258904837853,0.0401588623882455,0.6112500000000001,0.7344911297852474,0.1554900769330675,0.6792452830188679,0.6237426900584795,0.2763615729884622,0.5625,0.6081232492997198,0.1205251854678282,0.6153846153846154,0.6909090909090909,0.2237812620839185,0.66,0.2848329128356582,0.107158391992208,0.2172718950259383,0.286022363916239,12.8,12.8,5.30659966456864,4,14.0,18,0.4488650169816179,0.7895989362222876,0.452193737342289,0.8647378913225044,0.4747306397306398,0.7400096153846153,0.4895908376214981,0.7413723169191916,0.4666379310344828,0.8596856725146197,0.3611111111111111,0.7820652173913043,0.4285714285714285,0.7673096361185984,0.4705882352941176,0.8437673611111111,-0.0199266378257137,0.4737846115251545,0.1994113650210666,0.3786732882150875,2000.0,2000.0,corr_mrmr_auto_k_no_smote,nested_cv_outputs_all_pairwise_concat_batch_smote_compare/ADC_Pre/fs_method_comparison/corr_mrmr_auto_k_no_smote,corr_mrmr_auto_k,corr_mrmr,auto,False,47,3,1.3617021276595744,ADC–Pre,Pairwise,Corr. → mRMR,False,No SMOTE,ADC_Pre,ADC,Pre,,,,,,
,,LogisticRegression,0.71313993201553,0.0515919808086769,0.6615625,0.6615625,0.6502770083102494,0.76494640787645,0.0701329726137869,0.7150809487572771,0.6256178604004691,0.1047224756862419,0.6228070175438597,0.6564340776182882,0.0988097435725008,0.635625,0.7240675990675991,0.1399632972326747,0.723404255319149,0.5605954279638491,0.1992543261018134,0.53125,0.605527950310559,0.1195664918864072,0.6126126126126126,0.7522727272727272,0.1448456320246515,0.74,0.2840359983328936,0.1767719481796678,0.2615245555890328,0.2389623425432491,9.6,9.6,4.8,4,10.0,18,0.5382826930591078,0.7748338431328121,0.5185446427801447,0.8671603080243427,0.5137435181491824,0.7289768302180685,0.5253616545550044,0.739403070013535,0.5,0.8909090909090909,0.3584568733153639,0.693891723356009,0.4332954545454546,0.7472706155632984,0.6060132575757576,0.8724069148936167,0.0477059617098604,0.4533227177221032,0.1995367641191055,0.2817364678412443,2000.0,2000.0,mrmr_then_elasticnet_no_corr_auto_k_no_smote,nested_cv_outputs_all_pairwise_concat_batch_smote_compare/ADC_Pre/fs_method_comparison/mrmr_then_elasticnet_no_corr_auto_k_no_smote,mrmr_then_elasticnet_no_corr_auto_k,mrmr_then_elasticnet_no_corr,auto,False,33,3,1.4545454545454546,ADC–Pre,Pairwise,mRMR → EN,False,No SMOTE,ADC_Pre,ADC,Pre,,,,,,
,,SVM_RBF,0.7992573605731501,0.0841346714305563,0.721875,0.721875,0.7274930747922437,0.8374717903522562,0.1077851826987688,0.7693060774488253,0.6570168961473309,0.1669661209954511,0.6491228070175439,0.6897501329080276,0.1230284240862895,0.6371875,0.7413502673796791,0.1766588871432826,0.6714285714285714,0.8037426900584794,0.27585325314426,0.734375,0.7022173489278752,0.1624258551552509,0.7014925373134329,0.5757575757575758,0.3419009141228687,0.54,0.3616908332263859,0.2563058350829167,0.2780240658644711,0.2113052347603677,10.4,10.4,5.851495535331118,4,10.0,18,0.587378128175813,0.8454596336499323,0.5691680150067259,0.9014299266906504,0.5267857142857143,0.7711924939467313,0.5253635825276659,0.7604462480976807,0.4713852813852814,0.8382352941176471,0.5740514905149052,0.8857412398921831,0.543951401869159,0.8205357142857141,0.3537962962962964,0.7442088463292292,0.0507829769628816,0.5165412072948742,0.1665823893182042,0.2575133760997949,2000.0,2000.0,elasticnet_then_mrmr_auto_k_no_smote,nested_cv_outputs_all_pairwise_concat_batch_smote_compare/ADC_T2/fs_method_comparison/elasticnet_then_mrmr_auto_k_no_smote,elasticnet_then_mrmr_auto_k,elasticnet_then_mrmr,auto,False,27,4,1.9259259259259256,ADC–T2,Pairwise,EN → mRMR,False,No SMOTE,ADC_T2,ADC,T2,,,,,,
,,SVM_RBF,0.7921997371758138,0.0433165837686742,0.7075,0.7075,0.6970221606648199,0.8479354646927121,0.0550772608138762,0.7817614528487226,0.6652043608565348,0.1064453312677562,0.6578947368421053,0.6928056884635831,0.0497511248084463,0.67125,0.7944155844155845,0.1177497453497781,0.7659574468085106,0.5984901648059543,0.2238022465039424,0.5625,0.6382458770614693,0.1408888064460915,0.6486486486486487,0.7871212121212121,0.1459272621555697,0.78,0.3635580441456281,0.1265511293635881,0.3302199457667972,0.2229940719154921,10.4,10.4,4.079215610874228,6,10.0,16,0.5768849206349208,0.8210804859932087,0.5861271186399113,0.9017435912155248,0.5436685159500694,0.763651145602365,0.5548595295606165,0.773377376950351,0.5453598484848486,0.9143009118541032,0.375,0.7361149267399267,0.4680712904117159,0.7820652173913043,0.6333333333333333,0.9047843665768192,0.1021637077769049,0.5224962304094807,0.1835079623079273,0.2670898069154389,2000.0,2000.0,mrmr_then_elasticnet_no_corr_auto_k_smote,nested_cv_outputs_all_pairwise_concat_batch_smote_compare/ADC_T2/fs_method_comparison/mrmr_then_elasticnet_no_corr_auto_k_smote,mrmr_then_elasticnet_no_corr_auto_k,mrmr_then_elasticnet_no_corr,auto,True,38,4,1.368421052631579,ADC–T2,Pairwise,mRMR → EN,True,SMOTE,ADC_T2,ADC,T2,,,,,,
,,SVM_RBF,0.7874947699828082,0.0389783129971509,0.69,0.69,0.692251461988304,0.8403078754191409,0.0508311421751951,0.7584162218723515,0.6366705758010106,0.095453089432972,0.631578947368421,0.6574016480595428,0.0166172491258644,0.628125,0.7218922305764411,0.1565681010503685,0.6774193548387096,0.6988942052099947,0.2700619840239444,0.65625,0.6471677559912854,0.1391713561491117,0.6666666666666666,0.615909090909091,0.2524171485779741,0.6,0.2995829827844435,0.0745275274722918,0.2551337896701928,0.226547992840033,10.4,10.4,4.079215610874228,6,10.0,16,0.5588796439176646,0.8153315800836927,0.570764849076421,0.8918909048772421,0.5096153846153846,0.7452984843798328,0.5083203125,0.7394290069184345,0.463403342366757,0.8378918918918916,0.4782608695652174,0.8113502358490565,0.4943754130865829,0.7884642857142857,0.4242424242424242,0.7647058823529411,0.0162942957054396,0.4748073995977392,0.1857283626663537,0.2727948546636537,2000.0,2000.0,mrmr_then_elasticnet_no_corr_auto_k_no_smote,nested_cv_outputs_all_pairwise_concat_batch_smote_compare/ADC_T2/fs_method_comparison/mrmr_then_elasticnet_no_corr_auto_k_no_smote,mrmr_then_elasticnet_no_corr_auto_k,mrmr_then_elasticnet_no_corr,auto,False,38,4,1.368421052631579,ADC–T2,Pairwise,mRMR → EN,False,No SMOTE,ADC_T2,ADC,T2,,,,,,
,,LogisticRegression,0.7752023308961109,0.0850938729056585,0.7162499999999999,0.71625,0.7176823638042474,0.8009581642345035,0.1216915230978649,0.7420610431072675,0.701072840203275,0.1229293752705139,0.6929824561403509,0.7233466241360978,0.0824307354937391,0.6915625000000001,0.7671078431372549,0.1381570839801649,0.7377049180327869,0.7542690058479533,0.2393110501739051,0.703125,0.7171567428672692,0.1392913602244778,0.72,0.6924242424242425,0.1923466796673739,0.68,0.424980900168574,0.1848217245132963,0.3806271344303011,0.2203104960748121,10.4,10.4,5.851495535331118,4,10.0,18,0.5930250850340135,0.8230902727658063,0.5562703306827348,0.8903738997896251,0.5793546365914788,0.7907302325581393,0.579404121990329,0.7897457627118644,0.5555555555555556,0.8734572784810124,0.5442991437081162,0.8412907268170425,0.5647058823529412,0.8263892596971659,0.5217164855072464,0.8148290598290597,0.1493001160723708,0.5661383263320958,0.1779978165324592,0.2702194661848869,2000.0,2000.0,elasticnet_then_mrmr_auto_k_smote,nested_cv_outputs_all_pairwise_concat_batch_smote_compare/ADC_T2/fs_method_comparison/elasticnet_then_mrmr_auto_k_smote,elasticnet_then_mrmr_auto_k,elasticnet_then_mrmr,auto,True,27,4,1.9259259259259256,ADC–T2,Pairwise,EN → mRMR,True,SMOTE,ADC_T2,ADC,T2,,,,,,
,,KNN,0.7444313952926394,0.1106073305522766,0.69359375,0.69359375,0.6703216374269005,0.8066221360266563,0.0684319577126065,0.7618428769384847,0.6513095600052122,0.134811963513784,0.6491228070175439,0.6741108452950558,0.1349438193002742,0.6590625,0.752020202020202,0.1876206546465364,0.74,0.5989792663476875,0.1277121281807238,0.578125,0.654568238778765,0.1229708448436674,0.6491228070175439,0.7492424242424243,0.1965671878022308,0.74,0.3163536147156575,0.2657504112554925,0.3086719223771982,0.2355839728842831,13.6,13.6,2.65329983228432,10,14.0,18,0.5911566281819447,0.7954361401843477,0.5827860246855371,0.8766534078012176,0.5447136324041811,0.7589312607573149,0.552605860591709,0.7667923752448923,0.5306122448979592,0.902458693941778,0.4285238095238096,0.7222222222222222,0.4946176150779268,0.7681159420289855,0.5853658536585366,0.8947368421052632,0.1029554039206932,0.5124519463161907,0.1915213857996152,0.2784713433128527,2000.0,2000.0,corr_mrmr_auto_k_smote,nested_cv_outputs_all_pairwise_concat_batch_smote_compare/ADC_T2/fs_method_comparison/corr_mrmr_auto_k_smote,corr_mrmr_auto_k,corr_mrmr,auto,True,49,4,1.3877551020408163,ADC–T2,Pairwise,Corr. → mRMR,True,SMOTE,ADC_T2,ADC,T2,,,,,,
,,KNN,0.7388471005337034,0.0704286265765782,0.6829687500000001,0.6829687500000001,0.6831717451523546,0.7914511755124649,0.0882824876806318,0.7413804731381419,0.6250778207299946,0.0925561384735744,0.6228070175438597,0.6285045948203842,0.0845914573029555,0.6159375,0.6633333333333333,0.1275408431313932,0.6615384615384615,0.6899096225412015,0.1261671959239445,0.671875,0.6635872148815236,0.0878826381480439,0.6666666666666666,0.5670995670995671,0.1377803817450917,0.56,0.2440835927198205,0.1704557737501271,0.2323833385530849,0.2369505890600519,13.6,13.6,2.65329983228432,10,14.0,18,0.5833938234384662,0.7900012437810944,0.5534666319361841,0.8737051697344098,0.5368301435406699,0.7155240471869329,0.5305262348763227,0.7152576112412177,0.4753889969435954,0.8088276602775941,0.55,0.7962962962962963,0.5370257452574526,0.7651006711409396,0.4185940803382664,0.7045454545454546,0.0610623368220801,0.4192409562296119,0.1907405302887443,0.2782282391167791,2000.0,2000.0,corr_mrmr_auto_k_no_smote,nested_cv_outputs_all_pairwise_concat_batch_smote_compare/ADC_T2/fs_method_comparison/corr_mrmr_auto_k_no_smote,corr_mrmr_auto_k,corr_mrmr,auto,False,49,4,1.3877551020408163,ADC–T2,Pairwise,Corr. → mRMR,False,No SMOTE,ADC_T2,ADC,T2,,,,,,
,,SVM_RBF,0.7632990974167445,0.1235557281703657,0.7442908653846153,0.7442908653846154,0.7434973246135552,0.816849522055324,0.0388682812680483,0.7815983708857402,0.6700136904252588,0.0543378280178754,0.6810344827586207,0.6993137254901961,0.0398197485088766,0.6802884615384616,0.7423737373737374,0.2185935602369932,0.7213114754098361,0.7152941176470589,0.2053134998435151,0.6875,0.6667743067743068,0.094980590173437,0.704,0.6833333333333332,0.2287917809108222,0.6730769230769231,0.3574391938307314,0.0732027568948661,0.3586371787208607,0.2070082627018161,5.6,5.6,2.33238075793812,4,4.0,10,0.5964830861389627,0.8622101922164214,0.5886716135706387,0.9037232989556016,0.5677769526472131,0.7804878048780488,0.5727235041743971,0.7820882936507936,0.5365635888501743,0.8518670309653915,0.5052419354838712,0.8409181096681096,0.5434715512614063,0.8062169661733615,0.5384615384615384,0.8,0.1410212506463983,0.5562928707037859,0.1671646466258742,0.2567419569790256,2000.0,2000.0,mrmr_then_elasticnet_no_corr_auto_k_smote,nested_cv_outputs_all_pairwise_concat_batch_smote_compare/Post1_Post2/fs_method_comparison/mrmr_then_elasticnet_no_corr_auto_k_smote,mrmr_then_elasticnet_no_corr_auto_k,mrmr_then_elasticnet_no_corr,auto,True,21,3,1.3333333333333333,Post1–Post2,Pairwise,mRMR → EN,True,SMOTE,Post1_Post2,Post1,Post2,,,,,,
,,SVM_RBF,0.761338313103019,0.1225804877515825,0.7292668269230769,0.7292668269230769,0.7269247919143876,0.8157788672199633,0.0385030275637401,0.7834445204229583,0.6418912752060694,0.1142289220474683,0.6724137931034483,0.6805228758169934,0.0430989134418639,0.6670673076923077,0.7185355820649938,0.2341625663749826,0.696969696969697,0.7388235294117647,0.2062551247135164,0.71875,0.6600474035768154,0.1228855805178461,0.7076923076923077,0.6222222222222222,0.270801280154532,0.6153846153846154,0.3340184625290488,0.113471426249668,0.3353437876960192,0.211268585290077,5.6,5.6,2.33238075793812,4,4.0,10,0.5715206907423506,0.852574211502783,0.6024809761013258,0.8991427965291726,0.5576880530973451,0.7768610934520025,0.553514424062308,0.7741418650793651,0.5142757936507936,0.8333333333333334,0.5302807486631016,0.8750480769230766,0.5420463395638629,0.8153910614525139,0.4705882352941176,0.7458686440677961,0.0995948953663597,0.54666163808841,0.1700285462845787,0.264465470208383,2000.0,2000.0,mrmr_then_elasticnet_no_corr_auto_k_no_smote,nested_cv_outputs_all_pairwise_concat_batch_smote_compare/Post1_Post2/fs_method_comparison/mrmr_then_elasticnet_no_corr_auto_k_no_smote,mrmr_then_elasticnet_no_corr_auto_k,mrmr_then_elasticnet_no_corr,auto,False,21,3,1.3333333333333333,Post1–Post2,Pairwise,mRMR → EN,False,No SMOTE,Post1_Post2,Post1,Post2,,,,,,
,,GradientBoosting,0.7067654839713664,0.1059083746711911,0.6591045673076922,0.6591045673076923,0.6507134363852557,0.7535442841087124,0.1077206942740106,0.7630434023927035,0.5382542806347034,0.1287668260080575,0.5775862068965517,0.5714379084967319,0.0831019085670377,0.5649038461538461,0.5790552584670232,0.1749683080651563,0.6027397260273972,0.7317647058823529,0.1669427931770989,0.6875,0.6074880174805444,0.1117564369090504,0.6423357664233577,0.4111111111111111,0.2190044816047447,0.4423076923076923,0.1300960340805704,0.1700432238281831,0.1319486866218693,0.2264690516146985,7.6,7.6,4.454211490264017,4,6.0,16,0.5230697226482475,0.7825904452690166,0.6049770322456387,0.8751423464253896,0.4754057782827462,0.6754385964912281,0.4660621416871416,0.6569942269711854,0.4218353713768116,0.7536231884057971,0.5555180180180181,0.8166666666666667,0.5,0.746839255757206,0.2954545454545454,0.5769230769230769,-0.0683634205560568,0.3132497927074972,0.1971553643473424,0.2549325964872366,2000.0,2000.0,elasticnet_then_mrmr_auto_k_no_smote,nested_cv_outputs_all_pairwise_concat_batch_smote_compare/Post1_Post2/fs_method_comparison/elasticnet_then_mrmr_auto_k_no_smote,elasticnet_then_mrmr_auto_k,elasticnet_then_mrmr,auto,False,21,4,1.8095238095238095,Post1–Post2,Pairwise,EN → mRMR,False,No SMOTE,Post1_Post2,Post1,Post2,,,,,,
,,RandomForest,0.6975435729847493,0.1000839252490602,0.6454326923076923,0.6454326923076923,0.6478894173602855,0.7734905817836933,0.0639830495307975,0.7219987987612714,0.6653304241179658,0.0833284123678034,0.6551724137931034,0.6858426704014938,0.1112591452801175,0.6532451923076923,0.7084615384615385,0.1512768360682989,0.6935483870967742,0.7117647058823529,0.1972124072263553,0.671875,0.6729146141215107,0.0578074170993288,0.6825396825396826,0.6599206349206349,0.229410387132675,0.6346153846153846,0.3284469827215438,0.1775144114367343,0.3053892215568862,0.2342788680628654,8.8,8.8,4.833218389437829,4,8.0,18,0.4836638669301713,0.7917155468119451,0.541913142234686,0.8600985919918448,0.530755033557047,0.7657748474280731,0.5300350140056023,0.7621725247564478,0.5,0.8490630653915741,0.4705882352941176,0.8428641456582633,0.5116031667491342,0.803160151856018,0.4665942028985508,0.8030365126676601,0.0571273814095883,0.5219621405169275,0.2025065908227565,0.271690063563359,2000.0,2000.0,corr_mrmr_auto_k_no_smote,nested_cv_outputs_all_pairwise_concat_batch_smote_compare/Post1_Post2/fs_method_comparison/corr_mrmr_auto_k_no_smote,corr_mrmr_auto_k,corr_mrmr,auto,False,30,4,1.4666666666666666,Post1–Post2,Pairwise,Corr. → mRMR,False,No SMOTE,Post1_Post2,Post1,Post2,,,,,,
,,RandomForest,0.6825085589791472,0.0569006999380983,0.6370192307692308,0.6370192307692308,0.6462544589774079,0.7554561295454306,0.0834404414387879,0.6803669999532338,0.6081805044541417,0.0678800845133796,0.603448275862069,0.6380952380952382,0.0830968379294705,0.5973557692307692,0.6682234432234432,0.200184406927946,0.6363636363636364,0.7,0.2456542707978952,0.65625,0.6238801811215604,0.0788624442009266,0.6461538461538462,0.5761904761904761,0.2594449178667863,0.5384615384615384,0.2385608317941586,0.1372496595084662,0.1954161640530759,0.23679281920855,8.8,8.8,4.833218389437829,4,8.0,18,0.4775526889534884,0.7787308769661709,0.4764768133917335,0.8499821168131213,0.4693877551020408,0.7272974308300394,0.4682482993197279,0.72001306710848,0.44,0.805203823953824,0.4637410772225828,0.8409389952153109,0.4727272727272727,0.7777944111776446,0.3749533582089553,0.7059077079107504,-0.0619580227349289,0.4361434452889993,0.1995848517987807,0.279473224105785,2000.0,2000.0,corr_mrmr_auto_k_smote,nested_cv_outputs_all_pairwise_concat_batch_smote_compare/Post1_Post2/fs_method_comparison/corr_mrmr_auto_k_smote,corr_mrmr_auto_k,corr_mrmr,auto,True,30,4,1.4666666666666666,Post1–Post2,Pairwise,Corr. → mRMR,True,SMOTE,Post1_Post2,Post1,Post2,,,,,,
,,SVM_RBF,0.6723506069094304,0.1106301945740519,0.6899038461538461,0.6899038461538461,0.6954146848989299,0.7602401239796582,0.1269452862585299,0.7666695993273515,0.6151008242776874,0.1169407268465891,0.6379310344827587,0.6350980392156862,0.0854650079821484,0.6358173076923077,0.6821969696969696,0.2469871252448818,0.6774193548387096,0.6368627450980392,0.1795821541693853,0.65625,0.6087797260211054,0.156567383722388,0.6666666666666666,0.6333333333333333,0.2211083193570266,0.6153846153846154,0.2633198738299537,0.167973904019389,0.2706586826347305,0.2187814016966457,7.6,7.6,4.454211490264017,4,6.0,16,0.5344624416251381,0.8210186389071757,0.5682162144622198,0.8923374990034577,0.5099950980392157,0.756308001461454,0.5098685793892493,0.7569584208723639,0.4677419354838709,0.8390855911330048,0.4590115718418515,0.8333333333333334,0.4841931752458068,0.7917097107438014,0.4677150537634408,0.7627349768875191,0.0187660239271375,0.5074350638326769,0.1773963170204891,0.2632916710379499,2000.0,2000.0,elasticnet_then_mrmr_auto_k_smote,nested_cv_outputs_all_pairwise_concat_batch_smote_compare/Post1_Post2/fs_method_comparison/elasticnet_then_mrmr_auto_k_smote,elasticnet_then_mrmr_auto_k,elasticnet_then_mrmr,auto,True,21,4,1.8095238095238095,Post1–Post2,Pairwise,EN → mRMR,True,SMOTE,Post1_Post2,Post1,Post2,,,,,,
,,LogisticRegression,0.6935862122626829,0.1376980001439816,0.6868990384615384,0.6868990384615385,0.6857907253269917,0.7600659177242495,0.0958403128904223,0.7400921620334934,0.6467485240010268,0.088891159738371,0.6551724137931034,0.6438958916900094,0.1021358830165934,0.6478365384615384,0.6619323671497584,0.1893104504199242,0.6764705882352942,0.692156862745098,0.1098039215686274,0.71875,0.6538888888888887,0.1227212036575607,0.696969696969697,0.5956349206349205,0.2378186223846553,0.5769230769230769,0.2689997864922031,0.2084608087650216,0.297820823244552,0.2318152373664931,10.4,10.4,4.454211490264018,6,10.0,18,0.540666482496777,0.8166504933940923,0.5482635331876932,0.8767187850446913,0.5339805825242718,0.7685363247863246,0.5292625954668638,0.7665043290043289,0.479350999326297,0.8500186567164177,0.559322033898305,0.8524710703953712,0.54,0.8128385722359898,0.3832894736842106,0.7736897274633119,0.0601603249977047,0.5211903208027435,0.1778575584581086,0.2934847123559991,2000.0,2000.0,elasticnet_then_mrmr_auto_k_smote,nested_cv_outputs_all_pairwise_concat_batch_smote_compare/Post1_Pre/fs_method_comparison/elasticnet_then_mrmr_auto_k_smote,elasticnet_then_mrmr_auto_k,elasticnet_then_mrmr,auto,True,35,3,1.4857142857142858,Post1–Pre,Pairwise,EN → mRMR,True,SMOTE,Post1_Pre,Post1,Pre,,,,,,
,,LogisticRegression,0.6911539060068471,0.1056475588248346,0.6956129807692308,0.6956129807692308,0.6970868014268727,0.7637123121823869,0.1123311214783291,0.7730509172787112,0.6433235408763773,0.0881342425586738,0.6551724137931034,0.6343137254901962,0.1144042922737119,0.6532451923076923,0.6741736694677871,0.2702860559053781,0.6935483870967742,0.6019607843137255,0.1699899356995548,0.671875,0.6149522287692666,0.1882074842630416,0.6825396825396826,0.6666666666666666,0.1956312984628778,0.6346153846153846,0.261423873624685,0.2102026733641503,0.3053892215568862,0.227841645035923,12.4,12.4,6.858571279792899,4,18.0,18,0.5401617080655792,0.830296954754786,0.5862436580716528,0.9038668465534592,0.5333333333333333,0.7716711478138402,0.5328325730391408,0.774738559774167,0.4736602870813397,0.8750480769230766,0.4915254237288136,0.8103564771668219,0.5097781217750258,0.8034313725490195,0.4693466096115866,0.8285714285714286,0.064608542532057,0.5329696748560772,0.1771238130481726,0.288068560166755,2000.0,2000.0,mrmr_then_elasticnet_no_corr_auto_k_smote,nested_cv_outputs_all_pairwise_concat_batch_smote_compare/Post1_Pre/fs_method_comparison/mrmr_then_elasticnet_no_corr_auto_k_smote,mrmr_then_elasticnet_no_corr_auto_k,mrmr_then_elasticnet_no_corr,auto,True,45,5,1.3777777777777778,Post1–Pre,Pairwise,mRMR → EN,True,SMOTE,Post1_Pre,Post1,Pre,,,,,,
,,LogisticRegression,0.6872580143168379,0.1135382550182827,0.6878004807692308,0.6878004807692308,0.685344827586207,0.7579041920562919,0.1130951259368091,0.7602666594431915,0.6217378283562933,0.0839585983638992,0.6206896551724138,0.6007819794584501,0.1108069704231509,0.6147836538461539,0.6253679653679655,0.2207584830257137,0.6515151515151515,0.6019607843137255,0.1699899356995548,0.671875,0.599490229328939,0.1695191562310449,0.6615384615384615,0.5996031746031745,0.2295915287923804,0.5576923076923077,0.1918122328511294,0.2116172356008765,0.2303980699638117,0.2313857055934093,12.4,12.4,6.858571279792899,4,18.0,18,0.5338641679102962,0.8250846200498294,0.5721842374636643,0.9019497172398956,0.4910209202294057,0.7463012606868569,0.490188651218063,0.7474931909199611,0.4285714285714285,0.8452609890109889,0.4915254237288136,0.8103564771668219,0.4847643097643099,0.792275088870659,0.3809356136820925,0.7719497607655501,-0.0192106024561178,0.4769066144718387,0.1784222920880796,0.2927517447134508,2000.0,2000.0,mrmr_then_elasticnet_no_corr_auto_k_no_smote,nested_cv_outputs_all_pairwise_concat_batch_smote_compare/Post1_Pre/fs_method_comparison/mrmr_then_elasticnet_no_corr_auto_k_no_smote,mrmr_then_elasticnet_no_corr_auto_k,mrmr_then_elasticnet_no_corr,auto,False,45,5,1.3777777777777778,Post1–Pre,Pairwise,mRMR → EN,False,No SMOTE,Post1_Pre,Post1,Pre,,,,,,
,,LogisticRegression,0.6828952692187987,0.1460770255420412,0.6739783653846154,0.6739783653846154,0.6760552913198573,0.7551644231617007,0.0992043143289091,0.7284721833549945,0.640296911097801,0.0801478607841948,0.646551724137931,0.6367530345471523,0.0940741155321591,0.6382211538461539,0.6537452326468345,0.1849585883568383,0.6666666666666666,0.692156862745098,0.1098039215686274,0.71875,0.6494444444444444,0.117646677559295,0.6917293233082706,0.5813492063492063,0.232344573872106,0.5576923076923077,0.255222628469622,0.1916093318681699,0.2789569436021831,0.2350368418179315,10.4,10.4,4.454211490264018,6,10.0,18,0.5226495452425374,0.8130684383829122,0.5282783876987273,0.8784439906141349,0.5217298402081011,0.7610652489763571,0.518958448954555,0.758558635690485,0.4615131578947369,0.8472222222222222,0.5555555555555556,0.847483307652799,0.5322543651968038,0.8066448112893563,0.3653769841269841,0.76,0.0369308096466525,0.5075434725604044,0.1798886978761534,0.2986577921487914,2000.0,2000.0,elasticnet_then_mrmr_auto_k_no_smote,nested_cv_outputs_all_pairwise_concat_batch_smote_compare/Post1_Pre/fs_method_comparison/elasticnet_then_mrmr_auto_k_no_smote,elasticnet_then_mrmr_auto_k,elasticnet_then_mrmr,auto,False,35,3,1.4857142857142858,Post1–Pre,Pairwise,EN → mRMR,False,No SMOTE,Post1_Pre,Post1,Pre,,,,,,
,,LogisticRegression,0.6405415499533147,0.0568224971360964,0.6376201923076923,0.6376201923076923,0.6365933412604043,0.6883532160792905,0.1603792569929944,0.7168408824615844,0.6126983447895572,0.0805523441220253,0.603448275862069,0.6200513538748833,0.0894767398063707,0.6045673076923077,0.6643137254901961,0.2238607794963056,0.6551724137931034,0.5980392156862745,0.0784313725490196,0.59375,0.6023692810457517,0.1026241357086835,0.6229508196721312,0.6420634920634921,0.1959594365705647,0.6153846153846154,0.2191558384133013,0.1699224868843644,0.2068965517241379,0.2402935120225349,11.6,11.6,4.963869458396343,4,14.0,18,0.5109181749622926,0.7615021813687881,0.54290602928359,0.8459726878028898,0.5080522971652004,0.6976804748062015,0.5080591526276087,0.7023839742759022,0.4561004784688995,0.8235933503836314,0.4629273504273505,0.7142857142857143,0.4827088859416447,0.7218149540517961,0.4736476608187135,0.7755102040816326,0.0147773176367666,0.3917041794061168,0.1999754368605732,0.2921223604101941,2000.0,2000.0,corr_mrmr_auto_k_no_smote,nested_cv_outputs_all_pairwise_concat_batch_smote_compare/Post1_Pre/fs_method_comparison/corr_mrmr_auto_k_no_smote,corr_mrmr_auto_k,corr_mrmr,auto,False,35,3,1.6571428571428573,Post1–Pre,Pairwise,Corr. → mRMR,False,No SMOTE,Post1_Pre,Post1,Pre,,,,,,
,,LogisticRegression,0.640245876128229,0.0539158788685377,0.6430288461538463,0.6430288461538463,0.6475178359096314,0.6930029357709138,0.1793398341979344,0.7272345238090834,0.6329430611410589,0.0614416675219388,0.6293103448275862,0.6438608776844071,0.0645634633271637,0.6334134615384616,0.6885714285714286,0.2182511399528143,0.6909090909090909,0.5980392156862745,0.0784313725490196,0.59375,0.6133512544802867,0.1012425850214549,0.6386554621848739,0.6896825396825397,0.1601995480259064,0.6730769230769231,0.2655656897645038,0.1253613977853876,0.2625665286812537,0.2345789126247519,11.6,11.6,4.963869458396343,4,14.0,18,0.5154233838668849,0.7605169643034186,0.5575578089904538,0.8533451466880068,0.5378787878787878,0.7190155139915906,0.5416581632653062,0.725633305389965,0.4912200956937799,0.8462499999999995,0.4629273504273505,0.7142857142857143,0.5048498321386444,0.731724493301271,0.5434627329192546,0.8095443349753694,0.0819379725690171,0.4380916783106263,0.1977728553144066,0.2800107580560019,2000.0,2000.0,corr_mrmr_auto_k_smote,nested_cv_outputs_all_pairwise_concat_batch_smote_compare/Post1_Pre/fs_method_comparison/corr_mrmr_auto_k_smote,corr_mrmr_auto_k,corr_mrmr,auto,True,35,3,1.6571428571428573,Post1–Pre,Pairwise,Corr. → mRMR,True,SMOTE,Post1_Pre,Post1,Pre,,,,,,
,,SVM_RBF,0.7469413320883909,0.0612446740358682,0.6968149038461539,0.6968149038461537,0.7014343043995244,0.7910474208093733,0.0529703702235871,0.738130995950838,0.6582983942272039,0.0240153662285704,0.6551724137931034,0.6587885154061625,0.0271871972938433,0.6532451923076923,0.6767965367965367,0.1544923575223823,0.6935483870967742,0.6568627450980392,0.109171850251569,0.671875,0.6476220016542598,0.0868759656079344,0.6825396825396826,0.6607142857142857,0.1413612153218799,0.6346153846153846,0.2980147937494413,0.0477829536892326,0.3053892215568862,0.2185862634334347,9.6,9.6,4.963869458396343,4,8.0,18,0.5764656031904287,0.8111338098337421,0.5410701051225864,0.8848477663122711,0.5447136324041811,0.7623166522864537,0.5456805520061334,0.7611111111111111,0.4909090909090909,0.8452609890109889,0.5087719298245614,0.8200128205128204,0.5227221539721539,0.7919528458119062,0.4909005145797598,0.78125,0.0876115199829271,0.5114117909705238,0.1817202495138023,0.2559271274784225,2000.0,2000.0,mrmr_then_elasticnet_no_corr_auto_k_smote,nested_cv_outputs_all_pairwise_concat_batch_smote_compare/Post1_T2/fs_method_comparison/mrmr_then_elasticnet_no_corr_auto_k_smote,mrmr_then_elasticnet_no_corr_auto_k,mrmr_then_elasticnet_no_corr,auto,True,38,4,1.263157894736842,Post1–T2,Pairwise,mRMR → EN,True,SMOTE,Post1_T2,Post1,T2,,,,,,
,,KNN,0.7415067693744165,0.1121566228713085,0.7178485576923078,0.7178485576923077,0.7245838287752677,0.7895495500490315,0.075576380885051,0.7725396416464235,0.6255754256866604,0.1067892846180271,0.6551724137931034,0.6554645191409898,0.0761226816270391,0.6514423076923077,0.6432952668246786,0.17316296151448,0.6875,0.7152941176470589,0.2053134998435151,0.6875,0.6403921568627451,0.1342849546972951,0.6875,0.5956349206349206,0.1477683150432224,0.6153846153846154,0.2829559267378646,0.1582270860461414,0.3028846153846154,0.2168931594468448,11.2,11.2,4.48998886412873,6,12.0,16,0.587955477542232,0.8381728973027156,0.5828241847329517,0.8936400407577294,0.5434688905547226,0.7641648168701443,0.5397322645011142,0.7579552760307477,0.4871093750000001,0.8405797101449275,0.5142664092664092,0.837847774244833,0.5299019607843137,0.8021437010322099,0.4565217391304347,0.7727272727272727,0.0775938850917938,0.5114963601574398,0.162876189296818,0.2753826516899054,2000.0,2000.0,elasticnet_then_mrmr_auto_k_smote,nested_cv_outputs_all_pairwise_concat_batch_smote_compare/Post1_T2/fs_method_comparison/elasticnet_then_mrmr_auto_k_smote,elasticnet_then_mrmr_auto_k,elasticnet_then_mrmr,auto,True,32,4,1.75,Post1–T2,Pairwise,EN → mRMR,True,SMOTE,Post1_T2,Post1,T2,,,,,,
,,SVM_RBF,0.74036453470277,0.0703681747081231,0.676983173076923,0.6769831730769231,0.6859021997621879,0.7826429690519804,0.0549489745301814,0.7240467653508216,0.5842840573096413,0.0914581820285139,0.603448275862069,0.6183916900093371,0.0420581964932983,0.5919471153846154,0.6128571428571429,0.1714391531125683,0.625,0.7435294117647059,0.1538254976817049,0.703125,0.6342411056995512,0.095627362306494,0.6617647058823529,0.4932539682539681,0.1969933359319865,0.4807692307692308,0.2122816175498876,0.0877980171541969,0.1865853658536584,0.2210702908046924,9.6,9.6,4.963869458396343,4,8.0,18,0.5499064538992309,0.7942577843909697,0.5260867256320634,0.8707833408132319,0.5040588344814746,0.7069128171763174,0.4948939565453721,0.6944658357150417,0.4354838709677419,0.7796816866473749,0.5573630774962742,0.8444540229885057,0.509075500770416,0.767127595416559,0.3333333333333333,0.631578947368421,-0.0095499157440604,0.387247069040382,0.1887849902385835,0.2557727564382391,2000.0,2000.0,mrmr_then_elasticnet_no_corr_auto_k_no_smote,nested_cv_outputs_all_pairwise_concat_batch_smote_compare/Post1_T2/fs_method_comparison/mrmr_then_elasticnet_no_corr_auto_k_no_smote,mrmr_then_elasticnet_no_corr_auto_k,mrmr_then_elasticnet_no_corr,auto,False,38,4,1.263157894736842,Post1–T2,Pairwise,mRMR → EN,False,No SMOTE,Post1_T2,Post1,T2,,,,,,
,,ExtraTrees,0.7217156862745098,0.0936615845341422,0.6959134615384617,0.6959134615384617,0.693370986920333,0.7869331267093982,0.0381164128091128,0.7575756639461875,0.6865211108258938,0.0484560771242297,0.6724137931034483,0.6993930905695611,0.0829576831387434,0.6688701923076923,0.7234173669467787,0.166798911825253,0.703125,0.7352941176470588,0.1642851769855169,0.703125,0.6939499484004127,0.0364187185132341,0.703125,0.6634920634920635,0.1897871133667952,0.6346153846153846,0.3590691261930719,0.1117600584905606,0.3377403846153846,0.232561662520954,14.8,14.8,3.249615361854384,10,16.0,18,0.5641853034638173,0.8299905439076951,0.5915227374207577,0.8836208818905887,0.5698692992213572,0.767452242524917,0.5678394206043074,0.7646294479738742,0.5,0.8551242236024842,0.5640909090909091,0.8310446009389668,0.5617528089887641,0.8062169661733615,0.5,0.7804878048780488,0.1350600233426035,0.5183630485469808,0.2015985219478801,0.2682907275357538,2000.0,2000.0,corr_mrmr_auto_k_no_smote,nested_cv_outputs_all_pairwise_concat_batch_smote_compare/Post1_T2/fs_method_comparison/corr_mrmr_auto_k_no_smote,corr_mrmr_auto_k,corr_mrmr,auto,False,43,5,1.7209302325581397,Post1–T2,Pairwise,Corr. → mRMR,False,No SMOTE,Post1_T2,Post1,T2,,,,,,
,,ExtraTrees,0.7188258636788049,0.0997190601393476,0.6881009615384617,0.6881009615384616,0.6843787158145065,0.7808923802643906,0.0495035707973276,0.7555994015246148,0.6928786020554651,0.0717863286383503,0.6810344827586207,0.6830532212885154,0.0618946916984567,0.6784855769230769,0.7222222222222221,0.164804410824348,0.7142857142857143,0.6803921568627451,0.181793364494106,0.703125,0.6740614361808642,0.1027051078548617,0.7086614173228346,0.6857142857142857,0.1952832571330755,0.6538461538461539,0.3551986842230635,0.1170454809256677,0.3563287342531493,0.2342070064755855,14.8,14.8,3.249615361854384,10,16.0,18,0.5584025443510738,0.8191153647532072,0.5947511259894056,0.8805483228256012,0.5747808969530983,0.7928005591798695,0.5776136747802568,0.7863448864885131,0.5106081894821357,0.8772019334049408,0.5468394886363637,0.8636556240369799,0.5542168674698795,0.826095939633489,0.5098039215686274,0.8222222222222222,0.1508834637499879,0.5666488645458596,0.2038075597348803,0.2688284604772996,2000.0,2000.0,corr_mrmr_auto_k_smote,nested_cv_outputs_all_pairwise_concat_batch_smote_compare/Post1_T2/fs_method_comparison/corr_mrmr_auto_k_smote,corr_mrmr_auto_k,corr_mrmr,auto,True,43,5,1.7209302325581397,Post1–T2,Pairwise,Corr. → mRMR,True,SMOTE,Post1_T2,Post1,T2,,,,,,
,,KNN,0.6910978835978836,0.0818538799203704,0.6658653846153846,0.6658653846153846,0.6640160523186682,0.7214203361877386,0.1100872786389906,0.7292881352083909,0.5756695473603148,0.1839647439708143,0.6293103448275862,0.6118604108309991,0.0958582459723347,0.6135817307692308,0.6045889179470414,0.1948410452990388,0.6363636363636364,0.7741176470588236,0.2025990295682753,0.765625,0.6372489601901367,0.1668612338888012,0.6950354609929078,0.4496031746031746,0.2544068633189845,0.4615384615384615,0.2276947374613007,0.1919776618339089,0.2326153846153845,0.2315023174355202,11.2,11.2,4.48998886412873,6,12.0,16,0.5190142178268106,0.7912558406983483,0.5448649320019705,0.8622636017909486,0.5044987294987294,0.7428571428571429,0.5016984137125333,0.7143065942826771,0.4444444444444444,0.7905059523809522,0.588988981536629,0.8936250805931656,0.5346491976783886,0.807234528174811,0.2978579643473261,0.625,0.003612480900125,0.4377401474668585,0.1834765244656546,0.2856860766468579,2000.0,2000.0,elasticnet_then_mrmr_auto_k_no_smote,nested_cv_outputs_all_pairwise_concat_batch_smote_compare/Post1_T2/fs_method_comparison/elasticnet_then_mrmr_auto_k_no_smote,elasticnet_then_mrmr_auto_k,elasticnet_then_mrmr,auto,False,32,4,1.75,Post1–T2,Pairwise,EN → mRMR,False,No SMOTE,Post1_T2,Post1,T2,,,,,,
,,SVM_RBF,0.7582210998877665,0.1479834539274216,0.7310650887573966,0.7310650887573965,0.7279567535977792,0.8456095310692664,0.0783700252622094,0.816734149410876,0.6844995864350703,0.0631573873041437,0.6752136752136753,0.7005176767676767,0.0816104655353055,0.6730769230769231,0.7175091575091574,0.1008582366703485,0.7142857142857143,0.7299242424242424,0.1789130275907532,0.6923076923076923,0.6997317066282583,0.0492134427660693,0.703125,0.671111111111111,0.1195877693073218,0.6538461538461539,0.3686739813144408,0.1324318698004687,0.3448275862068966,0.2134739704981947,10.4,10.4,5.122499389946279,4,10.0,18,0.5731780346594176,0.853001975136633,0.6393201609562518,0.9193939296832432,0.5652173913043478,0.7787773295158771,0.5653776003154884,0.7775862501125778,0.5,0.8709677419354839,0.5135135135135135,0.8333333333333334,0.5376344086021505,0.8160978184377199,0.519212962962963,0.8070548712206045,0.1301311681765933,0.5440822604254169,0.1638697760544187,0.2740420829687849,2000.0,2000.0,elasticnet_then_mrmr_auto_k_no_smote,nested_cv_outputs_all_pairwise_concat_batch_smote_compare/Post2_Pre/fs_method_comparison/elasticnet_then_mrmr_auto_k_no_smote,elasticnet_then_mrmr_auto_k,elasticnet_then_mrmr,auto,False,28,4,1.8571428571428572,Post2–Pre,Pairwise,EN → mRMR,False,No SMOTE,Post2_Pre,Post2,Pre,,,,,,
,,SVM_RBF,0.7561840628507295,0.1474110908491408,0.7476331360946745,0.7476331360946746,0.745123822046899,0.8454317443781575,0.0779622888894605,0.8258012510908841,0.7069056152927121,0.1248741293977008,0.6837606837606838,0.716489898989899,0.1293875817518855,0.6865384615384615,0.7635497835497835,0.0571942573496717,0.7413793103448276,0.7063131313131313,0.1960669548667894,0.6615384615384615,0.7185185185185186,0.1037037037037037,0.6991869918699187,0.7266666666666667,0.1404753833713698,0.7115384615384616,0.4128678905332247,0.2446901950369891,0.3681214421252372,0.2066807562908049,10.4,10.4,5.122499389946279,4,10.0,18,0.5836790822636864,0.8657684061009977,0.6491106753655917,0.9247501427858268,0.5789268092105264,0.7777777777777778,0.5830073313782992,0.7777844551282052,0.5365635888501743,0.8775717043574185,0.4827266922094509,0.8055555555555556,0.5319148936170213,0.8095471521942109,0.5952220077220077,0.8301886792452831,0.1595930010434449,0.5435164641766724,0.1540305135288803,0.2752092866066128,2000.0,2000.0,elasticnet_then_mrmr_auto_k_smote,nested_cv_outputs_all_pairwise_concat_batch_smote_compare/Post2_Pre/fs_method_comparison/elasticnet_then_mrmr_auto_k_smote,elasticnet_then_mrmr_auto_k,elasticnet_then_mrmr,auto,True,28,4,1.8571428571428572,Post2–Pre,Pairwise,EN → mRMR,True,SMOTE,Post2_Pre,Post2,Pre,,,,,,
,,SVM_RBF,0.7485578002244668,0.1020990728067133,0.6859467455621302,0.6859467455621302,0.6893856381035868,0.8252164468729873,0.0413291802681493,0.7548411647947195,0.6776518702325154,0.0651170088876908,0.6666666666666666,0.7129545454545454,0.0900717469578602,0.6692307692307693,0.7576190476190476,0.1620615487345203,0.7241379310344828,0.6881313131313131,0.2135742680250895,0.6461538461538462,0.6779026652860324,0.0654061750843348,0.6829268292682927,0.7377777777777778,0.2298254839795181,0.6923076923076923,0.3743604899917663,0.1341022546222304,0.333965844402277,0.2262334369593733,11.6,11.6,4.800000000000001,4,14.0,16,0.5218166240767318,0.8194465867742445,0.558309933830349,0.8852718927341945,0.5408144368858655,0.7851387249114522,0.5423736171236172,0.7886656025770016,0.5,0.887534722222222,0.4411640079760718,0.8148148148148148,0.492657004830918,0.8101348556300156,0.5471269296740996,0.8507542076849793,0.0789942314786869,0.561966095478689,0.1842815376144527,0.2770504457323497,2000.0,2000.0,mrmr_then_elasticnet_no_corr_auto_k_no_smote,nested_cv_outputs_all_pairwise_concat_batch_smote_compare/Post2_Pre/fs_method_comparison/mrmr_then_elasticnet_no_corr_auto_k_no_smote,mrmr_then_elasticnet_no_corr_auto_k,mrmr_then_elasticnet_no_corr,auto,False,41,4,1.4146341463414631,Post2–Pre,Pairwise,mRMR → EN,False,No SMOTE,Post2_Pre,Post2,Pre,,,,,,
,,SVM_Linear,0.7398218294051627,0.1124761025427893,0.7118343195266272,0.7118343195266272,0.7147709840017532,0.7995740749683262,0.0747562148424511,0.7745716431496601,0.6372033820420917,0.0837031161250377,0.6410256410256411,0.6644823232323233,0.0920767083323723,0.6442307692307693,0.6772418757712876,0.1027218488737441,0.7017543859649122,0.6645202020202021,0.2085542140987447,0.6153846153846154,0.6437230253868623,0.086842551025787,0.6557377049180327,0.6644444444444444,0.0597938846536609,0.6730769230769231,0.2954763243442194,0.1655500385317787,0.2840909090909091,0.2186625162755933,11.6,11.6,4.800000000000001,4,14.0,16,0.5628187692366349,0.8231412060845558,0.5854712290611875,0.9069598266910264,0.5262892078681553,0.7410863095238095,0.5310595611285267,0.7420681448254978,0.4782608695652174,0.8620689655172413,0.4218544407894737,0.7777777777777778,0.4651045337091848,0.7752128605921972,0.5744582348305753,0.7960204081632647,0.0596669719705998,0.4718856019250222,0.1854855624457491,0.2608765504016093,2000.0,2000.0,mrmr_then_elasticnet_no_corr_auto_k_smote,nested_cv_outputs_all_pairwise_concat_batch_smote_compare/Post2_Pre/fs_method_comparison/mrmr_then_elasticnet_no_corr_auto_k_smote,mrmr_then_elasticnet_no_corr_auto_k,mrmr_then_elasticnet_no_corr,auto,True,41,4,1.4146341463414631,Post2–Pre,Pairwise,mRMR → EN,True,SMOTE,Post2_Pre,Post2,Pre,,,,,,
,,ExtraTrees,0.6904769921436589,0.1512064219127582,0.6473372781065089,0.6473372781065089,0.6505953685440865,0.7690289808415678,0.0912166905007137,0.7019100977360289,0.6078228104034556,0.0552397315295637,0.5982905982905983,0.6401136363636363,0.0826943245706271,0.5961538461538461,0.6877472527472527,0.138898621135224,0.6451612903225806,0.6602272727272728,0.2807623182317081,0.6153846153846154,0.61158357771261,0.0782614627361608,0.6299212598425197,0.6199999999999999,0.2590009294992616,0.5769230769230769,0.2440529601187077,0.1253017387324951,0.1912045889101339,0.2340985370348478,10.4,10.4,4.963869458396343,4,8.0,18,0.4749704545454545,0.8129436566755744,0.5174695456652391,0.8628951133092144,0.4552660753880266,0.7348533411033411,0.4557266301406926,0.7304830542145933,0.4254996776273372,0.8192951807228914,0.3888888888888889,0.8205128205128205,0.4193360840210053,0.7734888845040778,0.3888888888888889,0.7619360902255637,-0.0843305193677669,0.4516215646799943,0.2115066774092928,0.2574621425579475,2000.0,2000.0,corr_mrmr_auto_k_smote,nested_cv_outputs_all_pairwise_concat_batch_smote_compare/Post2_Pre/fs_method_comparison/corr_mrmr_auto_k_smote,corr_mrmr_auto_k,corr_mrmr,auto,True,36,4,1.4444444444444444,Post2–Pre,Pairwise,Corr. → mRMR,True,SMOTE,Post2_Pre,Post2,Pre,,,,,,
,,ExtraTrees,0.6757673961840628,0.1540897456081765,0.6127218934911243,0.6127218934911243,0.629556578274527,0.7530727450661184,0.1142163055001884,0.6564934763500632,0.6087786049076371,0.0463076567157853,0.5982905982905983,0.6483080808080808,0.0770343421363535,0.5980769230769231,0.7203448275862069,0.1802310579366011,0.65,0.6477272727272727,0.2915830261812659,0.6,0.6046464646464647,0.0770160787106252,0.624,0.6488888888888888,0.3018952479598523,0.5961538461538461,0.2537138862424659,0.1120571791924646,0.1942857142857142,0.2365993742095302,10.4,10.4,4.963869458396343,4,8.0,18,0.4416160766018122,0.784228306444262,0.4552149857808275,0.8393117585745851,0.4489755744817612,0.7428636959370905,0.4516905949138171,0.7380137415621982,0.4285714285714285,0.8245614035087719,0.3661885949845414,0.8115942028985508,0.4117647058823529,0.7750189393939393,0.4031451612903227,0.7906976744186046,-0.0879430054210271,0.4730275619997205,0.2101770937645937,0.2647101749071673,2000.0,2000.0,corr_mrmr_auto_k_no_smote,nested_cv_outputs_all_pairwise_concat_batch_smote_compare/Post2_Pre/fs_method_comparison/corr_mrmr_auto_k_no_smote,corr_mrmr_auto_k,corr_mrmr,auto,False,36,4,1.4444444444444444,Post2–Pre,Pairwise,Corr. → mRMR,False,No SMOTE,Post2_Pre,Post2,Pre,,,,,,
,,XGBoost,0.7710086980920313,0.0744626164453159,0.7428994082840238,0.7428994082840237,0.7441741544305647,0.8223888782494276,0.0258590135664159,0.7859790921604204,0.7004438930245381,0.135640874187367,0.6752136752136753,0.6990530303030302,0.1328326395375688,0.6711538461538462,0.72,0.0748331477354788,0.7076923076923077,0.742550505050505,0.1960010825083745,0.7076923076923077,0.720557804768331,0.1281223620269503,0.7076923076923077,0.6555555555555557,0.1429840705968481,0.6346153846153846,0.3887679934077819,0.2488392012431788,0.3423076923076923,0.2085807954028571,8.4,8.4,3.878143885933063,4,6.0,14,0.6246275587539688,0.8562598892405062,0.6297381999290228,0.9037942017906548,0.5759939393939394,0.7686710677382318,0.5716643256707794,0.7678494819676116,0.5106274424663482,0.8571931589537221,0.5781163194444444,0.8367622724765581,0.5739130434782609,0.8053841530602022,0.4782361660079052,0.7857142857142857,0.1407235446330547,0.5271452983551539,0.1599119711464229,0.2608320175322811,2000.0,2000.0,mrmr_then_elasticnet_no_corr_auto_k_smote,nested_cv_outputs_all_pairwise_concat_batch_smote_compare/Post2_T2/fs_method_comparison/mrmr_then_elasticnet_no_corr_auto_k_smote,mrmr_then_elasticnet_no_corr_auto_k,mrmr_then_elasticnet_no_corr,auto,True,29,4,1.4482758620689655,Post2–T2,Pairwise,mRMR → EN,True,SMOTE,Post2_T2,Post2,T2,,,,,,
,,XGBoost,0.7623569023569023,0.0904077028081456,0.6618343195266272,0.6618343195266272,0.6691504127401563,0.8082710444446295,0.0554215321609352,0.7047592110012391,0.6750592776399228,0.0805949072257702,0.6666666666666666,0.6778030303030302,0.0896081562052485,0.6557692307692308,0.6697402597402597,0.0898918973713468,0.6805555555555556,0.780050505050505,0.1607797762956111,0.7538461538461538,0.7065618591934382,0.0752151818029144,0.7153284671532847,0.5755555555555556,0.1052686158429067,0.5576923076923077,0.3347214970147387,0.1472595612606977,0.3157894736842105,0.2483482484750377,8.4,8.4,3.878143885933063,4,6.0,14,0.5198969082365471,0.8064409943980146,0.4674908640931971,0.8886953378321628,0.5614035087719298,0.7637907304269892,0.557278847394221,0.7533550294993866,0.4998563218390807,0.8192812918340027,0.6212121212121212,0.8750637755102038,0.578464001191274,0.8125,0.4047619047619047,0.7,0.1114801133069393,0.5052076124567473,0.1826655827436528,0.3208466580787614,2000.0,2000.0,mrmr_then_elasticnet_no_corr_auto_k_no_smote,nested_cv_outputs_all_pairwise_concat_batch_smote_compare/Post2_T2/fs_method_comparison/mrmr_then_elasticnet_no_corr_auto_k_no_smote,mrmr_then_elasticnet_no_corr_auto_k,mrmr_then_elasticnet_no_corr,auto,False,29,4,1.4482758620689655,Post2–T2,Pairwise,mRMR → EN,False,No SMOTE,Post2_T2,Post2,T2,,,,,,
,,ExtraTrees,0.7608431537598203,0.086269669085632,0.7230769230769232,0.7230769230769232,0.7239389290671341,0.8154542341712624,0.031433774361684,0.7793842420461117,0.6970067089421929,0.1016506593647725,0.6837606837606838,0.7101767676767676,0.0987093271799537,0.6884615384615385,0.7490712074303405,0.0589730686633498,0.75,0.6825757575757576,0.234364114378367,0.6461538461538462,0.6852637664402371,0.1220068883537083,0.6942148760330579,0.7377777777777779,0.115384488762197,0.7307692307692307,0.3959120707363224,0.1714815272817804,0.3705103969754253,0.2182652371359485,9.6,9.6,3.878143885933063,4,12.0,14,0.5938177482999298,0.835212064907717,0.6158639374829292,0.8953354436222586,0.5808764231499052,0.7788461538461539,0.5862890050416016,0.7810543699186989,0.5640625,0.8833653846153844,0.4696732954545455,0.8055871212121211,0.5416666666666666,0.8,0.6326262083780881,0.8431372549019608,0.1682190139961809,0.5535754640037089,0.1892521542590028,0.2495355307059649,2000.0,2000.0,elasticnet_then_mrmr_auto_k_smote,nested_cv_outputs_all_pairwise_concat_batch_smote_compare/Post2_T2/fs_method_comparison/elasticnet_then_mrmr_auto_k_smote,elasticnet_then_mrmr_auto_k,elasticnet_then_mrmr,auto,True,26,5,1.8461538461538465,Post2–T2,Pairwise,EN → mRMR,True,SMOTE,Post2_T2,Post2,T2,,,,,,
,,ExtraTrees,0.7596408529741863,0.0855726711739445,0.7103550295857989,0.7103550295857989,0.7078676309445541,0.817179914921858,0.0216244621049478,0.7757087604983777,0.6639297858652696,0.0639613309032311,0.6666666666666666,0.6830934343434343,0.0605821238504528,0.6673076923076924,0.697483905843039,0.1041748078395141,0.7166666666666667,0.6950757575757576,0.2187741853349301,0.6615384615384615,0.664061152061152,0.0981225174275089,0.688,0.671111111111111,0.1046097981861317,0.6730769230769231,0.3371129730794836,0.0990828073434166,0.3314285714285714,0.2217809398586478,9.6,9.6,3.878143885933063,4,12.0,14,0.5856596256008095,0.8242442515112006,0.6129265647612847,0.8914669254063834,0.56,0.7612117981520965,0.566093572451393,0.7615729472925875,0.5333064516129032,0.8518670309653915,0.4821263227513228,0.8245614035087719,0.5332978723404256,0.7943310988050131,0.5666509433962265,0.7818181818181819,0.1218322796779596,0.5105338359210059,0.1930127394268491,0.2530496839965386,2000.0,2000.0,elasticnet_then_mrmr_auto_k_no_smote,nested_cv_outputs_all_pairwise_concat_batch_smote_compare/Post2_T2/fs_method_comparison/elasticnet_then_mrmr_auto_k_no_smote,elasticnet_then_mrmr_auto_k,elasticnet_then_mrmr,auto,False,26,5,1.8461538461538465,Post2–T2,Pairwise,EN → mRMR,False,No SMOTE,Post2_T2,Post2,T2,,,,,,
,,XGBoost,0.68996632996633,0.1412697113980139,0.6375739644970415,0.6375739644970415,0.6367156110745855,0.7397053602733765,0.095116962087618,0.6931699372057165,0.6115834941641392,0.1001958149924922,0.5982905982905983,0.6294065656565656,0.1114526889184662,0.6000000000000001,0.6519841269841269,0.1266090691340839,0.6551724137931034,0.6410353535353536,0.2248444916014849,0.5846153846153846,0.616111111111111,0.1123871175781764,0.6178861788617886,0.6177777777777778,0.1470029814092553,0.6153846153846154,0.2333153874438632,0.1873643784023518,0.1973434535104364,0.2686354355013657,12.0,12.0,3.3466401061363023,8,10.0,16,0.5066584022038568,0.7678556294116934,0.4944702169831059,0.8502443590482274,0.5041305516360949,0.6930895130329358,0.5074692118226601,0.6946293430879897,0.4726737967914439,0.7969531249999996,0.4305059523809525,0.75,0.4705582232893158,0.7317152877411126,0.5097946725860155,0.7272727272727273,0.014762319958641,0.3830335358742924,0.2018575594526229,0.3393336392061155,2000.0,2000.0,corr_mrmr_auto_k_smote,nested_cv_outputs_all_pairwise_concat_batch_smote_compare/Post2_T2/fs_method_comparison/corr_mrmr_auto_k_smote,corr_mrmr_auto_k,corr_mrmr,auto,True,38,5,1.5789473684210529,Post2–T2,Pairwise,Corr. → mRMR,True,SMOTE,Post2_T2,Post2,T2,,,,,,
,,LightGBM,0.6795412457912458,0.133522987226891,0.6562130177514793,0.6562130177514793,0.6581927094747608,0.7194996487680194,0.0826528113691605,0.70171786396688,0.5878255675029869,0.1190445150231109,0.5811965811965812,0.6068434343434344,0.1002108578779211,0.5846153846153846,0.6270868347338936,0.1688958936095572,0.6428571428571429,0.5714646464646465,0.223160539100467,0.5538461538461539,0.5635056446821152,0.169520099028039,0.5950413223140496,0.642222222222222,0.161841257386961,0.6153846153846154,0.2011455049172568,0.1856257048240152,0.1663516068052929,0.2565649618565462,12.0,12.0,3.3466401061363023,8,10.0,16,0.5223412814627646,0.7859470837515333,0.5442527790293464,0.8517170459310657,0.4596608937070333,0.6972693439501471,0.4638825757575758,0.6999628288219595,0.4222222222222222,0.8088410364145657,0.3783451484271157,0.7142857142857143,0.4269662921348314,0.7236842105263158,0.4666071428571429,0.7547169811320755,-0.0665053978053073,0.3898326449223757,0.1939227099354815,0.319620902700829,2000.0,2000.0,corr_mrmr_auto_k_no_smote,nested_cv_outputs_all_pairwise_concat_batch_smote_compare/Post2_T2/fs_method_comparison/corr_mrmr_auto_k_no_smote,corr_mrmr_auto_k,corr_mrmr,auto,False,38,5,1.5789473684210529,Post2–T2,Pairwise,Corr. → mRMR,False,No SMOTE,Post2_T2,Post2,T2,,,,,,
,,NaiveBayes,0.6651262626262626,0.0481892292544839,0.6325443786982249,0.6325443786982249,0.6343049163561985,0.692787189680582,0.1129375039013067,0.6758627820332497,0.5718325521551328,0.0840593025185507,0.5726495726495726,0.5832323232323232,0.0808274676870477,0.551923076923077,0.5944088669950739,0.1339966131445076,0.5925925925925926,0.7575757575757576,0.193752869583892,0.7384615384615385,0.6352213868003341,0.0904229037180884,0.6575342465753424,0.4088888888888889,0.235429735789316,0.3653846153846153,0.1470893272042699,0.1490446332666181,0.1071428571428571,0.3594373293690795,9.6,9.6,4.963869458396343,4,8.0,18,0.510546685223466,0.7477337987826709,0.474016009614038,0.8485788857342422,0.4433962264150943,0.6928585489313835,0.4436458863659505,0.6547022707639146,0.3896103896103896,0.7532512008539406,0.5483870967741935,0.8813615075825155,0.4786324786324786,0.7757233048319744,0.2096774193548387,0.5384615384615384,-0.1125151035074578,0.315459694631129,0.2557962434219142,0.4770436819592571,2000.0,2000.0,elasticnet_then_mrmr_auto_k_no_smote,nested_cv_outputs_all_pairwise_concat_batch_smote_compare/Pre_T2/fs_method_comparison/elasticnet_then_mrmr_auto_k_no_smote,elasticnet_then_mrmr_auto_k,elasticnet_then_mrmr,auto,False,34,3,1.411764705882353,Pre–T2,Pairwise,EN → mRMR,False,No SMOTE,Pre_T2,Pre,T2,,,,,,
,,NaiveBayes,0.6583052749719417,0.0544502421986015,0.6349112426035504,0.6349112426035504,0.635985097523559,0.6874135124319047,0.1200485063150939,0.6735971740019302,0.5728995496737432,0.0894164663574883,0.5811965811965812,0.576010101010101,0.0618692537595137,0.5634615384615385,0.6023809523809525,0.1610622335741691,0.6025641025641025,0.7075757575757576,0.1526360056787664,0.7230769230769231,0.6219196008669693,0.1099196044994855,0.6573426573426573,0.4444444444444445,0.2409856304306837,0.4038461538461538,0.1472625396172322,0.1283544902587248,0.1301775147928993,0.3581436501087245,9.6,9.6,4.963869458396343,4,8.0,18,0.517558515161255,0.7508747586872586,0.4695350811894933,0.8486858675272252,0.452818957771788,0.7008080391160781,0.4537609442048095,0.6696687734082396,0.3957859848484849,0.7640614672835425,0.5333064516129032,0.8648724567263893,0.4761669024045262,0.7777777777777778,0.2419354838709677,0.5869884910485932,-0.0904967581637555,0.3443053453039179,0.2576672955484195,0.4724409310801252,2000.0,2000.0,elasticnet_then_mrmr_auto_k_smote,nested_cv_outputs_all_pairwise_concat_batch_smote_compare/Pre_T2/fs_method_comparison/elasticnet_then_mrmr_auto_k_smote,elasticnet_then_mrmr_auto_k,elasticnet_then_mrmr,auto,True,34,3,1.411764705882353,Pre–T2,Pairwise,EN → mRMR,True,SMOTE,Pre_T2,Pre,T2,,,,,,
,,LightGBM,0.6170896464646465,0.0683369785678417,0.5853550295857989,0.5853550295857989,0.5868945868945868,0.6748015406766635,0.0819971223406432,0.6483553272657434,0.5923527249333702,0.0803806675094797,0.5897435897435898,0.5939267676767676,0.0862908607070713,0.5865384615384616,0.6126984126984126,0.1079365079365079,0.6349206349206349,0.6256313131313131,0.0987693378729803,0.6153846153846154,0.6111821180084938,0.072957418246172,0.625,0.5622222222222222,0.0898833262940297,0.5576923076923077,0.1720620734430769,0.1565589749990277,0.1724137931034483,0.2668933284021066,12.0,12.0,2.8284271247461903,8,12.0,16,0.4499515886241382,0.7190168906104109,0.4218335095038923,0.8360323343300051,0.4761808755760368,0.6944562146892654,0.4754665775401069,0.7001087601952521,0.4259160756501182,0.8253968253968254,0.4897850629613547,0.7179577464788732,0.4799565217391305,0.7337299391256226,0.3817797695262485,0.7608954451345755,-0.0491854332618662,0.3819608479214526,0.2183758866634425,0.3220035066750233,2000.0,2000.0,mrmr_then_elasticnet_no_corr_auto_k_smote,nested_cv_outputs_all_pairwise_concat_batch_smote_compare/Pre_T2/fs_method_comparison/mrmr_then_elasticnet_no_corr_auto_k_smote,mrmr_then_elasticnet_no_corr_auto_k,mrmr_then_elasticnet_no_corr,auto,True,40,4,1.5,Pre–T2,Pairwise,mRMR → EN,True,SMOTE,Pre_T2,Pre,T2,,,,,,
,,ExtraTrees,0.612003367003367,0.1548450731484327,0.5887573964497042,0.5887573964497042,0.5878442545109213,0.6941289242984487,0.0897663112199404,0.6526550144741523,0.5693870048708758,0.0784488787146522,0.5726495726495726,0.5721843434343434,0.0933487322772714,0.5634615384615385,0.5884240759240759,0.1123036677286881,0.6086956521739131,0.6577020202020203,0.1325399181956695,0.6461538461538462,0.6070824972989659,0.0746607772523763,0.6268656716417911,0.4866666666666667,0.1217972409426197,0.4807692307692308,0.1292772131036655,0.1772980916406319,0.127906976744186,0.2469323490501109,12.0,12.0,2.8284271247461903,8,12.0,16,0.4329578149089092,0.7239929094621604,0.4520060395235649,0.8073298442692776,0.4432879234167894,0.694925185381356,0.4442474374595276,0.6775015195746902,0.3863474025974026,0.7931034482758621,0.4637592788971368,0.7963107638888888,0.4443910256410257,0.7571685340802986,0.3225669764898852,0.6511627906976745,-0.1075844771838814,0.349567957286067,0.2345752483532335,0.2605815960463233,2000.0,2000.0,mrmr_then_elasticnet_no_corr_auto_k_no_smote,nested_cv_outputs_all_pairwise_concat_batch_smote_compare/Pre_T2/fs_method_comparison/mrmr_then_elasticnet_no_corr_auto_k_no_smote,mrmr_then_elasticnet_no_corr_auto_k,mrmr_then_elasticnet_no_corr,auto,False,40,4,1.5,Pre–T2,Pairwise,mRMR → EN,False,No SMOTE,Pre_T2,Pre,T2,,,,,,
,,NaiveBayes,0.5714576318742985,0.1172732721793936,0.5822485207100592,0.5821005917159763,0.5981810212579443,0.623591659471013,0.1746177792053699,0.6074945029970131,0.5857016818307141,0.086717816231977,0.5982905982905983,0.5424494949494949,0.1084033040852459,0.5788461538461538,0.5563343050811081,0.1899280881942986,0.6125,0.6760101010101011,0.2152803326368733,0.7538461538461538,0.6086868686868687,0.1982554255340786,0.6758620689655173,0.4088888888888888,0.1753162926516979,0.4038461538461538,0.0873626518172114,0.2190249397887921,0.1623762376237624,0.3447316559453824,16.0,16.0,3.0983866769659336,10,18.0,18,0.4414432973623032,0.7027489997269282,0.4001405995190515,0.7838285250040815,0.4819277108433735,0.6981450399351775,0.4843659476592913,0.6591683073934624,0.4090677179962895,0.7652617138032923,0.6,0.8627518130539887,0.4957264957264957,0.783068783068783,0.2692073170731707,0.5283018867924528,-0.0328208366432565,0.3260844922546829,0.2543742535171902,0.4493298873202688,2000.0,2000.0,corr_mrmr_auto_k_no_smote,nested_cv_outputs_all_pairwise_concat_batch_smote_compare/Pre_T2/fs_method_comparison/corr_mrmr_auto_k_no_smote,corr_mrmr_auto_k,corr_mrmr,auto,False,47,5,1.702127659574468,Pre–T2,Pairwise,Corr. → mRMR,False,No SMOTE,Pre_T2,Pre,T2,,,,,,
,,XGBoost,0.5653310886644219,0.1593504422085201,0.5807692307692308,0.5807692307692307,0.5825115055884287,0.6455494388970549,0.1828875263347744,0.6764000616521972,0.5617700578990901,0.0807467265679261,0.5641025641025641,0.5870454545454545,0.0910639936595715,0.5576923076923077,0.5968151147098515,0.1331344602406206,0.6060606060606061,0.6674242424242424,0.1890777663944651,0.6153846153846154,0.6020062695924764,0.0794435845148822,0.6106870229007634,0.5066666666666666,0.1372750685464933,0.5,0.1504394663832472,0.1599028888867795,0.1156069364161849,0.2643901763526824,16.0,16.0,3.0983866769659336,10,18.0,18,0.4432338519034092,0.6978764648223471,0.4708038560013666,0.8235060711956946,0.4583035714285715,0.6636363636363637,0.4563100195185426,0.6572685185185185,0.4098360655737705,0.7674418604651163,0.4666438356164384,0.7461309523809518,0.4561229807191245,0.72,0.3703703703703703,0.6470588235294118,-0.0870826429103421,0.3096979997339947,0.2203680464115786,0.3139899899727844,2000.0,2000.0,corr_mrmr_auto_k_smote,nested_cv_outputs_all_pairwise_concat_batch_smote_compare/Pre_T2/fs_method_comparison/corr_mrmr_auto_k_smote,corr_mrmr_auto_k,corr_mrmr,auto,True,47,5,1.702127659574468,Pre–T2,Pairwise,Corr. → mRMR,True,SMOTE,Pre_T2,Pre,T2,,,,,,
,,LogisticRegression,0.7971031746031746,0.0754809054992462,0.7904761904761903,,,0.8365358301840746,0.1218226059865871,0.8405974757837662,0.7325210084033613,0.1347571973301072,0.7168141592920354,0.7261904761904763,0.1419157696096356,0.7192063492063492,0.79,0.1356465996625053,0.7719298245614035,0.7304761904761904,0.1558642870862792,0.6984126984126984,0.7481845402737898,0.1329298329297068,0.7333333333333333,0.7219047619047619,0.2249837484682614,0.74,,,,,7.6,7.6,5.425863986500215,4,4.0,18,,,,,,,,,,,,,,,,,,,,,,,elasticnet_then_mrmr_auto_k_smote,nested_cv_outputs_all_triple_concat_batch_smote_compare/ADC_Post1_Post2/fs_method_comparison/elasticnet_then_mrmr_auto_k_smote,elasticnet_then_mrmr_auto_k,elasticnet_then_mrmr,auto,True,22,3,1.7272727272727273,ADC–Post1–Post2,Triple,EN → mRMR,True,SMOTE,,ADC,Post1,ADC_Post1_Post2,Post2,,,,
,,SVM_Linear,0.7951587301587301,0.0799874013763215,0.7587301587301587,,,0.8343374787537441,0.1204902747151866,0.7888610417875377,0.7371848739495798,0.0865138192151381,0.7256637168141593,0.7360714285714286,0.0785666585051967,0.7147619047619047,0.7503908999497234,0.129306102812889,0.7285714285714285,0.8347619047619048,0.1135030519710916,0.8095238095238095,0.7757066935042463,0.079814081039864,0.7669172932330827,0.6373809523809524,0.172223026843267,0.62,,,,,7.6,7.6,5.425863986500215,4,4.0,18,,,,,,,,,,,,,,,,,,,,,,,elasticnet_then_mrmr_auto_k_no_smote,nested_cv_outputs_all_triple_concat_batch_smote_compare/ADC_Post1_Post2/fs_method_comparison/elasticnet_then_mrmr_auto_k_no_smote,elasticnet_then_mrmr_auto_k,elasticnet_then_mrmr,auto,False,22,3,1.7272727272727273,ADC–Post1–Post2,Triple,EN → mRMR,False,No SMOTE,,ADC,Post1,ADC_Post1_Post2,Post2,,,,
,,LogisticRegression,0.7868253968253968,0.0724679232434526,0.7660317460317461,,,0.8292216714668801,0.0883395374220052,0.8143951537541139,0.6960364145658263,0.0596660616894377,0.6902654867256637,0.6944444444444444,0.0582341776858165,0.6933333333333334,0.7514996114996115,0.048181627095133,0.75,0.6884126984126985,0.0980633841536452,0.6666666666666666,0.7118416347381864,0.0523415702906612,0.7058823529411765,0.7004761904761905,0.1104145969514658,0.72,,,,,10.4,10.4,4.6303347611160905,4,12.0,16,,,,,,,,,,,,,,,,,,,,,,,corr_mrmr_auto_k_smote,nested_cv_outputs_all_triple_concat_batch_smote_compare/ADC_Post1_Post2/fs_method_comparison/corr_mrmr_auto_k_smote,corr_mrmr_auto_k,corr_mrmr,auto,True,38,3,1.368421052631579,ADC–Post1–Post2,Triple,Corr. → mRMR,True,SMOTE,,ADC,Post1,ADC_Post1_Post2,Post2,,,,
,,NaiveBayes,0.7864285714285714,0.053635998711432,0.72,,,0.8313475418760955,0.0519690006097726,0.7548024412830032,0.6928011204481793,0.0718958516727358,0.6814159292035398,0.6870238095238095,0.0888753887140461,0.6812698412698412,0.7719444444444445,0.1510927276399463,0.7288135593220338,0.7157142857142856,0.2036962549314951,0.6825396825396826,0.704940148087207,0.1014913775941672,0.7049180327868853,0.6583333333333333,0.2962731472438529,0.68,,,,,7.6,7.6,3.878143885933063,4,6.0,14,,,,,,,,,,,,,,,,,,,,,,,mrmr_then_elasticnet_no_corr_auto_k_no_smote,nested_cv_outputs_all_triple_concat_batch_smote_compare/ADC_Post1_Post2/fs_method_comparison/mrmr_then_elasticnet_no_corr_auto_k_no_smote,mrmr_then_elasticnet_no_corr_auto_k,mrmr_then_elasticnet_no_corr,auto,False,29,4,1.3103448275862069,ADC–Post1–Post2,Triple,mRMR → EN,False,No SMOTE,,ADC,Post1,ADC_Post1_Post2,Post2,,,,
,,SVM_RBF,0.7837698412698414,0.0699129772575512,0.76,,,0.8383440077417299,0.0888761591654701,0.8191333968718876,0.7117086834733893,0.1177324570005913,0.6991150442477876,0.7244047619047619,0.1149808007021534,0.7033333333333334,0.7820202020202021,0.1850293314162334,0.7636363636363637,0.6928571428571428,0.1938458554404859,0.6666666666666666,0.7129019129019128,0.1483728566374158,0.711864406779661,0.7559523809523809,0.1573051110396088,0.74,,,,,7.6,7.6,3.878143885933063,4,6.0,14,,,,,,,,,,,,,,,,,,,,,,,mrmr_then_elasticnet_no_corr_auto_k_smote,nested_cv_outputs_all_triple_concat_batch_smote_compare/ADC_Post1_Post2/fs_method_comparison/mrmr_then_elasticnet_no_corr_auto_k_smote,mrmr_then_elasticnet_no_corr_auto_k,mrmr_then_elasticnet_no_corr,auto,True,29,4,1.3103448275862069,ADC–Post1–Post2,Triple,mRMR → EN,True,SMOTE,,ADC,Post1,ADC_Post1_Post2,Post2,,,,
,,LogisticRegression,0.7773015873015873,0.073696961446726,0.7565079365079365,,,0.8283830077799191,0.0871250274183597,0.80910013080489,0.6828011204481792,0.0736548429956348,0.672566371681416,0.6887698412698413,0.073027474923664,0.6774603174603174,0.7566239316239316,0.1181421057992677,0.7407407407407407,0.6606349206349206,0.1139518934182554,0.6349206349206349,0.6919786096256685,0.0816022782320479,0.6837606837606838,0.7169047619047618,0.1507133453668099,0.72,,,,,10.4,10.4,4.6303347611160905,4,12.0,16,,,,,,,,,,,,,,,,,,,,,,,corr_mrmr_auto_k_no_smote,nested_cv_outputs_all_triple_concat_batch_smote_compare/ADC_Post1_Post2/fs_method_comparison/corr_mrmr_auto_k_no_smote,corr_mrmr_auto_k,corr_mrmr,auto,False,38,3,1.368421052631579,ADC–Post1–Post2,Triple,Corr. → mRMR,False,No SMOTE,,ADC,Post1,ADC_Post1_Post2,Post2,,,,
,,SVM_Linear,0.8364682539682541,0.0879537688635002,0.7987301587301587,,,0.8786296727070168,0.0541965078496101,0.8316093387127443,0.7180812324929973,0.0817329364055342,0.7168141592920354,0.7353571428571428,0.0824637547597753,0.7130158730158731,0.7627350427350427,0.1007903604707561,0.746031746031746,0.7785714285714286,0.165079365079365,0.746031746031746,0.7512814645308924,0.0658528402868672,0.746031746031746,0.6921428571428572,0.1553826379372405,0.68,,,,,9.6,9.6,4.963869458396343,4,8.0,18,,,,,,,,,,,,,,,,,,,,,,,elasticnet_then_mrmr_auto_k_no_smote,nested_cv_outputs_all_triple_concat_batch_smote_compare/ADC_Post1_Pre/fs_method_comparison/elasticnet_then_mrmr_auto_k_no_smote,elasticnet_then_mrmr_auto_k,elasticnet_then_mrmr,auto,False,28,4,1.7142857142857142,ADC–Post1–Pre,Triple,EN → mRMR,False,No SMOTE,,ADC,Post1,ADC_Post1_Pre,Pre,,,,
,,SVM_Linear,0.8234920634920634,0.0795087588330149,0.8012698412698414,,,0.8680744829673033,0.0507328351458832,0.8326408228945072,0.7115126050420167,0.0596014751184507,0.7079646017699115,0.7233333333333334,0.0348171265374892,0.7133333333333334,0.8008403361344538,0.0850399336759717,0.7777777777777778,0.6842857142857142,0.1408218328660048,0.6666666666666666,0.7209199321907673,0.0411391952674915,0.717948717948718,0.7623809523809524,0.1435728105437713,0.76,,,,,9.6,9.6,4.963869458396343,4,8.0,18,,,,,,,,,,,,,,,,,,,,,,,elasticnet_then_mrmr_auto_k_smote,nested_cv_outputs_all_triple_concat_batch_smote_compare/ADC_Post1_Pre/fs_method_comparison/elasticnet_then_mrmr_auto_k_smote,elasticnet_then_mrmr_auto_k,elasticnet_then_mrmr,auto,True,28,4,1.7142857142857142,ADC–Post1–Pre,Triple,EN → mRMR,True,SMOTE,,ADC,Post1,ADC_Post1_Pre,Pre,,,,
,,SVM_Linear,0.7727777777777777,0.0958924609735017,0.7174603174603174,,,0.817906758612604,0.1547456678461666,0.7807110505365062,0.7058963585434175,0.1128649987914786,0.6991150442477876,0.7244444444444446,0.1005147372083792,0.690952380952381,0.7567320261437909,0.1827722122628668,0.7164179104477612,0.7917460317460318,0.1514335628607324,0.7619047619047619,0.7449273049999003,0.0978850607809883,0.7384615384615385,0.6571428571428571,0.2322374654589818,0.62,,,,,8.8,8.8,4.308131845707603,4,6.0,14,,,,,,,,,,,,,,,,,,,,,,,mrmr_then_elasticnet_no_corr_auto_k_no_smote,nested_cv_outputs_all_triple_concat_batch_smote_compare/ADC_Post1_Pre/fs_method_comparison/mrmr_then_elasticnet_no_corr_auto_k_no_smote,mrmr_then_elasticnet_no_corr_auto_k,mrmr_then_elasticnet_no_corr,auto,False,33,4,1.3333333333333333,ADC–Post1–Pre,Triple,mRMR → EN,False,No SMOTE,,ADC,Post1,ADC_Post1_Pre,Pre,,,,
,,LogisticRegression,0.7697619047619048,0.11620749723536,0.7498412698412698,,,0.8237562820420763,0.1446562565660508,0.8166272127600451,0.6764145658263306,0.1079780741174326,0.672566371681416,0.6850396825396826,0.1065376499134478,0.6733333333333333,0.7271428571428571,0.1683560636636993,0.7241379310344828,0.6817460317460318,0.1621923993336694,0.6666666666666666,0.689925863610074,0.1345488652949552,0.6942148760330579,0.6883333333333332,0.1330830985178475,0.68,,,,,8.8,8.8,4.308131845707603,4,6.0,14,,,,,,,,,,,,,,,,,,,,,,,mrmr_then_elasticnet_no_corr_auto_k_smote,nested_cv_outputs_all_triple_concat_batch_smote_compare/ADC_Post1_Pre/fs_method_comparison/mrmr_then_elasticnet_no_corr_auto_k_smote,mrmr_then_elasticnet_no_corr_auto_k,mrmr_then_elasticnet_no_corr,auto,True,33,4,1.3333333333333333,ADC–Post1–Pre,Triple,mRMR → EN,True,SMOTE,,ADC,Post1,ADC_Post1_Pre,Pre,,,,
,,SVM_Linear,0.7189285714285714,0.0755932695656704,0.6771428571428572,,,0.7951901328260466,0.0605813684955307,0.7219283235181557,0.6134173669467786,0.0946625549078486,0.6017699115044248,0.6229761904761906,0.0866843621099949,0.5995238095238096,0.6592424242424242,0.1334799469398982,0.65,0.6476190476190476,0.179764970715646,0.6190476190476191,0.637444394685774,0.1216411436309364,0.6341463414634146,0.5983333333333334,0.0837323779138697,0.58,,,,,12.0,12.0,4.381780460041329,6,10.0,18,,,,,,,,,,,,,,,,,,,,,,,corr_mrmr_auto_k_smote,nested_cv_outputs_all_triple_concat_batch_smote_compare/ADC_Post1_Pre/fs_method_comparison/corr_mrmr_auto_k_smote,corr_mrmr_auto_k,corr_mrmr,auto,True,46,3,1.3043478260869563,ADC–Post1–Pre,Triple,Corr. → mRMR,True,SMOTE,,ADC,Post1,ADC_Post1_Pre,Pre,,,,
,,SVM_Linear,0.7133730158730158,0.075897004243991,0.6479365079365079,,,0.7951707587150831,0.0636219809207864,0.6973153449386245,0.5986974789915966,0.0775064713254148,0.5929203539823009,0.6092460317460316,0.0624754423913142,0.5792063492063492,0.6412884501119795,0.1395509185595637,0.6197183098591549,0.7296825396825397,0.1558739857080357,0.6984126984126984,0.6598249158249159,0.0861629316380791,0.6567164179104478,0.4888095238095237,0.1647054679009248,0.46,,,,,12.0,12.0,4.381780460041329,6,10.0,18,,,,,,,,,,,,,,,,,,,,,,,corr_mrmr_auto_k_no_smote,nested_cv_outputs_all_triple_concat_batch_smote_compare/ADC_Post1_Pre/fs_method_comparison/corr_mrmr_auto_k_no_smote,corr_mrmr_auto_k,corr_mrmr,auto,False,46,3,1.3043478260869563,ADC–Post1–Pre,Triple,Corr. → mRMR,False,No SMOTE,,ADC,Post1,ADC_Post1_Pre,Pre,,,,
,,KNN,0.7602579365079365,0.1377159313680973,0.7174603174603175,,,0.811952314629105,0.1335448986489078,0.7999321180156695,0.6459383753501401,0.1259535887020155,0.6371681415929203,0.652063492063492,0.1291029577358517,0.6312698412698412,0.6731643356643356,0.190064698893098,0.671875,0.6950793650793651,0.1967590774086572,0.6825396825396826,0.6712833403155983,0.1632199041487891,0.6771653543307087,0.6090476190476191,0.1440143605840118,0.58,,,,,5.6,5.6,1.4966629547095764,4,6.0,8,,,,,,,,,,,,,,,,,,,,,,,elasticnet_then_mrmr_auto_k_no_smote,nested_cv_outputs_all_triple_concat_batch_smote_compare/ADC_Post1_T2/fs_method_comparison/elasticnet_then_mrmr_auto_k_no_smote,elasticnet_then_mrmr_auto_k,elasticnet_then_mrmr,auto,False,19,3,1.4736842105263157,ADC–Post1–T2,Triple,EN → mRMR,False,No SMOTE,,ADC,Post1,ADC_Post1_T2,T2,,,,
,,GradientBoosting,0.7560912698412698,0.1077224476344824,0.7179365079365079,,,0.8262035352300785,0.1202072643641984,0.8035949590134506,0.6359383753501401,0.119092711842158,0.6283185840707964,0.6609126984126984,0.112434998438083,0.6253968253968254,0.7102777777777777,0.1902272844601594,0.6721311475409836,0.6763492063492064,0.1604811359984028,0.6507936507936508,0.6653374890216995,0.1213236066481312,0.6612903225806451,0.6454761904761905,0.2162324272282814,0.6,,,,,5.6,5.6,3.2,4,4.0,12,,,,,,,,,,,,,,,,,,,,,,,mrmr_then_elasticnet_no_corr_auto_k_no_smote,nested_cv_outputs_all_triple_concat_batch_smote_compare/ADC_Post1_T2/fs_method_comparison/mrmr_then_elasticnet_no_corr_auto_k_no_smote,mrmr_then_elasticnet_no_corr_auto_k,mrmr_then_elasticnet_no_corr,auto,False,22,3,1.2727272727272727,ADC–Post1–T2,Triple,mRMR → EN,False,No SMOTE,,ADC,Post1,ADC_Post1_T2,T2,,,,
,,LogisticRegression,0.753968253968254,0.1581455504184609,0.7653968253968254,,,0.8279338086574111,0.1453784032873165,0.8359820539337195,0.695420168067227,0.0975988871152025,0.6902654867256637,0.7080952380952382,0.0936933586347237,0.6953968253968255,0.7508974358974358,0.1342716000887792,0.7592592592592593,0.6633333333333333,0.2067861064654985,0.6507936507936508,0.6894811156271257,0.1430209733384742,0.7008547008547008,0.7528571428571429,0.0593693233352712,0.74,,,,,5.6,5.6,1.4966629547095764,4,6.0,8,,,,,,,,,,,,,,,,,,,,,,,elasticnet_then_mrmr_auto_k_smote,nested_cv_outputs_all_triple_concat_batch_smote_compare/ADC_Post1_T2/fs_method_comparison/elasticnet_then_mrmr_auto_k_smote,elasticnet_then_mrmr_auto_k,elasticnet_then_mrmr,auto,True,19,3,1.4736842105263157,ADC–Post1–T2,Triple,EN → mRMR,True,SMOTE,,ADC,Post1,ADC_Post1_T2,T2,,,,
,,SVM_RBF,0.7481746031746032,0.0983780020762619,0.7298412698412697,,,0.8172677876914202,0.1344893356449712,0.7961348556736856,0.7082773109243696,0.1104802919392522,0.6991150442477876,0.7273412698412699,0.0990122227656347,0.7012698412698413,0.7921428571428571,0.1776190476190476,0.7543859649122807,0.7106349206349206,0.1535845324789578,0.6825396825396826,0.7228597285067873,0.114507894139548,0.7166666666666667,0.7440476190476191,0.1940147503567939,0.72,,,,,5.6,5.6,3.2,4,4.0,12,,,,,,,,,,,,,,,,,,,,,,,mrmr_then_elasticnet_no_corr_auto_k_smote,nested_cv_outputs_all_triple_concat_batch_smote_compare/ADC_Post1_T2/fs_method_comparison/mrmr_then_elasticnet_no_corr_auto_k_smote,mrmr_then_elasticnet_no_corr_auto_k,mrmr_then_elasticnet_no_corr,auto,True,22,3,1.2727272727272727,ADC–Post1–T2,Triple,mRMR → EN,True,SMOTE,,ADC,Post1,ADC_Post1_T2,T2,,,,
,,KNN,0.7320833333333333,0.0622533429624668,0.7323809523809524,,,0.7645749969558018,0.0809434241417786,0.7435797857950085,0.7130812324929972,0.0566664382011176,0.7079646017699115,0.6836111111111111,0.0622011119842207,0.6926984126984127,0.7031493506493506,0.0799598007873104,0.7027027027027027,0.8179365079365081,0.0616878576896958,0.8253968253968254,0.7540350877192983,0.0642608373505189,0.7591240875912408,0.5492857142857143,0.1490514224373999,0.56,,,,,11.6,11.6,4.6303347611160905,4,12.0,18,,,,,,,,,,,,,,,,,,,,,,,corr_mrmr_auto_k_no_smote,nested_cv_outputs_all_triple_concat_batch_smote_compare/ADC_Post1_T2/fs_method_comparison/corr_mrmr_auto_k_no_smote,corr_mrmr_auto_k,corr_mrmr,auto,False,39,4,1.4871794871794872,ADC–Post1–T2,Triple,Corr. → mRMR,False,No SMOTE,,ADC,Post1,ADC_Post1_T2,T2,,,,
,,ExtraTrees,0.7224999999999999,0.0842737563633532,0.7079365079365079,,,0.7568002075463391,0.1238277034746912,0.7338422648349625,0.6834173669467786,0.081746975045762,0.672566371681416,0.6967063492063492,0.0691100338229283,0.6753968253968254,0.7560497835497835,0.1062203519122421,0.7321428571428571,0.6784126984126985,0.1451928978160284,0.6507936507936508,0.6981070653484446,0.077541844088375,0.6890756302521008,0.715,0.1329578045011942,0.7,,,,,11.6,11.6,4.6303347611160905,4,12.0,18,,,,,,,,,,,,,,,,,,,,,,,corr_mrmr_auto_k_smote,nested_cv_outputs_all_triple_concat_batch_smote_compare/ADC_Post1_T2/fs_method_comparison/corr_mrmr_auto_k_smote,corr_mrmr_auto_k,corr_mrmr,auto,True,39,4,1.4871794871794872,ADC–Post1–T2,Triple,Corr. → mRMR,True,SMOTE,,ADC,Post1,ADC_Post1_T2,T2,,,,
,,LogisticRegression,0.7928289387380296,0.0498377588896502,0.7215625,,,0.8314428279565702,0.0804206545562742,0.776875828736354,0.6773212294951426,0.0623887980044837,0.6754385964912281,0.7138583200425306,0.0440818296732024,0.6825,0.7783272283272283,0.1573543739763317,0.7547169811320755,0.6587772461456672,0.1614115411900353,0.625,0.6825108225108225,0.0600129293990735,0.6837606837606838,0.7689393939393939,0.1781511517621946,0.74,,,,,14.4,14.4,4.8,6,18.0,18,,,,,,,,,,,,,,,,,,,,,,,mrmr_then_elasticnet_no_corr_auto_k_smote,nested_cv_outputs_all_triple_concat_batch_smote_compare/ADC_Post2_Pre/fs_method_comparison/mrmr_then_elasticnet_no_corr_auto_k_smote,mrmr_then_elasticnet_no_corr_auto_k,mrmr_then_elasticnet_no_corr,auto,True,53,4,1.3584905660377358,ADC–Post2–Pre,Triple,mRMR → EN,True,SMOTE,,ADC,Post2,ADC_Post2_Pre,Pre,,,,
,,LogisticRegression,0.7896945646945647,0.0516793920883649,0.7165624999999999,,,0.8275908672238044,0.0819674437776982,0.765348575060879,0.6682303204042335,0.0575737056158401,0.6666666666666666,0.7055249867091973,0.0466280999832297,0.6725,0.7616605616605616,0.1637551558419926,0.7407407407407407,0.6587772461456672,0.1614115411900353,0.625,0.6754932786511734,0.0634106418470712,0.6779661016949152,0.7522727272727272,0.1752212297036035,0.72,,,,,14.4,14.4,4.8,6,18.0,18,,,,,,,,,,,,,,,,,,,,,,,mrmr_then_elasticnet_no_corr_auto_k_no_smote,nested_cv_outputs_all_triple_concat_batch_smote_compare/ADC_Post2_Pre/fs_method_comparison/mrmr_then_elasticnet_no_corr_auto_k_no_smote,mrmr_then_elasticnet_no_corr_auto_k,mrmr_then_elasticnet_no_corr,auto,False,53,4,1.3584905660377358,ADC–Post2–Pre,Triple,mRMR → EN,False,No SMOTE,,ADC,Post2,ADC_Post2_Pre,Pre,,,,
,,SVM_RBF,0.7859612760091229,0.1018489245030147,0.7325,,,0.8372627570419109,0.120949802913285,0.8011275903246523,0.6500485022224153,0.0909679777804727,0.6491228070175439,0.6700377838535733,0.0891965075028171,0.6459375,0.6961771561771563,0.1555696076901522,0.6935483870967742,0.6981924508240297,0.1735851379221647,0.671875,0.6761904761904762,0.1071163988495428,0.6825396825396826,0.6418831168831169,0.147012725691822,0.62,,,,,10.4,10.4,5.571355310873647,4,8.0,18,,,,,,,,,,,,,,,,,,,,,,,elasticnet_then_mrmr_auto_k_smote,nested_cv_outputs_all_triple_concat_batch_smote_compare/ADC_Post2_Pre/fs_method_comparison/elasticnet_then_mrmr_auto_k_smote,elasticnet_then_mrmr_auto_k,elasticnet_then_mrmr,auto,True,29,5,1.793103448275862,ADC–Post2–Pre,Triple,EN → mRMR,True,SMOTE,,ADC,Post2,ADC_Post2_Pre,Pre,,,,
,,ExtraTrees,0.7788934572427395,0.1175310297105237,0.7071875,,,0.8408960819280065,0.1177185682085393,0.7970479690566765,0.6727591249330379,0.1037855772975729,0.6666666666666666,0.6845872256398572,0.0944954947349133,0.6725,0.7341847041847043,0.1007189826731803,0.7407407407407407,0.6522913343965975,0.2035623325108526,0.625,0.6715917671416392,0.1288879662871251,0.6779661016949152,0.7168831168831169,0.1174840253187368,0.72,,,,,10.4,10.4,5.571355310873647,4,8.0,18,,,,,,,,,,,,,,,,,,,,,,,elasticnet_then_mrmr_auto_k_no_smote,nested_cv_outputs_all_triple_concat_batch_smote_compare/ADC_Post2_Pre/fs_method_comparison/elasticnet_then_mrmr_auto_k_no_smote,elasticnet_then_mrmr_auto_k,elasticnet_then_mrmr,auto,False,29,5,1.793103448275862,ADC–Post2–Pre,Triple,EN → mRMR,False,No SMOTE,,ADC,Post2,ADC_Post2_Pre,Pre,,,,
,,ExtraTrees,0.7091610914338187,0.1257999333807151,0.5925000000000001,,,0.7867957078435247,0.1245790651731143,0.7253284682772752,0.5835309617918314,0.1163988186965421,0.5789473684210527,0.6141799574694311,0.1217410207262004,0.5856250000000001,0.6862515262515263,0.1939349967807531,0.6538461538461539,0.573056884635832,0.210354723082893,0.53125,0.5860076277650649,0.1277670106822226,0.5862068965517241,0.6553030303030304,0.2250395333088888,0.64,,,,,11.2,11.2,5.1536394906900505,4,14.0,16,,,,,,,,,,,,,,,,,,,,,,,corr_mrmr_auto_k_no_smote,nested_cv_outputs_all_triple_concat_batch_smote_compare/ADC_Post2_Pre/fs_method_comparison/corr_mrmr_auto_k_no_smote,corr_mrmr_auto_k,corr_mrmr,auto,False,43,4,1.302325581395349,ADC–Post2–Pre,Triple,Corr. → mRMR,False,No SMOTE,,ADC,Post2,ADC_Post2_Pre,Pre,,,,
,,ExtraTrees,0.6584897160256011,0.0989926676014999,0.56625,,,0.7598029933643975,0.1020004146439967,0.6797348124872228,0.5664900317074231,0.0968368683822198,0.5614035087719298,0.5931842864737601,0.0750821107871761,0.5678125,0.651010101010101,0.1243327256628273,0.6346153846153846,0.5548750664540137,0.199908916133592,0.515625,0.5688547008547008,0.1052440970550622,0.5689655172413793,0.6314935064935064,0.1624105175622519,0.62,,,,,11.2,11.2,5.1536394906900505,4,14.0,16,,,,,,,,,,,,,,,,,,,,,,,corr_mrmr_auto_k_smote,nested_cv_outputs_all_triple_concat_batch_smote_compare/ADC_Post2_Pre/fs_method_comparison/corr_mrmr_auto_k_smote,corr_mrmr_auto_k,corr_mrmr,auto,True,43,4,1.302325581395349,ADC–Post2–Pre,Triple,Corr. → mRMR,True,SMOTE,,ADC,Post2,ADC_Post2_Pre,Pre,,,,
,,SVM_Linear,0.8337354750512646,0.0452854522460405,0.755625,,,0.8660563562242178,0.0814764513749862,0.8128113100505047,0.7329829590699155,0.0842279396063848,0.7280701754385965,0.7390928077770182,0.0411659323015979,0.7184375000000001,0.7460943803358664,0.0916948871023473,0.7391304347826086,0.832514619883041,0.1944722224365432,0.796875,0.7625132811745388,0.0836833462581725,0.7669172932330827,0.6456709956709956,0.1508606767779624,0.64,,,,,10.4,10.4,4.2708313008125245,4,10.0,16,,,,,,,,,,,,,,,,,,,,,,,elasticnet_then_mrmr_auto_k_no_smote,nested_cv_outputs_all_triple_concat_batch_smote_compare/ADC_Post2_T2/fs_method_comparison/elasticnet_then_mrmr_auto_k_no_smote,elasticnet_then_mrmr_auto_k,elasticnet_then_mrmr,auto,False,31,5,1.6774193548387095,ADC–Post2–T2,Triple,EN → mRMR,False,No SMOTE,,ADC,Post2,ADC_Post2_T2,T2,,,,
,,SVM_RBF,0.8315906271647899,0.0261094587706409,0.7512500000000001,,,0.8748819478123838,0.0349039582378958,0.8179233873639247,0.6870578696665653,0.068293664684213,0.6842105263157895,0.6999261411103517,0.0321952411766471,0.6815625000000001,0.7329761904761904,0.1140744575240681,0.7258064516129032,0.7276661350345561,0.1972650804446976,0.703125,0.7025035139706457,0.0925227755489223,0.7142857142857143,0.6721861471861472,0.14704618377075,0.66,,,,,10.4,10.4,4.2708313008125245,4,10.0,16,,,,,,,,,,,,,,,,,,,,,,,elasticnet_then_mrmr_auto_k_smote,nested_cv_outputs_all_triple_concat_batch_smote_compare/ADC_Post2_T2/fs_method_comparison/elasticnet_then_mrmr_auto_k_smote,elasticnet_then_mrmr_auto_k,elasticnet_then_mrmr,auto,True,31,5,1.6774193548387095,ADC–Post2–T2,Triple,EN → mRMR,True,SMOTE,,ADC,Post2,ADC_Post2_T2,T2,,,,
,,LogisticRegression,0.7454970184874491,0.0642667015419769,0.6896875,,,0.8072871254937825,0.0948041440771956,0.7403624415696097,0.662231970927623,0.0645687995819173,0.6578947368421053,0.6962466772993089,0.0403318493477081,0.6646875,0.7558441558441559,0.1354415329133399,0.7358490566037735,0.6500691121743752,0.1504262405276037,0.609375,0.6712202729044834,0.052656318782937,0.6666666666666666,0.7424242424242424,0.1489941790174487,0.72,,,,,13.2,13.2,2.993325909419153,10,14.0,18,,,,,,,,,,,,,,,,,,,,,,,mrmr_then_elasticnet_no_corr_auto_k_no_smote,nested_cv_outputs_all_triple_concat_batch_smote_compare/ADC_Post2_T2/fs_method_comparison/mrmr_then_elasticnet_no_corr_auto_k_no_smote,mrmr_then_elasticnet_no_corr_auto_k,mrmr_then_elasticnet_no_corr,auto,False,54,3,1.2222222222222223,ADC–Post2–T2,Triple,mRMR → EN,False,No SMOTE,,ADC,Post2,ADC_Post2_T2,T2,,,,
,,LogisticRegression,0.7385543634108227,0.0737015232007145,0.6896875,,,0.8029564521658792,0.0970301982364038,0.744059081639758,0.6531410618367139,0.0643707656204554,0.6491228070175439,0.6845800106326422,0.0497233735325427,0.6590625,0.7535714285714287,0.1375069571523787,0.74,0.6100691121743753,0.1582200455480231,0.578125,0.6489980506822611,0.0703589301311789,0.6491228070175439,0.759090909090909,0.14417046842867,0.74,,,,,13.2,13.2,2.993325909419153,10,14.0,18,,,,,,,,,,,,,,,,,,,,,,,mrmr_then_elasticnet_no_corr_auto_k_smote,nested_cv_outputs_all_triple_concat_batch_smote_compare/ADC_Post2_T2/fs_method_comparison/mrmr_then_elasticnet_no_corr_auto_k_smote,mrmr_then_elasticnet_no_corr_auto_k,mrmr_then_elasticnet_no_corr,auto,True,54,3,1.2222222222222223,ADC–Post2–T2,Triple,mRMR → EN,True,SMOTE,,ADC,Post2,ADC_Post2_T2,T2,,,,
,,ExtraTrees,0.6787903643406035,0.0894096422472303,0.5765625,,,0.7873229403471698,0.0925149719487011,0.7160845604957033,0.5483835005574136,0.0992766368548692,0.543859649122807,0.5763987620566569,0.0810777391918678,0.5478125,0.6248717948717949,0.1575152226449606,0.6111111111111112,0.5487931951089846,0.1885330826714611,0.515625,0.5528571428571428,0.1316595623675386,0.559322033898305,0.6040043290043291,0.1400728940922428,0.58,,,,,12.8,12.8,4.1182520563948,6,12.0,18,,,,,,,,,,,,,,,,,,,,,,,corr_mrmr_auto_k_no_smote,nested_cv_outputs_all_triple_concat_batch_smote_compare/ADC_Post2_T2/fs_method_comparison/corr_mrmr_auto_k_no_smote,corr_mrmr_auto_k,corr_mrmr,auto,False,48,3,1.3333333333333333,ADC–Post2–T2,Triple,Corr. → mRMR,False,No SMOTE,,ADC,Post2,ADC_Post2_T2,T2,,,,
,,ExtraTrees,0.6587988681529351,0.1168934371433368,0.5759375,,,0.7766337768983517,0.108333828600792,0.7119021373683159,0.5582649234823147,0.1059228078081246,0.5526315789473685,0.5947826004404952,0.0866825546826958,0.555625,0.643073593073593,0.1415895487221446,0.6181818181818182,0.5825305688463583,0.212619980448356,0.53125,0.5722468835512313,0.1231594174794673,0.5714285714285714,0.607034632034632,0.1492872693172303,0.58,,,,,12.8,12.8,4.1182520563948,6,12.0,18,,,,,,,,,,,,,,,,,,,,,,,corr_mrmr_auto_k_smote,nested_cv_outputs_all_triple_concat_batch_smote_compare/ADC_Post2_T2/fs_method_comparison/corr_mrmr_auto_k_smote,corr_mrmr_auto_k,corr_mrmr,auto,True,48,3,1.3333333333333333,ADC–Post2–T2,Triple,Corr. → mRMR,True,SMOTE,,ADC,Post2,ADC_Post2_T2,T2,,,,
,,LightGBM,0.7671242500189869,0.1146206119921728,0.72,,,0.8015369954572993,0.0998031560658977,0.7783227859224924,0.6517048169222083,0.0610924896206281,0.6491228070175439,0.6676892990050886,0.0690518001822432,0.6481250000000001,0.7018181818181819,0.1104360320255293,0.7,0.6866772993088783,0.1406589404993958,0.65625,0.6773593073593073,0.0548766144549772,0.6774193548387096,0.6487012987012987,0.1185815354728005,0.64,,,,,13.2,13.2,5.1536394906900505,6,16.0,18,,,,,,,,,,,,,,,,,,,,,,,elasticnet_then_mrmr_auto_k_smote,nested_cv_outputs_all_triple_concat_batch_smote_compare/ADC_Pre_T2/fs_method_comparison/elasticnet_then_mrmr_auto_k_smote,elasticnet_then_mrmr_auto_k,elasticnet_then_mrmr,auto,True,35,4,1.8857142857142857,ADC–Pre–T2,Triple,EN → mRMR,True,SMOTE,,ADC,Pre,ADC_Pre_T2,T2,,,,
,,XGBoost,0.7624075454936698,0.1152148437171988,0.665625,,,0.8213414604480235,0.0832156537148026,0.7181131578024202,0.5916561699170394,0.0809017722831249,0.5877192982456141,0.6198902559428875,0.0827895072021257,0.5825,0.6549131424131425,0.1201341758582944,0.6349206349206349,0.6789580010632642,0.1947758736043282,0.625,0.6340992340992341,0.0691039158726739,0.6299212598425197,0.5608225108225108,0.164069264069264,0.54,,,,,13.2,13.2,5.1536394906900505,6,16.0,18,,,,,,,,,,,,,,,,,,,,,,,elasticnet_then_mrmr_auto_k_no_smote,nested_cv_outputs_all_triple_concat_batch_smote_compare/ADC_Pre_T2/fs_method_comparison/elasticnet_then_mrmr_auto_k_no_smote,elasticnet_then_mrmr_auto_k,elasticnet_then_mrmr,auto,False,35,4,1.8857142857142857,ADC–Pre–T2,Triple,EN → mRMR,False,No SMOTE,,ADC,Pre,ADC_Pre_T2,T2,,,,
,,XGBoost,0.7343729732964184,0.0778942388490436,0.6528125,,,0.8109217320899136,0.0658545728842707,0.729139911984668,0.5924394446133576,0.0924624941985771,0.5877192982456141,0.6217124250018986,0.0714712251024084,0.5825,0.6526917526917526,0.143510422157772,0.6349206349206349,0.6742690058479532,0.2494383417553856,0.625,0.6212575031165736,0.1261840518259664,0.6299212598425197,0.5691558441558442,0.1660472269120687,0.54,,,,,13.6,13.6,4.079215610874227,8,14.0,18,,,,,,,,,,,,,,,,,,,,,,,mrmr_then_elasticnet_no_corr_auto_k_smote,nested_cv_outputs_all_triple_concat_batch_smote_compare/ADC_Pre_T2/fs_method_comparison/mrmr_then_elasticnet_no_corr_auto_k_smote,mrmr_then_elasticnet_no_corr_auto_k,mrmr_then_elasticnet_no_corr,auto,True,52,3,1.3076923076923077,ADC–Pre–T2,Triple,mRMR → EN,True,SMOTE,,ADC,Pre,ADC_Pre_T2,T2,,,,
,,LogisticRegression,0.7133166133883837,0.0668063267231617,0.6737500000000001,,,0.7729798906380031,0.0885080961556389,0.7034032425936037,0.5989532206923511,0.0630529033355354,0.5964912280701754,0.6405648591174907,0.0626925910296163,0.6078125,0.7207251082251082,0.1703623058336691,0.6875,0.5500691121743754,0.2048785240269874,0.515625,0.5812075941487705,0.0946675705516824,0.5892857142857143,0.7310606060606061,0.2156630708928252,0.7,,,,,13.6,13.6,4.079215610874227,8,14.0,18,,,,,,,,,,,,,,,,,,,,,,,mrmr_then_elasticnet_no_corr_auto_k_no_smote,nested_cv_outputs_all_triple_concat_batch_smote_compare/ADC_Pre_T2/fs_method_comparison/mrmr_then_elasticnet_no_corr_auto_k_no_smote,mrmr_then_elasticnet_no_corr_auto_k,mrmr_then_elasticnet_no_corr,auto,False,52,3,1.3076923076923077,ADC–Pre–T2,Triple,mRMR → EN,False,No SMOTE,,ADC,Pre,ADC_Pre_T2,T2,,,,
,,LightGBM,0.6934676337307917,0.0982448501312553,0.6050000000000001,,,0.7484258155634047,0.1440151298152677,0.6916361021799446,0.5628646715603237,0.0716654098059602,0.5614035087719298,0.5919755828966355,0.0651715275008156,0.5634375,0.6381652661064425,0.1681794676563688,0.625,0.5769165337586389,0.2193717001012575,0.546875,0.5698326301906864,0.1240624135758794,0.5833333333333334,0.607034632034632,0.1973660443107221,0.58,,,,,15.6,15.6,2.33238075793812,12,16.0,18,,,,,,,,,,,,,,,,,,,,,,,corr_mrmr_auto_k_smote,nested_cv_outputs_all_triple_concat_batch_smote_compare/ADC_Pre_T2/fs_method_comparison/corr_mrmr_auto_k_smote,corr_mrmr_auto_k,corr_mrmr,auto,True,61,4,1.278688524590164,ADC–Pre–T2,Triple,Corr. → mRMR,True,SMOTE,,ADC,Pre,ADC_Pre_T2,T2,,,,
,,XGBoost,0.6766945025557466,0.0715799983962585,0.5846875,,,0.7389574436668807,0.0845146892968132,0.6594849846354881,0.5828779915736437,0.0869152189052357,0.5789473684210527,0.6149700007594744,0.0579195180424887,0.568125,0.6476190476190476,0.1358604058827343,0.6176470588235294,0.716087187666135,0.2176386327002086,0.65625,0.6351618037135279,0.1014924874231685,0.6363636363636364,0.5138528138528138,0.1919443614217383,0.48,,,,,15.6,15.6,2.33238075793812,12,16.0,18,,,,,,,,,,,,,,,,,,,,,,,corr_mrmr_auto_k_no_smote,nested_cv_outputs_all_triple_concat_batch_smote_compare/ADC_Pre_T2/fs_method_comparison/corr_mrmr_auto_k_no_smote,corr_mrmr_auto_k,corr_mrmr,auto,False,61,4,1.278688524590164,ADC–Pre–T2,Triple,Corr. → mRMR,False,No SMOTE,,ADC,Pre,ADC_Pre_T2,T2,,,,
,,SVM_Linear,0.7531372549019608,0.1257709957510366,0.7145432692307693,,,0.8165204529848851,0.0611568045616307,0.7934181365468993,0.6912870901191257,0.0471767186742901,0.6810344827586207,0.6972222222222222,0.0373021715941425,0.6856971153846154,0.753030303030303,0.1652557358113452,0.7454545454545455,0.6333333333333333,0.1369183549027144,0.640625,0.6635341669824427,0.0666077835247957,0.6890756302521008,0.7611111111111111,0.1586984095231744,0.7307692307692307,,,,,11.6,11.6,5.571355310873648,4,14.0,18,,,,,,,,,,,,,,,,,,,,,,,mrmr_then_elasticnet_no_corr_auto_k_smote,nested_cv_outputs_all_triple_concat_batch_smote_compare/Post1_Post2_Pre/fs_method_comparison/mrmr_then_elasticnet_no_corr_auto_k_smote,mrmr_then_elasticnet_no_corr_auto_k,mrmr_then_elasticnet_no_corr,auto,True,47,4,1.2340425531914894,Post1–Post2–Pre,Triple,mRMR → EN,True,SMOTE,,Post1,Post2,Post1_Post2_Pre,Pre,,,,
,,SVM_Linear,0.7278384687208217,0.1234733745282738,0.6778846153846153,,,0.8021005943898049,0.0549820897831828,0.7613779403346561,0.621042373767624,0.0555510022658552,0.6206896551724138,0.6405345471521942,0.0804354890803086,0.6129807692307692,0.6244285714285713,0.1139785156984259,0.6470588235294118,0.7235294117647058,0.2084711193725806,0.6875,0.6415565796210958,0.0799468074637197,0.6666666666666666,0.5575396825396826,0.1070399270429287,0.5384615384615384,,,,,11.6,11.6,5.571355310873648,4,14.0,18,,,,,,,,,,,,,,,,,,,,,,,mrmr_then_elasticnet_no_corr_auto_k_no_smote,nested_cv_outputs_all_triple_concat_batch_smote_compare/Post1_Post2_Pre/fs_method_comparison/mrmr_then_elasticnet_no_corr_auto_k_no_smote,mrmr_then_elasticnet_no_corr_auto_k,mrmr_then_elasticnet_no_corr,auto,False,47,4,1.2340425531914894,Post1–Post2–Pre,Triple,mRMR → EN,False,No SMOTE,,Post1,Post2,Post1_Post2_Pre,Pre,,,,
,,ExtraTrees,0.6974509803921569,0.0704356860453774,0.6470853365384616,,,0.780300625296463,0.0560010824858877,0.7510668479945075,0.5884458515159293,0.0821619578944555,0.5948275862068966,0.6208823529411764,0.0891917658085266,0.5877403846153846,0.6638461538461539,0.2219517749445855,0.6268656716417911,0.691764705882353,0.2050436699203232,0.65625,0.6139063875905981,0.0813004465872198,0.6412213740458015,0.55,0.2666666666666666,0.5192307692307693,,,,,10.4,10.4,5.4258639865002145,4,12.0,16,,,,,,,,,,,,,,,,,,,,,,,elasticnet_then_mrmr_auto_k_smote,nested_cv_outputs_all_triple_concat_batch_smote_compare/Post1_Post2_Pre/fs_method_comparison/elasticnet_then_mrmr_auto_k_smote,elasticnet_then_mrmr_auto_k,elasticnet_then_mrmr,auto,True,33,4,1.5757575757575757,Post1–Post2–Pre,Triple,EN → mRMR,True,SMOTE,,Post1,Post2,Post1_Post2_Pre,Pre,,,,
,,SVM_Linear,0.6883053221288515,0.1918558433885387,0.6090745192307692,,,0.7953494817544567,0.1363071443271832,0.7160466866662801,0.5520644971145526,0.1221287519205705,0.5258620689655172,0.577266573295985,0.142524916916601,0.5270432692307692,0.5809774436090225,0.1646255324818648,0.5789473684210527,0.5858823529411765,0.2620546972673102,0.515625,0.5424915824915826,0.1402269228184035,0.5454545454545454,0.5686507936507936,0.1694941564934081,0.5384615384615384,,,,,16.0,16.0,2.1908902300206643,12,16.0,18,,,,,,,,,,,,,,,,,,,,,,,corr_mrmr_auto_k_smote,nested_cv_outputs_all_triple_concat_batch_smote_compare/Post1_Post2_Pre/fs_method_comparison/corr_mrmr_auto_k_smote,corr_mrmr_auto_k,corr_mrmr,auto,True,49,4,1.6326530612244898,Post1–Post2–Pre,Triple,Corr. → mRMR,True,SMOTE,,Post1,Post2,Post1_Post2_Pre,Pre,,,,
,,XGBoost,0.6799221910986617,0.1094931382182851,0.6622596153846154,,,0.7280804145880068,0.1202311046689954,0.7594676375197561,0.6073082152058793,0.0892185454496079,0.6206896551724138,0.6157819794584499,0.0719314379530685,0.6147836538461539,0.6300776397515528,0.1908562576083001,0.6515151515151515,0.6486274509803921,0.169973650625498,0.671875,0.6067424242424242,0.1438206048909007,0.6615384615384615,0.5829365079365079,0.1686409894442501,0.5576923076923077,,,,,10.4,10.4,5.4258639865002145,4,12.0,16,,,,,,,,,,,,,,,,,,,,,,,elasticnet_then_mrmr_auto_k_no_smote,nested_cv_outputs_all_triple_concat_batch_smote_compare/Post1_Post2_Pre/fs_method_comparison/elasticnet_then_mrmr_auto_k_no_smote,elasticnet_then_mrmr_auto_k,elasticnet_then_mrmr,auto,False,33,4,1.5757575757575757,Post1–Post2–Pre,Triple,EN → mRMR,False,No SMOTE,,Post1,Post2,Post1_Post2_Pre,Pre,,,,
,,LogisticRegression,0.6740919701213819,0.1978764963722248,0.6310096153846153,,,0.7757094843493879,0.1544397223339975,0.7171894049994153,0.6132759096051644,0.1577823923578169,0.5689655172413793,0.6226423902894491,0.1759429590907279,0.5697115384615384,0.6620855614973262,0.1874006471309834,0.6206896551724138,0.6294117647058823,0.2335227440150495,0.5625,0.614857294269059,0.1386078146340593,0.5901639344262295,0.6158730158730158,0.2381269820108641,0.5769230769230769,,,,,16.0,16.0,2.1908902300206643,12,16.0,18,,,,,,,,,,,,,,,,,,,,,,,corr_mrmr_auto_k_no_smote,nested_cv_outputs_all_triple_concat_batch_smote_compare/Post1_Post2_Pre/fs_method_comparison/corr_mrmr_auto_k_no_smote,corr_mrmr_auto_k,corr_mrmr,auto,False,49,4,1.6326530612244898,Post1–Post2–Pre,Triple,Corr. → mRMR,False,No SMOTE,,Post1,Post2,Post1_Post2_Pre,Pre,,,,
,,NaiveBayes,0.7353104575163397,0.0569725200619209,0.7064302884615385,,,0.738669989813624,0.171497935841686,0.7656049578048236,0.6040776551343848,0.087734827799558,0.6206896551724138,0.616704014939309,0.0870056155726932,0.6129807692307692,0.6308180708180707,0.2005184339765771,0.6470588235294118,0.6603921568627451,0.1545038318742341,0.6875,0.613030303030303,0.1386528388952085,0.6666666666666666,0.573015873015873,0.2474434664431694,0.5384615384615384,,,,,10.0,10.0,5.059644256269407,4,8.0,16,,,,,,,,,,,,,,,,,,,,,,,mrmr_then_elasticnet_no_corr_auto_k_no_smote,nested_cv_outputs_all_triple_concat_batch_smote_compare/Post1_Post2_T2/fs_method_comparison/mrmr_then_elasticnet_no_corr_auto_k_no_smote,mrmr_then_elasticnet_no_corr_auto_k,mrmr_then_elasticnet_no_corr,auto,False,38,3,1.3157894736842106,Post1–Post2–T2,Triple,mRMR → EN,False,No SMOTE,,Post1,Post2,Post1_Post2_T2,T2,,,,
,,NaiveBayes,0.7291433239962651,0.061316529987458,0.7034254807692307,,,0.7304356424110925,0.1713618619407646,0.7613950991494508,0.5967361645893348,0.0690816337653393,0.6120689655172413,0.6120821661998133,0.0662667794366561,0.6069711538461539,0.6289377289377288,0.1943174245803119,0.6461538461538462,0.6368627450980392,0.1547425339918559,0.65625,0.5995348837209302,0.1278760592184585,0.6511627906976745,0.5873015873015873,0.2230568227670196,0.5576923076923077,,,,,10.0,10.0,5.059644256269407,4,8.0,16,,,,,,,,,,,,,,,,,,,,,,,mrmr_then_elasticnet_no_corr_auto_k_smote,nested_cv_outputs_all_triple_concat_batch_smote_compare/Post1_Post2_T2/fs_method_comparison/mrmr_then_elasticnet_no_corr_auto_k_smote,mrmr_then_elasticnet_no_corr_auto_k,mrmr_then_elasticnet_no_corr,auto,True,38,3,1.3157894736842106,Post1–Post2–T2,Triple,mRMR → EN,True,SMOTE,,Post1,Post2,Post1_Post2_T2,T2,,,,
,,XGBoost,0.7029761904761905,0.075144551835612,0.6577524038461537,,,0.7963894634098889,0.0354675765470903,0.7183021084249137,0.567717692022475,0.0943506977539918,0.5948275862068966,0.6064682539682539,0.05503991236239,0.5895432692307692,0.6117316017316017,0.179217349445401,0.6307692307692307,0.6799999999999999,0.2055829756122614,0.640625,0.5972934186556478,0.1104616395933508,0.6356589147286822,0.532936507936508,0.2033032206987515,0.5384615384615384,,,,,8.8,8.8,4.995998398718719,4,6.0,18,,,,,,,,,,,,,,,,,,,,,,,elasticnet_then_mrmr_auto_k_no_smote,nested_cv_outputs_all_triple_concat_batch_smote_compare/Post1_Post2_T2/fs_method_comparison/elasticnet_then_mrmr_auto_k_no_smote,elasticnet_then_mrmr_auto_k,elasticnet_then_mrmr,auto,False,27,4,1.6296296296296295,Post1–Post2–T2,Triple,EN → mRMR,False,No SMOTE,,Post1,Post2,Post1_Post2_T2,T2,,,,
,,LightGBM,0.6912636165577342,0.0888245580787986,0.6316105769230769,,,0.735420758188857,0.0421420846507753,0.6459452901143555,0.6146497057509294,0.0753402561178165,0.6293103448275862,0.6562114845938375,0.0329789526673819,0.6316105769230769,0.6780555555555556,0.1799185343769387,0.6842105263157895,0.6564705882352941,0.2270801574860195,0.609375,0.6090775890775891,0.1099679874199488,0.6446280991735537,0.6559523809523811,0.1953396948187492,0.6538461538461539,,,,,8.8,8.8,4.995998398718719,4,6.0,18,,,,,,,,,,,,,,,,,,,,,,,elasticnet_then_mrmr_auto_k_smote,nested_cv_outputs_all_triple_concat_batch_smote_compare/Post1_Post2_T2/fs_method_comparison/elasticnet_then_mrmr_auto_k_smote,elasticnet_then_mrmr_auto_k,elasticnet_then_mrmr,auto,True,27,4,1.6296296296296295,Post1–Post2–T2,Triple,EN → mRMR,True,SMOTE,,Post1,Post2,Post1_Post2_T2,T2,,,,
,,ExtraTrees,0.6407080610021787,0.0656328306992385,0.6141826923076923,,,0.745645475929464,0.0523273479572396,0.6974960595467149,0.5868543395795898,0.0716822155289096,0.5948275862068966,0.6053104575163399,0.0637707230115663,0.5985576923076923,0.6571428571428571,0.2001133465661971,0.6545454545454545,0.5745098039215686,0.1759906327240539,0.5625,0.564324942791762,0.1272077038769365,0.6050420168067226,0.6361111111111111,0.2134374745810949,0.6346153846153846,,,,,13.6,13.6,5.276362383309167,4,16.0,18,,,,,,,,,,,,,,,,,,,,,,,corr_mrmr_auto_k_smote,nested_cv_outputs_all_triple_concat_batch_smote_compare/Post1_Post2_T2/fs_method_comparison/corr_mrmr_auto_k_smote,corr_mrmr_auto_k,corr_mrmr,auto,True,52,3,1.3076923076923077,Post1–Post2–T2,Triple,Corr. → mRMR,True,SMOTE,,Post1,Post2,Post1_Post2_T2,T2,,,,
,,RandomForest,0.6331644880174292,0.0743435928825576,0.6150841346153846,,,0.7376806300504946,0.0836147953317131,0.6968138925195995,0.6167688694941197,0.0490281267332453,0.6120689655172413,0.6187698412698412,0.0406938232817846,0.6105769230769231,0.6441904761904762,0.133672493808214,0.6557377049180327,0.6133333333333333,0.1880652827011883,0.625,0.5984247046983421,0.0948844450872187,0.64,0.6242063492063492,0.1688425613748502,0.5961538461538461,,,,,13.6,13.6,5.276362383309167,4,16.0,18,,,,,,,,,,,,,,,,,,,,,,,corr_mrmr_auto_k_no_smote,nested_cv_outputs_all_triple_concat_batch_smote_compare/Post1_Post2_T2/fs_method_comparison/corr_mrmr_auto_k_no_smote,corr_mrmr_auto_k,corr_mrmr,auto,False,52,3,1.3076923076923077,Post1–Post2–T2,Triple,Corr. → mRMR,False,No SMOTE,,Post1,Post2,Post1_Post2_T2,T2,,,,
,,NaiveBayes,0.682120292561469,0.0740432566626414,0.6947115384615385,,,0.7015696195510753,0.1641612532838707,0.7444881509971175,0.6353745377104665,0.072020528815007,0.6379310344827587,0.5908870214752568,0.0718239889686438,0.6231971153846154,0.6011278195488722,0.1455726175789087,0.6447368421052632,0.6643137254901961,0.2504725253734145,0.765625,0.6154954954954956,0.1741468964867602,0.7,0.5174603174603174,0.2451160635407115,0.4807692307692308,,,,,11.6,11.6,6.374950980203691,4,14.0,18,,,,,,,,,,,,,,,,,,,,,,,mrmr_then_elasticnet_no_corr_auto_k_no_smote,nested_cv_outputs_all_triple_concat_batch_smote_compare/Post1_Pre_T2/fs_method_comparison/mrmr_then_elasticnet_no_corr_auto_k_no_smote,mrmr_then_elasticnet_no_corr_auto_k,mrmr_then_elasticnet_no_corr,auto,False,42,3,1.380952380952381,Post1–Pre–T2,Triple,mRMR → EN,False,No SMOTE,,Post1,Pre,Post1_Pre_T2,T2,,,,
,,NaiveBayes,0.6762278244631185,0.0842061223407044,0.6947115384615385,,,0.7021623378669772,0.1692781257738946,0.7510638966957752,0.6242634265993554,0.086339671590093,0.6293103448275862,0.5808870214752568,0.0766578490493505,0.6153846153846154,0.5877944862155389,0.1419675861247153,0.64,0.644313725490196,0.2736951497314916,0.75,0.5954954954954956,0.1911725957761472,0.6906474820143885,0.5174603174603174,0.2451160635407115,0.4807692307692308,,,,,11.6,11.6,6.374950980203691,4,14.0,18,,,,,,,,,,,,,,,,,,,,,,,mrmr_then_elasticnet_no_corr_auto_k_smote,nested_cv_outputs_all_triple_concat_batch_smote_compare/Post1_Pre_T2/fs_method_comparison/mrmr_then_elasticnet_no_corr_auto_k_smote,mrmr_then_elasticnet_no_corr_auto_k,mrmr_then_elasticnet_no_corr,auto,True,42,3,1.380952380952381,Post1–Pre–T2,Triple,mRMR → EN,True,SMOTE,,Post1,Pre,Post1_Pre_T2,T2,,,,
,,SVM_Linear,0.6681473700591347,0.1191354538367305,0.6304086538461537,,,0.7155818415887569,0.1261994085400487,0.6718509085994214,0.544060351958016,0.1317788646612754,0.5775862068965517,0.5524276377217554,0.0843912402581659,0.5612980769230769,0.5544226579520697,0.1801726006459201,0.5974025974025974,0.692156862745098,0.1811577954894289,0.71875,0.5919164555774462,0.164062636797842,0.6524822695035462,0.4126984126984127,0.132708285498911,0.4038461538461538,,,,,9.6,9.6,3.878143885933063,4,8.0,14,,,,,,,,,,,,,,,,,,,,,,,elasticnet_then_mrmr_auto_k_no_smote,nested_cv_outputs_all_triple_concat_batch_smote_compare/Post1_Pre_T2/fs_method_comparison/elasticnet_then_mrmr_auto_k_no_smote,elasticnet_then_mrmr_auto_k,elasticnet_then_mrmr,auto,False,31,4,1.5483870967741935,Post1–Pre–T2,Triple,EN → mRMR,False,No SMOTE,,Post1,Pre,Post1_Pre_T2,T2,,,,
,,SVM_Linear,0.6640102707749767,0.1478468905506245,0.5793269230769231,,,0.7040327850252616,0.0685989165757291,0.6249390423715075,0.5473137294049419,0.0396122722506046,0.5517241379310345,0.5690849673202615,0.0629416685311873,0.5342548076923077,0.5739911448450348,0.1362008301625715,0.5769230769230769,0.7270588235294118,0.23733234840328,0.703125,0.5968137254901962,0.0888594482194777,0.6338028169014085,0.4111111111111111,0.249320063025743,0.3653846153846153,,,,,12.8,12.8,6.3999999999999995,4,18.0,18,,,,,,,,,,,,,,,,,,,,,,,corr_mrmr_auto_k_no_smote,nested_cv_outputs_all_triple_concat_batch_smote_compare/Post1_Pre_T2/fs_method_comparison/corr_mrmr_auto_k_no_smote,corr_mrmr_auto_k,corr_mrmr,auto,False,44,3,1.4545454545454546,Post1–Pre–T2,Triple,Corr. → mRMR,False,No SMOTE,,Post1,Pre,Post1_Pre_T2,T2,,,,
,,SVM_Linear,0.6633800186741363,0.1322237205886631,0.6601562499999999,,,0.7126163401478054,0.1357131732736223,0.6998598947839295,0.6074560527841952,0.1210252191066741,0.6206896551724138,0.6129668534080299,0.1178202437337313,0.6201923076923077,0.6154761904761906,0.166649658996163,0.6666666666666666,0.6215686274509804,0.1474634955055934,0.625,0.6036866359447005,0.1423384792924176,0.6451612903225806,0.6043650793650794,0.0989647852652657,0.6153846153846154,,,,,9.6,9.6,3.878143885933063,4,8.0,14,,,,,,,,,,,,,,,,,,,,,,,elasticnet_then_mrmr_auto_k_smote,nested_cv_outputs_all_triple_concat_batch_smote_compare/Post1_Pre_T2/fs_method_comparison/elasticnet_then_mrmr_auto_k_smote,elasticnet_then_mrmr_auto_k,elasticnet_then_mrmr,auto,True,31,4,1.5483870967741935,Post1–Pre–T2,Triple,EN → mRMR,True,SMOTE,,Post1,Pre,Post1_Pre_T2,T2,,,,
,,LogisticRegression,0.6601571739807035,0.1070442770856749,0.6159855769230769,,,0.6979912255857308,0.0868592940239393,0.6640832458096944,0.5918584752288869,0.0841502119910394,0.5775862068965517,0.6056069094304389,0.1152256315223635,0.5775240384615384,0.6075,0.0610327780786685,0.6271186440677966,0.6247058823529412,0.2233559698628097,0.578125,0.5890909090909091,0.0983537589095795,0.6016260162601627,0.5865079365079364,0.1104971700568705,0.5769230769230769,,,,,12.8,12.8,6.3999999999999995,4,18.0,18,,,,,,,,,,,,,,,,,,,,,,,corr_mrmr_auto_k_smote,nested_cv_outputs_all_triple_concat_batch_smote_compare/Post1_Pre_T2/fs_method_comparison/corr_mrmr_auto_k_smote,corr_mrmr_auto_k,corr_mrmr,auto,True,44,3,1.4545454545454546,Post1–Pre–T2,Triple,Corr. → mRMR,True,SMOTE,,Post1,Pre,Post1_Pre_T2,T2,,,,
,,SVM_RBF,0.7428591470258137,0.1612683498246359,0.7020710059171598,,,0.8032133840168513,0.0874214582698326,0.7354347971321076,0.6603813987684954,0.1121277167824045,0.6581196581196581,0.6818434343434342,0.1288532315864701,0.6576923076923077,0.6869780219780219,0.1250846350356034,0.7049180327868853,0.6992424242424242,0.210704141103238,0.6615384615384615,0.6714567961684642,0.1098874249628335,0.6825396825396826,0.6644444444444444,0.1277342921173325,0.6538461538461539,,,,,13.2,13.2,4.308131845707603,8,16.0,18,,,,,,,,,,,,,,,,,,,,,,,elasticnet_then_mrmr_auto_k_smote,nested_cv_outputs_all_triple_concat_batch_smote_compare/Post2_Pre_T2/fs_method_comparison/elasticnet_then_mrmr_auto_k_smote,elasticnet_then_mrmr_auto_k,elasticnet_then_mrmr,auto,True,42,5,1.5714285714285714,Post2–Pre–T2,Triple,EN → mRMR,True,SMOTE,,Post2,Pre,Post2_Pre_T2,T2,,,,
,,SVM_RBF,0.7353759820426488,0.1757874111246118,0.7065088757396449,,,0.8067359802726835,0.093531330779612,0.782677388978464,0.6497858652697361,0.1106518880021364,0.6410256410256411,0.6676010101010101,0.1347248989159746,0.6365384615384615,0.6737928737928737,0.1300393545562671,0.676923076923077,0.7174242424242424,0.1918866266895525,0.676923076923077,0.674328342851263,0.0917479513333665,0.676923076923077,0.6177777777777778,0.1723619504859139,0.5961538461538461,,,,,13.2,13.2,4.308131845707603,8,16.0,18,,,,,,,,,,,,,,,,,,,,,,,elasticnet_then_mrmr_auto_k_no_smote,nested_cv_outputs_all_triple_concat_batch_smote_compare/Post2_Pre_T2/fs_method_comparison/elasticnet_then_mrmr_auto_k_no_smote,elasticnet_then_mrmr_auto_k,elasticnet_then_mrmr,auto,False,42,5,1.5714285714285714,Post2–Pre–T2,Triple,EN → mRMR,False,No SMOTE,,Post2,Pre,Post2_Pre_T2,T2,,,,
,,NaiveBayes,0.7012752525252526,0.0913787705720204,0.6739644970414201,,,0.7431105006383352,0.0792678566516446,0.7468770904763045,0.66098796066538,0.1141371610765604,0.6410256410256411,0.6255934343434344,0.1192681579708713,0.6269230769230769,0.6703654188948306,0.0811371898163236,0.6533333333333333,0.7311868686868687,0.1474585313486585,0.7538461538461538,0.691535657325131,0.0985335484495561,0.7,0.5199999999999999,0.2705641112039897,0.5,,,,,11.6,11.6,5.571355310873648,4,14.0,18,,,,,,,,,,,,,,,,,,,,,,,mrmr_then_elasticnet_no_corr_auto_k_smote,nested_cv_outputs_all_triple_concat_batch_smote_compare/Post2_Pre_T2/fs_method_comparison/mrmr_then_elasticnet_no_corr_auto_k_smote,mrmr_then_elasticnet_no_corr_auto_k,mrmr_then_elasticnet_no_corr,auto,True,45,4,1.288888888888889,Post2–Pre–T2,Triple,mRMR → EN,True,SMOTE,,Post2,Pre,Post2_Pre_T2,T2,,,,
,,NaiveBayes,0.685513468013468,0.1089625067903789,0.6576923076923077,,,0.7232332659013544,0.0904656124453624,0.737717075011856,0.6445363477621543,0.1309099923720934,0.6239316239316239,0.6098358585858585,0.1300486441957679,0.6096153846153847,0.6549080501765924,0.0958531089645459,0.64,0.7130050505050505,0.1820055502012248,0.7384615384615385,0.6719225219225219,0.1285158062796106,0.6857142857142857,0.5066666666666666,0.2808804499435549,0.4807692307692308,,,,,11.6,11.6,5.571355310873648,4,14.0,18,,,,,,,,,,,,,,,,,,,,,,,mrmr_then_elasticnet_no_corr_auto_k_no_smote,nested_cv_outputs_all_triple_concat_batch_smote_compare/Post2_Pre_T2/fs_method_comparison/mrmr_then_elasticnet_no_corr_auto_k_no_smote,mrmr_then_elasticnet_no_corr_auto_k,mrmr_then_elasticnet_no_corr,auto,False,45,4,1.288888888888889,Post2–Pre–T2,Triple,mRMR → EN,False,No SMOTE,,Post2,Pre,Post2_Pre_T2,T2,,,,
,,RandomForest,0.6805765993265993,0.1503271525712098,0.620414201183432,,,0.7712857710145492,0.1048567043357429,0.7233429692538447,0.5666574763348956,0.0716670804501999,0.5555555555555556,0.5746212121212121,0.1023539006335397,0.5480769230769231,0.5852259436469963,0.0660267699169597,0.5970149253731343,0.6603535353535352,0.2058859151326163,0.6153846153846154,0.5997997997997998,0.0796928827447267,0.6060606060606061,0.4888888888888889,0.1032795558988644,0.4807692307692308,,,,,12.8,12.8,4.833218389437829,4,14.0,18,,,,,,,,,,,,,,,,,,,,,,,corr_mrmr_auto_k_no_smote,nested_cv_outputs_all_triple_concat_batch_smote_compare/Post2_Pre_T2/fs_method_comparison/corr_mrmr_auto_k_no_smote,corr_mrmr_auto_k,corr_mrmr,auto,False,42,3,1.5238095238095235,Post2–Pre–T2,Triple,Corr. → mRMR,False,No SMOTE,,Post2,Pre,Post2_Pre_T2,T2,,,,
,,XGBoost,0.6692494388327722,0.1009747980458079,0.6162721893491124,,,0.7349385757284969,0.0811119139341898,0.6711957568798566,0.5670535796342248,0.0397543975557188,0.5641025641025641,0.5886489898989898,0.0754379663813784,0.5615384615384615,0.6027777777777776,0.0822147143719374,0.6129032258064516,0.6395202020202021,0.1964583170022465,0.5846153846153846,0.5932496811753778,0.0412451344976717,0.5984251968503937,0.5377777777777778,0.0870929686322907,0.5384615384615384,,,,,12.8,12.8,4.833218389437829,4,14.0,18,,,,,,,,,,,,,,,,,,,,,,,corr_mrmr_auto_k_smote,nested_cv_outputs_all_triple_concat_batch_smote_compare/Post2_Pre_T2/fs_method_comparison/corr_mrmr_auto_k_smote,corr_mrmr_auto_k,corr_mrmr,auto,True,42,3,1.5238095238095235,Post2–Pre–T2,Triple,Corr. → mRMR,True,SMOTE,,Post2,Pre,Post2_Pre_T2,T2,,,,
,,SVM_RBF,0.7904761904761906,0.0629960786151556,0.7650793650793651,0.7650793650793651,0.7726133604824184,0.8190883370104233,0.1050956519047305,0.7948672459253328,0.7319887955182072,0.051265448017402,0.7256637168141593,0.7217063492063491,0.0310173311220029,0.7188888888888889,0.7519949494949495,0.1014917933828591,0.7424242424242424,0.7979365079365079,0.1468160443181758,0.7777777777777778,0.7579310344827587,0.0666571535027777,0.7596899224806202,0.6454761904761905,0.1779806099148694,0.66,0.4416178718736169,0.0682136144074541,0.440504711707395,0.1936880855441604,6.0,6.0,2.1908902300206643,4,6.0,10,0.6500027263041297,0.8563580280763323,0.6009447238721968,0.9107763011237848,0.6354915528396837,0.8095357142857142,0.6335716031280547,0.802019042465471,0.5573711943793911,0.8764044943820225,0.6585365853658537,0.8850621820237422,0.625,0.8504241808483616,0.5142664092664092,0.7916666666666666,0.2682220403855338,0.5977098666268166,0.1561805699552629,0.2370145981427031,2000.0,2000.0,elasticnet_then_mrmr_auto_k_smote,nested_cv_outputs_all_quad_concat_batch_smote_compare/ADC_Post1_Post2_Pre/fs_method_comparison/elasticnet_then_mrmr_auto_k_smote,elasticnet_then_mrmr_auto_k,elasticnet_then_mrmr,auto,True,17,3,1.7647058823529411,ADC–Post1–Post2–Pre,Quadruple,EN → mRMR,True,SMOTE,,ADC,Post1,,Post2,ADC_Post1_Post2_Pre,Pre,,
,,SVM_RBF,0.7875,0.0552656836779481,0.7552380952380952,0.7552380952380952,0.7573811574907979,0.8169401633459957,0.1047551679843135,0.801558693862986,0.7219887955182074,0.0312006029804658,0.7168141592920354,0.7163888888888889,0.0458524147732611,0.7047619047619047,0.7447115113988179,0.1411499182070931,0.7183098591549296,0.8434920634920635,0.1760534287532116,0.8095238095238095,0.7599139784946236,0.0605107333419286,0.7611940298507462,0.5892857142857143,0.2304732388634297,0.6,0.4200031298904537,0.0689149834788951,0.4163976759199483,0.1997485216918733,6.0,6.0,2.1908902300206643,4,6.0,10,0.6451447900338256,0.8469433061335322,0.6112850563896581,0.911138888148886,0.6185567010309279,0.811883303714987,0.6211471799218916,0.7891702127659573,0.5262934879571811,0.8591604313380281,0.6779524330235102,0.9247379032258064,0.6166346153846155,0.8599083877750244,0.4680851063829787,0.7428754578754578,0.2418495588819033,0.583163780766172,0.1563323190086446,0.2482522831581481,2000.0,2000.0,elasticnet_then_mrmr_auto_k_no_smote,nested_cv_outputs_all_quad_concat_batch_smote_compare/ADC_Post1_Post2_Pre/fs_method_comparison/elasticnet_then_mrmr_auto_k_no_smote,elasticnet_then_mrmr_auto_k,elasticnet_then_mrmr,auto,False,17,3,1.7647058823529411,ADC–Post1–Post2–Pre,Quadruple,EN → mRMR,False,No SMOTE,,ADC,Post1,,Post2,ADC_Post1_Post2_Pre,Pre,,
,,KNN,0.7490079365079365,0.0538054851694132,0.7295238095238094,0.7295238095238095,0.7257811888166653,0.8059908177000541,0.0614176814664788,0.8090902346377062,0.6686554621848739,0.0582337648663469,0.6637168141592921,0.6845634920634921,0.0607954639374859,0.6633333333333333,0.7234090909090909,0.1300738823747221,0.711864406779661,0.6974603174603173,0.1671982452431725,0.6666666666666666,0.6894834820352062,0.0823377177550647,0.6885245901639344,0.6716666666666666,0.1294861639970335,0.66,0.3442557164851456,0.119409842613115,0.323992443324937,0.2193119681225787,10.0,10.0,5.513619500836088,4,10.0,18,0.6052251344086023,0.8254810809300244,0.6556903118408585,0.9002879204223416,0.5494239631336406,0.7657657657657657,0.5455908385093168,0.766755170551011,0.4883720930232558,0.8666666666666667,0.4883579126488939,0.7978089887640446,0.5,0.8,0.5,0.8125363372093021,0.089058768026242,0.5173861327547752,0.1752469028412148,0.2713895466584249,2000.0,2000.0,mrmr_then_elasticnet_no_corr_auto_k_smote,nested_cv_outputs_all_quad_concat_batch_smote_compare/ADC_Post1_Post2_Pre/fs_method_comparison/mrmr_then_elasticnet_no_corr_auto_k_smote,mrmr_then_elasticnet_no_corr_auto_k,mrmr_then_elasticnet_no_corr,auto,True,44,2,1.1363636363636365,ADC–Post1–Post2–Pre,Quadruple,mRMR → EN,True,SMOTE,,ADC,Post1,,Post2,ADC_Post1_Post2_Pre,Pre,,
,,SVM_Linear,0.7397222222222222,0.0458745262562357,0.6673015873015874,0.6673015873015874,0.6764037904299476,0.7891351190062306,0.1099153142092123,0.7214383505402753,0.6702240896358542,0.0971307085021384,0.6637168141592921,0.6676190476190477,0.0575194819494134,0.6406349206349207,0.6750641025641027,0.1445816813790773,0.654320987654321,0.8657142857142857,0.1330556443175443,0.8412698412698413,0.7376497695852534,0.0861581151378314,0.7361111111111112,0.4695238095238094,0.1973658733972502,0.44,0.334836132885405,0.126135012842274,0.2921200131882624,0.2268266641337784,10.0,10.0,5.513619500836088,4,10.0,18,0.5329863730838054,0.7913323612862547,0.5195771321447554,0.8666497122932999,0.5254194487245335,0.7815312415288695,0.5420235667862149,0.7390181189777963,0.4575500770416026,0.821062030075188,0.703654970760234,0.93055899339934,0.5736379899170597,0.84525,0.2880750605326878,0.6216216216216216,0.0832715483018195,0.4924758670778914,0.1813680868549277,0.2751924981644004,2000.0,2000.0,mrmr_then_elasticnet_no_corr_auto_k_no_smote,nested_cv_outputs_all_quad_concat_batch_smote_compare/ADC_Post1_Post2_Pre/fs_method_comparison/mrmr_then_elasticnet_no_corr_auto_k_no_smote,mrmr_then_elasticnet_no_corr_auto_k,mrmr_then_elasticnet_no_corr,auto,False,44,2,1.1363636363636365,ADC–Post1–Post2–Pre,Quadruple,mRMR → EN,False,No SMOTE,,ADC,Post1,,Post2,ADC_Post1_Post2_Pre,Pre,,
,,SVM_Linear,0.6797420634920636,0.1772623134018692,0.6406349206349207,0.6406349206349207,0.6572558540214584,0.7634868417233073,0.1637891523006072,0.6885643101408006,0.6297058823529411,0.1746809031239135,0.6194690265486725,0.5988492063492064,0.1813183086457034,0.603015873015873,0.6620213996529787,0.2345102561660141,0.6351351351351351,0.7355555555555555,0.1993074428869214,0.746031746031746,0.6799493991144845,0.1851838596143381,0.6861313868613139,0.4621428571428571,0.3610754910044181,0.46,0.1888623796210003,0.3456433793913744,0.2108169563098911,0.2305870912055586,10.4,10.4,5.425863986500215,4,12.0,16,0.5235809473545323,0.7588049425104857,0.5004678160583647,0.8428506049314594,0.5098039215686274,0.7261936090225564,0.5120581155268882,0.7055582922824302,0.4473449248120301,0.807720588235294,0.6162567084078713,0.8571848739495795,0.5454211229946524,0.7904261244951957,0.3098399487836107,0.6458639705882352,0.0228520796821239,0.4111718016478463,0.2046866235751258,0.2601648082374296,2000.0,2000.0,corr_mrmr_auto_k_no_smote,nested_cv_outputs_all_quad_concat_batch_smote_compare/ADC_Post1_Post2_Pre/fs_method_comparison/corr_mrmr_auto_k_no_smote,corr_mrmr_auto_k,corr_mrmr,auto,False,41,3,1.2682926829268293,ADC–Post1–Post2–Pre,Quadruple,Corr. → mRMR,False,No SMOTE,,ADC,Post1,,Post2,ADC_Post1_Post2_Pre,Pre,,
,,LogisticRegression,0.6734126984126985,0.166343223568653,0.7012698412698413,0.7012698412698413,0.6953559401675934,0.7546905290229474,0.1504786377784961,0.7517917448009976,0.6237535014005603,0.143844785832916,0.6106194690265486,0.6058333333333333,0.1545243190573772,0.6115873015873016,0.6572943722943723,0.242405549681303,0.6666666666666666,0.5947619047619048,0.2279663507899063,0.6031746031746031,0.6133994440688152,0.2176030031065335,0.6333333333333333,0.616904761904762,0.2482962351872522,0.62,0.2011041018556526,0.3005613901568547,0.2204452806522421,0.2214086857039253,10.4,10.4,5.425863986500215,4,12.0,16,0.58575494778853,0.8052882067621423,0.5756759405021786,0.8875136354404256,0.5,0.7155192186017083,0.5017857142857143,0.7246853366082162,0.4528301886792453,0.8572055137844607,0.4567738791423002,0.7368636755823985,0.4835164835164835,0.7517787234042552,0.4489795918367347,0.8065489432702998,0.0035543237408984,0.4295933590830336,0.1922352655719315,0.2550462810725639,2000.0,2000.0,corr_mrmr_auto_k_smote,nested_cv_outputs_all_quad_concat_batch_smote_compare/ADC_Post1_Post2_Pre/fs_method_comparison/corr_mrmr_auto_k_smote,corr_mrmr_auto_k,corr_mrmr,auto,True,41,3,1.2682926829268293,ADC–Post1–Post2–Pre,Quadruple,Corr. → mRMR,True,SMOTE,,ADC,Post1,,Post2,ADC_Post1_Post2_Pre,Pre,,
,,LogisticRegression,0.7879365079365079,0.072436712718471,0.7704761904761904,0.7704761904761905,0.7605920588926306,0.8429068148626971,0.0655575771936872,0.8224610558316985,0.6994677871148459,0.0774488985187802,0.6902654867256637,0.6972222222222222,0.0752312300129525,0.6912698412698413,0.7460539460539461,0.0654527584503426,0.7413793103448276,0.7106349206349206,0.1247538266297084,0.6825396825396826,0.7191686702757483,0.0726165636296303,0.7107438016528925,0.6838095238095239,0.1201227641125939,0.7,0.3853130203130203,0.1599034845146707,0.3786331500392773,0.1984057437604249,8.0,8.0,4.1952353926806065,4,6.0,16,0.6611087570621469,0.8596451960267231,0.6563752245065508,0.9212510612894104,0.594045319166063,0.7767857142857143,0.5915198233453954,0.7807583019003055,0.5344540229885058,0.8933404255319148,0.5483678955453148,0.7963041431261769,0.5640625,0.8113234501347709,0.5370257452574526,0.8571428571428571,0.1805245141367287,0.5439808353808354,0.1642500952883043,0.2384642923625972,2000.0,2000.0,elasticnet_then_mrmr_auto_k_smote,nested_cv_outputs_all_quad_concat_batch_smote_compare/ADC_Post1_Post2_T2/fs_method_comparison/elasticnet_then_mrmr_auto_k_smote,elasticnet_then_mrmr_auto_k,elasticnet_then_mrmr,auto,True,26,3,1.5384615384615383,ADC–Post1–Post2–T2,Quadruple,EN → mRMR,True,SMOTE,,ADC,Post1,,Post2,ADC_Post1_Post2_T2,T2,,
,,SVM_RBF,0.7807936507936508,0.0532294197434864,0.7485714285714286,0.7485714285714286,0.7530738507322421,0.8282702323189939,0.0687651908683099,0.8048729266446981,0.6994677871148459,0.0728277930279908,0.6902654867256637,0.7041269841269842,0.0730057791504727,0.6850793650793651,0.7308158508158508,0.0838127309668783,0.71875,0.7673015873015874,0.149005606263351,0.7301587301587301,0.732855279962358,0.0704362199710191,0.7244094488188977,0.6409523809523809,0.1142003649556737,0.64,0.3928368298368297,0.1541129444175193,0.3709241291554001,0.2023013838653075,8.0,8.0,4.1952353926806065,4,6.0,16,0.6335108441464374,0.8461346957561452,0.6295762652024148,0.9101713701057852,0.5871509772636618,0.7851387249114522,0.5863622835497835,0.7791578634460801,0.5137775157232706,0.8767123287671232,0.5813953488372093,0.8553101503759396,0.5617715005775492,0.8266730769230769,0.4905567887532371,0.7948863636363636,0.1730940031132585,0.5485448284892585,0.1577458417358385,0.2508895375551903,2000.0,2000.0,elasticnet_then_mrmr_auto_k_no_smote,nested_cv_outputs_all_quad_concat_batch_smote_compare/ADC_Post1_Post2_T2/fs_method_comparison/elasticnet_then_mrmr_auto_k_no_smote,elasticnet_then_mrmr_auto_k,elasticnet_then_mrmr,auto,False,26,3,1.5384615384615383,ADC–Post1–Post2–T2,Quadruple,EN → mRMR,False,No SMOTE,,ADC,Post1,,Post2,ADC_Post1_Post2_T2,T2,,
,,SVM_RBF,0.7379761904761905,0.0741929365690204,0.7087301587301587,0.7087301587301587,0.7104706711567077,0.7834802744147142,0.0989885702261207,0.7501413492803393,0.6653221288515405,0.0683454217483782,0.6637168141592921,0.6737301587301587,0.0991423285491806,0.6571428571428571,0.7287393162393162,0.154133901132792,0.6923076923076923,0.7474603174603175,0.1581118114599742,0.7142857142857143,0.7073504273504272,0.0428292977664736,0.703125,0.6000000000000001,0.2438123139721299,0.6,0.3246943115364168,0.1856826465588605,0.3155881415364998,0.2194538825466848,8.0,8.0,4.1952353926806065,4,6.0,16,0.5996358614061527,0.8044574100755166,0.5788941621258237,0.8797343747542486,0.5617878967080624,0.7547169811320755,0.5656110866631461,0.7463493846404629,0.4848240469208211,0.8518670309653915,0.5660172272354389,0.8314636309875814,0.5510204081632653,0.8070626934984517,0.4571273291925466,0.7555555555555555,0.1293842627728973,0.475420745274023,0.1814894918584826,0.260460533797826,2000.0,2000.0,mrmr_then_elasticnet_no_corr_auto_k_smote,nested_cv_outputs_all_quad_concat_batch_smote_compare/ADC_Post1_Post2_T2/fs_method_comparison/mrmr_then_elasticnet_no_corr_auto_k_smote,mrmr_then_elasticnet_no_corr_auto_k,mrmr_then_elasticnet_no_corr,auto,True,35,2,1.1428571428571428,ADC–Post1–Post2–T2,Quadruple,mRMR → EN,True,SMOTE,,ADC,Post1,,Post2,ADC_Post1_Post2_T2,T2,,
,,RandomForest,0.7223809523809525,0.077585850011101,0.677142857142857,0.6771428571428572,0.6754640144098989,0.7712133731397348,0.1234893502978483,0.7070831968041391,0.621750700280112,0.0857233202246987,0.6106194690265486,0.6286507936507937,0.0860430204057494,0.6115873015873016,0.7157203907203907,0.1774861776320271,0.6666666666666666,0.6406349206349207,0.1973229757654394,0.6031746031746031,0.6325741890959283,0.1310294229319722,0.6333333333333333,0.6166666666666667,0.2333333333333333,0.62,0.2440275622136746,0.173103127741342,0.2204452806522421,0.2308649377780223,8.0,8.0,4.1952353926806065,4,6.0,16,0.5643687934944093,0.7928066242890597,0.5257522518709538,0.8634369347429784,0.5213652482269504,0.7100070093457943,0.5235328214030266,0.7116131936763831,0.4769047619047619,0.8289683650615901,0.4545454545454545,0.7567772317772317,0.4897959183673469,0.746851425648894,0.4905567887532371,0.7714285714285715,0.0446613459056221,0.412047457390657,0.1883105125829314,0.270407719496583,2000.0,2000.0,mrmr_then_elasticnet_no_corr_auto_k_no_smote,nested_cv_outputs_all_quad_concat_batch_smote_compare/ADC_Post1_Post2_T2/fs_method_comparison/mrmr_then_elasticnet_no_corr_auto_k_no_smote,mrmr_then_elasticnet_no_corr_auto_k,mrmr_then_elasticnet_no_corr,auto,False,35,2,1.1428571428571428,ADC–Post1–Post2–T2,Quadruple,mRMR → EN,False,No SMOTE,,ADC,Post1,,Post2,ADC_Post1_Post2_T2,T2,,
,,KNN,0.7066071428571428,0.1449344068892115,0.6646031746031745,0.6646031746031746,0.6731537316939463,0.7486750193552927,0.1433718247762071,0.7123603611638374,0.628655462184874,0.1209005445754163,0.6194690265486725,0.6160317460317459,0.1017426887002484,0.5988888888888889,0.6346566831860949,0.152796213208226,0.6282051282051282,0.7882539682539683,0.1316622414748584,0.7777777777777778,0.694991674991675,0.1272793898930678,0.6950354609929078,0.4438095238095238,0.1165412348073884,0.42,0.2353241800152555,0.2036935023258219,0.2040950040950041,0.2242677332541959,12.0,12.0,5.932958789676531,4,14.0,18,0.5337830019025777,0.7875662496637073,0.5026788288948731,0.8622946918507631,0.4875813647334162,0.7353079911209767,0.4923904538341158,0.7052279693486587,0.4264569716775599,0.7951807228915663,0.6428571428571429,0.8833430232558138,0.5320885894495414,0.8028169014084507,0.2592432950191571,0.6093845274390244,-0.015411393887504,0.4152549799771053,0.1842034583772662,0.2666754830497481,2000.0,2000.0,corr_mrmr_auto_k_no_smote,nested_cv_outputs_all_quad_concat_batch_smote_compare/ADC_Post1_Post2_T2/fs_method_comparison/corr_mrmr_auto_k_no_smote,corr_mrmr_auto_k,corr_mrmr,auto,False,44,3,1.3636363636363635,ADC–Post1–Post2–T2,Quadruple,Corr. → mRMR,False,No SMOTE,,ADC,Post1,,Post2,ADC_Post1_Post2_T2,T2,,
,,SVM_RBF,0.6980952380952381,0.0445565479614203,0.6615873015873016,0.6615873015873016,0.6572558540214583,0.7668252802066444,0.0695237932714617,0.7203505566270672,0.6259383753501401,0.0704876456380035,0.6194690265486725,0.628095238095238,0.0702631557839568,0.6195238095238096,0.6816239316239316,0.15574563384516,0.6724137931034483,0.6428571428571429,0.1587301587301587,0.6190476190476191,0.6432900432900432,0.1116309166080374,0.6446280991735537,0.6133333333333333,0.1571976816340212,0.62,0.2444157890966401,0.1373924082745976,0.2366064414768264,0.2315193367789487,12.0,12.0,5.932958789676531,4,14.0,18,0.5688802177031312,0.7592793594799354,0.5458177190491066,0.8505157636495021,0.5188507718696398,0.7177561335756474,0.5194593079201996,0.7162356984289616,0.4736345580933466,0.8208955223880597,0.4482758620689655,0.7704918032786885,0.4761669024045262,0.7603699330972056,0.5090829346092504,0.7407567049808428,0.0383891088674002,0.4265554423949064,0.2080091135828683,0.2549262978891015,2000.0,2000.0,corr_mrmr_auto_k_smote,nested_cv_outputs_all_quad_concat_batch_smote_compare/ADC_Post1_Post2_T2/fs_method_comparison/corr_mrmr_auto_k_smote,corr_mrmr_auto_k,corr_mrmr,auto,True,44,3,1.3636363636363635,ADC–Post1–Post2–T2,Quadruple,Corr. → mRMR,True,SMOTE,,ADC,Post1,,Post2,ADC_Post1_Post2_T2,T2,,
,,LogisticRegression,0.7869047619047619,0.059544969783818,0.746984126984127,0.746984126984127,0.7473568799436134,0.8335426836808415,0.0945364370162288,0.8121274957780245,0.6509383753501401,0.0506011690474701,0.6460176991150443,0.6615079365079364,0.0380489136332722,0.6392063492063491,0.690017825311943,0.1194567239775202,0.676923076923077,0.7296825396825397,0.1558739857080357,0.6984126984126984,0.6889096880131362,0.0734232274012592,0.6875,0.5933333333333333,0.1218377792166471,0.58,0.3066935388743899,0.0867045710362997,0.2795664647752629,0.2026374369128687,11.6,11.6,5.571355310873648,4,10.0,18,0.6266145000027971,0.8456723679180366,0.6442609931154455,0.9176795092689584,0.5263157894736842,0.7477548414556289,0.5269062629185615,0.7424892333682306,0.4714075630252101,0.8421240601503758,0.5306122448979592,0.828125,0.5102040816326531,0.8025498659068052,0.4236989735020292,0.7446912807676261,0.0510513690692664,0.4761740877077975,0.1634790548213187,0.2484615722088272,2000.0,2000.0,mrmr_then_elasticnet_no_corr_auto_k_smote,nested_cv_outputs_all_quad_concat_batch_smote_compare/ADC_Post1_Pre_T2/fs_method_comparison/mrmr_then_elasticnet_no_corr_auto_k_smote,mrmr_then_elasticnet_no_corr_auto_k,mrmr_then_elasticnet_no_corr,auto,True,49,3,1.183673469387755,ADC–Post1–Pre–T2,Quadruple,mRMR → EN,True,SMOTE,,ADC,Post1,,Pre,ADC_Post1_Pre_T2,T2,,
,,LogisticRegression,0.7830952380952381,0.0618719896972408,0.7390476190476191,0.7390476190476191,0.7442242932101183,0.8292115811162365,0.095797947611788,0.8016995683168302,0.6509383753501401,0.0730633703489541,0.6460176991150443,0.6626984126984127,0.0608911729713772,0.6371428571428572,0.6872727272727273,0.129453183513435,0.6716417910447762,0.7463492063492063,0.1778780896131513,0.7142857142857143,0.6925188834154351,0.0892664492588303,0.6923076923076923,0.579047619047619,0.135378867042546,0.56,0.3095223677032188,0.1295136333898649,0.2765685019206146,0.2040684848494977,11.6,11.6,5.571355310873648,4,10.0,18,0.6175460602483485,0.8409444049920437,0.6302639379408239,0.9119974605382644,0.5192045454545455,0.7500443262411345,0.5236792264752791,0.7409348882995821,0.4629629629629629,0.8395061728395061,0.5370370370370371,0.8490630653915741,0.5106382978723404,0.8101320384111741,0.409817436661699,0.7273200757575755,0.0454348965155882,0.4754083241143876,0.1645137517097177,0.2498431073848646,2000.0,2000.0,mrmr_then_elasticnet_no_corr_auto_k_no_smote,nested_cv_outputs_all_quad_concat_batch_smote_compare/ADC_Post1_Pre_T2/fs_method_comparison/mrmr_then_elasticnet_no_corr_auto_k_no_smote,mrmr_then_elasticnet_no_corr_auto_k,mrmr_then_elasticnet_no_corr,auto,False,49,3,1.183673469387755,ADC–Post1–Pre–T2,Quadruple,mRMR → EN,False,No SMOTE,,ADC,Post1,,Pre,ADC_Post1_Pre_T2,T2,,
,,SVM_Linear,0.7671428571428571,0.0632870698673597,0.725079365079365,0.725079365079365,0.7273866395175816,0.818654977046231,0.116883896575042,0.7954687364473012,0.6729411764705883,0.0744958707302836,0.672566371681416,0.7020238095238096,0.0691857312377595,0.6671428571428571,0.7426767676767676,0.1789768162216044,0.703125,0.7433333333333334,0.1619480178755737,0.7142857142857143,0.7087404549473516,0.0712388499258581,0.7086614173228346,0.6607142857142858,0.2278759259810552,0.62,0.3706183645583201,0.1319918925816228,0.3349769365357086,0.2118192135364878,9.6,9.6,5.425863986500215,4,6.0,18,0.6099714890843922,0.8338627055443486,0.615232310948288,0.9131979578272632,0.5555555555555556,0.7857316227461857,0.5528907774306246,0.7834087127899089,0.4827149716281101,0.8888888888888888,0.56,0.8333333333333334,0.5399920634920635,0.8275862068965517,0.4459084084084084,0.8269396551724136,0.1026647539267306,0.544600014605722,0.1664994355749804,0.2585141050303912,2000.0,2000.0,elasticnet_then_mrmr_auto_k_no_smote,nested_cv_outputs_all_quad_concat_batch_smote_compare/ADC_Post1_Pre_T2/fs_method_comparison/elasticnet_then_mrmr_auto_k_no_smote,elasticnet_then_mrmr_auto_k,elasticnet_then_mrmr,auto,False,33,4,1.4545454545454546,ADC–Post1–Pre–T2,Quadruple,EN → mRMR,False,No SMOTE,,ADC,Post1,,Pre,ADC_Post1_Pre_T2,T2,,
,,SVM_Linear,0.7633333333333333,0.0648746295642488,0.7336507936507937,0.7336507936507937,0.7323596209570052,0.8158325429437625,0.11799663395276,0.7948027131179825,0.6407983193277311,0.0843176060229117,0.6371681415929203,0.6626190476190477,0.0997541699972828,0.6415873015873016,0.7305555555555555,0.2040485296911884,0.7037037037037037,0.6133333333333333,0.1656114745234374,0.6031746031746031,0.6432292853345485,0.1209224762958259,0.6495726495726496,0.7119047619047619,0.2223865605492498,0.68,0.2937760155561632,0.1824336901983916,0.2780115318684742,0.2087740581506758,9.6,9.6,5.425863986500215,4,6.0,18,0.6142018457602341,0.8383723130398322,0.6148432511825124,0.9183260385542455,0.5119777777777779,0.7461567164179105,0.5160397086466166,0.7580198831384812,0.4843489583333333,0.8852576112412177,0.423600709499409,0.7547169811320755,0.4745762711864407,0.7767060138297128,0.4925315729047072,0.8541666666666666,0.030915095449022,0.4911945960792391,0.1657316046300814,0.2526826807050853,2000.0,2000.0,elasticnet_then_mrmr_auto_k_smote,nested_cv_outputs_all_quad_concat_batch_smote_compare/ADC_Post1_Pre_T2/fs_method_comparison/elasticnet_then_mrmr_auto_k_smote,elasticnet_then_mrmr_auto_k,elasticnet_then_mrmr,auto,True,33,4,1.4545454545454546,ADC–Post1–Pre–T2,Quadruple,EN → mRMR,True,SMOTE,,ADC,Post1,,Pre,ADC_Post1_Pre_T2,T2,,
,,SVM_RBF,0.7149603174603174,0.1175504801959816,0.6666666666666665,0.6666666666666666,0.6787140731459003,0.783412728396771,0.1032426583957236,0.7063307260552725,0.6321288515406163,0.0801796251751716,0.6283185840707964,0.6261904761904761,0.094153881432275,0.6088888888888889,0.6467948717948717,0.0739308519795675,0.6363636363636364,0.8119047619047619,0.1556769853226008,0.7777777777777778,0.7056022408963585,0.0566519252894435,0.7,0.4404761904761905,0.112183037994188,0.44,0.2461637653127014,0.1892561305014271,0.2242562929061785,0.2268922280693066,14.8,14.8,2.4,12,16.0,18,0.5362120703544577,0.7840628529079616,0.5085620282038397,0.8654882755927666,0.494734012450481,0.7387485311398354,0.5037169369213962,0.7057594524566791,0.4307692307692308,0.7964762087982556,0.6363636363636364,0.8775510204081632,0.5309644211666968,0.812139037433155,0.2830188679245283,0.607864450127877,0.0069770609233751,0.4183116547569832,0.1901857169668468,0.2678033399291684,2000.0,2000.0,corr_mrmr_auto_k_no_smote,nested_cv_outputs_all_quad_concat_batch_smote_compare/ADC_Post1_Pre_T2/fs_method_comparison/corr_mrmr_auto_k_no_smote,corr_mrmr_auto_k,corr_mrmr,auto,False,52,4,1.4230769230769231,ADC–Post1–Pre–T2,Quadruple,Corr. → mRMR,False,No SMOTE,,ADC,Post1,,Pre,ADC_Post1_Pre_T2,T2,,
,,GradientBoosting,0.7143253968253968,0.0752432018895199,0.6876190476190476,0.6876190476190476,0.6793014331584306,0.745537315501513,0.1566819925387486,0.7533842733501488,0.628795518207283,0.0661955702877769,0.6194690265486725,0.629047619047619,0.067084574501553,0.6298412698412699,0.6984126984126984,0.1328743043286355,0.7083333333333334,0.5395238095238095,0.1287089211925802,0.5396825396825397,0.6044963086449154,0.1242582516433837,0.6126126126126126,0.7185714285714286,0.0677195765128807,0.72,0.2463136079019313,0.1299138019772049,0.2518860662047728,0.2234092056695262,14.8,14.8,2.4,12,16.0,18,0.5720025815969021,0.7952991274991632,0.5662905103423058,0.8766084262792835,0.5203979591836735,0.7196355140186915,0.5312432927398283,0.7279687562935514,0.5098039215686274,0.867936941410129,0.380281690140845,0.6857142857142857,0.4552660753880266,0.732824427480916,0.5999193548387098,0.8444444444444444,0.0593657615642043,0.4400024855012427,0.1894924929285056,0.2558388876945423,2000.0,2000.0,corr_mrmr_auto_k_smote,nested_cv_outputs_all_quad_concat_batch_smote_compare/ADC_Post1_Pre_T2/fs_method_comparison/corr_mrmr_auto_k_smote,corr_mrmr_auto_k,corr_mrmr,auto,True,52,4,1.4230769230769231,ADC–Post1–Pre–T2,Quadruple,Corr. → mRMR,True,SMOTE,,ADC,Post1,,Pre,ADC_Post1_Pre_T2,T2,,
,,SVM_RBF,0.802000283076838,0.095892962648782,0.7234375000000001,0.7234375,0.7236842105263158,0.8440880904250359,0.1271137623845791,0.7968824456939129,0.697592262809654,0.1060535397726451,0.6929824561403509,0.7189845826687933,0.1058230808056286,0.7003125,0.7813186813186813,0.1233600441489292,0.7735849056603774,0.6743328017012228,0.1883203822387237,0.640625,0.7010839118255998,0.1015880405334052,0.7008547008547008,0.7636363636363637,0.1688833308253669,0.76,0.4046798923858203,0.2130278713461547,0.3912114739090632,0.2172100836458411,13.2,13.2,5.878775382679628,6,18.0,18,0.6056010882233709,0.8241410105553547,0.5806604120765464,0.9102920583034516,0.59043391188251,0.7933884297520661,0.5917789938556067,0.8015347400979421,0.5675450450450451,0.92,0.4736602870813397,0.7894949066213921,0.5392755324501091,0.8135651665692578,0.6249487704918034,0.8947642543859647,0.1809396173834001,0.5822311599810288,0.1751735138399992,0.261066744543692,2000.0,2000.0,elasticnet_then_mrmr_auto_k_smote,nested_cv_outputs_all_quad_concat_batch_smote_compare/ADC_Post2_Pre_T2/fs_method_comparison/elasticnet_then_mrmr_auto_k_smote,elasticnet_then_mrmr_auto_k,elasticnet_then_mrmr,auto,True,37,4,1.7837837837837838,ADC–Post2–Pre–T2,Quadruple,EN → mRMR,True,SMOTE,,ADC,Post2,,Pre,ADC_Post2_Pre_T2,T2,,
,,SVM_Linear,0.7912903240654436,0.1117114349870889,0.735625,0.735625,0.7401123422591567,0.8282404881379927,0.1387111734535362,0.7809075126125268,0.6950078906600645,0.0461520602019092,0.6929824561403509,0.7103083466241361,0.0586433942236629,0.6893750000000001,0.7366666666666666,0.14,0.7301587301587301,0.7448591174906964,0.1545978806362305,0.71875,0.7189968503872842,0.066981184539603,0.7244094488188977,0.6757575757575757,0.1750245948871958,0.66,0.3875779761768148,0.0966403175596707,0.3779232927970065,0.2147249653213636,13.2,13.2,5.878775382679628,6,18.0,18,0.6128683347241807,0.8386273085298941,0.5724528359882024,0.9120893515053956,0.603944030766713,0.7747804054054054,0.597328980822188,0.7731777875645799,0.545414673046252,0.8730214621059691,0.5777564102564102,0.8295514990328821,0.5825181270738601,0.8177451858486341,0.5227272727272727,0.7966949152542369,0.1923771811593365,0.5342216850273519,0.1623513794599791,0.2746264797143225,2000.0,2000.0,elasticnet_then_mrmr_auto_k_no_smote,nested_cv_outputs_all_quad_concat_batch_smote_compare/ADC_Post2_Pre_T2/fs_method_comparison/elasticnet_then_mrmr_auto_k_no_smote,elasticnet_then_mrmr_auto_k,elasticnet_then_mrmr,auto,False,37,4,1.7837837837837838,ADC–Post2–Pre–T2,Quadruple,EN → mRMR,False,No SMOTE,,ADC,Post2,,Pre,ADC_Post2_Pre_T2,T2,,
,,KNN,0.7251465382924713,0.0807778479059722,0.6348437500000002,0.6348437500000002,0.631271160357033,0.7875762442091692,0.0919117493859557,0.7324214800631004,0.5996612083568607,0.142514928357171,0.5964912280701754,0.6420839978734716,0.1328491216085704,0.6012500000000001,0.6971428571428572,0.2178559718938086,0.6666666666666666,0.6053801169590642,0.2516665562573944,0.5625,0.6017391304347826,0.1639881041376988,0.6101694915254238,0.6787878787878788,0.2055586578079754,0.64,0.2510831538130116,0.2674080304017869,0.1981651376146788,0.2649990642380558,10.8,10.8,4.308131845707603,4,12.0,16,0.4791259993580766,0.7630389578647141,0.5333082375451503,0.8663540080413887,0.4629480286738351,0.720363295359822,0.4680277707290972,0.7253847539015605,0.42,0.85,0.3571183953033268,0.7534296208060354,0.4050632911392405,0.7555932203389828,0.4745539696699376,0.8095238095238095,-0.0627446968427862,0.4310431849625915,0.2016755540614178,0.3385987707364212,2000.0,2000.0,mrmr_then_elasticnet_no_corr_auto_k_smote,nested_cv_outputs_all_quad_concat_batch_smote_compare/ADC_Post2_Pre_T2/fs_method_comparison/mrmr_then_elasticnet_no_corr_auto_k_smote,mrmr_then_elasticnet_no_corr_auto_k,mrmr_then_elasticnet_no_corr,auto,True,42,3,1.2857142857142858,ADC–Post2–Pre–T2,Quadruple,mRMR → EN,True,SMOTE,,ADC,Post2,,Pre,ADC_Post2_Pre_T2,T2,,
,,ExtraTrees,0.7186949927619783,0.0918503439620147,0.6146874999999999,0.6146875,0.6125730994152048,0.7970884221629027,0.1162307540147088,0.6569320852450984,0.6241743763482894,0.090033529040028,0.6228070175438597,0.6652618288144604,0.092863648267999,0.63125,0.7363791763791764,0.2075593401492948,0.7058823529411765,0.5918872939925571,0.1370699168267722,0.5625,0.6267436267436267,0.0935814836758822,0.6260869565217392,0.7386363636363636,0.203532847065801,0.7,0.2875074411727441,0.1751733926866414,0.2552415679124886,0.2448041217514857,10.8,10.8,4.308131845707603,4,12.0,16,0.4709759171023316,0.7528535000517759,0.4558746675556429,0.8611498068021446,0.5038664823548544,0.7410714285714286,0.5138284496170974,0.7516010378510378,0.4634146341463415,0.8813808574277167,0.3902335675899132,0.7313432835820896,0.4515901862789641,0.7591459854014597,0.5285150375939851,0.8572142857142853,0.0268646169868949,0.4801369131731818,0.221349581297439,0.2726288132674423,2000.0,2000.0,mrmr_then_elasticnet_no_corr_auto_k_no_smote,nested_cv_outputs_all_quad_concat_batch_smote_compare/ADC_Post2_Pre_T2/fs_method_comparison/mrmr_then_elasticnet_no_corr_auto_k_no_smote,mrmr_then_elasticnet_no_corr_auto_k,mrmr_then_elasticnet_no_corr,auto,False,42,3,1.2857142857142858,ADC–Post2–Pre–T2,Quadruple,mRMR → EN,False,No SMOTE,,ADC,Post2,,Pre,ADC_Post2_Pre_T2,T2,,
,,LogisticRegression,0.715084129055421,0.1095810933770847,0.6321875,0.6321875,0.6323484148968913,0.8078322689893772,0.0909860325492645,0.7356387137813727,0.617310226005878,0.0521261564705362,0.6140350877192983,0.643905407458039,0.0393188809625237,0.6146875,0.6844877344877344,0.1253011423058338,0.6724137931034483,0.6474428495481127,0.1551922536916649,0.609375,0.6401656314699793,0.0571128435596411,0.639344262295082,0.6403679653679654,0.1184902339158887,0.62,0.2615394610749265,0.0837437284536688,0.2264034546576186,0.2455582993901019,14.0,14.0,3.3466401061363023,8,14.0,18,0.4899271896258503,0.7640347313716879,0.5294243017205614,0.8781769443081132,0.5,0.7272926634768739,0.4999645691609978,0.7322099468880524,0.4666666666666667,0.8461805555555554,0.4347826086956521,0.775,0.4724276740688313,0.7642625762195121,0.4666666666666667,0.7805408271474017,-6.906077348053973e-05,0.4445211972525438,0.1985470547021266,0.2962421186826682,2000.0,2000.0,corr_mrmr_auto_k_no_smote,nested_cv_outputs_all_quad_concat_batch_smote_compare/ADC_Post2_Pre_T2/fs_method_comparison/corr_mrmr_auto_k_no_smote,corr_mrmr_auto_k,corr_mrmr,auto,False,53,4,1.320754716981132,ADC–Post2–Pre–T2,Quadruple,Corr. → mRMR,False,No SMOTE,,ADC,Post2,,Pre,ADC_Post2_Pre_T2,T2,,
,,ExtraTrees,0.6851080985291511,0.1187652801057351,0.6040625,0.6040625,0.6080332409972299,0.7962509123293213,0.1100455590453199,0.7191134477965746,0.5813042030433334,0.0603263045667256,0.5789473684210527,0.6047387407913724,0.0667606963486059,0.58125,0.6511111111111111,0.1369148604511054,0.6428571428571429,0.5941095162147794,0.1875890473050276,0.5625,0.5941568898090637,0.0877402988535228,0.6,0.6153679653679653,0.1512080995099,0.6,0.1871690882825782,0.125627657925466,0.1597051597051597,0.2420009304756036,14.0,14.0,3.3466401061363023,8,14.0,18,0.4250843347017191,0.7589153049744513,0.5131009642558897,0.8589586217393915,0.4607843137254901,0.6864513781886662,0.4675801798358762,0.6869813829787234,0.4389862804878049,0.7973648648648645,0.3783633633633634,0.7446808510638298,0.4137423935091279,0.7325775193798448,0.4807291666666667,0.7142857142857143,-0.0608662263098929,0.36561634608188,0.2255393809163879,0.2615461765468642,2000.0,2000.0,corr_mrmr_auto_k_smote,nested_cv_outputs_all_quad_concat_batch_smote_compare/ADC_Post2_Pre_T2/fs_method_comparison/corr_mrmr_auto_k_smote,corr_mrmr_auto_k,corr_mrmr,auto,True,53,4,1.320754716981132,ADC–Post2–Pre–T2,Quadruple,Corr. → mRMR,True,SMOTE,,ADC,Post2,,Pre,ADC_Post2_Pre_T2,T2,,
,,SVM_RBF,0.7559943977591036,0.1839374122358487,0.7133413461538461,0.7133413461538461,0.7155915576694413,0.8328546045814754,0.1338146082183603,0.7452620340191469,0.6728406681688106,0.1438875934820609,0.6637931034482759,0.6855648926237162,0.155948184106682,0.6646634615384616,0.6896428571428571,0.1045042828056178,0.711864406779661,0.691764705882353,0.2212765730919293,0.65625,0.6724549643904483,0.1321954481692872,0.6829268292682927,0.6793650793650793,0.137953768076411,0.6730769230769231,0.3378331089485996,0.2807738284302252,0.3263847528290649,0.2238356309866159,15.2,15.2,2.4,12,14.0,18,0.5573713570127504,0.8469227904040403,0.5282080206391476,0.9115868108499056,0.5309734513274337,0.778629331892184,0.5317727987150707,0.7782001040547798,0.4909005145797598,0.875,0.4489619985925405,0.8130959923966418,0.4931026195626052,0.8062869447728424,0.5111111111111111,0.8292682926829268,0.0608613572001683,0.5425539576280313,0.1615005494731787,0.2995759387043935,2000.0,2000.0,elasticnet_then_mrmr_auto_k_smote,nested_cv_outputs_all_quad_concat_batch_smote_compare/Post1_Post2_Pre_T2/fs_method_comparison/elasticnet_then_mrmr_auto_k_smote,elasticnet_then_mrmr_auto_k,elasticnet_then_mrmr,auto,True,41,4,1.853658536585366,Post1–Post2–Pre–T2,Quadruple,EN → mRMR,True,SMOTE,,Post1,Post2,,Pre,Post1_Post2_Pre_T2,T2,,
,,SVM_RBF,0.7523062558356676,0.1849647835403156,0.658653846153846,0.658653846153846,0.6546150416171225,0.8346301804775091,0.1332763417469493,0.7080020743693619,0.5680746888755788,0.1438788888200367,0.603448275862069,0.5977941176470589,0.0819406567002654,0.5865384615384616,0.5874065394828619,0.1695051864279652,0.6153846153846154,0.7705882352941177,0.1845222016630367,0.75,0.6319887955182073,0.1367465780356291,0.676056338028169,0.425,0.1841731606027864,0.4230769230769231,0.1878901936325377,0.1760831437511949,0.1775585696670776,0.2391962653892125,15.2,15.2,2.4,12,14.0,18,0.4923557448300962,0.804026576868887,0.4725733187396448,0.892501263547705,0.4626760067586595,0.7250047709923664,0.469034553361318,0.6914031912628219,0.4117445608380338,0.7808219178082192,0.5645057899090158,0.8913190364277319,0.4922950819672131,0.797752808988764,0.2765774027879678,0.575,-0.062141383945643,0.3885395243895134,0.1814632955968974,0.3077519261363788,2000.0,2000.0,elasticnet_then_mrmr_auto_k_no_smote,nested_cv_outputs_all_quad_concat_batch_smote_compare/Post1_Post2_Pre_T2/fs_method_comparison/elasticnet_then_mrmr_auto_k_no_smote,elasticnet_then_mrmr_auto_k,elasticnet_then_mrmr,auto,False,41,4,1.853658536585366,Post1–Post2–Pre–T2,Quadruple,EN → mRMR,False,No SMOTE,,Post1,Post2,,Pre,Post1_Post2_Pre_T2,T2,,
,,NaiveBayes,0.675812324929972,0.0618980234984101,0.6775841346153846,0.6775841346153846,0.6764268727705113,0.6934444404859221,0.1830279592428039,0.7431006501628075,0.620650200127397,0.0596926785738206,0.6293103448275862,0.6009477124183007,0.0228287096667439,0.6153846153846154,0.5990430622009569,0.137163309948194,0.64,0.7074509803921569,0.1812698172225846,0.75,0.62991452991453,0.1390721998710533,0.6906474820143885,0.4944444444444444,0.1555555555555555,0.4807692307692308,0.2001851498364265,0.061543754766504,0.2354383813611281,0.2974703950005292,11.6,11.6,6.248199740725324,4,16.0,18,0.5409803745533549,0.8016008653547299,0.5511420211119873,0.8700902844144385,0.5097992081447964,0.7387387387387387,0.5080596798375006,0.7148534474428042,0.4406610169491525,0.7900030864197531,0.5737704918032787,0.890625,0.528272634196285,0.8026315789473685,0.3333333333333333,0.627906976744186,0.0162005658219466,0.4341342363057666,0.2117934581072878,0.3998957197199081,2000.0,2000.0,mrmr_then_elasticnet_no_corr_auto_k_smote,nested_cv_outputs_all_quad_concat_batch_smote_compare/Post1_Post2_Pre_T2/fs_method_comparison/mrmr_then_elasticnet_no_corr_auto_k_smote,mrmr_then_elasticnet_no_corr_auto_k,mrmr_then_elasticnet_no_corr,auto,True,46,3,1.2608695652173914,Post1–Post2–Pre–T2,Quadruple,mRMR → EN,True,SMOTE,,Post1,Post2,,Pre,Post1_Post2_Pre_T2,T2,,
,,NaiveBayes,0.6709617180205416,0.0660891311267752,0.6739783653846154,0.6739783653846154,0.6710017835909632,0.68829034397378,0.1812571070267944,0.7353514241774944,0.6039835334607303,0.0769299847018748,0.6206896551724138,0.5885760971055088,0.0276123628202666,0.6039663461538461,0.587012987012987,0.1550871465114436,0.6282051282051282,0.7192156862745098,0.1826895480663926,0.765625,0.6245344129554656,0.1527216616746303,0.6901408450704225,0.4579365079365079,0.1532301075520677,0.4423076923076923,0.1801894766419272,0.0786681835913904,0.2133168927250308,0.3015412399434721,11.6,11.6,6.248199740725324,4,16.0,18,0.5360475464022375,0.7995376403257758,0.5395383204579367,0.8674836529619107,0.4957207207207207,0.7314814814814815,0.495312841964065,0.7054073707896145,0.4332843137254903,0.776503267973856,0.6,0.9019727403156385,0.5293547651618788,0.8024057518765286,0.2933170731707317,0.5918713248011067,-0.0094188948306596,0.4126828621585049,0.2121983725462371,0.4072779814633733,2000.0,2000.0,mrmr_then_elasticnet_no_corr_auto_k_no_smote,nested_cv_outputs_all_quad_concat_batch_smote_compare/Post1_Post2_Pre_T2/fs_method_comparison/mrmr_then_elasticnet_no_corr_auto_k_no_smote,mrmr_then_elasticnet_no_corr_auto_k,mrmr_then_elasticnet_no_corr,auto,False,46,3,1.2608695652173914,Post1–Post2–Pre–T2,Quadruple,mRMR → EN,False,No SMOTE,,Post1,Post2,,Pre,Post1_Post2_Pre_T2,T2,,
,,GradientBoosting,0.6210589791472145,0.1213857288389944,0.5698617788461537,0.5698617788461537,0.575653983353151,0.6898032833611417,0.0627321648246826,0.6215943639369492,0.539176482891722,0.0403249368446831,0.5431034482758621,0.582156862745098,0.0541817253489027,0.5444711538461539,0.5888888888888889,0.1398853145779352,0.5964912280701754,0.5976470588235294,0.2202735009594061,0.53125,0.5464039408866995,0.0642296529991806,0.5619834710743802,0.5666666666666667,0.1433720877840437,0.5576923076923077,0.1319280306354917,0.0712420337240529,0.0878338278931749,0.2733187687639275,14.8,14.8,4.48998886412873,6,16.0,18,0.4227850050276521,0.7061581992035196,0.4231069548657379,0.8085553093304224,0.4141394412878788,0.6551931034482757,0.4251943074884934,0.6555880865957999,0.3902439024390244,0.7647058823529411,0.344249487704918,0.7000438596491225,0.3797268487674884,0.6933469387755101,0.4262219186399514,0.6904870129870129,-0.1445554973988266,0.3050134289612738,0.2195087728130351,0.3346786110226051,2000.0,2000.0,corr_mrmr_auto_k_no_smote,nested_cv_outputs_all_quad_concat_batch_smote_compare/Post1_Post2_Pre_T2/fs_method_comparison/corr_mrmr_auto_k_no_smote,corr_mrmr_auto_k,corr_mrmr,auto,False,53,3,1.3962264150943395,Post1–Post2–Pre–T2,Quadruple,Corr. → mRMR,False,No SMOTE,,Post1,Post2,,Pre,Post1_Post2_Pre_T2,T2,,
,,ExtraTrees,0.5971420790538439,0.1462654977380233,0.5423677884615385,0.5423677884615385,0.5513525564803805,0.7048687217997861,0.0768120067481044,0.6638268819778459,0.5497423538024206,0.0705807847910214,0.5431034482758621,0.5923856209150327,0.0917737365908118,0.5498798076923077,0.6510683760683761,0.2174155536631434,0.6078431372549019,0.5458823529411765,0.2832925542266807,0.484375,0.5088792688792688,0.1345822553694921,0.5391304347826087,0.638888888888889,0.1956312984628779,0.6153846153846154,0.1466852848972645,0.1378422964542427,0.0974750440399294,0.2502742294167712,14.8,14.8,4.48998886412873,6,16.0,18,0.3897352430555555,0.6906522292114448,0.4601584641477867,0.8173573767722375,0.4150893215576074,0.6608695652173913,0.4274461801339208,0.6659596154353215,0.3749470338983052,0.7800312499999998,0.2999175824175825,0.6610237834882449,0.3469387755102041,0.6875099522292993,0.5,0.7368421052631579,-0.1368149017696917,0.3176347034234988,0.2227278197896434,0.2798887440416963,2000.0,2000.0,corr_mrmr_auto_k_smote,nested_cv_outputs_all_quad_concat_batch_smote_compare/Post1_Post2_Pre_T2/fs_method_comparison/corr_mrmr_auto_k_smote,corr_mrmr_auto_k,corr_mrmr,auto,True,53,3,1.3962264150943395,Post1–Post2–Pre–T2,Quadruple,Corr. → mRMR,True,SMOTE,,Post1,Post2,,Pre,Post1_Post2_Pre_T2,T2,,
,,SVM_RBF,0.7469047619047618,0.1168582812586041,0.7238095238095238,0.7238095238095239,0.7109405591667319,0.8096604593213396,0.1387575172000073,0.7923769751127538,0.6310364145658263,0.1030118414443304,0.6194690265486725,0.6252777777777777,0.0761964283389318,0.5947619047619048,0.6493006993006993,0.130681817585186,0.6219512195121951,0.8403174603174601,0.1501946331117416,0.8095238095238095,0.7106158357771262,0.0865253528269667,0.7034482758620689,0.4102380952380952,0.2159480495181722,0.38,0.2497380226779781,0.1554482373474353,0.1972575582355856,0.2202093111204571,12.4,12.4,4.963869458396343,4,14.0,18,0.6019240970957025,0.825194007180337,0.5733121166414302,0.9067673298090057,0.4869185310257493,0.7317335996635826,0.5128595809792844,0.6782819952305246,0.4246575342465753,0.78,0.6666666666666666,0.9178082191780822,0.5378151260504201,0.8143823464182744,0.2419215795328142,0.5348837209302325,0.0252615911339064,0.3737009847025892,0.1709318205393036,0.2779312196824838,2000.0,2000.0,elasticnet_then_mrmr_auto_k_no_smote,nested_cv_outputs_all_5_concat_batch_smote_compare/Pre_Post1_Post2_ADC_T2/fs_method_comparison/elasticnet_then_mrmr_auto_k_no_smote,elasticnet_then_mrmr_auto_k,elasticnet_then_mrmr,auto,False,38,5,1.631578947368421,Pre–Post1–Post2–ADC–T2,All-five,EN → mRMR,False,No SMOTE,,Pre,Post1,,Post2,,ADC,Pre_Post1_Post2_ADC_T2,T2
,,RandomForest,0.741547619047619,0.0681934486213319,0.7142857142857142,0.7142857142857142,0.7226877594173389,0.7583491885528595,0.1420376508555342,0.7228975617860403,0.6987535014005604,0.0670030470377619,0.6902654867256637,0.6902380952380953,0.0737333623101584,0.680952380952381,0.7184464555052791,0.1116879987052264,0.7058823529411765,0.7847619047619048,0.1212124853976525,0.7619047619047619,0.7370232031692133,0.0716326638067046,0.732824427480916,0.5957142857142858,0.1829488857156023,0.6,0.3711835182361498,0.1459977096376098,0.3656776263031275,0.2147913437009002,12.4,12.4,4.963869458396343,4,14.0,18,0.6014506132940505,0.8158565675063356,0.5379881617537481,0.8846903401662367,0.5964912280701754,0.7744360902255639,0.5922017871707312,0.7615111699018864,0.5217164855072464,0.8412698412698413,0.6379310344827587,0.8627518130539887,0.5933714285714287,0.8251803751803752,0.4615384615384615,0.7333333333333333,0.1818022216547498,0.5240136779786305,0.1756145470283572,0.2580248255410111,2000.0,2000.0,elasticnet_then_mrmr_auto_k_smote,nested_cv_outputs_all_5_concat_batch_smote_compare/Pre_Post1_Post2_ADC_T2/fs_method_comparison/elasticnet_then_mrmr_auto_k_smote,elasticnet_then_mrmr_auto_k,elasticnet_then_mrmr,auto,True,38,5,1.631578947368421,Pre–Post1–Post2–ADC–T2,All-five,EN → mRMR,True,SMOTE,,Pre,Post1,,Post2,,ADC,Pre_Post1_Post2_ADC_T2,T2
,,LightGBM,0.7229960317460318,0.064712063570711,0.7147619047619048,0.7147619047619048,0.7135249432218654,0.7492167713462672,0.1131184462673832,0.7186773219773417,0.6597478991596638,0.0637771729965502,0.6548672566371682,0.6627380952380953,0.0643481961690781,0.6574603174603175,0.7096969696969697,0.1386197208092888,0.7142857142857143,0.6428571428571429,0.1018844859421029,0.6349206349206349,0.6689164382528227,0.1025085544963853,0.6722689075630253,0.6826190476190476,0.0827722608458466,0.68,0.310847036924988,0.1259797877178746,0.3104365514004068,0.2209232859401281,8.4,8.4,5.4258639865002145,4,4.0,16,0.6023161358205229,0.8183135098319763,0.5248680687376254,0.8841286262250614,0.5504587155963303,0.748037002367711,0.5524027122641508,0.7490712038875458,0.5094174114531612,0.8636503928170595,0.4583035714285715,0.7831375502008031,0.504391891891892,0.784620253164557,0.5613835725677832,0.8055779569892472,0.101508852915024,0.4885367589392046,0.1858539964411565,0.2543263400391077,2000.0,2000.0,mrmr_then_elasticnet_no_corr_auto_k_no_smote,nested_cv_outputs_all_5_concat_batch_smote_compare/Pre_Post1_Post2_ADC_T2/fs_method_comparison/mrmr_then_elasticnet_no_corr_auto_k_no_smote,mrmr_then_elasticnet_no_corr_auto_k,mrmr_then_elasticnet_no_corr,auto,False,36,3,1.1666666666666667,Pre–Post1–Post2–ADC–T2,All-five,mRMR → EN,False,No SMOTE,,Pre,Post1,,Post2,,ADC,Pre_Post1_Post2_ADC_T2,T2
,,SVM_Linear,0.7217063492063491,0.1163575431734598,0.7149206349206348,0.714920634920635,0.7146996632469261,0.7889007844389682,0.1361002380088009,0.7852736485208067,0.6335154061624649,0.1349452356909049,0.6194690265486725,0.6164285714285714,0.1441007597986658,0.6153968253968254,0.6698776223776224,0.1471942384103866,0.6612903225806451,0.6738095238095237,0.1717002550266471,0.6507936507936508,0.662389068623583,0.1476875770373773,0.656,0.559047619047619,0.2296867629409557,0.58,0.2294463827448686,0.2911240122596709,0.2303183906225249,0.2139482225218328,8.4,8.4,5.4258639865002145,4,4.0,16,0.5874292279411765,0.8232861781076066,0.6186204973471524,0.9010193754204004,0.5043407564510427,0.7226987718164188,0.5059088953727603,0.7221804210814761,0.4515725806451613,0.8285808270676692,0.4912022703818369,0.7941277195809829,0.4937542087542088,0.774590067240769,0.4358870967741935,0.7333333333333333,0.0106877282541085,0.4318792380236317,0.176373311053423,0.2553181483410701,2000.0,2000.0,mrmr_then_elasticnet_no_corr_auto_k_smote,nested_cv_outputs_all_5_concat_batch_smote_compare/Pre_Post1_Post2_ADC_T2/fs_method_comparison/mrmr_then_elasticnet_no_corr_auto_k_smote,mrmr_then_elasticnet_no_corr_auto_k,mrmr_then_elasticnet_no_corr,auto,True,36,3,1.1666666666666667,Pre–Post1–Post2–ADC–T2,All-five,mRMR → EN,True,SMOTE,,Pre,Post1,,Post2,,ADC,Pre_Post1_Post2_ADC_T2,T2
,,GradientBoosting,0.6848809523809523,0.1966357893692594,0.6473015873015873,0.6473015873015873,0.6453128671000079,0.7795377837225589,0.185497744264102,0.735087813891192,0.6023669467787116,0.1341257991948265,0.584070796460177,0.5932142857142857,0.0960498146454434,0.5733333333333333,0.6138278388278388,0.1401985492431767,0.6176470588235294,0.7023809523809523,0.2526503503787106,0.6666666666666666,0.634271911663216,0.1743073602239056,0.6412213740458015,0.484047619047619,0.1152380952380952,0.48,0.1976249425837844,0.2065251564710139,0.1481956696070568,0.2357453168549599,12.8,12.8,3.7094473981982814,6,14.0,16,0.4984990997253032,0.8049005681818181,0.5311866330049283,0.8857585550514723,0.4603174603174603,0.7065311094452773,0.4617005725961053,0.6915634136382682,0.4153846153846154,0.7916863207547168,0.4871621621621622,0.8433829066265061,0.4736842105263157,0.7701909362778928,0.3283523787313433,0.6666666666666666,-0.0762404781048216,0.3784448187099079,0.1879020335236537,0.2848988576093122,2000.0,2000.0,corr_mrmr_auto_k_no_smote,nested_cv_outputs_all_5_concat_batch_smote_compare/Pre_Post1_Post2_ADC_T2/fs_method_comparison/corr_mrmr_auto_k_no_smote,corr_mrmr_auto_k,corr_mrmr,auto,False,43,4,1.4883720930232558,Pre–Post1–Post2–ADC–T2,All-five,Corr. → mRMR,False,No SMOTE,,Pre,Post1,,Post2,,ADC,Pre_Post1_Post2_ADC_T2,T2
,,GradientBoosting,0.6712301587301587,0.2076210802774145,0.6038095238095238,0.6038095238095238,0.6157882371368157,0.776176756314696,0.1915264053359328,0.6768697712331002,0.5997058823529411,0.1976421957073671,0.5752212389380531,0.6056746031746032,0.1698369862981559,0.5715873015873016,0.6801190476190475,0.2479872491418892,0.6229508196721312,0.6434920634920636,0.2985504579017227,0.6031746031746031,0.6045661005661006,0.233081002531042,0.6129032258064516,0.5678571428571428,0.2546506209996555,0.54,0.2176280549914273,0.3409094332833092,0.1425861523869744,0.2423667336383042,12.8,12.8,3.7094473981982814,6,14.0,16,0.4601781005637388,0.759479611401012,0.4734818323643683,0.8553299283580168,0.4566833575414724,0.7019675925925923,0.4589215606748865,0.6943539915966387,0.4150618087182824,0.8059963341188792,0.428512880562061,0.7885174418604648,0.4426038886770873,0.7519183232052732,0.3845833333333334,0.7291807432432431,-0.0787685326443424,0.3827046680267199,0.1976692010799427,0.2876393836459193,2000.0,2000.0,corr_mrmr_auto_k_smote,nested_cv_outputs_all_5_concat_batch_smote_compare/Pre_Post1_Post2_ADC_T2/fs_method_comparison/corr_mrmr_auto_k_smote,corr_mrmr_auto_k,corr_mrmr,auto,True,43,4,1.4883720930232558,Pre–Post1–Post2–ADC–T2,All-five,Corr. → mRMR,True,SMOTE,,Pre,Post1,,Post2,,ADC,Pre_Post1_Post2_ADC_T2,T2
