Pair_Tag,Dataset_A,Dataset_B,Experiment_ID,FS_METHOD,Model,Run_Name_No_SMOTE,Run_Name_SMOTE,Mean_AUC_No_SMOTE,Mean_AUC_SMOTE,Delta_Mean_AUC_SMOTE_minus_No_SMOTE,Std_AUC_No_SMOTE,Std_AUC_SMOTE,Delta_Std_AUC_SMOTE_minus_No_SMOTE,Pooled_AUC_No_SMOTE,Pooled_AUC_SMOTE,Delta_Pooled_AUC_SMOTE_minus_No_SMOTE,Mean_PR_AUC_No_SMOTE,Mean_PR_AUC_SMOTE,Delta_Mean_PR_AUC_SMOTE_minus_No_SMOTE,Std_PR_AUC_No_SMOTE,Std_PR_AUC_SMOTE,Delta_Std_PR_AUC_SMOTE_minus_No_SMOTE,Pooled_PR_AUC_No_SMOTE,Pooled_PR_AUC_SMOTE,Delta_Pooled_PR_AUC_SMOTE_minus_No_SMOTE,Mean_Acc_No_SMOTE,Mean_Acc_SMOTE,Delta_Mean_Acc_SMOTE_minus_No_SMOTE,Std_Acc_No_SMOTE,Std_Acc_SMOTE,Delta_Std_Acc_SMOTE_minus_No_SMOTE,Pooled_Acc_No_SMOTE,Pooled_Acc_SMOTE,Delta_Pooled_Acc_SMOTE_minus_No_SMOTE,Mean_Bal_Acc_No_SMOTE,Mean_Bal_Acc_SMOTE,Delta_Mean_Bal_Acc_SMOTE_minus_No_SMOTE,Std_Bal_Acc_No_SMOTE,Std_Bal_Acc_SMOTE,Delta_Std_Bal_Acc_SMOTE_minus_No_SMOTE,Pooled_Bal_Acc_No_SMOTE,Pooled_Bal_Acc_SMOTE,Delta_Pooled_Bal_Acc_SMOTE_minus_No_SMOTE,Mean_Prec_No_SMOTE,Mean_Prec_SMOTE,Delta_Mean_Prec_SMOTE_minus_No_SMOTE,Std_Prec_No_SMOTE,Std_Prec_SMOTE,Delta_Std_Prec_SMOTE_minus_No_SMOTE,Pooled_Prec_No_SMOTE,Pooled_Prec_SMOTE,Delta_Pooled_Prec_SMOTE_minus_No_SMOTE,Mean_Rec_No_SMOTE,Mean_Rec_SMOTE,Delta_Mean_Rec_SMOTE_minus_No_SMOTE,Std_Rec_No_SMOTE,Std_Rec_SMOTE,Delta_Std_Rec_SMOTE_minus_No_SMOTE,Pooled_Rec_No_SMOTE,Pooled_Rec_SMOTE,Delta_Pooled_Rec_SMOTE_minus_No_SMOTE,Mean_F1_No_SMOTE,Mean_F1_SMOTE,Delta_Mean_F1_SMOTE_minus_No_SMOTE,Std_F1_No_SMOTE,Std_F1_SMOTE,Delta_Std_F1_SMOTE_minus_No_SMOTE,Pooled_F1_No_SMOTE,Pooled_F1_SMOTE,Delta_Pooled_F1_SMOTE_minus_No_SMOTE,Mean_Specificity_No_SMOTE,Mean_Specificity_SMOTE,Delta_Mean_Specificity_SMOTE_minus_No_SMOTE,Std_Specificity_No_SMOTE,Std_Specificity_SMOTE,Delta_Std_Specificity_SMOTE_minus_No_SMOTE,Pooled_Specificity_No_SMOTE,Pooled_Specificity_SMOTE,Delta_Pooled_Specificity_SMOTE_minus_No_SMOTE,Mean_Kappa_No_SMOTE,Mean_Kappa_SMOTE,Delta_Mean_Kappa_SMOTE_minus_No_SMOTE,Std_Kappa_No_SMOTE,Std_Kappa_SMOTE,Delta_Std_Kappa_SMOTE_minus_No_SMOTE,Pooled_Kappa_No_SMOTE,Pooled_Kappa_SMOTE,Delta_Pooled_Kappa_SMOTE_minus_No_SMOTE,Pooled_Brier_No_SMOTE,Pooled_Brier_SMOTE,Delta_Pooled_Brier_SMOTE_minus_No_SMOTE,Avg_Features_No_SMOTE,Avg_Features_SMOTE,Delta_Avg_Features_SMOTE_minus_No_SMOTE,N_Unique_Selected_Features_No_SMOTE,N_Unique_Selected_Features_SMOTE,Delta_N_Unique_Selected_Features_SMOTE_minus_No_SMOTE
ADC_Post1,ADC,Post1,corr_mrmr_auto_k,corr_mrmr,ExtraTrees,corr_mrmr_auto_k_no_smote,corr_mrmr_auto_k_smote,0.7030555555555555,0.7,-0.003055555555555589,0.1104997067199057,0.102063306919282,-0.00843639980062369,0.6723809523809523,0.6473015873015873,-0.025079365079365035,0.7886214247278505,0.7723826015581875,-0.016238823169662964,0.1323030573791765,0.1233710860446077,-0.0089319713345688,0.7062081388169663,0.7187833574045821,0.012575218587615788,0.6388935574229693,0.596750700280112,-0.04214285714285726,0.0944636663255404,0.1176974481924672,0.023233781866926803,0.6283185840707964,0.584070796460177,-0.04424778761061943,0.6492063492063492,0.6050000000000001,-0.04420634920634914,0.0905370861623759,0.1108277566098519,0.02029067044747601,0.6398412698412699,0.5877777777777777,-0.052063492063492145,0.7641636141636141,0.6725396825396825,-0.09162393162393156,0.192472902269616,0.1602369749247376,-0.0322359273448784,0.723404255319149,0.6481481481481481,-0.07525610717100084,0.5650793650793651,0.5785714285714285,0.013492063492063444,0.1610465896293433,0.1311422385126022,-0.029904351116741085,0.5396825396825397,0.5555555555555556,0.015873015873015928,0.6209285840864789,0.6083268583268584,-0.012601725759620486,0.1275751707244158,0.127555182151031,-1.998857338478266e-05,0.6181818181818182,0.5982905982905983,-0.01989121989121989,0.7333333333333333,0.6314285714285715,-0.10190476190476183,0.2068278940998476,0.172650407660411,-0.03417748643943658,0.74,0.62,-0.12,0.2824295587453482,0.2027636331984157,-0.0796659255469325,0.1813389842803987,0.2209736944782987,0.03963471019789999,0.2707437000614628,0.1723546828736168,-0.09838901718784601,0.2347821774747212,0.2338854281989036,-0.0008967492758175932,9.2,9.2,0.0,29,29,0
ADC_Post1,ADC,Post1,corr_mrmr_auto_k,corr_mrmr,GradientBoosting,corr_mrmr_auto_k_no_smote,corr_mrmr_auto_k_smote,0.7464285714285714,0.7560714285714286,0.009642857142857175,0.0899350287587278,0.1008156456441734,0.010880616885445601,0.7136507936507936,0.7101587301587302,-0.0034920634920634352,0.8150825095924855,0.8081017430595787,-0.006980766532906801,0.0785047290780118,0.0951527436052962,0.0166480145272844,0.7867026525209935,0.7837278463386337,-0.0029748061823597904,0.682843137254902,0.7212745098039216,0.03843137254901963,0.1306131107438798,0.1293521847401102,-0.0012609260037695913,0.672566371681416,0.7079646017699115,0.03539823008849552,0.6938492063492063,0.7239682539682539,0.0301190476190476,0.1085370780153345,0.0998160944361719,-0.008720983579162608,0.6733333333333333,0.7050793650793651,0.031746031746031744,0.7284615384615385,0.7497863247863248,0.021324786324786293,0.1274139691188812,0.0990751621577925,-0.028338806961088703,0.7241379310344828,0.7419354838709677,0.017797552836484987,0.7026984126984127,0.7712698412698413,0.06857142857142862,0.1973569371595504,0.2255155064251592,0.02815856926560878,0.6666666666666666,0.7301587301587301,0.06349206349206349,0.6953057429899536,0.7356581196581197,0.040352376668166046,0.1531695913772409,0.1528350286610633,-0.0003345627161775999,0.6942148760330579,0.736,0.04178512396694212,0.685,0.6766666666666667,-0.008333333333333304,0.1211518789692416,0.1466666666666666,0.025514787697425018,0.68,0.68,0.0,0.3771385371385372,0.4457947900053163,0.06865625286677912,0.2236066898711237,0.2094736444076006,-0.014133045463523092,0.3431264728986646,0.4093141137335656,0.06618764083490097,0.2138609408227637,0.2172798389107991,0.003418898088035416,9.2,9.2,0.0,29,29,0
ADC_Post1,ADC,Post1,corr_mrmr_auto_k,corr_mrmr,KNN,corr_mrmr_auto_k_no_smote,corr_mrmr_auto_k_smote,0.7003769841269841,0.6546428571428572,-0.04573412698412693,0.0688066059138563,0.0965736057381666,0.0277669998243103,0.6653968253968254,0.6376190476190476,-0.02777777777777779,0.7280010386669009,0.705575679328425,-0.022425359338475892,0.1073384475039483,0.1319522930746046,0.024613845570656295,0.6896477252068877,0.6676481672682815,-0.021999557938606196,0.6271288515406162,0.5897478991596639,-0.03738095238095229,0.0611469516617637,0.0848463337124917,0.023699382050728003,0.6194690265486725,0.584070796460177,-0.03539823008849552,0.6091666666666666,0.5761507936507936,-0.033015873015873054,0.0691297176577604,0.0893650793650793,0.020235361707318905,0.6009523809523809,0.5795238095238096,-0.021428571428571352,0.6519047619047619,0.6441391941391942,-0.007765567765567694,0.0917998414179117,0.1540178703295336,0.0622180289116219,0.631578947368421,0.6290322580645161,-0.002546689303904892,0.7738095238095238,0.6073015873015873,-0.1665079365079365,0.13435924288133,0.0764387489308952,-0.057920493950434804,0.7619047619047619,0.6190476190476191,-0.1428571428571428,0.6922396495840673,0.617714772865668,-0.07452487671839925,0.0485773385811686,0.0976447022785088,0.0490673636973402,0.6906474820143885,0.624,-0.06664748201438853,0.4445238095238095,0.545,0.10047619047619055,0.2059841704064899,0.1872016144279863,-0.01878255597850359,0.44,0.54,0.10000000000000003,0.2144737476132825,0.1474527963327563,-0.06702095128052621,0.1386235020325708,0.1747982057963269,0.036174703763756116,0.2074702332409068,0.1587201013781086,-0.048750131862798196,0.2264607786428363,0.2419627176145773,0.015501938971740986,9.2,9.2,0.0,29,29,0
ADC_Post1,ADC,Post1,corr_mrmr_auto_k,corr_mrmr,LightGBM,corr_mrmr_auto_k_no_smote,corr_mrmr_auto_k_smote,0.7508730158730159,0.7048015873015874,-0.04607142857142854,0.0704699339422219,0.0591706986585675,-0.011299235283654396,0.7077777777777777,0.6663492063492064,-0.04142857142857137,0.7946912442740472,0.7804193946787455,-0.0142718495953017,0.0859138529996346,0.0761662050555117,-0.009747647944122903,0.7764938984004873,0.728237399051415,-0.04825649934907228,0.6613725490196078,0.6573249299719888,-0.004047619047619078,0.1058239671994635,0.0962962879470537,-0.009527679252409813,0.6460176991150443,0.6460176991150443,0.0,0.6425,0.6532936507936508,0.0107936507936508,0.1142481199189459,0.105156903248581,-0.009091216670364902,0.6495238095238096,0.6453968253968254,-0.004126984126984201,0.7208229352346999,0.7111904761904763,-0.009632459044223607,0.1080974644974548,0.1275257299190371,0.019428265421582297,0.7090909090909091,0.6949152542372882,-0.014175654853620934,0.6414285714285715,0.6739682539682541,0.032539682539682646,0.1637018225985778,0.138529148625466,-0.025172673973111792,0.6190476190476191,0.6507936507936508,0.031746031746031744,0.6671636396494082,0.6790877967348555,0.011924157085447362,0.1208426983676235,0.1052156962608118,-0.0156270021068117,0.6610169491525424,0.6721311475409836,0.011114198388441188,0.6435714285714286,0.6326190476190476,-0.010952380952380936,0.2530579419727127,0.1910550727312063,-0.062002869241506386,0.68,0.64,-0.040000000000000036,0.2815257248689854,0.2973550825665334,0.015829357697548008,0.228642302583676,0.2120818983233759,-0.016560404260300088,0.2941911305434103,0.2884130982367758,-0.005778032306634484,0.2172070244533553,0.2392021084508122,0.021995083997456893,9.2,9.2,0.0,29,29,0
ADC_Post1,ADC,Post1,corr_mrmr_auto_k,corr_mrmr,LogisticRegression,corr_mrmr_auto_k_no_smote,corr_mrmr_auto_k_smote,0.7278968253968253,0.751825396825397,0.023928571428571632,0.0898675574306925,0.0722264083908027,-0.017641149039889795,0.7136507936507936,0.7371428571428571,0.023492063492063453,0.8096470884121276,0.8291466732499477,0.019499584837820105,0.0965012657406868,0.0788656896141951,-0.017635576126491706,0.7818099757370383,0.795379789369111,0.01356981363207277,0.6400840336134453,0.6793697478991596,0.03928571428571426,0.0904056645107541,0.0652782715487218,-0.0251273929620323,0.6283185840707964,0.672566371681416,0.04424778761061954,0.6339682539682541,0.6705555555555556,0.0365873015873015,0.0904610820022449,0.0792143012199353,-0.01124678078230959,0.6336507936507937,0.6753968253968254,0.04174603174603175,0.701001221001221,0.7339682539682539,0.03296703296703296,0.1394397165327413,0.1078318820647193,-0.031607834468021984,0.6981132075471698,0.7321428571428571,0.03402964959568733,0.6093650793650793,0.6682539682539682,0.05888888888888888,0.1996333247448993,0.1621380205791015,-0.0374953041657978,0.5873015873015873,0.6507936507936508,0.06349206349206349,0.6314902198023795,0.6849075237459992,0.053417303943619654,0.150086276792448,0.1047304247434564,-0.04535585204899159,0.6379310344827587,0.6890756302521008,0.05114459576934216,0.6585714285714286,0.6728571428571428,0.014285714285714235,0.1858705081635832,0.1868560749447664,0.0009855667811831947,0.68,0.7,0.019999999999999907,0.2600845410628019,0.3314412238325281,0.07135668276972623,0.1825443839158909,0.1578335821522654,-0.0247108017636255,0.2618973561430794,0.3457987795337193,0.08390142339063988,0.2136342579409273,0.2070485365785448,-0.006585721362382502,9.2,9.2,0.0,29,29,0
ADC_Post1,ADC,Post1,corr_mrmr_auto_k,corr_mrmr,NaiveBayes,corr_mrmr_auto_k_no_smote,corr_mrmr_auto_k_smote,0.6199206349206349,0.6251587301587302,0.005238095238095375,0.0975223420855206,0.1023223654198072,0.004800023334286599,0.5326984126984127,0.5498412698412698,0.017142857142857126,0.7244389926778123,0.7237839467242626,-0.0006550459535497044,0.0832970449161941,0.0941711807018719,0.010874135785677808,0.6082234791811736,0.6137279262874451,0.005504447106271515,0.5978011204481792,0.5826050420168067,-0.015196078431372495,0.1265398651967561,0.0815124438089793,-0.04502742138777681,0.584070796460177,0.5752212389380531,-0.008849557522123908,0.5805158730158729,0.5666269841269841,-0.01388888888888884,0.1234794389025785,0.074839881149903,-0.04863955775267549,0.5526984126984127,0.5468253968253968,-0.005873015873015919,0.635248447204969,0.6321782717663724,-0.0030701754385965563,0.1565201986515931,0.1398404301605631,-0.016679768491030006,0.5909090909090909,0.5882352941176471,-0.002673796791443861,0.8317460317460318,0.7873015873015874,-0.0444444444444444,0.0948935566833975,0.1473200590498045,0.052426502366407,0.8253968253968254,0.7936507936507936,-0.031746031746031744,0.7001166098368394,0.6727763188817477,-0.027340290955091717,0.0786364964936718,0.0457095098297635,-0.032926986663908295,0.6887417218543046,0.6756756756756757,-0.013066046178628943,0.3292857142857143,0.3459523809523809,0.016666666666666607,0.2854717224321701,0.2778211304038377,-0.007650592028332404,0.28,0.3,0.019999999999999962,0.1587271747086869,0.1300924104581591,-0.0286347642505278,0.24559837573104,0.1466396318766681,-0.0989587438543719,0.1111297071129707,0.0981044230129696,-0.013025284100001103,0.3880130887840446,0.3756664502063914,-0.012346638577653224,9.2,9.2,0.0,29,29,0
ADC_Post1,ADC,Post1,corr_mrmr_auto_k,corr_mrmr,RandomForest,corr_mrmr_auto_k_no_smote,corr_mrmr_auto_k_smote,0.7560714285714286,0.7210714285714286,-0.03500000000000003,0.0808259984516069,0.079715140677999,-0.0011108577736079067,0.7092063492063492,0.7095238095238094,0.0003174603174602719,0.8082862392605147,0.7682694447757121,-0.040016794484802554,0.1054069457998935,0.128768691494563,0.023361745694669492,0.7380549471879504,0.7301874837698947,-0.007867463418055665,0.6708963585434173,0.6463725490196077,-0.024523809523809614,0.1205792199690101,0.1158106675856917,-0.0047685523833184,0.6548672566371682,0.6283185840707964,-0.026548672566371723,0.6705158730158729,0.6533730158730159,-0.017142857142857015,0.1161656177328742,0.0955785910640603,-0.0205870266688139,0.6533333333333333,0.6274603174603175,-0.025873015873015826,0.7175,0.704047619047619,-0.013452380952380993,0.1026861453383291,0.140071248472076,0.037385103133746905,0.7,0.6779661016949152,-0.02203389830508473,0.7093650793650793,0.6693650793650794,-0.039999999999999925,0.1948857318422427,0.1706741187904391,-0.02421161305180361,0.6666666666666666,0.6349206349206349,-0.031746031746031744,0.693780447634403,0.6646179702650291,-0.02916247736937394,0.1314308184874324,0.1362865298763524,0.004855711388919992,0.6829268292682927,0.6557377049180327,-0.027189124350259997,0.6316666666666667,0.6373809523809524,0.005714285714285672,0.1919490673185062,0.172223026843267,-0.01972604047523918,0.64,0.62,-0.020000000000000018,0.3338949384956644,0.2992828780414987,-0.03461206045416565,0.2302012686918015,0.1956808516517975,-0.034520417040004,0.3047799337434926,0.2528337531486145,-0.0519461805948781,0.2160375009968935,0.2178956632018479,0.0018581622049543833,9.2,9.2,0.0,29,29,0
ADC_Post1,ADC,Post1,corr_mrmr_auto_k,corr_mrmr,SVM_Linear,corr_mrmr_auto_k_no_smote,corr_mrmr_auto_k_smote,0.691111111111111,0.6757539682539683,-0.015357142857142736,0.1726748860608863,0.1779562773096606,0.005281391248774303,0.7160317460317461,0.7104761904761906,-0.005555555555555536,0.7634908412364613,0.7570237633165915,-0.006467077919869779,0.1216389466815956,0.1197725534567631,-0.0018663932248324938,0.739148684689144,0.7461714039121474,0.00702271922300346,0.6847478991596638,0.647703081232493,-0.03704481792717085,0.0694991570988361,0.1494484152926827,0.07994925819384661,0.6814159292035398,0.6283185840707964,-0.053097345132743334,0.6462301587301588,0.6599206349206349,0.013690476190476142,0.0981723896530946,0.094953277818651,-0.003219111834443608,0.6482539682539683,0.641904761904762,-0.006349206349206327,0.6597478991596639,0.5805555555555555,-0.07919234360410843,0.0868317339320949,0.2959359817869408,0.2091042478548459,0.6483516483516484,0.7333333333333333,0.0849816849816849,0.9269841269841268,0.5793650793650793,-0.3476190476190475,0.0928808815131923,0.3125412545205415,0.2196603730073492,0.9365079365079364,0.5238095238095238,-0.41269841269841256,0.7627407348957099,0.5776556776556776,-0.18508505724003232,0.0563717829107206,0.3014009795542312,0.24502919664351058,0.7662337662337663,0.6111111111111112,-0.1551226551226551,0.3654761904761904,0.7404761904761905,0.3750000000000001,0.2261779445150079,0.1629517964977968,-0.06322614801721108,0.36,0.76,0.4,0.2898908109434425,0.3215219421101774,0.03163113116673494,0.195664262408807,0.1896340843821021,-0.0060301780267048855,0.314690026954178,0.2736455463728191,-0.0410444805813589,0.2164501627105772,0.213412433472702,-0.0030377292378752085,9.2,9.2,0.0,29,29,0
ADC_Post1,ADC,Post1,corr_mrmr_auto_k,corr_mrmr,SVM_RBF,corr_mrmr_auto_k_no_smote,corr_mrmr_auto_k_smote,0.7262698412698413,0.744920634920635,0.018650793650793696,0.0679952646076938,0.0614243671913488,-0.006570897416344999,0.679047619047619,0.7034920634920635,0.02444444444444449,0.8008974196638947,0.80868394239635,0.007786522732455281,0.0887633666740916,0.0872317100907164,-0.0015316565833752016,0.7208064580877569,0.7435005163646884,0.022694058276931495,0.6572268907563025,0.6793697478991596,0.02214285714285713,0.0856839051082443,0.0535944385874111,-0.03208946652083319,0.6460176991150443,0.672566371681416,0.026548672566371723,0.6555555555555554,0.6814285714285714,0.025873015873015937,0.0735209412221166,0.0570355032138592,-0.016485438008257393,0.6268253968253968,0.6671428571428571,0.04031746031746031,0.6748482726423902,0.7142094017094017,0.0393611290670115,0.1125015516871991,0.0819647090467047,-0.030536842640494388,0.6493506493506493,0.703125,0.053774350649350655,0.8182539682539682,0.7395238095238096,-0.07873015873015865,0.1329074832090748,0.1111818369008128,-0.021725646308262,0.7936507936507936,0.7142857142857143,-0.0793650793650793,0.7228665733998456,0.7151975002297583,-0.007669073170087359,0.0632903754091081,0.0447679043125843,-0.0185224710965238,0.7142857142857143,0.7086614173228346,-0.0056242969628796935,0.4928571428571429,0.6233333333333333,0.1304761904761904,0.1696334583862559,0.104136662345422,-0.0654967960408339,0.46,0.62,0.15999999999999998,0.3043453788134639,0.3494821903242956,0.04513681151083171,0.1524949112836007,0.1199536594316254,-0.0325412518519753,0.2611964694344557,0.3349769365357086,0.07378046710125291,0.2223563291791219,0.2170314188334798,-0.005324910345642114,9.2,9.2,0.0,29,29,0
ADC_Post1,ADC,Post1,corr_mrmr_auto_k,corr_mrmr,XGBoost,corr_mrmr_auto_k_no_smote,corr_mrmr_auto_k_smote,0.7165873015873017,0.7167460317460318,0.00015873015873013596,0.0573059840902086,0.0797594961335764,0.022453512043367797,0.6936507936507936,0.7038095238095239,0.010158730158730256,0.758656718509536,0.7554528150314184,-0.003203903478117609,0.1014744616257119,0.1104229180221523,0.008948456396440402,0.7246747253624362,0.7608391406693422,0.03616441530690606,0.6395098039215685,0.6549859943977591,0.015476190476190532,0.0754657459768341,0.0672124079871321,-0.008253337989702,0.6283185840707964,0.6460176991150443,0.017699115044247815,0.6171825396825398,0.6423809523809523,0.025198412698412498,0.089568652227379,0.0624726697614258,-0.027095982465953204,0.613015873015873,0.6392063492063491,0.026190476190476097,0.6699456975772765,0.6835897435897437,0.01364404601246716,0.1027733531381433,0.0794350532142986,-0.023338299923844702,0.6438356164383562,0.676923076923077,0.033087460484720776,0.7579365079365079,0.7147619047619048,-0.04317460317460309,0.1842227446660845,0.1242702051991013,-0.05995253946698319,0.746031746031746,0.6984126984126984,-0.04761904761904767,0.6898729651011599,0.6893055028462998,-0.0005674622548601516,0.0719890456504179,0.074442351188937,0.0024533055385190933,0.6911764705882353,0.6875,-0.003676470588235281,0.4764285714285714,0.5700000000000001,0.09357142857142864,0.2392950720747804,0.143913554299486,-0.09538151777529441,0.48,0.58,0.09999999999999998,0.2293303208706052,0.2821972171808832,0.052866896310277994,0.1684243364746902,0.1244835943320909,-0.04394074214259931,0.2307941653160453,0.2795664647752629,0.04877229945921763,0.2440584689341011,0.2356938231346802,-0.008364645799420894,9.2,9.2,0.0,29,29,0
ADC_Post1,ADC,Post1,elasticnet_then_mrmr_auto_k,elasticnet_then_mrmr,ExtraTrees,elasticnet_then_mrmr_auto_k_no_smote,elasticnet_then_mrmr_auto_k_smote,0.7312698412698413,0.7217063492063491,-0.009563492063492163,0.0825814149688749,0.1083628077817996,0.0257813928129247,0.7038095238095238,0.6831746031746031,-0.020634920634920673,0.7737891895588775,0.7727129446184068,-0.0010762449404707608,0.1334455139041376,0.1465910553293691,0.0131455414252315,0.715549032185459,0.7349218357703913,0.01937280358493232,0.6935154061624649,0.6589915966386554,-0.03452380952380951,0.103973987700772,0.1169458696017935,0.012971881901021498,0.6814159292035398,0.6460176991150443,-0.03539823008849552,0.7039285714285715,0.6611507936507937,-0.0427777777777778,0.0938767116309817,0.1145422880515253,0.020665576420543605,0.6853968253968254,0.6495238095238096,-0.035873015873015834,0.7746794871794871,0.7221794871794872,-0.05249999999999988,0.1167625072042018,0.1585787053348189,0.04181619813061711,0.7454545454545455,0.7090909090909091,-0.036363636363636376,0.6895238095238095,0.6373015873015874,-0.05222222222222217,0.1694732699171976,0.1374093530655818,-0.032063916851615804,0.6507936507936508,0.6190476190476191,-0.031746031746031744,0.707400225047284,0.6680488356958945,-0.03935138935138949,0.1034141248941535,0.1349766536511364,0.0315625287569829,0.6949152542372882,0.6610169491525424,-0.03389830508474578,0.7183333333333334,0.6849999999999999,-0.03333333333333344,0.1821476812308566,0.1562049935181331,-0.025942687712723483,0.72,0.68,-0.039999999999999925,0.3923966219973479,0.3120736972851481,-0.08032292471219982,0.1964758678558153,0.2316144647154165,0.03513859685960119,0.3647720174890693,0.2941911305434103,-0.070580886945659,0.2239037467427738,0.2275118466316361,0.003608099888862293,8.0,8.0,0.0,21,21,0
ADC_Post1,ADC,Post1,elasticnet_then_mrmr_auto_k,elasticnet_then_mrmr,GradientBoosting,elasticnet_then_mrmr_auto_k_no_smote,elasticnet_then_mrmr_auto_k_smote,0.758452380952381,0.7090873015873016,-0.04936507936507939,0.0796144495014124,0.1109863528617007,0.03137190336028829,0.6973015873015873,0.6949206349206348,-0.0023809523809524835,0.7978085895415433,0.7736430373141636,-0.024165552227379705,0.1498790771964861,0.1406838284757922,-0.00919524872069391,0.7697516113900644,0.772190079381901,0.002438467991836557,0.6222268907563024,0.6455602240896359,0.023333333333333428,0.0878625982415841,0.0769149829430818,-0.0109476152985023,0.6106194690265486,0.6371681415929203,0.026548672566371723,0.6148809523809524,0.6365476190476189,0.0216666666666665,0.0859441729068291,0.0857953026873552,-0.00014887021947389278,0.5950793650793651,0.6395238095238096,0.04444444444444451,0.6598135198135198,0.6937662337662338,0.03395271395271404,0.1182157530715131,0.1014863397025944,-0.0167294133689187,0.6301369863013698,0.6964285714285714,0.06629158512720157,0.7638095238095237,0.6428571428571429,-0.12095238095238081,0.1886670699685066,0.1587301587301587,-0.029936911238347907,0.7301587301587301,0.6190476190476191,-0.11111111111111105,0.6810823159848647,0.6562732919254659,-0.024809024059398777,0.0867469869230299,0.106951832592112,0.020204845669082094,0.6764705882352942,0.6554621848739496,-0.021008403361344574,0.465952380952381,0.6302380952380953,0.16428571428571426,0.276661748993259,0.1621734465236822,-0.11448830246957681,0.46,0.66,0.2,0.2227895805954881,0.2671633575035116,0.04437377690802352,0.1731129590624665,0.1755303269419779,0.0024173678795114117,0.1941653160453808,0.2750743232670943,0.08090900722171351,0.2237961290871624,0.2244169799235273,0.0006208508363649001,8.0,8.0,0.0,21,21,0
ADC_Post1,ADC,Post1,elasticnet_then_mrmr_auto_k,elasticnet_then_mrmr,KNN,elasticnet_then_mrmr_auto_k_no_smote,elasticnet_then_mrmr_auto_k_smote,0.741547619047619,0.7384126984126984,-0.0031349206349206016,0.0692043013385666,0.0862667381635511,0.017062436824984498,0.6952380952380952,0.7107936507936508,0.015555555555555545,0.7777683080116594,0.7601666702614517,-0.017601637750207733,0.1250416401899013,0.1227577503563528,-0.0022838898335485053,0.7642234803402599,0.7519521488977066,-0.012271331442553324,0.698515406162465,0.6534173669467787,-0.045098039215686336,0.1169182641900746,0.1195307907860529,0.0026125265959782984,0.6814159292035398,0.6371681415929203,-0.04424778761061943,0.699126984126984,0.639920634920635,-0.05920634920634904,0.0749453483587525,0.0906853611068115,0.015740012748059,0.6730158730158731,0.6415873015873016,-0.03142857142857147,0.736984126984127,0.7025396825396826,-0.03444444444444439,0.1236156398059562,0.1592233607521881,0.035607720946231894,0.7014925373134329,0.7037037037037037,0.002211166390270858,0.7944444444444445,0.6188888888888889,-0.17555555555555558,0.2482034211520964,0.2454424073151214,-0.002761013836974996,0.746031746031746,0.6031746031746031,-0.1428571428571429,0.7227543859649123,0.6338282828282829,-0.08892610313662941,0.1415918122809964,0.1773304760754001,0.035738663794403686,0.7230769230769231,0.6495726495726496,-0.07350427350427347,0.6038095238095238,0.660952380952381,0.05714285714285716,0.2469064838990325,0.1940883684937881,-0.05281811540524439,0.6,0.68,0.08000000000000007,0.3985242698477992,0.2863608776844071,-0.1121633921633921,0.1655332143546425,0.19244244959324,0.026909235238597506,0.3489116517285532,0.2780115318684742,-0.07090011986007899,0.2247321870143549,0.2268250478226975,0.0020928608083425893,8.0,8.0,0.0,21,21,0
ADC_Post1,ADC,Post1,elasticnet_then_mrmr_auto_k,elasticnet_then_mrmr,LightGBM,elasticnet_then_mrmr_auto_k_no_smote,elasticnet_then_mrmr_auto_k_smote,0.683968253968254,0.7101587301587303,0.02619047619047632,0.0935271580990848,0.1177563836299906,0.0242292255309058,0.6284126984126983,0.6895238095238096,0.06111111111111134,0.7248609207938413,0.7698792243979478,0.04501830360410641,0.1323181769422536,0.1473039490377166,0.014985772095463007,0.6550149546553552,0.7586455951857312,0.10363064053037596,0.6238935574229693,0.608795518207283,-0.01509803921568631,0.0952550487464336,0.093216038370931,-0.002039010375502609,0.6106194690265486,0.6017699115044248,-0.008849557522123797,0.6246825396825397,0.5967063492063491,-0.0279761904761906,0.0952243376306618,0.1002662115426862,0.005041873912024389,0.6198412698412699,0.6036507936507937,-0.0161904761904762,0.6855555555555556,0.6611399711399711,-0.024415584415584446,0.1525746123890833,0.1512239736294875,-0.0013506387595957903,0.6938775510204082,0.6607142857142857,-0.03316326530612246,0.545079365079365,0.5950793650793651,0.050000000000000044,0.1736063899584826,0.1377119292574668,-0.03589446070101579,0.5396825396825397,0.5873015873015873,0.04761904761904767,0.5982905982905983,0.6197493734335839,0.021458775142985664,0.1577510140184334,0.1282677678627242,-0.029483246155709186,0.6071428571428571,0.6218487394957983,0.014705882352941235,0.7042857142857142,0.5983333333333334,-0.1059523809523808,0.0869800717395576,0.1709775813764288,0.08399750963687119,0.7,0.62,-0.07999999999999996,0.2380339382129663,0.1895518317639279,-0.048482106449038415,0.1875993409360302,0.200797502044266,0.013198161108235795,0.2329527923480406,0.2043498670004694,-0.028602925347571195,0.2756158244136931,0.2390159963074229,-0.03659982810627019,8.0,8.0,0.0,21,21,0
ADC_Post1,ADC,Post1,elasticnet_then_mrmr_auto_k,elasticnet_then_mrmr,LogisticRegression,elasticnet_then_mrmr_auto_k_no_smote,elasticnet_then_mrmr_auto_k_smote,0.7872222222222222,0.7863095238095238,-0.000912698412698365,0.0615037889026579,0.0584075221999177,-0.0030962667027401997,0.7834920634920635,0.7863492063492064,0.0028571428571428914,0.8332451985674378,0.829885233136044,-0.00335996543139383,0.1076139068302028,0.1037281558960198,-0.003885750934183002,0.827823797636029,0.8240181185669955,-0.0038056790690335074,0.6656582633053222,0.6823249299719888,0.016666666666666607,0.1177841887878177,0.1041689637954938,-0.013615224992323899,0.6548672566371682,0.672566371681416,0.017699115044247815,0.6585714285714286,0.6728571428571428,0.014285714285714235,0.1250363011033212,0.11375499568186,-0.011281305421461205,0.6553968253968254,0.6753968253968254,0.020000000000000018,0.7076123876123876,0.7278144078144079,0.02020202020202022,0.1303496625998153,0.0916438455778349,-0.03870581702198041,0.7068965517241379,0.7321428571428571,0.025246305418719195,0.6761904761904762,0.6761904761904762,0.0,0.1767116558754612,0.1767116558754612,0.0,0.6507936507936508,0.6507936507936508,0.0,0.6808020050125313,0.690827067669173,0.010025062656641714,0.1379684656614525,0.1238338332146311,-0.014134632446821394,0.6776859504132231,0.6890756302521008,0.011389679838877731,0.6409523809523809,0.6695238095238095,0.02857142857142858,0.1723612196019619,0.1702965267686879,-0.002064692833274012,0.66,0.7,0.039999999999999925,0.3104557458663225,0.3398494996936342,0.029393753827311686,0.2539978080536319,0.232077364996124,-0.021920443057507927,0.3076197957580519,0.3457987795337193,0.03817898377566742,0.1894456530016087,0.1895335812716083,8.792826999959313e-05,8.0,8.0,0.0,21,21,0
ADC_Post1,ADC,Post1,elasticnet_then_mrmr_auto_k,elasticnet_then_mrmr,NaiveBayes,elasticnet_then_mrmr_auto_k_no_smote,elasticnet_then_mrmr_auto_k_smote,0.7517460317460318,0.7350793650793651,-0.01666666666666672,0.097724681522555,0.0822727674510002,-0.015451914071554787,0.6587301587301587,0.6714285714285714,0.012698412698412653,0.8151469920155157,0.8025770281488317,-0.012569963866683964,0.0715026096629629,0.0601765546728289,-0.011326054990134005,0.7095665991129785,0.7235477748291026,0.013981175716124117,0.6104201680672269,0.6354201680672269,0.025000000000000022,0.1249767720809625,0.1058739640682571,-0.019102808012705405,0.6017699115044248,0.6283185840707964,0.02654867256637161,0.5683333333333332,0.5909523809523809,0.02261904761904765,0.1404695541433069,0.1383079460170994,-0.002161608126207498,0.5644444444444444,0.5944444444444444,0.030000000000000027,0.6154117647058823,0.6301736694677871,0.014761904761904754,0.1264333187219452,0.109423278956854,-0.01701003976509119,0.5957446808510638,0.6153846153846154,0.019639934533551617,0.8871428571428572,0.8871428571428572,0.0,0.054057815507894,0.054057815507894,0.0,0.8888888888888888,0.8888888888888888,0.0,0.7179078360921499,0.7304008332910294,0.01249299719887953,0.0891212001782522,0.0751917419895328,-0.013929458188719407,0.7133757961783439,0.7272727272727273,0.013896931094383391,0.2495238095238095,0.2947619047619047,0.045238095238095216,0.2623174238189341,0.2543249479274929,-0.007992475891441198,0.24,0.3,0.06,0.132881854987118,0.1757023678076309,0.04282051282051291,0.2923623903299202,0.2868829187558706,-0.005479471574049599,0.1376971341360013,0.2004716981132076,0.06277456397720632,0.3090780415732141,0.2967447545534503,-0.012333287019763828,8.0,8.0,0.0,21,21,0
ADC_Post1,ADC,Post1,elasticnet_then_mrmr_auto_k,elasticnet_then_mrmr,RandomForest,elasticnet_then_mrmr_auto_k_no_smote,elasticnet_then_mrmr_auto_k_smote,0.7314285714285714,0.729484126984127,-0.0019444444444444153,0.0824489733553852,0.0980860233510379,0.0156370499956527,0.7161904761904762,0.7184126984126984,0.0022222222222222365,0.7764057426010487,0.7759260951865272,-0.00047964741452144466,0.1169603181849166,0.1292226782696237,0.012262360084707088,0.7490079682385264,0.7729626041855124,0.02395463594698599,0.662703081232493,0.6844677871148459,0.021764705882352908,0.0549365280192069,0.0766965807270291,0.021760052707822206,0.6548672566371682,0.672566371681416,0.017699115044247815,0.6653174603174603,0.6721428571428573,0.006825396825396957,0.0647443953921409,0.0798336958760429,0.015089300483902002,0.6492063492063491,0.6733333333333333,0.02412698412698422,0.7144537815126051,0.7274603174603176,0.013006535947712505,0.1217871908830966,0.1170796061010499,-0.004707584782046706,0.6875,0.7241379310344828,0.03663793103448276,0.7315873015873015,0.6880952380952381,-0.04349206349206336,0.1524573221324791,0.183015253512904,0.030557931380424924,0.6984126984126984,0.6666666666666666,-0.031746031746031744,0.6975930837999803,0.6906642675063728,-0.0069288162936075315,0.0665784283660299,0.1195992090784677,0.05302078071243781,0.6929133858267716,0.6942148760330579,0.0013014902062862266,0.599047619047619,0.6561904761904762,0.05714285714285716,0.2065294694921465,0.1903487669022956,-0.01618070258985091,0.6,0.68,0.08000000000000007,0.3143698893698893,0.3383289267728627,0.023959037402973393,0.128651532125989,0.159158498160037,0.030506966034047983,0.2990297439160172,0.3431264728986646,0.04409672898264738,0.2096998988985858,0.2131077339755455,0.0034078350769596866,8.0,8.0,0.0,21,21,0
ADC_Post1,ADC,Post1,elasticnet_then_mrmr_auto_k,elasticnet_then_mrmr,SVM_Linear,elasticnet_then_mrmr_auto_k_no_smote,elasticnet_then_mrmr_auto_k_smote,0.7902777777777777,0.7828968253968254,-0.007380952380952377,0.0530966616650215,0.0578859857994819,0.004789324134460399,0.7653968253968254,0.7723809523809524,0.0069841269841269815,0.8422650546375667,0.837421274059045,-0.00484378057852175,0.0862401070849618,0.0823440524425063,-0.0038960546424555015,0.8208081703889891,0.8249203053247107,0.004112134935721601,0.6828011204481793,0.6960364145658263,0.013235294117647012,0.0782271074574285,0.0879016813502134,0.009674573892784893,0.672566371681416,0.6902654867256637,0.017699115044247704,0.6942857142857144,0.6996031746031746,0.005317460317460165,0.0704878976405297,0.0865174015500641,0.016029503909534393,0.665079365079365,0.6933333333333334,0.02825396825396831,0.7269180492709905,0.7534132534132534,0.026495204142262918,0.1255006924746129,0.1126833195865667,-0.0128173728880462,0.696969696969697,0.75,0.05303030303030298,0.7728571428571429,0.6906349206349207,-0.0822222222222222,0.1797750617141068,0.1600425113592537,-0.01973255035485308,0.7301587301587301,0.6666666666666666,-0.06349206349206349,0.7201451905626135,0.7057387057387057,-0.014406484823907828,0.0847448143451841,0.1067449643878504,0.022000150042666297,0.7131782945736435,0.7058823529411765,-0.00729594163246694,0.6157142857142858,0.7085714285714285,0.09285714285714275,0.1792501387583785,0.132588053144824,-0.046662085613554505,0.6,0.72,0.12,0.37006142006142,0.3850927111490492,0.015031291087629184,0.1524750327266171,0.1805939338561554,0.0281189011295383,0.3322153010701165,0.3811610076670317,0.04894570659691522,0.1949450820879718,0.1927769136032802,-0.0021681684846915905,8.0,8.0,0.0,21,21,0
ADC_Post1,ADC,Post1,elasticnet_then_mrmr_auto_k,elasticnet_then_mrmr,SVM_RBF,elasticnet_then_mrmr_auto_k_no_smote,elasticnet_then_mrmr_auto_k_smote,0.7870238095238096,0.7878968253968254,0.0008730158730158033,0.0523712713516499,0.0498422808511351,-0.002528990500514798,0.7634920634920634,0.7749206349206348,0.011428571428571344,0.8277961534277691,0.8247229692924074,-0.0030731841353617284,0.0943693294675328,0.086021241339332,-0.0083480881282008,0.8141265422637611,0.8210502211666859,0.006923678902924779,0.7224229691876751,0.7173249299719887,-0.005098039215686412,0.1065674889950392,0.1006345706458599,-0.005932918349179306,0.7079646017699115,0.7079646017699115,0.0,0.7210714285714286,0.7097222222222221,-0.011349206349206442,0.1063156189558392,0.1087320414620914,0.0024164225062521943,0.6988888888888889,0.7092063492063492,0.01031746031746028,0.7455555555555555,0.7660822510822511,0.020526695526695615,0.1093414631123781,0.0791180347619839,-0.03022342835039421,0.7205882352941176,0.7586206896551724,0.038032454361054735,0.8214285714285714,0.7249206349206349,-0.09650793650793654,0.1943715444814565,0.1565530055202229,-0.037818538961233605,0.7777777777777778,0.6984126984126984,-0.07936507936507942,0.7578835978835977,0.7332798371337924,-0.024603760749805303,0.1084837254194747,0.1021379783722927,-0.006345747047181993,0.7480916030534351,0.7272727272727273,-0.020818875780707846,0.6207142857142858,0.6945238095238095,0.07380952380952377,0.2090085656112357,0.18848001632345,-0.02052854928778572,0.62,0.72,0.09999999999999998,0.4299822184876802,0.411188080554461,-0.018794137933219213,0.2166594667616264,0.2212964777461541,0.004637010984527706,0.4019246190858059,0.41413982717989,0.012215208094084107,0.1968119867492784,0.1937435590472652,-0.00306842770201321,8.0,8.0,0.0,21,21,0
ADC_Post1,ADC,Post1,elasticnet_then_mrmr_auto_k,elasticnet_then_mrmr,XGBoost,elasticnet_then_mrmr_auto_k_no_smote,elasticnet_then_mrmr_auto_k_smote,0.6801984126984126,0.6836904761904763,0.0034920634920636573,0.0706073158115172,0.0588750893000228,-0.011732226511494408,0.6450793650793651,0.6593650793650794,0.014285714285714235,0.7466269745484999,0.7554349613876004,0.008807986839100446,0.1339123447286542,0.128161195664101,-0.005751149064553207,0.7167858819325472,0.7346634638209513,0.01787758188840405,0.608795518207283,0.618795518207283,0.010000000000000009,0.0559792305593363,0.0579462154922103,0.0019669849328740052,0.6017699115044248,0.6106194690265486,0.008849557522123797,0.6106746031746031,0.611626984126984,0.0009523809523809268,0.068621013818035,0.0545177441694654,-0.014103269648569595,0.5995238095238096,0.6095238095238096,0.010000000000000009,0.6598506069094305,0.6662470862470863,0.006396479337655747,0.1020869789508663,0.1151766532586845,0.013089674307818197,0.65,0.6610169491525424,0.011016949152542366,0.6506349206349207,0.6382539682539683,-0.012380952380952381,0.1895549148917991,0.1290373685380088,-0.06051754635379031,0.6190476190476191,0.6190476190476191,0.0,0.6330827067669172,0.6394652297911195,0.00638252302420228,0.0968547654878351,0.0928606135556429,-0.0039941519321922,0.6341463414634146,0.639344262295082,0.005197920831667369,0.5707142857142857,0.5850000000000001,0.014285714285714346,0.1680952380952381,0.1581490155236861,-0.009946222571552005,0.58,0.6,0.020000000000000018,0.2085590510118811,0.216806397272926,0.008247346261044897,0.133065957132332,0.1094326742501586,-0.023633282882173395,0.1978230004732607,0.2172544080604533,0.019431407587192584,0.2505026009957525,0.2376615839117402,-0.012841017084012307,8.0,8.0,0.0,21,21,0
ADC_Post1,ADC,Post1,mrmr_then_elasticnet_no_corr_auto_k,mrmr_then_elasticnet_no_corr,ExtraTrees,mrmr_then_elasticnet_no_corr_auto_k_no_smote,mrmr_then_elasticnet_no_corr_auto_k_smote,0.7155555555555555,0.7318650793650794,0.016309523809523885,0.0975407480536426,0.065439816736544,-0.0321009313170986,0.6926984126984127,0.6955555555555556,0.0028571428571428914,0.7775587824215107,0.7886788371699195,0.011120054748408825,0.1147917107739834,0.0927262126202672,-0.022065498153716195,0.7815787047782097,0.7697932424342353,-0.011785462343974373,0.6844677871148459,0.6442717086834733,-0.04019607843137263,0.1192296055036291,0.0621440171633178,-0.0570855883403113,0.672566371681416,0.6371681415929203,-0.03539823008849563,0.6977380952380953,0.6577380952380952,-0.040000000000000036,0.1186518288429651,0.0621193371128173,-0.0565324917301478,0.6815873015873015,0.6436507936507936,-0.037936507936507935,0.7755128205128206,0.730909090909091,-0.0446037296037296,0.2023288149903787,0.1813063502853963,-0.021022464704982396,0.76,0.7115384615384616,-0.048461538461538445,0.6228571428571429,0.6095238095238095,-0.01333333333333342,0.1902978000621415,0.1436836759699473,-0.046614124092194203,0.6031746031746031,0.5873015873015873,-0.015873015873015817,0.670552036199095,0.641786003470214,-0.028766032728881008,0.1645092715436557,0.1095515469791393,-0.05495772456451639,0.672566371681416,0.6434782608695652,-0.02908811081185081,0.7726190476190475,0.7059523809523809,-0.06666666666666665,0.1512607635644627,0.1511295340243652,-0.00013122954009750498,0.76,0.7,-0.06000000000000005,0.3726727707574783,0.2939352722191056,-0.0787374985383727,0.2389853401766962,0.1159541132699134,-0.12303122690678281,0.3536868140361725,0.2809250349216204,-0.07276177911455212,0.2308220992491245,0.223646061844342,-0.007176037404782509,10.0,10.0,0.0,40,40,0
ADC_Post1,ADC,Post1,mrmr_then_elasticnet_no_corr_auto_k,mrmr_then_elasticnet_no_corr,GradientBoosting,mrmr_then_elasticnet_no_corr_auto_k_no_smote,mrmr_then_elasticnet_no_corr_auto_k_smote,0.7590079365079365,0.7591269841269842,0.00011904761904768524,0.0567920226549345,0.0567618470579586,-3.017559697589961e-05,0.7157142857142856,0.7442857142857143,0.028571428571428692,0.8067309249017564,0.7863102296603698,-0.020420695241386566,0.1154079622457046,0.1235623330645409,0.008154370818836298,0.773735609689429,0.7647959646371132,-0.008939645052315814,0.67484593837535,0.7005602240896358,0.0257142857142858,0.1052612315751144,0.0683443971217926,-0.03691683445332179,0.6637168141592921,0.6902654867256637,0.02654867256637161,0.6972222222222222,0.7106349206349206,0.013412698412698432,0.0721262226094384,0.0358651136119992,-0.03626110899743921,0.653015873015873,0.6912698412698413,0.03825396825396821,0.7428932178932179,0.774017094017094,0.031123876123876015,0.1883704082095656,0.1332035309441952,-0.055166877265370395,0.6811594202898551,0.7413793103448276,0.060219890054972525,0.7825396825396825,0.7236507936507937,-0.05888888888888888,0.1842637696626216,0.2024306817209052,0.018166912058283607,0.746031746031746,0.6825396825396826,-0.06349206349206349,0.7179181929181929,0.7090727969348658,-0.00884539598332712,0.0917897565374964,0.1119964684132428,0.020206711875746408,0.7121212121212122,0.7107438016528925,-0.0013774104683196287,0.6119047619047618,0.6976190476190476,0.08571428571428574,0.2846806700501929,0.1732705276062881,-0.11141014244390476,0.56,0.7,0.1399999999999999,0.3741016436138388,0.4045204678362573,0.030418824222418483,0.1492516111718944,0.0865488612255123,-0.0627027499463821,0.3098682095789135,0.3786331500392773,0.0687649404603638,0.2143289082419718,0.2076035725790753,-0.006725335662896487,10.0,10.0,0.0,40,40,0
ADC_Post1,ADC,Post1,mrmr_then_elasticnet_no_corr_auto_k,mrmr_then_elasticnet_no_corr,KNN,mrmr_then_elasticnet_no_corr_auto_k_no_smote,mrmr_then_elasticnet_no_corr_auto_k_smote,0.7731746031746031,0.7894047619047619,0.016230158730158872,0.0663965379515576,0.0466744270623365,-0.0197221108892211,0.7098412698412698,0.741904761904762,0.03206349206349213,0.7865291244258323,0.7982672852042295,0.011738160778397178,0.1150045686139784,0.1103277160143177,-0.004676852599660691,0.7692822748834021,0.798228471546,0.0289461966625979,0.666750700280112,0.6674649859943977,0.0007142857142857784,0.0913894726773673,0.1152990276698236,0.023909554992456297,0.6548672566371682,0.6548672566371682,0.0,0.6876984126984127,0.6827777777777778,-0.004920634920634881,0.0567279913603442,0.0831455177547228,0.026417526394378603,0.6512698412698412,0.6677777777777778,0.016507936507936583,0.7555555555555555,0.7948562548562548,0.03930069930069924,0.1601051556688794,0.1063931749225034,-0.053711980746375995,0.6935483870967742,0.7608695652173914,0.06732117812061711,0.7349206349206349,0.6084126984126984,-0.12650793650793646,0.2422182695385745,0.233395737255007,-0.008822532283567497,0.6825396825396826,0.5555555555555556,-0.12698412698412698,0.6868344216170303,0.6405002405002405,-0.046334181116789885,0.1332470895670503,0.1841317588869865,0.05088466931993618,0.688,0.6422018348623854,-0.04579816513761459,0.6404761904761905,0.7571428571428571,0.11666666666666659,0.2398033964193175,0.1587579340778062,-0.0810454623415113,0.62,0.78,0.16000000000000003,0.3558018609742747,0.353624270877792,-0.0021775900964826622,0.1312668242513972,0.1762607694632392,0.044993945211841996,0.3019166798669412,0.3241834074528447,0.02226672758590348,0.2242740289954645,0.2151254320944975,-0.009148596900967004,10.0,10.0,0.0,40,40,0
ADC_Post1,ADC,Post1,mrmr_then_elasticnet_no_corr_auto_k,mrmr_then_elasticnet_no_corr,LightGBM,mrmr_then_elasticnet_no_corr_auto_k_no_smote,mrmr_then_elasticnet_no_corr_auto_k_smote,0.7348412698412697,0.7446031746031746,0.00976190476190486,0.0557570891065763,0.0565911695287515,0.0008340804221751985,0.6757142857142857,0.716984126984127,0.041269841269841234,0.7668780153140238,0.7546467777394359,-0.012231237574587883,0.1210893730254757,0.1203405000737423,-0.000748872951733412,0.6909663003495043,0.6927149224171871,0.0017486220676827813,0.61703081232493,0.6724089635854342,0.05537815126050427,0.0558719864299228,0.0684376842383234,0.012565697808400604,0.6106194690265486,0.672566371681416,0.06194690265486735,0.6346825396825396,0.7003174603174603,0.06563492063492071,0.0506095373506721,0.065710451540626,0.015100914189953907,0.6136507936507937,0.6733333333333333,0.05968253968253967,0.7093240093240094,0.7571753246753248,0.04785131535131537,0.1808767690543438,0.1711632268558126,-0.009713542198531211,0.6727272727272727,0.7241379310344828,0.05141065830721003,0.6217460317460317,0.7006349206349206,0.0788888888888889,0.1572835669526811,0.1765678783682178,0.019284311415536715,0.5873015873015873,0.6666666666666666,0.0793650793650793,0.6275852842809364,0.6906234817813767,0.06303819750044026,0.0964468019966107,0.0879703540740965,-0.008476447922514202,0.6271186440677966,0.6942148760330579,0.06709623196526127,0.6476190476190475,0.7,0.05238095238095242,0.1865062478815823,0.19436506316151,0.007858815279927711,0.64,0.68,0.040000000000000036,0.2472562856949015,0.3655839774260826,0.11832769173118113,0.0878555985237034,0.120748027124651,0.03289242860094761,0.2236102435977514,0.3431264728986646,0.11951622930091321,0.2320744231972693,0.2188000762005066,-0.013274346996762693,10.0,10.0,0.0,40,40,0
ADC_Post1,ADC,Post1,mrmr_then_elasticnet_no_corr_auto_k,mrmr_then_elasticnet_no_corr,LogisticRegression,mrmr_then_elasticnet_no_corr_auto_k_no_smote,mrmr_then_elasticnet_no_corr_auto_k_smote,0.7478571428571429,0.7617857142857144,0.013928571428571512,0.034684991377513,0.0219991639594689,-0.0126858274180441,0.7374603174603174,0.7501587301587301,0.012698412698412764,0.7940713129527461,0.8127274531661618,0.018656140213415662,0.1012278343314938,0.0750415164778034,-0.026186317853690397,0.7914371586539397,0.803223118702906,0.01178596004896626,0.706610644257703,0.6966106442577031,-0.009999999999999898,0.0834674743641515,0.0800980575828841,-0.003369416781267398,0.6991150442477876,0.6902654867256637,-0.008849557522123908,0.7123809523809524,0.6973809523809524,-0.015000000000000013,0.08624738686472,0.0990816994684897,0.012834312603769701,0.7012698412698413,0.6912698412698413,-0.010000000000000009,0.7696037296037297,0.7623809523809524,-0.00722277722277731,0.1453030709698255,0.1375226223402127,-0.007780448629612802,0.7543859649122807,0.7413793103448276,-0.013006654567453091,0.7128571428571429,0.7161904761904762,0.0033333333333332993,0.1773751108728844,0.15340068848284,-0.02397442239004441,0.6825396825396826,0.6825396825396826,0.0,0.7168948011053274,0.7154739996845261,-0.0014208014208013653,0.1070507912262245,0.0839082994910479,-0.0231424917351766,0.7166666666666667,0.7107438016528925,-0.005922865013774148,0.7119047619047618,0.6785714285714286,-0.033333333333333215,0.1650259376301281,0.2140210005166117,0.04899506288648359,0.72,0.7,-0.020000000000000018,0.4068616829180209,0.3775890775890776,-0.02927260532894327,0.1777096204432943,0.1983180792283995,0.0206084587851052,0.3976168077767326,0.3786331500392773,-0.018983657737455306,0.2064306511825466,0.2036633930533989,-0.002767258129147715,10.0,10.0,0.0,40,40,0
ADC_Post1,ADC,Post1,mrmr_then_elasticnet_no_corr_auto_k,mrmr_then_elasticnet_no_corr,NaiveBayes,mrmr_then_elasticnet_no_corr_auto_k_no_smote,mrmr_then_elasticnet_no_corr_auto_k_smote,0.7334126984126984,0.7206746031746032,-0.012738095238095215,0.051912527937053,0.0339638032983986,-0.0179487246386544,0.6184126984126983,0.6244444444444444,0.006031746031746055,0.8011102104875942,0.7813254618224107,-0.019784748665183538,0.0529305862741489,0.0726719066667407,0.0197413203925918,0.6961431420290278,0.6995849912862903,0.0034418492572624304,0.5992717086834733,0.6164145658263305,0.017142857142857126,0.0601082300302879,0.0648169315186368,0.004708701488348892,0.5929203539823009,0.6106194690265486,0.017699115044247704,0.6203571428571427,0.6330555555555556,0.012698412698412875,0.0654179153849553,0.068204762625104,0.0027868472401487016,0.5792063492063492,0.5950793650793651,0.015873015873015928,0.6890846681922197,0.6929308220383735,0.0038461538461538325,0.1870294371701282,0.1884350324150277,0.001405595244899499,0.6197183098591549,0.6301369863013698,0.010418676442214947,0.7419047619047618,0.7673015873015873,0.025396825396825418,0.213225123727864,0.1891637322836728,-0.0240613914441912,0.6984126984126984,0.7301587301587301,0.031746031746031744,0.65911074769151,0.6798742804550427,0.02076353276353271,0.061888722681021,0.0541219021898669,-0.007766820491154097,0.6567164179104478,0.6764705882352942,0.019754170324846387,0.4988095238095238,0.4988095238095238,0.0,0.3114955512652627,0.3114955512652627,0.0,0.46,0.46,0.0,0.2192838967123502,0.2443333038269747,0.0250494071146245,0.1206421201507495,0.1217429186308474,0.001100798480097892,0.1610716591349257,0.1941653160453808,0.0330936569104551,0.3323625523597903,0.3249287417295848,-0.007433810630205484,10.0,10.0,0.0,40,40,0
ADC_Post1,ADC,Post1,mrmr_then_elasticnet_no_corr_auto_k,mrmr_then_elasticnet_no_corr,RandomForest,mrmr_then_elasticnet_no_corr_auto_k_no_smote,mrmr_then_elasticnet_no_corr_auto_k_smote,0.7353571428571428,0.7400396825396826,0.0046825396825397325,0.0184915525510174,0.0201798102505586,0.0016882576995412013,0.7077777777777778,0.6993650793650794,-0.008412698412698427,0.7524031464890614,0.7590016338378989,0.006598487348837501,0.1025582934481873,0.0914052449839833,-0.011153048464204007,0.7263833358081258,0.7233379127551676,-0.003045423052958185,0.722703081232493,0.6942717086834735,-0.028431372549019507,0.0650152727921623,0.0470370681338152,-0.017978204658347104,0.7168141592920354,0.6902654867256637,-0.026548672566371723,0.7452380952380953,0.7160714285714287,-0.029166666666666563,0.0440922839468915,0.0353508848433652,-0.008741399103526296,0.7171428571428571,0.6912698412698413,-0.025873015873015826,0.7938888888888889,0.7701282051282051,-0.023760683760683743,0.1236831874758955,0.1333207587758882,0.009637571299992695,0.7627118644067796,0.7413793103448276,-0.021332554061952003,0.7595238095238095,0.7261904761904762,-0.033333333333333326,0.2108424116485121,0.1960172862734677,-0.014825125375044407,0.7142857142857143,0.6825396825396826,-0.031746031746031744,0.7382108262108262,0.7110607287449393,-0.027150097465886924,0.0906832807467923,0.0778863799838508,-0.012796900762941502,0.7377049180327869,0.7107438016528925,-0.0269611163798944,0.7309523809523809,0.7059523809523809,-0.025000000000000022,0.1459195566289958,0.1511295340243652,0.005209977395369381,0.72,0.7,-0.020000000000000018,0.4595505975082634,0.4017805897382557,-0.05777000777000768,0.1082043891527611,0.0729757062662378,-0.035228682886523296,0.4307304785894206,0.3786331500392773,-0.05209732855014332,0.2174379028385938,0.218325797171042,0.000887894332448208,10.0,10.0,0.0,40,40,0
ADC_Post1,ADC,Post1,mrmr_then_elasticnet_no_corr_auto_k,mrmr_then_elasticnet_no_corr,SVM_Linear,mrmr_then_elasticnet_no_corr_auto_k_no_smote,mrmr_then_elasticnet_no_corr_auto_k_smote,0.7461111111111112,0.7553968253968254,0.00928571428571423,0.0292709774940433,0.0320202442892565,0.0027492667952131976,0.7273015873015873,0.7428571428571429,0.015555555555555545,0.8052030148749167,0.817930677677657,0.012727662802740292,0.0881002412909124,0.0640212287681228,-0.0240790125227896,0.8008622673919144,0.7977084167401987,-0.003153850651715695,0.664467787114846,0.706610644257703,0.04214285714285704,0.0828316182373103,0.069881942899414,-0.012949675337896302,0.6548672566371682,0.6991150442477876,0.04424778761061943,0.6743650793650794,0.7235714285714285,0.04920634920634914,0.0804965379242353,0.0588991562520707,-0.021597381672164608,0.6471428571428571,0.7033333333333334,0.056190476190476235,0.7045187165775401,0.7831601731601732,0.0786414565826331,0.1105352379759331,0.1365313611536738,0.025996123177740707,0.6818181818181818,0.7636363636363637,0.0818181818181819,0.753015873015873,0.7019047619047618,-0.05111111111111122,0.1566324885122686,0.1562130581172043,-0.000419430395064313,0.7142857142857143,0.6666666666666666,-0.04761904761904767,0.7072109983180763,0.7166168568273832,0.009405858509306864,0.0742945603278274,0.0839232454827847,0.009628685154957295,0.6976744186046512,0.711864406779661,0.014189988175009827,0.5957142857142858,0.7452380952380951,0.1495238095238094,0.1495298755214802,0.1324802642213672,-0.01704961130011301,0.58,0.74,0.16000000000000003,0.3330882885230711,0.4222319347319347,0.08914364620886361,0.1696559390030948,0.1335679209451105,-0.03608801805798431,0.2961188308576904,0.4000624609618988,0.10394363010420837,0.2086225485518347,0.2086743774286234,5.182887678870096e-05,10.0,10.0,0.0,40,40,0
ADC_Post1,ADC,Post1,mrmr_then_elasticnet_no_corr_auto_k,mrmr_then_elasticnet_no_corr,SVM_RBF,mrmr_then_elasticnet_no_corr_auto_k_no_smote,mrmr_then_elasticnet_no_corr_auto_k_smote,0.7424603174603176,0.7436507936507937,0.0011904761904760752,0.0363471268553298,0.0347624483540885,-0.0015846785012412976,0.7225396825396826,0.7257142857142858,0.0031746031746031633,0.8029552542884953,0.8017394902306092,-0.0012157640578861484,0.0783684255712036,0.0711895375398037,-0.007178888031399905,0.7741308672067602,0.7743298458717214,0.00019897866496121352,0.6799439775910365,0.6736554621848739,-0.006288515406162598,0.0923306153235751,0.0705073288057838,-0.021823286517791307,0.672566371681416,0.672566371681416,0.0,0.6843650793650793,0.6858730158730159,0.0015079365079365692,0.1016758047018993,0.0818040324363787,-0.0198717722655206,0.665079365079365,0.6774603174603174,0.012380952380952381,0.7257142857142858,0.7561383061383061,0.03042402042402037,0.1319863938565839,0.1376269740983178,0.005640580241733917,0.696969696969697,0.7407407407407407,0.04377104377104368,0.7673015873015874,0.6598412698412698,-0.10746031746031759,0.149005606263351,0.1067861198107121,-0.0422194864526389,0.7301587301587301,0.6349206349206349,-0.09523809523809523,0.7222672064777329,0.6881616161616162,-0.03410559031611671,0.0764752988636194,0.0538689965462425,-0.022606302317376897,0.7131782945736435,0.6837606837606838,-0.029417610812959682,0.6014285714285714,0.7119047619047618,0.1104761904761904,0.2222723299516418,0.1650259376301281,-0.05724639232151371,0.6,0.72,0.12,0.3522735126508711,0.3513888888888888,-0.0008846237619822839,0.2070218259826837,0.1571102860264363,-0.04991153995624739,0.3322153010701165,0.3484494311983792,0.01623413012826269,0.2135706397932888,0.2129567164663592,-0.0006139233269296107,10.0,10.0,0.0,40,40,0
ADC_Post1,ADC,Post1,mrmr_then_elasticnet_no_corr_auto_k,mrmr_then_elasticnet_no_corr,XGBoost,mrmr_then_elasticnet_no_corr_auto_k_no_smote,mrmr_then_elasticnet_no_corr_auto_k_smote,0.7388492063492064,0.7174603174603176,-0.02138888888888879,0.0575725685989156,0.0498650231539059,-0.007707545445009699,0.7174603174603174,0.6949206349206349,-0.022539682539682415,0.7755978218178097,0.7535520700813176,-0.022045751736492036,0.1208406467721367,0.1163130640129321,-0.004527582759204604,0.7683379091584759,0.7074261454977616,-0.06091176366071427,0.6686974789915967,0.6825070028011204,0.013809523809523716,0.06019085787582,0.0499292235772322,-0.010261634298587799,0.6637168141592921,0.6814159292035398,0.017699115044247704,0.6681349206349205,0.6893253968253968,0.021190476190476315,0.0304604787542153,0.0451147720329024,0.0146542932786871,0.6612698412698412,0.6812698412698412,0.020000000000000018,0.7060805860805861,0.7382539682539682,0.03217338217338206,0.0866210451544255,0.0993179055321066,0.012696860377681113,0.7049180327868853,0.7288135593220338,0.023895526535148592,0.7036507936507937,0.7093650793650793,0.005714285714285561,0.1439076017214078,0.1522026072735673,0.008295005552159507,0.6825396825396826,0.6825396825396826,0.0,0.6904696223316913,0.702994708994709,0.01252508666301766,0.0836384291637126,0.0676011237225937,-0.016037305441118893,0.6935483870967742,0.7049180327868853,0.011369645690111008,0.6326190476190476,0.6692857142857143,0.036666666666666625,0.1005641682083516,0.1413780573570058,0.04081388914865419,0.64,0.68,0.040000000000000036,0.328446370899201,0.3608835978835978,0.03243722698439683,0.0727242223256978,0.091112569966628,0.01838834764093021,0.3212140373063548,0.3595717884130982,0.03835775110674344,0.2262322039416284,0.2358129725971627,0.009580768655534283,10.0,10.0,0.0,40,40,0
ADC_Post2,ADC,Post2,corr_mrmr_auto_k,corr_mrmr,ExtraTrees,corr_mrmr_auto_k_no_smote,corr_mrmr_auto_k_smote,0.6821981952125492,0.6852109843018934,0.0030127890893442144,0.118742843652905,0.1119755997113118,-0.006767243941593198,0.6168750000000001,0.6115625,-0.005312500000000053,0.7629874946159786,0.7701438501652881,0.00715635554930949,0.1082209633062231,0.0869452193734245,-0.021275743932798602,0.7121906364943718,0.7206862404063138,0.00849560391194204,0.5831357048748352,0.5685416033242119,-0.01459410155062335,0.0759165428438472,0.1219638012774843,0.04604725843363709,0.5789473684210527,0.5614035087719298,-0.01754385964912286,0.6143314726209462,0.5930401761980709,-0.021291296422875305,0.0813573143350304,0.1182675942234776,0.036910279888447195,0.5790625,0.565625,-0.013437499999999991,0.6761904761904762,0.6598845598845599,-0.01630591630591638,0.1720886761865966,0.1206038472238816,-0.051484828962715,0.6379310344827587,0.6296296296296297,-0.008301404853129024,0.6263902179691654,0.5843487506645401,-0.042041467304625324,0.1881215258694722,0.2007293423826226,0.012607816513150405,0.578125,0.53125,-0.046875,0.6074897096906092,0.5837609766545299,-0.023728733036079364,0.0846421484073482,0.1104334137544715,0.025791265347123296,0.6065573770491803,0.576271186440678,-0.03028619060850235,0.6022727272727273,0.6017316017316018,-0.0005411255411255089,0.2153701407360388,0.2220308718713274,0.006660731135288589,0.58,0.6,0.020000000000000018,0.2000788035472291,0.1730606136193564,-0.027018189927872693,0.1511236704007293,0.2333333973588857,0.0822097269581564,0.1560764959901295,0.1284403669724769,-0.027636129017652583,0.2417048122027058,0.2534440412822553,0.011739229079549496,14.0,14.0,0.0,44,44,0
ADC_Post2,ADC,Post2,corr_mrmr_auto_k,corr_mrmr,GradientBoosting,corr_mrmr_auto_k_no_smote,corr_mrmr_auto_k_smote,0.6080596693754589,0.6291523287097449,0.021092659334286057,0.1144935158701704,0.0794362229225774,-0.035057292947592994,0.55296875,0.5654687499999999,0.012499999999999845,0.6916279921820714,0.7093947166509256,0.01776672446885419,0.1851302737846418,0.1374507730368021,-0.04767950074783972,0.6458274989865919,0.6652165825638007,0.01938908357720881,0.5319289406245928,0.5823451910408431,0.05041625041625031,0.0749229439444357,0.0566029127411689,-0.0183200312032668,0.5350877192982456,0.5789473684210527,0.04385964912280704,0.5713981924508239,0.6007382091592618,0.029340016708437888,0.0834425939269604,0.0386407051106632,-0.04480188881629721,0.518125,0.5790625,0.06093750000000009,0.632785841609371,0.6521428571428571,0.01935701553348612,0.2119216817422631,0.1310787269279848,-0.0808429548142783,0.5753424657534246,0.6379310344827587,0.06258856872933405,0.7003721424774056,0.6058054226475279,-0.09456671982987774,0.1892199896960852,0.1253375683504436,-0.0638824213456416,0.65625,0.578125,-0.078125,0.6108809911283675,0.6050414367510556,-0.005839554377311873,0.048966389290244,0.0634391643558729,0.014472775065628905,0.6131386861313869,0.6065573770491803,-0.0065813090822065545,0.4424242424242424,0.5956709956709957,0.1532467532467533,0.3454279628262536,0.1494190194219076,-0.196008943404346,0.38,0.58,0.19999999999999996,0.1150337073664235,0.1843286099051671,0.06929490253874361,0.1223189604059806,0.0773144833840633,-0.0450044770219173,0.0369780044628625,0.1560764959901295,0.11909849152726698,0.2794729319983384,0.2784067173252724,-0.0010662146730660016,14.0,14.0,0.0,44,44,0
ADC_Post2,ADC,Post2,corr_mrmr_auto_k,corr_mrmr,KNN,corr_mrmr_auto_k_no_smote,corr_mrmr_auto_k_smote,0.6764759752917648,0.5909403041580076,-0.08553567113375726,0.0769781044384315,0.0610289824018743,-0.015949122036557205,0.6290625,0.5721875000000001,-0.0568749999999999,0.73591439723934,0.7050983556744879,-0.03081604156485218,0.0869530312707294,0.0937822658145549,0.006829234543825502,0.696327458582291,0.6838237529751636,-0.012503705607127324,0.5486035703427008,0.5515093602050124,0.002905789862311603,0.096321638630097,0.0658163053275605,-0.030505333302536505,0.543859649122807,0.5526315789473685,0.00877192982456143,0.5647858282068808,0.5803017012227538,0.015515873015872983,0.1034431595998756,0.0829209141625408,-0.020522245437334802,0.528125,0.56,0.0318750000000001,0.6037301587301587,0.6505050505050505,0.0467748917748918,0.1069338349126728,0.2134792984728055,0.1065454635601327,0.5833333333333334,0.6274509803921569,0.044117647058823484,0.7124720893141946,0.509845826687932,-0.2026262626262626,0.2054369713769396,0.0984985065370416,-0.10693846483989798,0.65625,0.5,-0.15625,0.6213179723502303,0.5480279293551604,-0.07329004299506992,0.083286960502334,0.0897005276517594,0.006413567149425398,0.6176470588235294,0.5565217391304348,-0.06112531969309465,0.4170995670995671,0.6507575757575756,0.23365800865800856,0.19351133573263,0.1943059982003621,0.0007946624677321046,0.4,0.62,0.21999999999999997,0.1166529104276496,0.1321342431083686,0.01548133268071901,0.1947454965395957,0.1357994845204579,-0.058946012019137795,0.0572519083969464,0.1166818596171377,0.059429951220191304,0.2389637287663603,0.2878524761994886,0.04888874743312832,14.0,14.0,0.0,44,44,0
ADC_Post2,ADC,Post2,corr_mrmr_auto_k,corr_mrmr,LightGBM,corr_mrmr_auto_k_no_smote,corr_mrmr_auto_k_smote,0.6471665619512509,0.5870745619788682,-0.06009199997238268,0.0546728429068698,0.0662951496041513,0.011622306697281495,0.5996874999999999,0.5396875000000001,-0.05999999999999983,0.7123899159997558,0.6812605281910258,-0.03112938780872998,0.1412359699078562,0.1365730655625601,-0.004662904345296093,0.697267477294883,0.6551810633386215,-0.04208641395626156,0.5536362188536101,0.5435419652810958,-0.010094253572514367,0.0563050482960715,0.055163036280718,-0.001142012015353494,0.5526315789473685,0.543859649122807,-0.00877192982456143,0.5785013670539987,0.5591180603022708,-0.019383306751727836,0.0639199411321652,0.0814070171134058,0.017487075981240593,0.5578125,0.5390625,-0.018750000000000044,0.6356565656565656,0.6072893772893773,-0.028367188367188323,0.1611735099707587,0.1629454725947889,0.0017719626240302044,0.6226415094339622,0.5967741935483871,-0.025867315885575115,0.5333014354066985,0.597565124933546,0.06426368952684747,0.0795522011904699,0.1084926614187389,0.028940460228268988,0.515625,0.578125,0.0625,0.5625574425574424,0.5831243469174503,0.020566904360007854,0.0565979482065373,0.0666172679539576,0.010019319747420298,0.5641025641025641,0.5873015873015873,0.023199023199023228,0.6237012987012986,0.5206709956709956,-0.10303030303030303,0.1408189576139708,0.1732340210495244,0.03241506343555359,0.6,0.5,-0.09999999999999998,0.1353190202564752,0.0966204784405058,-0.03869854181596939,0.1133533672308526,0.1367559715704541,0.023402604339601507,0.1129081476960635,0.0777846919726197,-0.0351234557234438,0.2909455605651288,0.3133746084282942,0.022429047863165352,14.0,14.0,0.0,44,44,0
ADC_Post2,ADC,Post2,corr_mrmr_auto_k,corr_mrmr,LogisticRegression,corr_mrmr_auto_k_no_smote,corr_mrmr_auto_k_smote,0.7001749322801956,0.7067422919097559,0.006567359629560343,0.0660520455045061,0.052217748333488,-0.013834297171018091,0.6471875,0.6446875,-0.0025000000000000577,0.7592060848657631,0.7609790301203769,0.0017729452546138003,0.1253678908262475,0.1254818075057444,0.00011391667949689488,0.7482710750467989,0.7477989926552975,-0.00047208239150142717,0.6183135704874835,0.6183135704874835,0.0,0.0832624537780637,0.0832624537780637,0.0,0.6140350877192983,0.6140350877192983,0.0,0.6609223817118555,0.6609223817118555,0.0,0.0600619976035584,0.0600619976035584,0.0,0.6190625000000001,0.6190625000000001,0.0,0.7233766233766235,0.7233766233766235,0.0,0.1780500061466376,0.1780500061466376,0.0,0.6851851851851852,0.6851851851851852,0.0,0.6263902179691654,0.6263902179691654,0.0,0.1881215258694722,0.1881215258694722,0.0,0.578125,0.578125,0.0,0.6281374277896017,0.6281374277896017,0.0,0.0972471366564545,0.0972471366564545,0.0,0.6271186440677966,0.6271186440677966,0.0,0.6954545454545455,0.6954545454545455,0.0,0.1860862680950792,0.1860862680950792,0.0,0.66,0.66,0.0,0.2858054884883681,0.2858054884883681,0.0,0.1248645679583301,0.1248645679583301,0.0,0.2330275229357797,0.2330275229357797,0.0,0.2471848839765888,0.2490068032971782,0.0018219193205893935,14.0,14.0,0.0,44,44,0
ADC_Post2,ADC,Post2,corr_mrmr_auto_k,corr_mrmr,NaiveBayes,corr_mrmr_auto_k_no_smote,corr_mrmr_auto_k_smote,0.5879669789717636,0.5906041273983857,0.0026371484266221046,0.1169764150346721,0.1173361604170816,0.0003597453824095015,0.6,0.605,0.0050000000000000044,0.6633756609709751,0.6655591655755321,0.002183504604556963,0.1767928458310972,0.1801102744519345,0.0033174286208373094,0.6804550020497102,0.6920308446242589,0.01157584257454869,0.5631687153426285,0.5631687153426285,0.0,0.1246498737579995,0.1246498737579995,0.0,0.5701754385964912,0.5701754385964912,0.0,0.5297696893749525,0.5297696893749525,0.0,0.0818530840531965,0.0818530840531965,0.0,0.531875,0.531875,0.0,0.5664285714285715,0.5664285714285715,0.0,0.1503442761150028,0.1503442761150028,0.0,0.5806451612903226,0.5806451612903226,0.0,0.8306432748538011,0.8306432748538011,0.0,0.1380937411000507,0.1380937411000507,0.0,0.84375,0.84375,0.0,0.6661324786324787,0.6661324786324787,0.0,0.130743217065102,0.130743217065102,0.0,0.6878980891719745,0.6878980891719745,0.0,0.2288961038961038,0.2288961038961038,0.0,0.1299882219222044,0.1299882219222044,0.0,0.22,0.22,0.0,0.0650845217774351,0.0650845217774351,0.0,0.1626888131811089,0.1626888131811089,0.0,0.068068068068068,0.068068068068068,0.0,0.3826226327491829,0.3762891221357353,-0.006333510613447613,14.0,14.0,0.0,44,44,0
ADC_Post2,ADC,Post2,corr_mrmr_auto_k,corr_mrmr,RandomForest,corr_mrmr_auto_k_no_smote,corr_mrmr_auto_k_smote,0.6365008135582298,0.6297377281587807,-0.0067630853994491424,0.104423552130552,0.1167008273695709,0.012277275239018892,0.5650000000000001,0.5509375,-0.014062500000000089,0.7241097224397024,0.7363685189814547,0.012258796541752326,0.1370731039823515,0.1282516148994048,-0.00882148908294672,0.6114103256619794,0.5954074321616813,-0.016002893500298043,0.5722509374683288,0.5895669547843461,0.017316017316017285,0.0749273555474663,0.0949774786233558,0.020050123075889506,0.5701754385964912,0.5877192982456141,0.01754385964912286,0.5988370547581074,0.6166653375863902,0.01782828282828275,0.0934489413805915,0.1002150797436332,0.006766138363041699,0.566875,0.5890625,0.022187500000000027,0.6540293040293039,0.7006410256410256,0.04661172161172167,0.1921003591913588,0.2090923058685769,0.016991946677218123,0.6229508196721312,0.6491228070175439,0.026171987345412706,0.6302498670919723,0.609845826687932,-0.020404040404040313,0.1806394852983119,0.1345479870633954,-0.046091498234916484,0.59375,0.578125,-0.015625,0.604398500050674,0.6144810186000117,0.010082518549337727,0.0926126344421864,0.0801362178283734,-0.012476416613813004,0.608,0.6115702479338843,0.003570247933884274,0.5674242424242424,0.6234848484848485,0.056060606060606144,0.2244573089986194,0.272259700199308,0.047802391200688604,0.54,0.6,0.05999999999999994,0.1670174960318902,0.2048447893569844,0.03782729332509421,0.1629262069849423,0.189686444899771,0.026760237914828677,0.1328779882024215,0.175438596491228,0.042560608288806506,0.2784393618878341,0.282534802970384,0.004095441082549944,14.0,14.0,0.0,44,44,0
ADC_Post2,ADC,Post2,corr_mrmr_auto_k,corr_mrmr,SVM_Linear,corr_mrmr_auto_k_no_smote,corr_mrmr_auto_k_smote,0.63081959950381,0.7037209990080804,0.07290139950427044,0.1711113679120917,0.0533102370306749,-0.1178011308814168,0.583125,0.63609375,0.05296875000000001,0.7116084690192472,0.7541988156095123,0.04259034659026506,0.1933027755666513,0.1253374194353351,-0.06796535613131618,0.7054672149889405,0.7327803904664272,0.027313175477486684,0.5501107588064109,0.6183135704874835,0.06820281168107256,0.0642013756126419,0.0667330305483648,0.0025316549357228962,0.5526315789473685,0.6140350877192983,0.06140350877192979,0.587787081339713,0.6584981392876129,0.07071105794789989,0.0691829551570354,0.039391331009963,-0.029791624147072406,0.525,0.6212500000000001,0.09625000000000006,0.6343253968253968,0.7223665223665223,0.08804112554112553,0.2015580062453046,0.1673150061541241,-0.0342430000911805,0.5783132530120482,0.6923076923076923,0.11399443929564412,0.8126953748006379,0.6063902179691654,-0.20630515683147255,0.2186963722686423,0.1950520884641462,-0.023644283804496097,0.75,0.5625,-0.1875,0.6517183702055782,0.6179855659214927,-0.03373280428408554,0.0473128974006489,0.0949013664612459,0.047588469060597,0.6530612244897959,0.6206896551724138,-0.032371569317382054,0.3628787878787879,0.7106060606060606,0.34772727272727266,0.3418706976636466,0.1655888011189606,-0.17628189654468598,0.3,0.68,0.38000000000000006,0.1457318707345665,0.2815649845371601,0.1358331138025936,0.0918470434070394,0.0826765918368203,-0.009170451570219104,0.0521682425823278,0.2362971985383678,0.18412895595604,0.2571007093235092,0.2450134359409198,-0.012087273382589414,14.0,14.0,0.0,44,44,0
ADC_Post2,ADC,Post2,corr_mrmr_auto_k,corr_mrmr,SVM_RBF,corr_mrmr_auto_k_no_smote,corr_mrmr_auto_k_smote,0.4714713896771313,0.6404922430042047,0.1690208533270734,0.243674928127631,0.1478364261984182,-0.09583850192921281,0.53265625,0.60515625,0.0724999999999999,0.5994071303122214,0.7299632991766274,0.13055616886440602,0.2200360706243255,0.1702974613959373,-0.049738609228388214,0.6614981953984549,0.7031340744010641,0.04163587900260923,0.4998986520725651,0.5644008165747296,0.0645021645021645,0.1141194539112073,0.1140979115278871,-2.1542383320194425e-05,0.5,0.5614035087719298,0.06140350877192979,0.5132852965747703,0.5971489329384067,0.08386363636363636,0.116978320037414,0.0866723185335282,-0.030306001503885793,0.4934375,0.5590625,0.06562500000000004,0.5401098901098901,0.6459893048128342,0.10587941470294415,0.2262615747432365,0.141197006464772,-0.08506456827846448,0.5555555555555556,0.6166666666666667,0.061111111111111116,0.5587134502923977,0.6241679957469431,0.06545454545454543,0.311675959117274,0.1647169988529536,-0.14695896026432043,0.546875,0.578125,0.03125,0.5118184955141476,0.601445897098071,0.08962740158392335,0.2137867748473818,0.0969189584175115,-0.11686781642987029,0.5511811023622047,0.5967741935483871,0.04559309118618238,0.4678571428571428,0.5701298701298702,0.10227272727272735,0.2475389064451922,0.2099895096440039,-0.037549396801188295,0.44,0.54,0.10000000000000003,0.0181626009826354,0.1851716453119972,0.1670090443293618,0.2335711273154277,0.1670928965163664,-0.06647823079906129,-0.0130963517305893,0.1171003717472118,0.1301967234778011,0.261881222633733,0.2490643760453965,-0.012816846588336483,14.0,14.0,0.0,44,44,0
ADC_Post2,ADC,Post2,corr_mrmr_auto_k,corr_mrmr,XGBoost,corr_mrmr_auto_k_no_smote,corr_mrmr_auto_k_smote,0.6196700428757845,0.6259991576737989,0.006329114798014346,0.0701352222671203,0.046187051562052,-0.023948170705068293,0.5509375,0.5792187499999999,0.028281249999999925,0.7190011058024285,0.6819309259330811,-0.03707017986934735,0.1199358969554515,0.1274087557078334,0.007472858752381892,0.6644358035539827,0.6661030503695698,0.0016672468155871645,0.535159043854696,0.5517670735062039,0.016608029651507872,0.0537871903181115,0.0493001720174297,-0.004487018300681801,0.5350877192982456,0.5526315789473685,0.01754385964912286,0.5690715424925952,0.5764665451507557,0.00739500265816051,0.034894628755444,0.0634896177918969,0.02859498903645289,0.5203125,0.546875,0.026562500000000044,0.6154761904761905,0.622051282051282,0.006575091575091507,0.1603638153948136,0.1607477595771492,0.000383944182335616,0.5774647887323944,0.6031746031746031,0.025709814442208767,0.6924720893141945,0.6224136097820309,-0.0700584795321636,0.2007566506522195,0.11462247508804,-0.08613417556417952,0.640625,0.59375,-0.046875,0.6057726692209451,0.5970042756399578,-0.008768393580987244,0.0602307646414108,0.0475079901085536,-0.012722774532857202,0.6074074074074074,0.5984251968503937,-0.008982210557013648,0.4456709956709956,0.5305194805194804,0.08484848484848478,0.2514946605566912,0.1787076746404418,-0.07278698591624938,0.4,0.5,0.09999999999999998,0.1197608854253931,0.1314993993072457,0.011738513881852597,0.0575266245784997,0.1048869102654914,0.04736028568699171,0.0412567438908283,0.0935453695042095,0.0522886256133812,0.3018393196283677,0.3225160320498793,0.02067671242151159,14.0,14.0,0.0,44,44,0
ADC_Post2,ADC,Post2,elasticnet_then_mrmr_auto_k,elasticnet_then_mrmr,ExtraTrees,elasticnet_then_mrmr_auto_k_no_smote,elasticnet_then_mrmr_auto_k_smote,0.7209315874626879,0.7400783639539621,0.019146776491274164,0.142011936989678,0.1162256270730174,-0.025786309916660616,0.6710937499999999,0.6921875,0.021093750000000022,0.8203696705265575,0.8152773303109904,-0.005092340215567148,0.1196737916946733,0.1191065608030066,-0.0005672308916667007,0.747223097464185,0.7679614747345231,0.020738377270338115,0.6594347681304203,0.6614038135777267,0.0019690454473063612,0.0783572204504666,0.0547437770314514,-0.023613443419015202,0.6578947368421053,0.6578947368421053,0.0,0.6886416799574694,0.697837586390218,0.00919590643274859,0.0909039079700589,0.0373293800792308,-0.0535745278908281,0.6646875,0.6690625,0.004375000000000018,0.7317948717948718,0.7685120435120435,0.036717171717171704,0.1649943716291453,0.1496283864707435,-0.01536598515840179,0.7358490566037735,0.7551020408163265,0.019252984212552948,0.6333439659755449,0.6100691121743753,-0.02327485380116956,0.1872831027610447,0.1582200455480231,-0.029063057213021604,0.609375,0.578125,-0.03125,0.6572008757526,0.6529629629629629,-0.004237912789637144,0.115055666351432,0.0706388640081904,-0.04441680234324159,0.6666666666666666,0.6548672566371682,-0.01179941002949847,0.7439393939393939,0.7856060606060605,0.04166666666666663,0.1335053986176405,0.1353836842647798,0.0018782856471393217,0.72,0.76,0.040000000000000036,0.3354559352246291,0.3540279881571627,0.01857205293253361,0.1638699998379974,0.079404518774121,-0.08446548106387641,0.3216356423558132,0.3273827534039334,0.0057471110481202015,0.2288239362524565,0.2241326425035477,-0.004691293748908809,10.8,10.8,0.0,25,25,0
ADC_Post2,ADC,Post2,elasticnet_then_mrmr_auto_k,elasticnet_then_mrmr,GradientBoosting,elasticnet_then_mrmr_auto_k_no_smote,elasticnet_then_mrmr_auto_k_smote,0.6926573320353225,0.6883486896764408,-0.004308642358881731,0.1285150014552439,0.0996142320209708,-0.028900769434273083,0.66140625,0.66234375,0.0009375000000000355,0.7607543282530836,0.741257634359426,-0.019496693893657602,0.1381439321126298,0.1581374113257657,0.019993479213135906,0.7502030246545344,0.745197061819509,-0.005005962835025413,0.5772459424633338,0.6590018676975198,0.08175592523418596,0.0916713053787888,0.0546097736986855,-0.0370615316801033,0.5789473684210527,0.6578947368421053,0.07894736842105265,0.6018559656717551,0.6729524568998253,0.07109649122807016,0.091429093734519,0.0537704991530611,-0.037658594581457906,0.5549999999999999,0.666875,0.11187500000000006,0.633511586452763,0.7357631257631259,0.1022515393103629,0.1653574168135844,0.1197304383887815,-0.0456269784248029,0.6,0.7450980392156863,0.14509803921568631,0.7981924508240297,0.597203615098352,-0.20098883572567772,0.1746233373368262,0.1135140284945889,-0.061109308842237295,0.75,0.59375,-0.15625,0.6685897435897435,0.6501986417657045,-0.018391101824039024,0.0545286418413762,0.0769207137533393,0.022392071911963095,0.6666666666666666,0.6608695652173913,-0.005797101449275366,0.4055194805194805,0.7487012987012986,0.34318181818181814,0.2874401827525506,0.0874908803713886,-0.19994930238116204,0.36,0.74,0.38,0.1805960154026452,0.3202627960275018,0.1396667806248566,0.1675059750449613,0.1029617113474641,-0.06454426369749722,0.1139896373056995,0.3245214220601642,0.2105317847544647,0.2433639908865512,0.2342051974106665,-0.009158793475884691,10.8,10.8,0.0,25,25,0
ADC_Post2,ADC,Post2,elasticnet_then_mrmr_auto_k,elasticnet_then_mrmr,KNN,elasticnet_then_mrmr_auto_k_no_smote,elasticnet_then_mrmr_auto_k_smote,0.730826239151598,0.7354388611565645,0.004612622004966593,0.091885703375673,0.0752792679530685,-0.01660643542260451,0.67265625,0.6940625000000001,0.021406250000000182,0.805522773246142,0.8052218144075056,-0.00030095883863634487,0.0747201118770915,0.0946201092199578,0.019899997342866294,0.787089463593218,0.7966494513765471,0.009559987783329116,0.6173102260058781,0.6363578450534971,0.01904761904761898,0.0720865801059118,0.0722646693166045,0.0001780892106926918,0.6140350877192983,0.631578947368421,0.01754385964912275,0.6520188729399257,0.6616148325358852,0.009595959595959491,0.0666914162457466,0.050424277584995,-0.016267138660751593,0.6168750000000001,0.645625,0.028749999999999942,0.7027472527472527,0.7522727272727272,0.04952547452547451,0.1726569123170252,0.1349165643605075,-0.037740347956517706,0.6785714285714286,0.7391304347826086,0.060559006211180044,0.6350983519404572,0.5542902711323763,-0.08080808080808088,0.1941800366815114,0.1085805422647527,-0.08559949441675871,0.59375,0.53125,-0.0625,0.6301560758082496,0.6205859499977147,-0.009570125810534957,0.0952195573676876,0.0642202699501412,-0.0309992874175464,0.6333333333333333,0.6181818181818182,-0.015151515151515138,0.668939393939394,0.7689393939393939,0.09999999999999998,0.1723147652661894,0.1387005150466158,-0.03361425021957362,0.64,0.76,0.12,0.2694872186966384,0.2959855512704066,0.026498332573768213,0.128537509462114,0.1077127850035966,-0.020824724458517407,0.2297297297297298,0.280216476247745,0.050486746518015185,0.2336055494151932,0.2312981299671622,-0.002307419448031006,10.8,10.8,0.0,25,25,0
ADC_Post2,ADC,Post2,elasticnet_then_mrmr_auto_k,elasticnet_then_mrmr,LightGBM,elasticnet_then_mrmr_auto_k_no_smote,elasticnet_then_mrmr_auto_k_smote,0.6615368655799277,0.6887089164601127,0.027172050880184928,0.0914098746180869,0.1065480973367163,0.015138222718629399,0.6375,0.6349999999999999,-0.0025000000000000577,0.7487116674463008,0.7879276412321684,0.03921597378586761,0.0739124073381577,0.0633476789194382,-0.010564728418719499,0.6888588524509107,0.7317114495292448,0.04285259707833411,0.6330524547915852,0.5813042030433334,-0.05174825174825182,0.0805220005236571,0.0445687161660942,-0.0359532843575629,0.631578947368421,0.5789473684210527,-0.05263157894736836,0.655113541429331,0.5999586086428191,-0.055154932786511845,0.0830993581644263,0.0470923017747625,-0.036007056389663804,0.628125,0.5746875,-0.05343750000000003,0.6884848484848485,0.6386013986013986,-0.04988344988344984,0.1327072075603871,0.1040683920335085,-0.028638815526878594,0.6774193548387096,0.6290322580645161,-0.048387096774193505,0.6933439659755448,0.6464540138224348,-0.04688995215310998,0.1465390209559851,0.1444917646696677,-0.0020472562863173838,0.65625,0.609375,-0.046875,0.6689796515883472,0.6208637095593617,-0.0481159420289855,0.0629619673843097,0.0272791886329971,-0.03568277875131261,0.6666666666666666,0.6190476190476191,-0.04761904761904756,0.6168831168831169,0.5534632034632034,-0.06341991341991349,0.1579775216905707,0.1069264069264069,-0.051051114764163796,0.6,0.54,-0.05999999999999994,0.283722729778653,0.1837346787911122,-0.0999880509875408,0.1628377285876852,0.0929844850835072,-0.06985324350417799,0.2551337896701928,0.1487243310516489,-0.1064094586185439,0.2747803981557536,0.2657631809507338,-0.0090172172050198,10.8,10.8,0.0,25,25,0
ADC_Post2,ADC,Post2,elasticnet_then_mrmr_auto_k,elasticnet_then_mrmr,LogisticRegression,elasticnet_then_mrmr_auto_k_no_smote,elasticnet_then_mrmr_auto_k_smote,0.7389708315784871,0.7300734388772666,-0.008897392701220475,0.1200348989264443,0.1119350517516429,-0.008099847174801403,0.694375,0.6890624999999999,-0.005312500000000053,0.8051835193944228,0.775604668420835,-0.02957885097358781,0.1409800592852446,0.1436959565072727,0.002715897222028113,0.7824447007050079,0.749706375736324,-0.032738324968683896,0.6499109586066107,0.6593971246145159,0.009486166007905195,0.0931830874560366,0.0767433722884701,-0.016439715167566496,0.6491228070175439,0.6578947368421053,0.00877192982456143,0.6810659223817119,0.6868992557150453,0.005833333333333357,0.1054469035020895,0.0871043584019454,-0.018342545100144103,0.6525000000000001,0.6603125000000001,0.0078125,0.7148229548229548,0.7224997224997225,0.007676767676767726,0.1852424826939837,0.152604493097154,-0.0326379895968297,0.7142857142857143,0.7192982456140351,0.005012531328320802,0.6515257841573631,0.6715257841573631,0.020000000000000018,0.2076503095910412,0.1861655706809418,-0.021484738910099388,0.625,0.640625,0.015625,0.6555961062530935,0.671725660908964,0.016129554655870515,0.1283775078121386,0.0939995682492909,-0.03437793956284771,0.6666666666666666,0.6776859504132231,0.011019283746556474,0.7106060606060607,0.7022727272727273,-0.008333333333333415,0.1569773017930838,0.151242178345064,-0.0057351234480197966,0.68,0.68,0.0,0.3195241043785936,0.3354025577952383,0.015878453416644733,0.1942839552942095,0.1572642295587876,-0.03701972573542189,0.2997542997542998,0.3157894736842105,0.016035173929910718,0.2286658632697301,0.2348940767711202,0.006228213501390106,10.8,10.8,0.0,25,25,0
ADC_Post2,ADC,Post2,elasticnet_then_mrmr_auto_k,elasticnet_then_mrmr,NaiveBayes,elasticnet_then_mrmr_auto_k_no_smote,elasticnet_then_mrmr_auto_k_smote,0.6861229865296851,0.6903822457889444,0.004259259259259296,0.1300850266497442,0.1250091764816674,-0.005075850168076795,0.6184374999999999,0.63265625,0.014218750000000169,0.7445182783768731,0.7457960287508801,0.001277750374007014,0.1562705992155272,0.1548689768566951,-0.0014016223588320942,0.6880977362420124,0.7012267652765316,0.01312902903451918,0.5476465563422085,0.5658283745240267,0.018181818181818188,0.1301354744152743,0.0995659753838318,-0.030569499031442487,0.5526315789473685,0.5701754385964912,0.01754385964912275,0.5399832915622389,0.5566499582289055,0.016666666666666607,0.1375646517811433,0.1170571148857273,-0.020507536895415998,0.520625,0.540625,0.020000000000000018,0.5932646301067352,0.6019333607568901,0.008668730650154832,0.1859515944267378,0.1760124035717002,-0.00993919085503761,0.5747126436781609,0.5882352941176471,0.013522650439486195,0.7903561935140881,0.7903561935140881,0.0,0.1166816757990672,0.1166816757990672,0.0,0.78125,0.78125,0.0,0.6542080608265258,0.6613600403922985,0.007151979565772626,0.0994861887015627,0.0874625588715294,-0.0120236298300333,0.6622516556291391,0.6711409395973155,0.008889283968176342,0.2896103896103896,0.322943722943723,0.03333333333333338,0.3386997051990241,0.3159977459397314,-0.022701959259292692,0.26,0.3,0.03999999999999998,0.0569867756805025,0.0876038787751739,0.030617103094671395,0.2390986805613789,0.2008473335670622,-0.038251346994316704,0.0434353405725567,0.0851621356043236,0.041726795031766906,0.360777004456973,0.3438478761419851,-0.01692912831498794,10.8,10.8,0.0,25,25,0
ADC_Post2,ADC,Post2,elasticnet_then_mrmr_auto_k,elasticnet_then_mrmr,RandomForest,elasticnet_then_mrmr_auto_k_no_smote,elasticnet_then_mrmr_auto_k_smote,0.7211173710216773,0.7047408120853097,-0.01637655893636758,0.1558363244509883,0.1317411866751613,-0.024095137775827002,0.6781250000000001,0.6799999999999999,0.001874999999999849,0.8142623271002234,0.7920297210621849,-0.02223260603803845,0.1164852421415096,0.1154680521662438,-0.0010171899752658004,0.785787375800627,0.7587295108719871,-0.02705786492863982,0.6257930475321778,0.6007470790079485,-0.025045968524229245,0.0868247676589595,0.0876843104394911,0.0008595427805316025,0.6228070175438597,0.5964912280701754,-0.026315789473684292,0.6465170502012606,0.6337612971823499,-0.012755753018910743,0.088810401039562,0.0900018056908091,0.001191404651247091,0.6225,0.6034375000000001,-0.019062499999999982,0.6815873015873016,0.6947940947940948,0.013206793206793188,0.1241087146056564,0.156875206127278,0.032766491521621616,0.6779661016949152,0.6730769230769231,-0.004889178617992096,0.6609994683678895,0.5902498670919722,-0.07074960127591723,0.1953404349411971,0.1900454674094162,-0.005294967531780909,0.625,0.546875,-0.078125,0.6470500422303468,0.6052327535165063,-0.041817288713840495,0.093800959911339,0.0874232283924981,-0.006377731518840898,0.6504065040650406,0.603448275862069,-0.046958228202971686,0.632034632034632,0.6772727272727272,0.0452380952380953,0.1317255626107944,0.1709907391474652,0.039265176536670804,0.62,0.66,0.040000000000000036,0.2686207189249785,0.2376491311109994,-0.03097158781397913,0.175223304497867,0.1650785755110283,-0.010144728986838686,0.2423493044822257,0.2015834348355664,-0.04076586964665929,0.2289993896373777,0.2245752311536087,-0.0044241584837690084,10.8,10.8,0.0,25,25,0
ADC_Post2,ADC,Post2,elasticnet_then_mrmr_auto_k,elasticnet_then_mrmr,SVM_Linear,elasticnet_then_mrmr_auto_k_no_smote,elasticnet_then_mrmr_auto_k_smote,0.7501455429206626,0.7336417835221664,-0.016503759398496243,0.125704063209087,0.1102715040628136,-0.015432559146273409,0.6778124999999999,0.6975,0.01968750000000008,0.8116309997007548,0.7736289968303309,-0.03800200287042388,0.1424549499831046,0.1421704708267341,-0.00028447915637050403,0.7748796444400892,0.7510059019503608,-0.0238737424897284,0.6486122573079094,0.6612286264460178,0.012616369138108374,0.0680185506636271,0.0727125929400677,0.004694042276440602,0.6491228070175439,0.6578947368421053,0.00877192982456143,0.6818992557150452,0.689211855396066,0.007312599681020826,0.0716902723045347,0.0745577617872626,0.0028674894827279,0.6415625,0.6646875,0.02312499999999995,0.7071428571428571,0.7422494172494172,0.0351065601065601,0.1726149424799224,0.1331270206021753,-0.039487921877747106,0.6818181818181818,0.7358490566037735,0.054030874785591765,0.7448591174906964,0.6428176501860713,-0.10204146730462516,0.1545978806362305,0.1745241892610313,0.019926308624800798,0.703125,0.609375,-0.09375,0.6925977011494253,0.6651404151404151,-0.027457286009010207,0.0559558174610012,0.0794298599148895,0.023474042453888302,0.6923076923076923,0.6666666666666666,-0.02564102564102566,0.6189393939393939,0.7356060606060606,0.1166666666666667,0.2196656194977903,0.1392456391622792,-0.0804199803355111,0.58,0.72,0.14,0.3239073748391208,0.3420663982513643,0.018159023412243513,0.1274184328204118,0.1395015453285533,0.012083112508141508,0.2843691148775894,0.3216356423558132,0.03726652747822379,0.2335353512139769,0.2294991978811178,-0.004036153332859088,10.8,10.8,0.0,25,25,0
ADC_Post2,ADC,Post2,elasticnet_then_mrmr_auto_k,elasticnet_then_mrmr,SVM_RBF,elasticnet_then_mrmr_auto_k_no_smote,elasticnet_then_mrmr_auto_k_smote,0.7484975754353744,0.7392743681978132,-0.009223207237561204,0.109003675308197,0.106374776386635,-0.002628898921561998,0.6809375,0.6915625,0.010624999999999996,0.8248104257259794,0.8058768742222526,-0.018933551503726775,0.122536759802322,0.1352942313047136,0.012757471502391607,0.7912363758518925,0.7765840660433954,-0.014652309808497188,0.658136066831719,0.6476465563422085,-0.010489510489510523,0.0593225891245729,0.0527051350372341,-0.006617454087338805,0.6578947368421053,0.6491228070175439,-0.00877192982456143,0.6902325890483785,0.6730715045188729,-0.0171610845295056,0.065095856325964,0.0756583397351914,0.0105624834092274,0.6515625,0.6481250000000001,-0.0034374999999999822,0.7138095238095238,0.7062393162393162,-0.007570207570207543,0.1649599690325503,0.1679324278217903,0.00297245878923999,0.6923076923076923,0.7,0.007692307692307665,0.7448591174906964,0.677203615098352,-0.06765550239234441,0.1545978806362305,0.1494665971270553,-0.005131283509175216,0.703125,0.65625,-0.046875,0.6979310344827586,0.6685964912280701,-0.02933454325468854,0.0518053003071385,0.078827198990627,0.027021898683488497,0.6976744186046512,0.6774193548387096,-0.02025506376594155,0.6356060606060605,0.6689393939393938,0.033333333333333326,0.199609352186357,0.1877443311642125,-0.011865021022144512,0.6,0.64,0.040000000000000036,0.3398113021354531,0.3073949759705029,-0.03241632616495016,0.1157000219901231,0.1146614993867341,-0.0010385226033889916,0.3037895396179142,0.2936802973977694,-0.01010924222014481,0.2359718047556486,0.2263401834890365,-0.0096316212666121,10.8,10.8,0.0,25,25,0
ADC_Post2,ADC,Post2,elasticnet_then_mrmr_auto_k,elasticnet_then_mrmr,XGBoost,elasticnet_then_mrmr_auto_k_no_smote,elasticnet_then_mrmr_auto_k_smote,0.6522359387909626,0.6754817024195015,0.023245763628538807,0.1254160198994167,0.1264193858593089,0.0010033659598921996,0.61125,0.6453125000000001,0.03406250000000011,0.7600008691547256,0.7748300830863882,0.014829213931662588,0.1027511251423945,0.0947706763811491,-0.007980448761245401,0.6874003212451725,0.7278666977856011,0.04046637654042862,0.6075735858344553,0.6079688427514515,0.00039525691699615617,0.0811783680473609,0.1086569418664974,0.0274785738191365,0.6052631578947368,0.6052631578947368,0.0,0.6117369180527075,0.626239272423483,0.014502354370775516,0.1004423181191183,0.1143637139135743,0.013921395794456004,0.5959375,0.606875,0.010937500000000044,0.6466666666666667,0.6743589743589744,0.027692307692307683,0.1024152766382481,0.1333555208363759,0.030940244198127784,0.6417910447761194,0.6666666666666666,0.02487562189054726,0.7048591174906964,0.6272620946305157,-0.07759702286018066,0.1609013178829492,0.1478009414629358,-0.01310037642001341,0.671875,0.59375,-0.078125,0.6562117452440033,0.6316361011413485,-0.02457564410265478,0.0621678989923241,0.0857103598823588,0.0235424608900347,0.6564885496183206,0.628099173553719,-0.028389376064601568,0.5186147186147185,0.6252164502164501,0.10660173160173159,0.1693954937571331,0.1698298523369084,0.0004343585797753069,0.52,0.62,0.09999999999999998,0.2072241092241092,0.2329958709546624,0.025771761730553205,0.1992501867206485,0.22045832582311,0.0212081391024615,0.1931424976407675,0.2105263157894736,0.0173838181487061,0.2843744872643308,0.2704355194512746,-0.013938967813056202,10.8,10.8,0.0,25,25,0
ADC_Post2,ADC,Post2,mrmr_then_elasticnet_no_corr_auto_k,mrmr_then_elasticnet_no_corr,ExtraTrees,mrmr_then_elasticnet_no_corr_auto_k_no_smote,mrmr_then_elasticnet_no_corr_auto_k_smote,0.7432010006651155,0.7249928310215392,-0.0182081696435763,0.1113878934522246,0.1295806154923867,0.01819272204016209,0.6484375,0.6578125,0.009375000000000022,0.8215426855730046,0.8100699059354083,-0.011472779637596298,0.1028034556434638,0.1189271579852193,0.016123702341755503,0.7622627333534192,0.729121246633236,-0.033141486720183244,0.6709276231015362,0.6436172523129045,-0.027310370788631744,0.0660830327258991,0.0493428589852793,-0.016740173740619806,0.6666666666666666,0.6403508771929824,-0.02631578947368418,0.7031153641679957,0.6762466772993088,-0.02686868686868693,0.0511966018863469,0.0377938753719493,-0.013402726514397598,0.6746875,0.6490625,-0.02562500000000001,0.7604312354312354,0.7408441558441559,-0.019587079587079503,0.1360165826498942,0.1446365566281222,0.008619973978228002,0.75,0.7254901960784313,-0.02450980392156865,0.6456246677299309,0.6100691121743753,-0.03555555555555556,0.1803741694622972,0.1582200455480231,-0.0221541239142741,0.609375,0.578125,-0.03125,0.6704721204721205,0.6416296296296295,-0.02884249084249091,0.0829848678903552,0.0622335086765545,-0.020751359213800696,0.6724137931034483,0.6434782608695652,-0.02893553223388312,0.7606060606060605,0.7424242424242424,-0.018181818181818077,0.1279024823660926,0.1489941790174487,0.0210916966513561,0.74,0.72,-0.020000000000000018,0.3673911894022312,0.3157971693305991,-0.05159402007163211,0.1079270541951326,0.0714986329518601,-0.0364284212432725,0.3404384896467722,0.2898814949863264,-0.050556994660445775,0.2341302865236529,0.2394820480899314,0.005351761566278507,8.4,8.4,0.0,30,30,0
ADC_Post2,ADC,Post2,mrmr_then_elasticnet_no_corr_auto_k,mrmr_then_elasticnet_no_corr,GradientBoosting,mrmr_then_elasticnet_no_corr_auto_k_no_smote,mrmr_then_elasticnet_no_corr_auto_k_smote,0.7384822593674268,0.7414160573610333,0.0029337979936064906,0.0885474108075216,0.0881365970813591,-0.0004108137261625011,0.6481250000000001,0.6900000000000001,0.041874999999999996,0.7906606421966946,0.804978758663418,0.014318116466723319,0.0949645875408261,0.0995381509400958,0.004573563399269703,0.7594722647746659,0.7717933193661333,0.012321054591467373,0.5567997220171133,0.6608333695290217,0.10403364751190847,0.0842472399718028,0.0697179319529265,-0.014529308018876308,0.5614035087719298,0.6578947368421053,0.09649122807017552,0.5802756892230577,0.675744854560644,0.09546916533758631,0.0843807058333699,0.0681466016452442,-0.016234104188125695,0.5393749999999999,0.666875,0.12750000000000006,0.6275091575091575,0.7384848484848485,0.11097569097569104,0.1699426222021256,0.114653539585019,-0.055289082617106605,0.5897435897435898,0.7450980392156863,0.15535444947209653,0.7557894736842106,0.6080914407230196,-0.147698032961191,0.1995451892391206,0.0980094466234836,-0.101535742615637,0.71875,0.59375,-0.125,0.6438402457757296,0.659298245614035,0.015457999838305425,0.0417144572211535,0.0713619000281191,0.029647442806965595,0.647887323943662,0.6608695652173913,0.012982241273729267,0.4047619047619047,0.7433982683982684,0.3386363636363637,0.349278491826519,0.0877267146438884,-0.26155177718263056,0.36,0.74,0.38,0.1385166854143231,0.3263650268333866,0.18784834141906348,0.1370763774218428,0.1381716588828665,0.001095281461023695,0.081237911025145,0.3245214220601642,0.24328351103501922,0.2462273199042257,0.2282277295373748,-0.017999590366850893,8.4,8.4,0.0,30,30,0
ADC_Post2,ADC,Post2,mrmr_then_elasticnet_no_corr_auto_k,mrmr_then_elasticnet_no_corr,KNN,mrmr_then_elasticnet_no_corr_auto_k_no_smote,mrmr_then_elasticnet_no_corr_auto_k_smote,0.7298266672190117,0.7143598953766418,-0.015466771842369886,0.0661287851954581,0.0619010144068086,-0.0042277707886495056,0.6340625000000001,0.6604687499999999,0.026406249999999853,0.7899127206107284,0.7624270084153268,-0.027485712195401524,0.0675129605612585,0.0928482944707522,0.025335333909493704,0.7180268229830983,0.7328401866404433,0.01481336365734498,0.621468386685778,0.6604004690961213,0.038932082410343294,0.130282369746404,0.0503052742143911,-0.0799770955320129,0.6140350877192983,0.6578947368421053,0.04385964912280704,0.6613051568314725,0.680322966507177,0.019017809675704545,0.0896216968239339,0.0544708234316586,-0.035150873392275295,0.6146875,0.666875,0.05218749999999994,0.7301282051282051,0.7499999999999999,0.0198717948717948,0.160576091404776,0.1290994448735805,-0.0314766465311955,0.6724137931034483,0.7450980392156863,0.072684246112238,0.6817012227538543,0.6098883572567784,-0.07181286549707588,0.2597338183222383,0.1763226673750489,-0.0834111509471894,0.609375,0.59375,-0.015625,0.6396181274442144,0.6490842490842491,0.009466121640034686,0.1560979420436439,0.0863925451603103,-0.06970539688333362,0.639344262295082,0.6608695652173913,0.021525302922309253,0.6409090909090909,0.7507575757575757,0.10984848484848486,0.2327422659311809,0.1593144173102414,-0.07342784862093948,0.62,0.74,0.12,0.2998139412227897,0.3291825707494816,0.029368629526691892,0.1939829433775105,0.0959585405992565,-0.09802440277825401,0.2264034546576186,0.3245214220601642,0.09811796740254561,0.2523055471014055,0.2583053063914671,0.005999759290061579,8.4,8.4,0.0,30,30,0
ADC_Post2,ADC,Post2,mrmr_then_elasticnet_no_corr_auto_k,mrmr_then_elasticnet_no_corr,LightGBM,mrmr_then_elasticnet_no_corr_auto_k_no_smote,mrmr_then_elasticnet_no_corr_auto_k_smote,0.6894498298086816,0.6622051570616163,-0.027244672747065324,0.0916966767961265,0.1149517204676728,0.023255043671546294,0.6699999999999999,0.62234375,-0.047656249999999956,0.7716999107408763,0.7487725268118479,-0.022927383929028378,0.0806612958012093,0.1155494796152475,0.0348881838140382,0.758226005075462,0.7298584159210351,-0.028367589154426942,0.586161664422534,0.5794727012118316,-0.006688963210702448,0.0935702945846791,0.0368014763682293,-0.056768818216449794,0.5877192982456141,0.5789473684210527,-0.00877192982456143,0.5918413457887143,0.6031332118174223,0.01129186602870802,0.1201407547228996,0.0500086389950343,-0.0701321157278653,0.5803125,0.5746875,-0.005624999999999991,0.6255555555555554,0.6441025641025641,0.018547008547008637,0.1647144929796126,0.1405296639726957,-0.024184829006916903,0.6307692307692307,0.6290322580645161,-0.0017369727047146233,0.653163211057948,0.6424136097820309,-0.010749601275917064,0.1751877316484741,0.117651040811491,-0.057536690836983095,0.640625,0.609375,-0.03125,0.6217312944676936,0.6194680437558998,-0.002263250711793785,0.118663152499937,0.0252332362377414,-0.0934299162621956,0.6356589147286822,0.6190476190476191,-0.01661129568106312,0.5305194805194805,0.5638528138528138,0.033333333333333326,0.2006732824985113,0.1524307523897173,-0.04824253010879401,0.52,0.54,0.020000000000000018,0.1601970970206264,0.1831225728816387,0.02292547586101229,0.2208987260738071,0.0826365964774095,-0.1382621295963976,0.1609771374882556,0.1487243310516489,-0.0122528064366067,0.2443441430587467,0.2796200051402688,0.035275862081522114,8.4,8.4,0.0,30,30,0
ADC_Post2,ADC,Post2,mrmr_then_elasticnet_no_corr_auto_k,mrmr_then_elasticnet_no_corr,LogisticRegression,mrmr_then_elasticnet_no_corr_auto_k_no_smote,mrmr_then_elasticnet_no_corr_auto_k_smote,0.7684547111580604,0.7682780297852068,-0.0001766813728536487,0.0973074806938922,0.1018829529278926,0.0045754722340003995,0.70125,0.705,0.00374999999999992,0.8396512971703315,0.8399400071703418,0.0002887100000102949,0.0601498695674403,0.0639812486682444,0.003831379100804097,0.791969760689702,0.8001904814591709,0.008220720769468892,0.6553301770693075,0.6553301770693074,-1.1102230246251565e-16,0.1031643830237294,0.1070949868371927,0.003930603813463288,0.6491228070175439,0.6491228070175439,0.0,0.6934077618288145,0.6924986709197235,-0.0009090909090909705,0.0644366184910774,0.072215116453948,0.007778497962870598,0.66125,0.6634375,0.002187500000000009,0.7733333333333332,0.7757142857142858,0.0023809523809525945,0.1176624172981519,0.1133533395707278,-0.0043090777274241016,0.75,0.7608695652173914,0.010869565217391353,0.6110579479000531,0.5910579479000531,-0.020000000000000018,0.2098378164963188,0.2146490790754643,0.004811262579145492,0.5625,0.546875,-0.015625,0.646588042011383,0.6370556136554252,-0.0095324283559578,0.1008650356992831,0.1112747262536066,0.010409690554323503,0.6428571428571429,0.6363636363636364,-0.006493506493506551,0.7757575757575758,0.793939393939394,0.018181818181818188,0.1469462649236889,0.1205855015216456,-0.026360763402043297,0.76,0.78,0.020000000000000018,0.3558726460289948,0.3542949393665424,-0.0015777066624524383,0.1491320334985041,0.1614919112509726,0.012359877752468496,0.3115942028985508,0.3144918821407095,0.002897679242158724,0.2263184813758968,0.2261896512936758,-0.00012883008222100423,8.4,8.4,0.0,30,30,0
ADC_Post2,ADC,Post2,mrmr_then_elasticnet_no_corr_auto_k,mrmr_then_elasticnet_no_corr,NaiveBayes,mrmr_then_elasticnet_no_corr_auto_k_no_smote,mrmr_then_elasticnet_no_corr_auto_k_smote,0.749079137237032,0.7417713820823868,-0.007307755154645212,0.0548892954211417,0.054178212587308,-0.0007110828338337052,0.7059375,0.708125,0.002187500000000009,0.7876402788275951,0.7829426896950215,-0.004697589132573676,0.0986831148815346,0.1074437270293243,0.008760612147789698,0.7678293676448443,0.7637421964936698,-0.004087171151174518,0.6102795754969668,0.6357584444540966,0.025478868957129808,0.0767687424185546,0.0887449858185805,0.011976243400025899,0.6140350877192983,0.6403508771929824,0.02631578947368418,0.5722117794486216,0.6073308270676693,0.035119047619047716,0.052444207887874,0.0614487583260409,0.009004550438166899,0.5928125,0.6228125,0.030000000000000027,0.6219696969696968,0.6567099567099568,0.03474025974025996,0.0953582968336943,0.1156873254927313,0.02032902865903699,0.6282051282051282,0.6533333333333333,0.025128205128205128,0.7456140350877193,0.7456140350877193,0.0,0.1787408509045618,0.1787408509045618,0.0,0.765625,0.765625,0.0,0.6636314363143632,0.6789114266396215,0.015279990325258286,0.0929336850915362,0.0937932155520728,0.0008595304605366061,0.6901408450704225,0.7050359712230215,0.014895126152599025,0.3988095238095238,0.469047619047619,0.07023809523809521,0.2568229932981494,0.2714285714285714,0.014605578130422014,0.42,0.48,0.06,0.1495685700438832,0.2204877611576176,0.0709191911137344,0.1069953968024589,0.1307593256203094,0.0237639288178505,0.1914893617021276,0.2516810758885686,0.06019171418644098,0.287614848595102,0.2893330396983112,0.001718191103209199,8.4,8.4,0.0,30,30,0
ADC_Post2,ADC,Post2,mrmr_then_elasticnet_no_corr_auto_k,mrmr_then_elasticnet_no_corr,RandomForest,mrmr_then_elasticnet_no_corr_auto_k_no_smote,mrmr_then_elasticnet_no_corr_auto_k_smote,0.7519659226118557,0.7282232785821302,-0.02374264402972548,0.1327951559291149,0.1106705186165002,-0.0221246373126147,0.6768750000000001,0.669375,-0.007500000000000062,0.8051148931328017,0.7924880773174735,-0.012626815815328207,0.1121575432536311,0.1128138071788917,0.0006562639252605945,0.7486562672989392,0.7447981865758004,-0.003858080723138757,0.6440125092299006,0.6262259479650784,-0.017786561264822254,0.0837083619054983,0.0806976115827479,-0.0030107503227504023,0.6403508771929824,0.6228070175438597,-0.01754385964912275,0.6688729399255715,0.6489486975013291,-0.0199242424242424,0.0894255025412107,0.0978721625384137,0.008446659997202996,0.6446875000000001,0.6225,-0.022187500000000027,0.7186813186813186,0.6960927960927961,-0.02258852258852251,0.1498056543995778,0.1564123056963047,0.006606651296726912,0.7090909090909091,0.6779661016949152,-0.03112480739599388,0.643806485911749,0.6638064859117491,0.020000000000000018,0.2197367060057285,0.2003296296851218,-0.019407076320606703,0.609375,0.625,0.015625,0.6466621396033162,0.6472203067484374,0.0005581671451212467,0.113093395004579,0.0889954020287929,-0.024097992975786103,0.6554621848739496,0.6504065040650406,-0.005055680808908947,0.693939393939394,0.634090909090909,-0.05984848484848493,0.1731918261113158,0.2061608490575111,0.032969022946195276,0.68,0.62,-0.06000000000000005,0.3045128689011176,0.2654193279378026,-0.03909354096331502,0.1707661002868964,0.1802995092968452,0.009533409009948812,0.2837879252221882,0.2423493044822257,-0.04143862073996252,0.2272787185541846,0.2331756827453102,0.005896964191125592,8.4,8.4,0.0,30,30,0
ADC_Post2,ADC,Post2,mrmr_then_elasticnet_no_corr_auto_k,mrmr_then_elasticnet_no_corr,SVM_Linear,mrmr_then_elasticnet_no_corr_auto_k_no_smote,mrmr_then_elasticnet_no_corr_auto_k_smote,0.7728631035808069,0.7770315596152917,0.004168456034484791,0.112310366718077,0.1007745733046511,-0.011535793413425893,0.6746875,0.6865625,0.011874999999999969,0.8452306422006336,0.8428949481675712,-0.002335694033062441,0.0699144203581069,0.0644388836920264,-0.005475536666080499,0.7867970631061638,0.7826902951133206,-0.004106767992843263,0.6354167571558876,0.6644587296761209,0.029041972520233217,0.1168400547240571,0.1010098625875118,-0.01583019213654531,0.631578947368421,0.6578947368421053,0.026315789473684292,0.6770188729399255,0.7011855396065922,0.02416666666666678,0.0934153680263413,0.0703803179999263,-0.023035050026414997,0.6303125,0.67125,0.04093749999999996,0.7294117647058824,0.7823287823287824,0.05291701762290002,0.1664196554800658,0.1123977718645063,-0.0540218836155595,0.6833333333333333,0.7659574468085106,0.08262411347517729,0.704795321637427,0.6084316852737904,-0.09636363636363654,0.2449298183480491,0.2059666069865905,-0.03896321136145861,0.640625,0.5625,-0.078125,0.6648351648351648,0.6520060331825038,-0.012829131652660974,0.1099625255901965,0.1031310146308067,-0.006831510959389789,0.6612903225806451,0.6486486486486487,-0.012641673931996444,0.6492424242424243,0.793939393939394,0.14469696969696966,0.2429870361243947,0.1205855015216456,-0.1224015346027491,0.62,0.78,0.16000000000000003,0.3218869647384621,0.3682937942823775,0.046406829543915395,0.1970879588432296,0.1567421814595414,-0.04034577738368819,0.258364312267658,0.3302199457667972,0.0718556334991392,0.2350368661338307,0.2306588406586769,-0.004378025475153813,8.4,8.4,0.0,30,30,0
ADC_Post2,ADC,Post2,mrmr_then_elasticnet_no_corr_auto_k,mrmr_then_elasticnet_no_corr,SVM_RBF,mrmr_then_elasticnet_no_corr_auto_k_no_smote,mrmr_then_elasticnet_no_corr_auto_k_smote,0.7535783328845531,0.7590463187353139,0.005467985850760804,0.0946821903947703,0.0992441807561101,0.004561990361339807,0.65,0.6643749999999999,0.014374999999999916,0.83160237046351,0.8299844258541009,-0.0016179446094091166,0.0590841108735559,0.0655348113821218,0.006450700508565901,0.7661745157536963,0.7701067327158005,0.003932216962104218,0.6463768115942029,0.611236589497459,-0.035140222096743945,0.1009289739323035,0.1006367382253687,-0.00029223570693480416,0.6403508771929824,0.6052631578947368,-0.03508771929824561,0.685089048378522,0.6482203615098353,-0.03686868686868672,0.0640015242531263,0.0713568008794346,0.007355276626308305,0.6425000000000001,0.615625,-0.026875000000000093,0.7447075800016977,0.7284632034632035,-0.0162443765384942,0.1456933260186539,0.1392400874487552,-0.006453238569898684,0.7017543859649122,0.6938775510204082,-0.007876834944504085,0.6876023391812864,0.5805316321105795,-0.10707070707070698,0.245073869960236,0.2262841863151548,-0.018789683645081212,0.625,0.53125,-0.09375,0.6627186360550205,0.6017952069716775,-0.06092342908334292,0.107082627828265,0.1042403478202129,-0.0028422800080521032,0.6611570247933884,0.6017699115044248,-0.05938711328896362,0.6825757575757576,0.7159090909090909,0.033333333333333326,0.2059770329632803,0.1862773882710501,-0.019699644692230206,0.66,0.7,0.039999999999999925,0.3393680243419559,0.2716555732790481,-0.0677124510629078,0.1496404071085861,0.1464254583970649,-0.0032149487115211983,0.2807017543859649,0.2239031770045385,-0.05679857738142641,0.2421334315110233,0.2386055799393471,-0.003527851571676177,8.4,8.4,0.0,30,30,0
ADC_Post2,ADC,Post2,mrmr_then_elasticnet_no_corr_auto_k,mrmr_then_elasticnet_no_corr,XGBoost,mrmr_then_elasticnet_no_corr_auto_k_no_smote,mrmr_then_elasticnet_no_corr_auto_k_smote,0.6716280140203585,0.6431475842959097,-0.028480429724448864,0.0614618351283435,0.0530717212619288,-0.008390113866414702,0.6240625,0.6268750000000001,0.0028125000000001066,0.7601195678128068,0.7223336967133693,-0.03778587109943743,0.0942355652278483,0.1051467503102541,0.010911185082405794,0.7323517116764022,0.7079156881993759,-0.024436023477026336,0.5809465896422418,0.632162040857693,0.051215451215451235,0.0575752089991662,0.0735853809627983,0.016010171963632108,0.5789473684210527,0.631578947368421,0.05263157894736836,0.5987791448317764,0.6367908407382092,0.03801169590643283,0.0606148515038067,0.0817679876531614,0.021153136149354698,0.5725,0.6325000000000001,0.06000000000000005,0.6393217893217893,0.6904761904761905,0.051154401154401175,0.1497979374017267,0.1454136331866901,-0.004384304215036605,0.625,0.6896551724137931,0.06465517241379315,0.6549175970228601,0.6279106858054226,-0.02700691121743748,0.1780612373031748,0.0795429662284236,-0.0985182710747512,0.625,0.625,0.0,0.6187192118226601,0.6490429889419618,0.030323777119301676,0.0835627005137861,0.0785521293147895,-0.005010571198996602,0.625,0.6557377049180327,0.030737704918032738,0.5426406926406926,0.6456709956709957,0.10303030303030314,0.1881792837005184,0.1682691277491518,-0.01991015595136661,0.52,0.64,0.12,0.1764276025764981,0.2531131319878539,0.07668552941135581,0.1100731008050785,0.1502220965209494,0.0401489957158709,0.1449999999999999,0.2615669339913633,0.11656693399136342,0.2937072791047572,0.3009111800291475,0.007203900924390327,8.4,8.4,0.0,30,30,0
ADC_Pre,ADC,Pre,corr_mrmr_auto_k,corr_mrmr,ExtraTrees,corr_mrmr_auto_k_no_smote,corr_mrmr_auto_k_smote,0.5850250971782074,0.6363055825974485,0.05128048541924113,0.0713062926720526,0.0571330173540617,-0.014173275317990904,0.5565625000000001,0.5796875,0.02312499999999995,0.650630481483955,0.6817333641976595,0.03110288271370454,0.1432753593297324,0.1236728233661322,-0.019602535963600204,0.6223095926483204,0.6371293026043579,0.01481970995603743,0.5463391680782985,0.5819122906079428,0.035573122529644285,0.0493412519337336,0.0960811864036677,0.046739934469934095,0.543859649122807,0.5789473684210527,0.03508771929824561,0.567960431381484,0.6060664919875446,0.03810606060606059,0.0672622765923333,0.0997441303337321,0.032481853741398795,0.5478125,0.58125,0.03343750000000001,0.5941666666666666,0.611078431372549,0.016911764705882404,0.1771220545901109,0.2129179743976705,0.035795919807559584,0.6111111111111112,0.6428571428571429,0.031746031746031744,0.5417650186071239,0.5914619883040936,0.049696969696969684,0.2905776260926322,0.3306723788794962,0.040094752786863974,0.515625,0.5625,0.046875,0.5196581196581196,0.5560846560846561,0.03642653642653648,0.1909775673482777,0.2233180338944409,0.03234046654616321,0.559322033898305,0.6,0.04067796610169494,0.5941558441558442,0.6206709956709957,0.02651515151515149,0.2097021708721847,0.168451259760169,-0.041250911112015703,0.58,0.6,0.020000000000000018,0.1148956227065724,0.187270464064598,0.07237484135802559,0.1227062334683764,0.2006374801767454,0.077931246708369,0.0935779816513761,0.1597051597051597,0.0661271780537836,0.2457700516309707,0.2450209032208271,-0.0007491484101436185,12.8,12.8,0.0,47,47,0
ADC_Pre,ADC,Pre,corr_mrmr_auto_k,corr_mrmr,GradientBoosting,corr_mrmr_auto_k_no_smote,corr_mrmr_auto_k_smote,0.6353016321796227,0.6272499603001995,-0.008051671879423128,0.1078839745343655,0.1090189954594875,0.0011350209251219934,0.55125,0.5578125,0.006562500000000027,0.6941379142354152,0.6537749543569852,-0.04036295987842997,0.1369970535103414,0.1235070732023008,-0.013489980308040592,0.6284542323542547,0.6367735476882639,0.008319315334009203,0.5677597764554286,0.5760138412312326,0.008254064775803927,0.0684097481231283,0.0857608270117735,0.01735107888864519,0.5701754385964912,0.5701754385964912,0.0,0.5902071466545151,0.5772930432140958,-0.012914103440419322,0.0550408479878043,0.0681375005519447,0.013096652564140401,0.545,0.5821875000000001,0.03718750000000004,0.6192626671574041,0.658073593073593,0.038810925916188954,0.1553154725800438,0.0551750070595524,-0.1001404655204914,0.5925925925925926,0.6595744680851063,0.06698187549251378,0.7913450292397661,0.4910579479000532,-0.30028708133971294,0.1838388155391397,0.2359941188575744,0.05215530331843471,0.75,0.484375,-0.265625,0.6591666666666667,0.5293152569014637,-0.12985140976520293,0.0515320827791343,0.144396887753923,0.09286480497478872,0.6620689655172414,0.5585585585585585,-0.10351040695868285,0.389069264069264,0.6635281385281385,0.2744588744588745,0.2566888765864336,0.1582384322328344,-0.09845044435359918,0.34,0.68,0.34,0.1625914315569487,0.1573080930118231,-0.005283338545125582,0.0987727830229638,0.1309861001424205,0.032213317119456686,0.0934761441090555,0.1584814703223863,0.0650053262133308,0.2652756103581509,0.268725895672951,0.003450285314800128,12.8,12.8,0.0,47,47,0
ADC_Pre,ADC,Pre,corr_mrmr_auto_k,corr_mrmr,KNN,corr_mrmr_auto_k_no_smote,corr_mrmr_auto_k_smote,0.5856327112547208,0.6257739447332747,0.04014123347855392,0.0929186394089226,0.103808240186275,0.010889600777352404,0.566875,0.611875,0.04499999999999993,0.6540342418867707,0.7002916755782977,0.04625743369152702,0.1174612406948321,0.112842214080427,-0.004619026614405108,0.6501100370515815,0.6895730406328127,0.039463003581231115,0.5051267573006704,0.5174173652434522,0.012290607942781806,0.1061781888416312,0.0857805441058096,-0.020397644735821605,0.5087719298245614,0.5175438596491229,0.00877192982456143,0.5172672210830105,0.536340282524493,0.019073061441482464,0.0935144159552825,0.1021250105263074,0.008610594571024907,0.479375,0.5178125,0.03843750000000001,0.5708496732026144,0.5858823529411764,0.015032679738562038,0.1687315886580344,0.1574713682988436,-0.011260220359190803,0.5476190476190477,0.5789473684210527,0.03132832080200498,0.7484954811270601,0.5383732057416268,-0.21012227538543327,0.1223355717164847,0.1789554308526122,0.05661985913612751,0.71875,0.515625,-0.203125,0.6191206753943128,0.5358839627805144,-0.08323671261379839,0.0771015313718291,0.0966688396291053,0.019567308257276206,0.6216216216216216,0.5454545454545454,-0.07616707616707619,0.286038961038961,0.5343073593073593,0.2482683982683983,0.2500008433111093,0.2081930432241688,-0.04180780008694049,0.24,0.52,0.28,0.0254528568776355,0.0598908728360372,0.03443801595840171,0.1717556143425016,0.1677396614662968,-0.00401595287620482,-0.0431372549019606,0.0350877192982456,0.0782249742002062,0.2599536155193869,0.2458275731872461,-0.014126042332140792,12.8,12.8,0.0,47,47,0
ADC_Pre,ADC,Pre,corr_mrmr_auto_k,corr_mrmr,LightGBM,corr_mrmr_auto_k_no_smote,corr_mrmr_auto_k_smote,0.7240949481140869,0.724244081277574,0.00014913316348708072,0.0585368929033162,0.0467089239046266,-0.011827968998689598,0.618125,0.6206250000000001,0.0025000000000000577,0.7700356774069606,0.7620931137217737,-0.007942563685186865,0.0826582908985382,0.0896759032446878,0.0070176123461496015,0.6722424721934337,0.6793540935649682,0.007111621371534538,0.6109788761962676,0.6172725824899737,0.0062937062937061805,0.0927729730719032,0.058747498891919,-0.0340254741799842,0.6052631578947368,0.6140350877192983,0.00877192982456143,0.6573258904837853,0.6501501860712386,-0.0071757044125466685,0.0401588623882455,0.0389903570251686,-0.0011685053630769021,0.6112500000000001,0.6190625000000001,0.0078125,0.7344911297852474,0.721003996003996,-0.013487133781251437,0.1554900769330675,0.1552170857870223,-0.00027299114604517616,0.6792452830188679,0.6851851851851852,0.005939902166317346,0.6237426900584795,0.6177246145667198,-0.0060180754917597,0.2763615729884622,0.196796632011458,-0.0795649409770042,0.5625,0.578125,0.015625,0.6081232492997198,0.6238371650136356,0.015713915713915783,0.1205251854678282,0.0670093947412662,-0.053515790726562,0.6153846153846154,0.6271186440677966,0.011734028683181186,0.6909090909090909,0.6825757575757576,-0.008333333333333304,0.2237812620839185,0.2059770329632803,-0.0178042291206382,0.66,0.66,0.0,0.2848329128356582,0.2698980070547139,-0.014934905780944308,0.107158391992208,0.0792191127631014,-0.027939279229106606,0.2172718950259383,0.2330275229357797,0.01575562790984139,0.286022363916239,0.2762222642447146,-0.009800099671524398,12.8,12.8,0.0,47,47,0
ADC_Pre,ADC,Pre,corr_mrmr_auto_k,corr_mrmr,LogisticRegression,corr_mrmr_auto_k_no_smote,corr_mrmr_auto_k_smote,0.6350193320767483,0.6380321211660924,0.0030127890893441034,0.0874612247529738,0.0816870710446316,-0.0057741537083421945,0.6037499999999999,0.580625,-0.02312499999999995,0.6655389278080206,0.6737251077300779,0.00818617992205728,0.134706450181832,0.1356533337185629,0.0009468835367308914,0.6481814869113087,0.6330412592252307,-0.015140227686078034,0.5990907643081556,0.5626894844286149,-0.03640127987954067,0.0700414792517554,0.0906896593047416,0.0206481800529862,0.5964912280701754,0.5614035087719298,-0.03508771929824561,0.6227185387711703,0.6049407609933926,-0.01777777777777778,0.0731137618038073,0.0755085464081478,0.0023947846043405052,0.6078125,0.5503125,-0.057499999999999996,0.5704374057315234,0.648098633392751,0.07766122766122763,0.3087696580352875,0.1598505271292942,-0.1489191309059933,0.6875,0.6029411764705882,-0.0845588235294118,0.5330994152046784,0.6975438596491228,0.1644444444444444,0.3403017588800923,0.2641562349569002,-0.07614552392319207,0.515625,0.640625,0.125,0.5153679653679653,0.6150621118012423,0.09969414643327701,0.2687353001920494,0.0913650662180356,-0.1773702339740138,0.5892857142857143,0.6212121212121212,0.031926406926406914,0.7123376623376624,0.5123376623376623,-0.20000000000000007,0.2081733517410559,0.2971047110198193,0.08893135927876339,0.7,0.46,-0.23999999999999994,0.2187620713924899,0.1861645546306966,-0.032597516761793316,0.1465158057538981,0.1491275181417405,0.0026117123878423854,0.2083333333333333,0.1015132408575031,-0.10682009247583019,0.258616995503597,0.2639607442237908,0.005343748720193775,12.8,12.8,0.0,47,47,0
ADC_Pre,ADC,Pre,corr_mrmr_auto_k,corr_mrmr,NaiveBayes,corr_mrmr_auto_k_no_smote,corr_mrmr_auto_k_smote,0.5949116708207617,0.5726258483674751,-0.022285822453286586,0.0809847222591824,0.1248747116295594,0.043889989370377,0.5896874999999999,0.55,-0.039687499999999876,0.6523575663288281,0.6399165479675312,-0.012441018361296963,0.1042919101554626,0.1386377862341208,0.03434587607865819,0.6664912617346721,0.6024634295433984,-0.06402783219127373,0.5666188883580189,0.5453068670459975,-0.021312021312021368,0.0767291241750962,0.1006296409345381,0.02390051675944191,0.5701754385964912,0.5526315789473685,-0.01754385964912275,0.5347263993316624,0.521234335839599,-0.013492063492063444,0.0694239740936426,0.0771490757369199,0.0077251016432773045,0.5296875,0.511875,-0.01781250000000001,0.5775335775335775,0.5622222222222222,-0.015311355311355301,0.1028870142047323,0.1363727643783667,0.03348575017363441,0.5789473684210527,0.5684210526315789,-0.010526315789473717,0.8706432748538011,0.8484210526315789,-0.022222222222222254,0.1111384392370033,0.1358470343570791,0.024708595120075796,0.859375,0.84375,-0.015625,0.68297165200391,0.6641025641025641,-0.018869087901345893,0.0597147718756194,0.101403691965565,0.04168892008994559,0.6918238993710691,0.6792452830188679,-0.012578616352201255,0.1988095238095238,0.194047619047619,-0.0047619047619048005,0.1769609921529718,0.1423403350250964,-0.034620657127875404,0.2,0.18,-0.020000000000000018,0.0649476997631043,0.0410273004599398,-0.023920399303164502,0.1398786839387594,0.1585084726814919,0.018629788742732495,0.0636942675159234,0.0254777070063693,-0.038216560509554104,0.3724550854589715,0.3818414557243298,0.009386370265358324,12.8,12.8,0.0,47,47,0
ADC_Pre,ADC,Pre,corr_mrmr_auto_k,corr_mrmr,RandomForest,corr_mrmr_auto_k_no_smote,corr_mrmr_auto_k_smote,0.6617030063680781,0.6970956546554632,0.03539264828738509,0.0874482718620535,0.0685442751581963,-0.0189039967038572,0.5990624999999999,0.6190625,0.020000000000000018,0.7110345808485956,0.7235794771096942,0.01254489626109856,0.0952330857026955,0.1037346111684121,0.0085015254657166,0.6522670214300913,0.6508062923443929,-0.0014607290856983868,0.5913608130999435,0.610841332580463,0.019480519480519543,0.0825694539660648,0.0855743473944367,0.003004893428371902,0.5877192982456141,0.6052631578947368,0.01754385964912275,0.6157887142097668,0.6386422495633022,0.022853535353535404,0.067368343441138,0.0650069474958885,-0.002361395945249492,0.5890625,0.6112500000000001,0.022187500000000027,0.6666666666666666,0.6964102564102563,0.029743589743589705,0.1207614728849119,0.0942936298267492,-0.0264678430581627,0.6491228070175439,0.6792452830188679,0.030122476001324006,0.6177246145667198,0.6066135034556086,-0.011111111111111183,0.196796632011458,0.2409073991011311,0.0441107670896731,0.578125,0.5625,-0.015625,0.6089186176142698,0.6093063973063974,0.0003877796921275545,0.0860074055780214,0.10374245985322,0.0177350542751986,0.6115702479338843,0.6153846153846154,0.00381436745073116,0.6138528138528139,0.6706709956709958,0.05681818181818188,0.163859247187377,0.1533980103192691,-0.010461236868107876,0.6,0.66,0.06000000000000005,0.2144012068679238,0.2566275727756087,0.042226365907684915,0.1400948508401596,0.1345154443575769,-0.005579406482582705,0.175438596491228,0.2172718950259383,0.041833298534710295,0.2500189585551373,0.2414703817492907,-0.008548576805846586,12.8,12.8,0.0,47,47,0
ADC_Pre,ADC,Pre,corr_mrmr_auto_k,corr_mrmr,SVM_Linear,corr_mrmr_auto_k_no_smote,corr_mrmr_auto_k_smote,0.6361885257220186,0.607694224081784,-0.028494301640234587,0.1586511986229025,0.0958824093787992,-0.0627687892441033,0.54296875,0.556875,0.013906250000000009,0.6849165750843421,0.6539210067020353,-0.03099556838230677,0.1731042966663643,0.1290810145117516,-0.04402328215461268,0.6364703643587679,0.6025514807543728,-0.0339188836043951,0.5262809654114002,0.529480664263273,0.0031996988518727676,0.1075566996443154,0.0861137742855795,-0.021442925358735904,0.5263157894736842,0.5263157894736842,0.0,0.5450710108604845,0.5606013138907876,0.015530303030303116,0.0512587922135489,0.0716827738098985,0.020423981596349602,0.4928125,0.5365625,0.04375000000000007,0.5926948051948052,0.511984126984127,-0.08071067821067823,0.1652150833955949,0.2849262058968117,0.11971112250121682,0.5568181818181818,0.6041666666666666,0.04734848484848486,0.8187134502923976,0.4853801169590643,-0.3333333333333333,0.2657828793757331,0.3571562920374846,0.09137341266175153,0.765625,0.453125,-0.3125,0.6293076923076923,0.4476550186445239,-0.18165267366316845,0.123280803355602,0.2513410902602312,0.12806028690462923,0.6447368421052632,0.5178571428571429,-0.12687969924812026,0.2714285714285714,0.6358225108225108,0.36439393939393944,0.3134729751070241,0.2635564710939952,-0.049916504013028884,0.22,0.62,0.4,0.088108376135545,0.1087587024054236,0.020650326269878602,0.1151004805785715,0.1395661652483719,0.024465684669800397,-0.0151715039577835,0.0706521739130435,0.085823677870827,0.250432756313016,0.2687771426803573,0.018344386367341314,12.8,12.8,0.0,47,47,0
ADC_Pre,ADC,Pre,corr_mrmr_auto_k,corr_mrmr,SVM_RBF,corr_mrmr_auto_k_no_smote,corr_mrmr_auto_k_smote,0.4667273958541901,0.4192496737712048,-0.047477722082985285,0.1609237324260775,0.1350277816780326,-0.025895950748044905,0.49890625,0.50296875,0.004062499999999969,0.5713071705438882,0.5423703555283844,-0.028936815015503825,0.1825310258846364,0.1704750626259113,-0.0120559632587251,0.6014587149962518,0.5960505257357538,-0.00540818926049802,0.5489249880554228,0.4947371469110599,-0.05418784114436287,0.1060512075724206,0.1110882067406976,0.00503699916827699,0.5526315789473685,0.5,-0.052631578947368474,0.572249373433584,0.4930827067669172,-0.07916666666666677,0.0731645400315491,0.0976503435762918,0.02448580354474271,0.5140625,0.4912499999999999,-0.02281250000000007,0.6083208020050126,0.4604347826086957,-0.1478860193963169,0.1806079379932133,0.3021853297811984,0.12157739178798507,0.5698924731182796,0.5538461538461539,-0.016046319272125742,0.8814035087719299,0.5480701754385965,-0.33333333333333337,0.2054882556428485,0.3246279685177831,0.11913971287493458,0.828125,0.5625,-0.265625,0.6712094047852734,0.4703403601842804,-0.20086904460099297,0.079402203613891,0.2629987929580244,0.18359658934413342,0.6751592356687898,0.5581395348837209,-0.11701970078506885,0.2630952380952381,0.438095238095238,0.17499999999999988,0.3274653570848417,0.407581217648203,0.08011586056336129,0.2,0.42,0.21999999999999997,0.1321373198566478,-0.0277653677504757,-0.1599026876071235,0.1383688145441885,0.1574577308751369,0.01908891633094839,0.03003003003003,-0.0175383651738176,-0.0475683952038476,0.2600285181879191,0.260611814455747,0.0005832962678278819,12.8,12.8,0.0,47,47,0
ADC_Pre,ADC,Pre,corr_mrmr_auto_k,corr_mrmr,XGBoost,corr_mrmr_auto_k_no_smote,corr_mrmr_auto_k_smote,0.6993833642876705,0.681761681522447,-0.017621682765223468,0.0754332854076066,0.0561939379491731,-0.019239347458433503,0.6053124999999999,0.618125,0.012812500000000115,0.7287099020211288,0.6973150963875578,-0.031394805633571,0.121307574511634,0.1172029235037994,-0.004104651007834595,0.6590454632584252,0.6472190681112063,-0.011826395147218838,0.5790398007789311,0.5986578638752551,0.019618063096323968,0.0508139254302849,0.0525750148369754,0.0017610894066905011,0.5789473684210527,0.5964912280701754,0.01754385964912275,0.6238224348750665,0.6328700539226855,0.009047619047618971,0.0548402375410313,0.0299010045903731,-0.024939232950658204,0.576875,0.5946875,0.01781250000000001,0.6776470588235295,0.67825311942959,0.0006060606060604989,0.184688188653379,0.138495268689467,-0.046192919963912005,0.6333333333333333,0.65,0.01666666666666672,0.6415842636895268,0.6549175970228601,0.013333333333333308,0.2002588495353296,0.1853981415672881,-0.014860707968041509,0.59375,0.609375,0.015625,0.6096628814020117,0.6288819875776397,0.019219106175627942,0.0638343063278939,0.0538600809081928,-0.009974225419701097,0.6129032258064516,0.6290322580645161,0.016129032258064502,0.6060606060606062,0.6108225108225108,0.004761904761904634,0.2488264466469836,0.1907669465225419,-0.05805950012444172,0.56,0.58,0.019999999999999907,0.2119908818211723,0.2388577651723942,0.02686688335122192,0.0807132694455815,0.0709355197906152,-0.009777749654966306,0.1524163568773233,0.1877323420074349,0.03531598513011161,0.300887042054168,0.2885478705492121,-0.012339171504955893,12.8,12.8,0.0,47,47,0
ADC_Pre,ADC,Pre,elasticnet_then_mrmr_auto_k,elasticnet_then_mrmr,ExtraTrees,elasticnet_then_mrmr_auto_k_no_smote,elasticnet_then_mrmr_auto_k_smote,0.721195240166532,0.7187793289467931,-0.002415911219738942,0.0732040957430561,0.0558072342376919,-0.0173968615053642,0.686875,0.6921875000000001,0.005312500000000053,0.746364592761336,0.7299200851231159,-0.01644450763822014,0.0769101592261829,0.1094065037847105,0.032496344558527596,0.7033635439144938,0.6923682447879398,-0.010995299126554059,0.6369282891022021,0.6721061547148504,0.03517786561264824,0.1017592908459538,0.1098435504257535,0.008084259579799705,0.631578947368421,0.6666666666666666,0.03508771929824561,0.650990734411787,0.6868240677451203,0.03583333333333327,0.0924621770513727,0.081499327856882,-0.010962849194490698,0.6368750000000001,0.6703125,0.0334374999999999,0.6876007326007325,0.723434065934066,0.035833333333333495,0.125164888764526,0.1076097743843483,-0.017555114380177705,0.7037037037037037,0.7321428571428571,0.028439153439153375,0.619946836788942,0.6666135034556087,0.046666666666666634,0.285801044560275,0.2725975443647013,-0.013203500195573703,0.59375,0.640625,0.046875,0.6129677729677729,0.6569001846421202,0.04393241167434725,0.1889709243428713,0.1694884857233497,-0.01948243861952159,0.6440677966101694,0.6833333333333333,0.03926553672316391,0.6820346320346321,0.7070346320346321,0.025000000000000022,0.140369926256384,0.1144639008399202,-0.025906025416463807,0.68,0.7,0.019999999999999907,0.2823995575965954,0.35782898767487,0.07542943007827457,0.1883156424565517,0.1766433882226177,-0.011672254233934004,0.2678899082568806,0.3347665847665848,0.06687667650970419,0.2308898610097817,0.2305980245565896,-0.0002918364531921125,9.6,9.6,0.0,26,26,0
ADC_Pre,ADC,Pre,elasticnet_then_mrmr_auto_k,elasticnet_then_mrmr,GradientBoosting,elasticnet_then_mrmr_auto_k_no_smote,elasticnet_then_mrmr_auto_k_smote,0.672004005652331,0.7235566533413423,0.051552647689011355,0.0892210962603439,0.1071705129515926,0.017949416691248707,0.6165625,0.6623437499999999,0.045781249999999885,0.6893047590239124,0.7775940007131956,0.0882892416892832,0.1280352270289358,0.1100260152174346,-0.018009211811501197,0.6498819487614202,0.7344796847693684,0.08459773600794818,0.5617860400469096,0.5917560700169395,0.029970029970029954,0.1040019704670663,0.1062581340841158,0.0022561636170495003,0.5614035087719298,0.5877192982456141,0.026315789473684292,0.5916831852358169,0.6134907344117869,0.021807549175970053,0.0960091735268983,0.1007538438162098,0.004744670289311498,0.5503125,0.5890625,0.03875000000000006,0.6424131424131423,0.6742673992673993,0.031854256854257024,0.1464553905547398,0.1231171168888034,-0.023338273665936396,0.6029411764705882,0.6491228070175439,0.046181630546955676,0.6945135566188197,0.619946836788942,-0.07456671982987773,0.2046488939479977,0.2345539818572212,0.0299050879092235,0.640625,0.578125,-0.0625,0.6259047619047619,0.6059894179894181,-0.019915343915343775,0.0585180554341254,0.1085137712143205,0.0499957157801951,0.6212121212121212,0.6115702479338843,-0.009641873278236957,0.4888528138528138,0.607034632034632,0.11818181818181822,0.2906539575142304,0.2206254238955342,-0.07002853361869621,0.46,0.6,0.13999999999999996,0.1664736797207932,0.2107010193969735,0.04422733967618031,0.1844722522351476,0.202513118600675,0.018040866365527403,0.1015132408575031,0.175438596491228,0.0739253556337249,0.2409651861373606,0.2277472471646712,-0.013217938972689386,9.6,9.6,0.0,26,26,0
ADC_Pre,ADC,Pre,elasticnet_then_mrmr_auto_k,elasticnet_then_mrmr,KNN,elasticnet_then_mrmr_auto_k_no_smote,elasticnet_then_mrmr_auto_k_smote,0.6128450488019866,0.6293820754825539,0.016537026680567224,0.1765676605211288,0.1859751086727732,0.009407448151644404,0.58953125,0.6196875,0.030156249999999996,0.6600863576661267,0.6735723476058435,0.013485989939716836,0.092822414110447,0.1163418625879387,0.023519448477491697,0.6343292940562695,0.6315954785732817,-0.002733815482987789,0.5993108340934427,0.5968712446973317,-0.002439589396110997,0.0897640567153052,0.129865790802175,0.0401017340868698,0.5964912280701754,0.5964912280701754,0.0,0.5875880990354675,0.5880965671755145,0.0005084681400470137,0.1191701023189798,0.1513677260413311,0.03219762372235131,0.5815625,0.5925,0.010937500000000044,0.6293717247664616,0.6358730158730158,0.0065012911065541745,0.0820071459853919,0.1233757153793916,0.0413685693939997,0.625,0.6451612903225806,0.020161290322580627,0.7313450292397661,0.6325784157363106,-0.0987666135034555,0.1521779011801837,0.1489837176068954,-0.003194183573288295,0.703125,0.625,-0.078125,0.6627956989247311,0.6269635345497415,-0.035832164374989595,0.0485164340720982,0.1066987244997501,0.0581822904276519,0.6617647058823529,0.6349206349206349,-0.026844070961718036,0.4438311688311688,0.5436147186147186,0.09978354978354975,0.2080035901739048,0.2166350942048717,0.008631504030966908,0.46,0.56,0.10000000000000003,0.1644935773916526,0.165776359757632,0.0012827823659793958,0.2394957416141346,0.2921497817747698,0.05265404016063521,0.166030534351145,0.1841941505911636,0.018163616240018582,0.2816769155244162,0.2616926368449328,-0.01998427867948338,9.6,9.6,0.0,26,26,0
ADC_Pre,ADC,Pre,elasticnet_then_mrmr_auto_k,elasticnet_then_mrmr,LightGBM,elasticnet_then_mrmr_auto_k_no_smote,elasticnet_then_mrmr_auto_k_smote,0.6835150721155506,0.6889841511492228,0.0054690790336722195,0.0687221805743961,0.0301557433939745,-0.03856643718042159,0.6796875,0.66671875,-0.012968749999999973,0.7140724931572898,0.7038531932187034,-0.01021929993858639,0.1035633589380479,0.0976779035752771,-0.005885455362770797,0.6603257107963246,0.649603182374928,-0.010722528421396649,0.6625823451910409,0.6441876963616093,-0.018394648829431537,0.0912097146977731,0.0539985390516646,-0.0372111756461085,0.6578947368421053,0.6403508771929824,-0.01754385964912286,0.6733644717855244,0.6666831852358168,-0.006681286549707566,0.0336784004575698,0.0254133660010065,-0.008265034456563299,0.6581250000000001,0.6446875000000001,-0.013437499999999991,0.7138888888888888,0.7374572649572648,0.02356837606837603,0.1015314826805392,0.1126712380110207,0.011139755330481504,0.711864406779661,0.7090909090909091,-0.0027734976887519025,0.6813609782030834,0.6429984051036682,-0.038362573099415154,0.1894440083420993,0.2206447996257362,0.031200791283636897,0.65625,0.609375,-0.046875,0.6721802309902996,0.6469399585921325,-0.025240272398167063,0.1067005489747106,0.0785551211264907,-0.028145427848219898,0.6829268292682927,0.6554621848739496,-0.027464644394343152,0.6653679653679654,0.6903679653679653,0.02499999999999991,0.1255847811840421,0.1795142368138741,0.05392945562983201,0.66,0.68,0.020000000000000018,0.3377767640733397,0.308223675485757,-0.029553088587582654,0.1046462702719876,0.0682932724314091,-0.036352997840578494,0.3128284389489953,0.2837879252221882,-0.029040513726807105,0.2339113580126722,0.2427409159558389,0.0088295579431667,9.6,9.6,0.0,26,26,0
ADC_Pre,ADC,Pre,elasticnet_then_mrmr_auto_k,elasticnet_then_mrmr,LogisticRegression,elasticnet_then_mrmr_auto_k_no_smote,elasticnet_then_mrmr_auto_k_smote,0.7923832308042834,0.7852108347084423,-0.007172396095841083,0.0347877539939723,0.0411842241181154,0.0063964701241431,0.7224999999999999,0.7100000000000001,-0.012499999999999845,0.8393156124361658,0.8299687824425215,-0.009346829993644334,0.0666528155058795,0.075297133023253,0.008644317517373504,0.7672749438182814,0.7463155401219796,-0.02095940369630178,0.67609781522825,0.6670069061373408,-0.00909090909090915,0.0748128719021169,0.064580531798556,-0.010232340103560902,0.6754385964912281,0.6666666666666666,-0.00877192982456143,0.6913583200425306,0.6806007442849549,-0.010757575757575744,0.0603744387136795,0.0505898156854771,-0.009784623028202398,0.6737500000000001,0.6659375000000001,-0.0078125,0.738655462184874,0.7462745098039216,0.007619047619047636,0.1594514287755037,0.1640678585428709,0.004616429767367203,0.7213114754098361,0.7166666666666667,-0.004644808743169415,0.7054439128123339,0.6854439128123339,-0.020000000000000018,0.1836392247804621,0.2086650938476832,0.025025869067221096,0.6875,0.671875,-0.015625,0.6904576178297406,0.6733233795190317,-0.017134238310708927,0.096222766794505,0.1032187064819452,0.006995939687440195,0.704,0.6935483870967742,-0.010451612903225715,0.6772727272727272,0.6757575757575757,-0.0015151515151515804,0.2142533536280428,0.2358677782475321,0.021614424619489314,0.66,0.66,0.0,0.3569916941185683,0.3365207640824209,-0.020470930036147417,0.1169749769590127,0.0903281104776345,-0.026646866481378192,0.3452343992548897,0.328996282527881,-0.0162381167270087,0.2156377536762958,0.2232233443013342,0.007585590625038385,9.6,9.6,0.0,26,26,0
ADC_Pre,ADC,Pre,elasticnet_then_mrmr_auto_k,elasticnet_then_mrmr,NaiveBayes,elasticnet_then_mrmr_auto_k_no_smote,elasticnet_then_mrmr_auto_k_smote,0.7205524601218382,0.730367274936653,0.009814814814814832,0.0661858552856553,0.0652864108747715,-0.0008994444108838123,0.6359375000000002,0.6321875,-0.003750000000000142,0.757436596586684,0.7656450885304701,0.008208491943786034,0.1332834478306074,0.1371156786675799,0.003832230836972511,0.6602747681324129,0.6549137846075195,-0.005360983524893448,0.5812129899086421,0.5894757416496547,0.008262751741012542,0.1214569896411255,0.1120542026981433,-0.009402786942982203,0.5877192982456141,0.5964912280701754,0.00877192982456132,0.5716207184628238,0.581342940685046,0.009722222222222188,0.1344706924181387,0.1146314063515872,-0.019839286066551498,0.551875,0.5640625,0.012187500000000018,0.60481658692185,0.6088888888888888,0.004072301967038783,0.1782043954127302,0.1785262023857327,0.00032180697300249195,0.5934065934065934,0.6022727272727273,0.008866133866133885,0.8536310473152579,0.8314088250930356,-0.022222222222222254,0.0737391514446605,0.0764575432295834,0.002718391784922891,0.84375,0.828125,-0.015625,0.6887676526883488,0.6853185406935097,-0.0034491119948391047,0.0937594190898412,0.0980872594235075,0.004327840333666302,0.6967741935483871,0.6973684210526315,0.0005942275042444267,0.2896103896103895,0.3312770562770563,0.041666666666666796,0.3175351971246919,0.286792534481589,-0.030742662643102936,0.26,0.3,0.03999999999999998,0.1185878460272558,0.1448919931802097,0.0263041471529539,0.2371614999050251,0.1935253528218236,-0.043636147083201515,0.1102623713052141,0.1352242744063325,0.0249619031011184,0.3314449299728285,0.3125626800127876,-0.018882249960040898,9.6,9.6,0.0,26,26,0
ADC_Pre,ADC,Pre,elasticnet_then_mrmr_auto_k,elasticnet_then_mrmr,RandomForest,elasticnet_then_mrmr_auto_k_no_smote,elasticnet_then_mrmr_auto_k_smote,0.7331722557081408,0.6937740586544414,-0.0393981970536994,0.0666617358604456,0.0772791725433467,0.01061743668290109,0.695625,0.6799999999999999,-0.01562500000000011,0.7348877762714505,0.7260543563672942,-0.008833419904156314,0.0989491185623879,0.1096951757396779,0.010746057177289992,0.708199350842381,0.7228033105369833,0.014603959694602375,0.6801937193241541,0.6520928347015303,-0.028100884622623723,0.0839134629476066,0.1164849827474342,0.0325715197998276,0.6754385964912281,0.6491228070175439,-0.02631578947368418,0.6805646692488798,0.6595872256398573,-0.02097744360902254,0.0680676407043393,0.1017506965658385,0.03368305586149921,0.6737500000000001,0.6481250000000001,-0.02562500000000001,0.7158449393743511,0.6704761904761904,-0.04536874889816067,0.0712368428530101,0.169767377487719,0.0985305346347089,0.7213114754098361,0.7,-0.021311475409836134,0.7076661350345561,0.6704731525784158,-0.03719298245614033,0.2227558245349271,0.3024218662102094,0.0796660416752823,0.6875,0.65625,-0.03125,0.6879545454545455,0.636446452098626,-0.05150809335591944,0.1205608450342477,0.2079325739703452,0.0873717289360975,0.704,0.6774193548387096,-0.02658064516129033,0.6534632034632035,0.6487012987012987,-0.004761904761904856,0.1138544598501661,0.1400611870242523,0.026206727174086203,0.66,0.64,-0.020000000000000018,0.3523408709573563,0.304702537071175,-0.04763833388618127,0.1455317488906859,0.214720857335199,0.06918910844451309,0.3452343992548897,0.2936802973977694,-0.05155410185712028,0.2233714134355604,0.2293046497223439,0.005933236286783494,9.6,9.6,0.0,26,26,0
ADC_Pre,ADC,Pre,elasticnet_then_mrmr_auto_k,elasticnet_then_mrmr,SVM_Linear,elasticnet_then_mrmr_auto_k_no_smote,elasticnet_then_mrmr_auto_k_smote,0.776241337963826,0.7712190600468112,-0.005022277917014817,0.055093000474298,0.0604461077526932,0.0053531072783951986,0.6878124999999999,0.6846874999999999,-0.0031250000000000444,0.7954592042166959,0.7994840139442921,0.004024809727596224,0.1185034967710987,0.1204349096503955,0.0019314128792967955,0.6944391521623596,0.6903462265101992,-0.004092925652160462,0.6771011597098553,0.6771011597098553,0.0,0.0864506295048817,0.0911052008547375,0.004654571349855807,0.6754385964912281,0.6754385964912281,0.0,0.6890928077770183,0.696928495481127,0.007835687704108696,0.0450537532941208,0.0628537444913083,0.017799991197187504,0.6628125,0.678125,0.015312499999999951,0.7049673202614379,0.7653571428571428,0.06038982259570491,0.1332131971909997,0.162174320421211,0.0289611232302113,0.6901408450704225,0.7368421052631579,0.04670126019273535,0.7991812865497077,0.6749175970228601,-0.12426368952684752,0.1908704562508008,0.2200964190584582,0.029225962807657407,0.765625,0.65625,-0.109375,0.7189777578743095,0.6746662511038387,-0.0443115067704708,0.0865841132449477,0.1213935692858714,0.0348094560409237,0.725925925925926,0.6942148760330579,-0.031711049892868104,0.579004329004329,0.7189393939393939,0.1399350649350649,0.1942609038799619,0.2121807275815237,0.01791982370156181,0.56,0.7,0.1399999999999999,0.3634514125021985,0.369110462659529,0.005659050157330536,0.1187652127501997,0.1372749957402514,0.018509782990051696,0.3306886702634084,0.3508771929824561,0.020188522719047697,0.2308757385596181,0.2364170804295428,0.005541341869924693,9.6,9.6,0.0,26,26,0
ADC_Pre,ADC,Pre,elasticnet_then_mrmr_auto_k,elasticnet_then_mrmr,SVM_RBF,elasticnet_then_mrmr_auto_k_no_smote,elasticnet_then_mrmr_auto_k_smote,0.7832200450621503,0.7862328341514944,0.0030127890893441034,0.021576414485938,0.0209781286452212,-0.0005982858407167987,0.703125,0.719375,0.016249999999999987,0.813182080755362,0.8167344894450705,0.0035524086897085194,0.0600196923243865,0.0637642408128105,0.003744548488423996,0.7222617906024935,0.7385474798971012,0.01628568929460772,0.6771011597098553,0.6784997611084567,0.0013986013986013734,0.0864506295048817,0.1108473749780791,0.02439674547319741,0.6754385964912281,0.6754385964912281,0.0,0.6890928077770183,0.6917336902863218,0.0026408825093034993,0.0450537532941208,0.0796673642965196,0.034613611002398806,0.6628125,0.6759375000000001,0.013125000000000053,0.7049673202614379,0.7469444444444445,0.04197712418300659,0.1332131971909997,0.1329868182458716,-0.0002263789451280862,0.6901408450704225,0.7288135593220338,0.03867271425161134,0.7991812865497077,0.6930994152046783,-0.10608187134502933,0.1908704562508008,0.2414128018520437,0.050542345601242905,0.765625,0.671875,-0.09375,0.7189777578743095,0.6796642161018036,-0.0393135417725059,0.0865841132449477,0.1350396051358235,0.04845549189087579,0.725925925925926,0.6991869918699187,-0.026738934056007246,0.579004329004329,0.6903679653679653,0.11136363636363633,0.1942609038799619,0.1795142368138741,-0.014746667066087793,0.56,0.68,0.12,0.3634514125021985,0.3693528427180885,0.005901430215890013,0.1187652127501997,0.1779482733633179,0.05918306061311819,0.3306886702634084,0.3480680061823802,0.017379335918971783,0.2183691753864939,0.2190935374859482,0.0007243620994543121,9.6,9.6,0.0,26,26,0
ADC_Pre,ADC,Pre,elasticnet_then_mrmr_auto_k,elasticnet_then_mrmr,XGBoost,elasticnet_then_mrmr_auto_k_no_smote,elasticnet_then_mrmr_auto_k_smote,0.6665338276821531,0.6709231757078647,0.00438934802571167,0.1540519289691038,0.1141462185954668,-0.03990571037363701,0.6271875,0.6656249999999999,0.0384374999999999,0.7082229580328635,0.7229178721592174,0.01469491412635393,0.1249021969278444,0.1119260523747436,-0.01297614455310081,0.627569672910818,0.6853970945991436,0.05782742168832555,0.6484370701762006,0.657740809914723,0.009303739738522387,0.0723465254215555,0.0620188471378423,-0.010327678283713192,0.6491228070175439,0.6578947368421053,0.00877192982456143,0.6697381711855396,0.6685659223817119,-0.0011722488038277135,0.1016130730951174,0.0860251541547668,-0.015587918940350595,0.639375,0.6559375000000001,0.016562500000000036,0.6916483516483517,0.7107002801120449,0.01905192846369319,0.1606021221366638,0.1596521102360844,-0.0009500119005794172,0.6764705882352942,0.7049180327868853,0.028447444551591095,0.7553854332801702,0.6848591174906964,-0.07052631578947377,0.1405090951676575,0.2359737248002364,0.0954646296325789,0.71875,0.671875,-0.046875,0.6971145196632453,0.661264367816092,-0.035850151847153344,0.051541296132306,0.1387197754939535,0.0871784793616475,0.696969696969697,0.688,-0.008969696969697072,0.5840909090909091,0.6522727272727272,0.06818181818181812,0.2219115137313476,0.2393076177318631,0.0173961040005155,0.56,0.64,0.07999999999999996,0.3023406686198621,0.3053617042110353,0.0030210355911732267,0.1735202539340334,0.1448191226433676,-0.028701131290665788,0.2812105926860024,0.3098416640794784,0.028631071393475982,0.2660484543787366,0.2467522857601328,-0.019296168618603782,9.6,9.6,0.0,26,26,0
ADC_Pre,ADC,Pre,mrmr_then_elasticnet_no_corr_auto_k,mrmr_then_elasticnet_no_corr,ExtraTrees,mrmr_then_elasticnet_no_corr_auto_k_no_smote,mrmr_then_elasticnet_no_corr_auto_k_smote,0.6721289679662885,0.666607082444403,-0.005521885521885483,0.0550080150604843,0.0807106028590419,0.0257025877985576,0.6565624999999999,0.66875,0.012187500000000018,0.7072555089799033,0.7120710700506478,0.004815561070744545,0.0789767667556009,0.090876392730051,0.011899625974450101,0.673672441141511,0.6686965884759478,-0.0049758526655632185,0.6009599096555618,0.5835309617918314,-0.017428947863730393,0.0740672024379865,0.0832893435321507,0.009222141094164193,0.5964912280701754,0.5789473684210527,-0.01754385964912275,0.6142735626946154,0.6091978051188578,-0.005075757575757622,0.0672718563553891,0.0668074154472762,-0.00046444090811290084,0.6034375000000001,0.5921875,-0.011250000000000093,0.6651298701298701,0.6869047619047619,0.02177489177489178,0.1255380728095775,0.0988597118667937,-0.026678360942783794,0.6730769230769231,0.6739130434782609,0.0008361204013377366,0.5662094630515683,0.5128761297182349,-0.053333333333333344,0.241483952025439,0.2428514809741236,0.001367528948684582,0.546875,0.484375,-0.0625,0.5772391337908579,0.5425754985754987,-0.0346636352153592,0.1608621875241443,0.1445265348867446,-0.016335652637399695,0.603448275862069,0.5636363636363636,-0.03981191222570535,0.6623376623376623,0.7055194805194805,0.04318181818181821,0.1653713650746386,0.1513977590991441,-0.01397360597549449,0.66,0.7,0.039999999999999925,0.2105889026280457,0.2012454400403333,-0.009343462587712403,0.1340321081418361,0.1329959506095311,-0.0010361575323050154,0.2015834348355664,0.1773902585688513,-0.024193176266715105,0.2334857375387435,0.2340579232940689,0.0005721857553254162,9.6,9.6,0.0,33,33,0
ADC_Pre,ADC,Pre,mrmr_then_elasticnet_no_corr_auto_k,mrmr_then_elasticnet_no_corr,GradientBoosting,mrmr_then_elasticnet_no_corr_auto_k_no_smote,mrmr_then_elasticnet_no_corr_auto_k_smote,0.6677211739173462,0.6328644384146778,-0.034856735502668434,0.0986611449953241,0.1013549503466098,0.0026938053512857024,0.6303124999999999,0.5984375,-0.03187499999999999,0.7087589474232192,0.684489902814627,-0.02426904460859225,0.0723133037449193,0.0791378173059915,0.006824513561072193,0.6572131776863575,0.6656116079201644,0.00839843023380693,0.5940204722813419,0.5853248201074288,-0.008695652173913104,0.1056204008276159,0.1160660890179579,0.010445688190342,0.5877192982456141,0.5789473684210527,-0.00877192982456143,0.6012430697957014,0.5941471101997418,-0.0070959595959596555,0.1076036383314564,0.1058867825531702,-0.0017168557782862026,0.5803125,0.5834375,0.0031250000000000444,0.6404642416407123,0.6487878787878787,0.00832363714716644,0.0619725650191943,0.0518916721468886,-0.010080892872305701,0.6307692307692307,0.6481481481481481,0.01737891737891739,0.6904731525784158,0.5815842636895268,-0.10888888888888903,0.1921112326898036,0.2179305358593811,0.025819303169577507,0.640625,0.546875,-0.09375,0.6429399585921324,0.5898461538461538,-0.05309380474597858,0.0751693203636609,0.1108263860141138,0.0356570656504529,0.6356589147286822,0.5932203389830508,-0.04243857574563137,0.512012987012987,0.6067099567099568,0.09469696969696972,0.1421974140789976,0.1168662806537089,-0.025331133425288713,0.52,0.62,0.09999999999999998,0.1988449202513673,0.1899587684811536,-0.008886151770213707,0.2092594551277798,0.2060479089426871,-0.0032115461850927007,0.1609771374882556,0.1633027522935779,0.0023256148053223125,0.2366728475598234,0.2649934999502992,0.028320652390475792,9.6,9.6,0.0,33,33,0
ADC_Pre,ADC,Pre,mrmr_then_elasticnet_no_corr_auto_k,mrmr_then_elasticnet_no_corr,KNN,mrmr_then_elasticnet_no_corr_auto_k_no_smote,mrmr_then_elasticnet_no_corr_auto_k_smote,0.6236317837753245,0.651185942358191,0.027554158582866584,0.0537993343051656,0.0982532193521812,0.044453885047015605,0.6026562499999999,0.63875,0.03609375000000015,0.6738266623813743,0.6758924967372462,0.0020658343558718206,0.101508607848978,0.1116067542861832,0.010098146437205205,0.6478073469898502,0.6688348990344878,0.021027552044637576,0.5713474930866235,0.5926218708827404,0.02127437779611696,0.0606444776674397,0.0951563640674063,0.03451188639996659,0.5701754385964912,0.5877192982456141,0.01754385964912286,0.5596155160628845,0.6139883800410116,0.05437286397812713,0.0694819992444925,0.0710261767784132,0.001544177533920707,0.5603125,0.6021875,0.041874999999999996,0.6036568986568988,0.6813186813186813,0.07766178266178259,0.0909060550324702,0.0755225726414577,-0.015383482391012504,0.6119402985074627,0.6888888888888889,0.07694859038142621,0.6509409888357257,0.5078468899521531,-0.1430940988835726,0.1396065371719249,0.2013554288059036,0.0617488916339787,0.640625,0.484375,-0.15625,0.6160519108741591,0.557569707968982,-0.05848220290517714,0.0768983759077849,0.1248864805810463,0.04798810467326141,0.6259541984732825,0.5688073394495413,-0.05714685902374117,0.4682900432900433,0.7201298701298702,0.25183982683982686,0.1024575736276156,0.0687262670907918,-0.033731306536823796,0.48,0.72,0.24,0.1185457775448112,0.2172534529350561,0.0987076753902449,0.1393383108097442,0.1495941716250639,0.010255860815319678,0.1214218307643912,0.1962196219621962,0.074797791197805,0.2645755162576468,0.2563803259813039,-0.008195190276342912,9.6,9.6,0.0,33,33,0
ADC_Pre,ADC,Pre,mrmr_then_elasticnet_no_corr_auto_k,mrmr_then_elasticnet_no_corr,LightGBM,mrmr_then_elasticnet_no_corr_auto_k_no_smote,mrmr_then_elasticnet_no_corr_auto_k_smote,0.6232488302942849,0.6151677633017346,-0.00808106699255029,0.103471564457143,0.0422986315174358,-0.06117293293970721,0.59953125,0.5865625,-0.012968749999999973,0.6849981022998961,0.6782573112376703,-0.006740791062225804,0.0751914444857451,0.1036994903485458,0.0285080458628007,0.653902041421979,0.649905659158744,-0.003996382263235065,0.5748729531338227,0.5596635248809161,-0.01520942825290661,0.0835345284345771,0.0981908054682236,0.014656277033646511,0.5701754385964912,0.5526315789473685,-0.01754385964912275,0.5740819852661957,0.5794793802688539,0.005397395002658234,0.093408935930084,0.0786801947971485,-0.0147287411329355,0.5734375,0.5578125,-0.015625,0.6328205128205129,0.6355555555555555,0.0027350427350426587,0.0597749450017909,0.082671445501059,0.0228965004992681,0.6363636363636364,0.6226415094339622,-0.013722126929674117,0.5664540138224348,0.5552791068580543,-0.011174906964380504,0.1947062204166683,0.1477811904007351,-0.046925030015933206,0.546875,0.515625,-0.03125,0.5776084224331068,0.5717736649315597,-0.005834757501547161,0.1048408165330532,0.073370047335775,-0.0314707691972782,0.5882352941176471,0.5641025641025641,-0.02413273001508298,0.5817099567099567,0.6036796536796536,0.02196969696969686,0.1466056799354284,0.1326689750910374,-0.013936704844390996,0.6,0.6,0.0,0.1431977157421579,0.158603967346022,0.015406251603864107,0.1781590466503703,0.1426394387039498,-0.035519607946420506,0.1440392277045664,0.1129081476960635,-0.031131080008502898,0.2877907624948816,0.3294237597694284,0.04163299727454678,9.6,9.6,0.0,33,33,0
ADC_Pre,ADC,Pre,mrmr_then_elasticnet_no_corr_auto_k,mrmr_then_elasticnet_no_corr,LogisticRegression,mrmr_then_elasticnet_no_corr_auto_k_no_smote,mrmr_then_elasticnet_no_corr_auto_k_smote,0.71313993201553,0.7276236620016523,0.01448372998612224,0.0515919808086769,0.0556185528404034,0.0040265720317265025,0.6615625,0.6653125,0.00374999999999992,0.76494640787645,0.7761418242018973,0.011195416325447294,0.0701329726137869,0.0703806579252012,0.0002476853114143085,0.7150809487572771,0.7134322763106729,-0.0016486724466042713,0.6256178604004691,0.6088346436172524,-0.016783216783216703,0.1047224756862419,0.1065657471744331,0.0018432714881911894,0.6228070175438597,0.6052631578947368,-0.01754385964912286,0.6564340776182882,0.6411709197235513,-0.015263157894736867,0.0988097435725008,0.1005875415700282,0.0017777979975273916,0.635625,0.6178125,-0.01781250000000001,0.7240675990675991,0.7056060606060606,-0.01846153846153853,0.1399632972326747,0.148747140013095,0.008783842780420298,0.723404255319149,0.7021276595744681,-0.021276595744680882,0.5605954279638491,0.5482509303561935,-0.012344497607655547,0.1992543261018134,0.247744049004283,0.04848972290246961,0.53125,0.515625,-0.015625,0.605527950310559,0.5793211941038028,-0.026206756206756165,0.1195664918864072,0.1441198419801299,0.024553350093722698,0.6126126126126126,0.5945945945945946,-0.018018018018017945,0.7522727272727272,0.7340909090909091,-0.018181818181818077,0.1448456320246515,0.1628417857899666,0.017996153765315104,0.74,0.72,-0.020000000000000018,0.2840359983328936,0.2545826561623615,-0.029453342170532137,0.1767719481796678,0.1840066497577492,0.007234701578081398,0.2615245555890328,0.2271768605001507,-0.03434769508888211,0.2389623425432491,0.2389065919485445,-5.575059470461219e-05,9.6,9.6,0.0,33,33,0
ADC_Pre,ADC,Pre,mrmr_then_elasticnet_no_corr_auto_k,mrmr_then_elasticnet_no_corr,NaiveBayes,mrmr_then_elasticnet_no_corr_auto_k_no_smote,mrmr_then_elasticnet_no_corr_auto_k_smote,0.6750400680304987,0.6783458531544655,0.0033057851239668423,0.044150477990303,0.0488991777222121,0.004748699731909098,0.6387499999999999,0.645,0.006250000000000089,0.7309750151013388,0.7328482361069126,0.0018732210055738552,0.114186076038538,0.1163408377487483,0.0021547617102102984,0.6818419857890639,0.6851603808941342,0.003318395105070371,0.6288942941116853,0.6094514181470703,-0.019442875964615025,0.0676431600802176,0.0641930484212018,-0.003450111659015806,0.631578947368421,0.6140350877192983,-0.01754385964912275,0.6256030227082858,0.6041383762436394,-0.02146464646464641,0.0467072825030575,0.0596732008563118,0.0129659183532543,0.610625,0.6103125,-0.00031249999999993783,0.649484126984127,0.6699999999999999,0.020515873015872876,0.1156292009784796,0.198997487421324,0.0833682864428444,0.6410256410256411,0.6612903225806451,0.02026468155500405,0.7973099415204679,0.61953216374269,-0.1777777777777778,0.1807438017659714,0.2640767842838035,0.08333298251783208,0.78125,0.640625,-0.140625,0.6900641025641026,0.6005869201539829,-0.0894771824101197,0.0761148782282771,0.1533127570439064,0.0771978788156293,0.704225352112676,0.6507936507936508,-0.05343170131902519,0.4538961038961039,0.5887445887445887,0.13484848484848477,0.2182743482071347,0.2779957354079475,0.05972138720081277,0.44,0.58,0.13999999999999996,0.241404957842552,0.194164974243306,-0.047239983599246,0.092054165775176,0.0966775821961273,0.004623416420951307,0.2282398452611218,0.2196639701306783,-0.0085758751304435,0.2920359906868713,0.2917106432511772,-0.0003253474356941233,9.6,9.6,0.0,33,33,0
ADC_Pre,ADC,Pre,mrmr_then_elasticnet_no_corr_auto_k,mrmr_then_elasticnet_no_corr,RandomForest,mrmr_then_elasticnet_no_corr_auto_k_no_smote,mrmr_then_elasticnet_no_corr_auto_k_smote,0.6662166665515947,0.6593506953794035,-0.006865971172191232,0.0768948626350615,0.0626296986011086,-0.014265164033952893,0.64125,0.63328125,-0.007968749999999969,0.6797757348956435,0.6923399452406396,0.012564210344996107,0.1375099432843833,0.1194355704570113,-0.018074372827371996,0.6365348768998562,0.639008118977844,0.002473242077987825,0.599918921658052,0.5721756504365201,-0.027743271221531973,0.0650123327280504,0.0833382340033727,0.0183259012753223,0.5964912280701754,0.5701754385964912,-0.02631578947368418,0.6197387407913724,0.5877185387711703,-0.03202020202020206,0.0681910077531838,0.0860275228859963,0.017836515132812494,0.6012500000000001,0.5778125000000001,-0.0234375,0.673968253968254,0.6383838383838384,-0.03558441558441561,0.1124257824672173,0.1427283807601731,0.030302598292955812,0.6666666666666666,0.6470588235294118,-0.019607843137254832,0.5922913343965975,0.5282509303561935,-0.06404040404040401,0.2268169232623173,0.1917263750325869,-0.0350905482297304,0.5625,0.515625,-0.046875,0.5959346675868414,0.5588307117718883,-0.03710395581495318,0.1134353559973743,0.1146409580176407,0.0012056020202663997,0.6101694915254238,0.5739130434782609,-0.03625644804716288,0.6471861471861472,0.6471861471861471,-1.1102230246251565e-16,0.1627325644142823,0.1239789353468461,-0.03875362906743619,0.64,0.64,0.0,0.217752869522218,0.1593754438687805,-0.05837742565343751,0.1299466783571449,0.1640395777136118,0.034092899356466894,0.1981651376146788,0.1513217866909755,-0.046843350923703286,0.2456983657992926,0.250042063782785,0.004343697983492378,9.6,9.6,0.0,33,33,0
ADC_Pre,ADC,Pre,mrmr_then_elasticnet_no_corr_auto_k,mrmr_then_elasticnet_no_corr,SVM_Linear,mrmr_then_elasticnet_no_corr_auto_k_no_smote,mrmr_then_elasticnet_no_corr_auto_k_smote,0.7013088161174286,0.7087332311494989,0.007424415032070364,0.0648488196680971,0.0684863698528374,0.0036375501847403097,0.63796875,0.6596875,0.02171875000000001,0.7649425169349946,0.7687324885932231,0.003789971658228475,0.0535218260733388,0.0577378895204436,0.004216063447104797,0.6994659969914774,0.6990725528104274,-0.0003934441810500289,0.6441876963616093,0.6189288971897667,-0.025258799171842594,0.0539985390516646,0.0973629991631879,0.0433644601115233,0.6403508771929824,0.6140350877192983,-0.02631578947368418,0.6672387407913722,0.641885205437837,-0.02535353535353524,0.0212746548971347,0.0795224428675102,0.0582477879703755,0.638125,0.625625,-0.012500000000000067,0.7042429792429792,0.7217171717171718,0.017474192474192574,0.1128260792066181,0.0917525406817654,-0.021073538524852692,0.6885245901639344,0.7083333333333334,0.019808743169398957,0.6971398192450824,0.5615842636895267,-0.13555555555555565,0.1834556419958402,0.2373964806132097,0.05394083861736951,0.65625,0.53125,-0.125,0.6707372295472982,0.5938461538461538,-0.0768910757011444,0.0613405203690242,0.1254223152191546,0.06408179485013038,0.672,0.6071428571428571,-0.06485714285714295,0.6373376623376623,0.7221861471861472,0.08484848484848484,0.1506213587966685,0.1412781688672458,-0.00934318992942268,0.62,0.72,0.09999999999999998,0.3095028598968007,0.2656069005441499,-0.04389595935265078,0.0674877751087845,0.1613044411887965,0.093816666080012,0.274448928904067,0.2427536231884058,-0.03169530571566123,0.2496181286509187,0.2434424314463381,-0.00617569720458061,9.6,9.6,0.0,33,33,0
ADC_Pre,ADC,Pre,mrmr_then_elasticnet_no_corr_auto_k,mrmr_then_elasticnet_no_corr,SVM_RBF,mrmr_then_elasticnet_no_corr_auto_k_no_smote,mrmr_then_elasticnet_no_corr_auto_k_smote,0.6948258904837852,0.7165693388659895,0.021743448382204322,0.048718350005099,0.0563657557877047,0.0076474057826056985,0.6459375,0.6796874999999999,0.033749999999999836,0.7472907905580126,0.7535765526428178,0.006285762084805135,0.0602251906738827,0.0624990513145631,0.0022738606406804,0.692603356742474,0.700767985268328,0.008164628525853979,0.6524880916185263,0.6282326369282891,-0.024255454690237155,0.0660760693331687,0.0841812587841733,0.018105189451004602,0.6491228070175439,0.6228070175438597,-0.02631578947368418,0.6530720741247057,0.6482887142097669,-0.004783359914938834,0.0293577121624693,0.0646658466179228,0.0353081344554535,0.6415625,0.6334375,-0.008125000000000049,0.6884920634920635,0.7107342657342658,0.022242202242202302,0.1101288784400581,0.0965998303002893,-0.013529048139768796,0.6818181818181818,0.7142857142857143,0.032467532467532534,0.725624667729931,0.572876129718235,-0.15274853801169597,0.2254659490309448,0.2093602308107653,-0.016105718220179505,0.703125,0.546875,-0.15625,0.6751939268461007,0.6070370370370369,-0.06815688980906376,0.1024839351495046,0.1291015699498331,0.0266176348003285,0.6923076923076923,0.6194690265486725,-0.07283866575901976,0.5805194805194805,0.7237012987012987,0.1431818181818182,0.2108080654979821,0.1004475937154573,-0.11036047178252478,0.58,0.72,0.14,0.2952500325996418,0.2767517284657709,-0.01849830413387088,0.066055323632764,0.1382330949102121,0.07217777127744811,0.2843691148775894,0.2583963691376701,-0.025972745739919312,0.2438845922666472,0.2352238282004737,-0.008660764066173499,9.6,9.6,0.0,33,33,0
ADC_Pre,ADC,Pre,mrmr_then_elasticnet_no_corr_auto_k,mrmr_then_elasticnet_no_corr,XGBoost,mrmr_then_elasticnet_no_corr_auto_k_no_smote,mrmr_then_elasticnet_no_corr_auto_k_smote,0.6483016425360923,0.6229276934300858,-0.025373949106006544,0.0440386746046424,0.0651385136106913,0.0210998390060489,0.5884375,0.600625,0.012187500000000018,0.6756063889476922,0.6453517563088328,-0.030254632638859413,0.1093418744731893,0.1089903877572759,-0.0003514867159133961,0.6427373014989832,0.6221448724619907,-0.020592429036992543,0.5586601803993108,0.5638752551796029,0.0052150747802921504,0.0867451445736841,0.1076226647219544,0.02087752014827031,0.5526315789473685,0.5614035087719298,0.00877192982456132,0.5850024682919419,0.5839737601579706,-0.0010287081339712678,0.0688687447357969,0.0893634229777724,0.020494678241975497,0.5578125,0.565625,0.0078125,0.6273626373626373,0.6184449537390714,-0.00891768362356593,0.0892294158940299,0.1103706412389648,0.0211412253449349,0.6226415094339622,0.6296296296296297,0.006988120195667413,0.5597235513024986,0.5591812865497076,-0.0005422647527910662,0.2145215964321347,0.2411270460088461,0.026605449576711404,0.515625,0.53125,0.015625,0.5622415458937198,0.5603964456596036,-0.0018451002341162148,0.1062641428372245,0.136655832435515,0.030391689598290486,0.5641025641025641,0.576271186440678,0.012168622338113888,0.6102813852813853,0.6087662337662338,-0.0015151515151514694,0.0782014592310005,0.0885225815633336,0.010321122332333107,0.6,0.6,0.0,0.1608521498091381,0.1619765383859124,0.001124388576774299,0.1331502236637688,0.1727625320023291,0.039612308338560304,0.1129081476960635,0.1284403669724769,0.015532219276413406,0.2999317670414037,0.305392063830781,0.005460296789377317,9.6,9.6,0.0,33,33,0
ADC_T2,ADC,T2,corr_mrmr_auto_k,corr_mrmr,ExtraTrees,corr_mrmr_auto_k_no_smote,corr_mrmr_auto_k_smote,0.7161979673702161,0.7143338833769456,-0.0018640839932705378,0.0919329487920891,0.1061025457827137,0.014169596990624603,0.6496875,0.6496875,0.0,0.8033005380686429,0.8029642440945194,-0.0003362939741234916,0.0907223235216413,0.0895030163273978,-0.001219307194243499,0.7334038860244416,0.7169303862164784,-0.0164734998079632,0.6173478695217824,0.5904703991660514,-0.02687747035573107,0.0668776520476281,0.0669629268594419,8.527481181379304e-05,0.6140350877192983,0.5877192982456141,-0.02631578947368418,0.6473219032429559,0.6239885699096226,-0.023333333333333317,0.0634377422889872,0.0765174807061593,0.013079738417172096,0.6212500000000001,0.5934375000000001,-0.027812500000000018,0.711013986013986,0.6821678321678322,-0.028846153846153855,0.1617747945775072,0.1799745147437812,0.018199720166273997,0.6923076923076923,0.660377358490566,-0.03193033381712629,0.5938862307283359,0.5805528973950026,-0.013333333333333308,0.1756805960658158,0.1721452041740614,-0.0035353918917543914,0.5625,0.546875,-0.015625,0.6162060162060163,0.5955710955710956,-0.020634920634920784,0.0856549990286053,0.0863792850627644,0.0007242860341591106,0.6206896551724138,0.5982905982905983,-0.022399056881815538,0.7007575757575758,0.6674242424242425,-0.033333333333333326,0.1646921607282082,0.1681818181818181,0.0034896574536099068,0.68,0.64,-0.040000000000000036,0.2614259483044641,0.2135063574526192,-0.047919590851844884,0.1134942680851453,0.1321827751962158,0.018688507111070493,0.2362971985383678,0.1824839792493133,-0.0538132192890545,0.2329432946732637,0.2321013381969461,-0.0008419564763176013,13.6,13.6,0.0,49,49,0
ADC_T2,ADC,T2,corr_mrmr_auto_k,corr_mrmr,GradientBoosting,corr_mrmr_auto_k_no_smote,corr_mrmr_auto_k_smote,0.7080505096533806,0.6994733159804929,-0.008577193672887673,0.1158942113679298,0.0787418958888528,-0.03715231547907699,0.64,0.6546875,0.014687499999999964,0.7643694363002052,0.7382331648279179,-0.026136271472287254,0.1359798356298717,0.1318520099154816,-0.004127825714390104,0.7071245146425212,0.6731609287650946,-0.03396358587742665,0.6151211107732846,0.5858416945373467,-0.029279416235937883,0.0697214476211313,0.0726872465117902,0.0029657988906588995,0.6140350877192983,0.5877192982456141,-0.02631578947368418,0.6509941520467836,0.5974979114452799,-0.05349624060150371,0.0795060048999872,0.0946963445876711,0.015190339687683893,0.608125,0.5825,-0.02562500000000001,0.6976190476190477,0.6293650793650795,-0.06825396825396823,0.1886219268603653,0.1697299739184546,-0.018891952941910706,0.65625,0.6349206349206349,-0.021329365079365115,0.6989580010632641,0.6341733120680489,-0.06478468899521517,0.1603516580180324,0.1573706997032075,-0.002980958314824894,0.65625,0.625,-0.03125,0.6572077597564854,0.6152074794521245,-0.04200028030436087,0.0536635838572196,0.1110696611497138,0.057406077292494195,0.65625,0.6299212598425197,-0.026328740157480324,0.603030303030303,0.5608225108225109,-0.04220779220779214,0.2711486297783382,0.164069264069264,-0.1070793657090742,0.56,0.54,-0.020000000000000018,0.2613747371709028,0.1680403064427832,-0.09333443072811962,0.1373335080178999,0.1596224825885485,0.0222889745706486,0.2162499999999999,0.1646398503274088,-0.05161014967259109,0.2457055624559744,0.2349055095168001,-0.010800052939174326,13.6,13.6,0.0,49,49,0
ADC_T2,ADC,T2,corr_mrmr_auto_k,corr_mrmr,KNN,corr_mrmr_auto_k_no_smote,corr_mrmr_auto_k_smote,0.7388471005337034,0.7444313952926394,0.005584294758935959,0.0704286265765782,0.1106073305522766,0.04017870397569841,0.6829687500000001,0.69359375,0.010624999999999885,0.7914511755124649,0.8066221360266563,0.015170960514191423,0.0882824876806318,0.0684319577126065,-0.01985052996802529,0.7413804731381419,0.7618428769384847,0.02046240380034281,0.6250778207299946,0.6513095600052122,0.026231739275217603,0.0925561384735744,0.134811963513784,0.042255825040209596,0.6228070175438597,0.6491228070175439,0.02631578947368418,0.6285045948203842,0.6741108452950558,0.045606250474671595,0.0845914573029555,0.1349438193002742,0.050352361997318684,0.6159375,0.6590625,0.04312499999999997,0.6633333333333333,0.752020202020202,0.0886868686868687,0.1275408431313932,0.1876206546465364,0.06007981151514322,0.6615384615384615,0.74,0.07846153846153847,0.6899096225412015,0.5989792663476875,-0.09093035619351397,0.1261671959239445,0.1277121281807238,0.0015449322567793189,0.671875,0.578125,-0.09375,0.6635872148815236,0.654568238778765,-0.009018976102758591,0.0878826381480439,0.1229708448436674,0.0350882066956235,0.6666666666666666,0.6491228070175439,-0.01754385964912275,0.5670995670995671,0.7492424242424243,0.18214285714285716,0.1377803817450917,0.1965671878022308,0.058786806057139096,0.56,0.74,0.17999999999999994,0.2440835927198205,0.3163536147156575,0.07227002199583699,0.1704557737501271,0.2657504112554925,0.09529463750536538,0.2323833385530849,0.3086719223771982,0.0762885838241133,0.2369505890600519,0.2355839728842831,-0.0013666161757688033,13.6,13.6,0.0,49,49,0
ADC_T2,ADC,T2,corr_mrmr_auto_k,corr_mrmr,LightGBM,corr_mrmr_auto_k_no_smote,corr_mrmr_auto_k_smote,0.6785113380328692,0.6457131465026201,-0.0327981915302491,0.0958154688374708,0.0919363710966441,-0.0038790977408267036,0.605625,0.5948437500000001,-0.010781249999999853,0.7356742800458335,0.7235882564866551,-0.012086023559178316,0.1351213736079647,0.1098960905794717,-0.025225283028493,0.68598273434188,0.6672022211830453,-0.018780513158834666,0.5544643762035066,0.5817371034762339,0.027272727272727226,0.0913863450048338,0.0582855798839424,-0.03310076512089139,0.5526315789473685,0.5789473684210527,0.02631578947368418,0.5813370547581074,0.6148219032429558,0.03348484848484845,0.1209639588450409,0.0720326091672516,-0.048931349677789296,0.5643750000000001,0.58125,0.016874999999999973,0.5748917748917749,0.6753113553113553,0.10041958041958043,0.3235524594819878,0.1677431083707533,-0.1558093511112345,0.6382978723404256,0.6428571428571429,0.00455927051671734,0.4854013822434874,0.6054013822434874,0.12,0.2956985429532034,0.1689416957598405,-0.12675684719336291,0.46875,0.5625,0.09375,0.4926139882661621,0.6020079276601016,0.10939393939393949,0.2516564033663352,0.0514758374728336,-0.2001805658935016,0.5405405405405406,0.6,0.05945945945945941,0.6772727272727272,0.6242424242424243,-0.05303030303030298,0.1865298593516653,0.2013270938408859,0.014797234489220601,0.66,0.6,-0.06000000000000005,0.1281105283879981,0.1981775704904384,0.0700670421024403,0.2249912879062866,0.1210845947993182,-0.10390669310696841,0.1241337752335042,0.1597051597051597,0.03557138447165549,0.2791553143653546,0.2631787495504664,-0.01597656481488824,13.6,13.6,0.0,49,49,0
ADC_T2,ADC,T2,corr_mrmr_auto_k,corr_mrmr,LogisticRegression,corr_mrmr_auto_k_no_smote,corr_mrmr_auto_k_smote,0.6685630513381711,0.6581068028197214,-0.010456248518449618,0.1403426173174059,0.1275017079788387,-0.012840909338567214,0.665625,0.6484375,-0.017187500000000022,0.7227638512457464,0.714401010509908,-0.008362840735838373,0.1244880905951052,0.1213377077586607,-0.0031503828364444902,0.7035795835228702,0.6744303568726788,-0.029149226650191373,0.6432219953959084,0.5728286206547075,-0.07039337474120089,0.0524443345746233,0.1197114125464282,0.0672670779718049,0.6403508771929824,0.5701754385964912,-0.07017543859649122,0.6380648591174907,0.6297315257841574,-0.008333333333333304,0.082990071287238,0.0759111783048217,-0.0070788929824162905,0.6403125000000001,0.593125,-0.04718750000000005,0.7205646527385657,0.5795238095238096,-0.14104084321475618,0.1445174579708599,0.3259578593577665,0.1814404013869066,0.6949152542372882,0.7027027027027027,0.00778744846541457,0.6488569909622541,0.448856990962254,-0.20000000000000012,0.2119751295405035,0.2539217437097794,0.04194661416927589,0.640625,0.40625,-0.234375,0.6483460284698676,0.4837846249610956,-0.16456140350877196,0.0839323408274473,0.2440999721371914,0.1601676313097441,0.6666666666666666,0.5148514851485149,-0.15181518151815176,0.6272727272727272,0.8106060606060606,0.18333333333333335,0.3395562382504591,0.1756530514689629,-0.1639031867814962,0.64,0.78,0.14,0.2475075982613671,0.2303544451082139,-0.01715315315315319,0.1482077538351123,0.129608537313388,-0.018599216521724304,0.2775888717156105,0.1758630864561817,-0.10172578525942877,0.2354073078675218,0.2405848302585637,0.005177522391041911,13.6,13.6,0.0,49,49,0
ADC_T2,ADC,T2,corr_mrmr_auto_k,corr_mrmr,NaiveBayes,corr_mrmr_auto_k_no_smote,corr_mrmr_auto_k_smote,0.6601540352258055,0.6521910722628427,-0.007962962962962838,0.1360760093966556,0.1220913907618517,-0.013984618634803894,0.66875,0.67,0.0012500000000000844,0.7061935550889931,0.708907620616784,0.0027140655277909653,0.1356780029515258,0.1314577516576465,-0.00422025129387929,0.6960394152522952,0.7006580712002424,0.004618655947947192,0.573771156379852,0.573771156379852,0.0,0.1850058333421251,0.1850058333421251,0.0,0.5789473684210527,0.5789473684210527,0.0,0.545769157742842,0.5429913799650642,-0.002777777777777768,0.1570906050162202,0.1545391489781281,-0.0025514560380920925,0.54625,0.5484375,0.002187500000000009,0.5745614035087719,0.5769423558897243,0.0023809523809523725,0.1844371442913425,0.184458173262412,2.102897106950885e-05,0.5909090909090909,0.5930232558139535,0.0021141649048626032,0.7974906964380648,0.7752684742158427,-0.022222222222222143,0.2097052127709047,0.2046691061654456,-0.005036106605459112,0.8125,0.796875,-0.015625,0.6601204097199521,0.6543233082706768,-0.005797101449275366,0.1815686410968754,0.1808027502202899,-0.0007658908765854899,0.6842105263157895,0.68,-0.004210526315789442,0.294047619047619,0.3107142857142857,0.01666666666666672,0.1842586420375795,0.2047619047619047,0.020503262724325205,0.28,0.3,0.019999999999999962,0.1020883874086905,0.0986944480147511,-0.0033939393939394075,0.3176571235582182,0.3149234311477499,-0.0027336924104682803,0.0976253298153034,0.1017728168089296,0.004147486993626201,0.365766437961279,0.3419669671055263,-0.02379947085575268,13.6,13.6,0.0,49,49,0
ADC_T2,ADC,T2,corr_mrmr_auto_k,corr_mrmr,RandomForest,corr_mrmr_auto_k_no_smote,corr_mrmr_auto_k_smote,0.7205000909067895,0.7360588799823251,0.01555878907553565,0.0909706630430581,0.0976454373732165,0.006674774330158395,0.6396875,0.66375,0.024062499999999987,0.7714161477491056,0.8006732724034513,0.029257124654345712,0.1351240966864705,0.112143102714812,-0.022980993971658495,0.7145155125686734,0.745364756890389,0.03084924432171554,0.6145130232086753,0.5726838379012291,-0.04182918530744617,0.0278168842418674,0.0738950332005204,0.046078148958653004,0.6140350877192983,0.5701754385964912,-0.04385964912280704,0.6494391281233385,0.5981552365762892,-0.051283891547049265,0.0591961340431645,0.0966445426927009,0.0374484086495364,0.6168750000000001,0.5778125000000001,-0.0390625,0.6996825396825397,0.6492307692307693,-0.050451770451770406,0.1754565006577951,0.2002129044307377,0.02475640377294258,0.6785714285714286,0.6470588235294118,-0.031512605042016806,0.6246358320042531,0.5387347155768208,-0.08590111642743226,0.1593867241980902,0.2364913265471037,0.0771046023490135,0.59375,0.515625,-0.078125,0.6289650212487741,0.5517182817182817,-0.07724673953049233,0.0555348065078927,0.1559200637105752,0.10038525720268252,0.6333333333333333,0.5739130434782609,-0.05942028985507242,0.6742424242424242,0.6575757575757576,-0.016666666666666607,0.1952136170715928,0.198675596523103,0.0034619794515101943,0.64,0.64,0.0,0.25744387401687,0.1639232356277049,-0.09352063838916513,0.0772607342974074,0.169015753858352,0.09175501956094459,0.2297297297297298,0.1513217866909755,-0.07840794303875429,0.2344838919001243,0.2303513921905531,-0.004132499709571219,13.6,13.6,0.0,49,49,0
ADC_T2,ADC,T2,corr_mrmr_auto_k,corr_mrmr,SVM_Linear,corr_mrmr_auto_k_no_smote,corr_mrmr_auto_k_smote,0.5847163247880951,0.6214195497927555,0.03670322500466039,0.2104588402864157,0.1571061180563769,-0.05335272223003881,0.57375,0.62984375,0.05609375000000005,0.689608597867634,0.7005677908434504,0.01095919297581649,0.1503456054521805,0.1188971322873667,-0.031448473164813806,0.6598803814534299,0.6851717746356902,0.02529139318226037,0.5700618222357353,0.6441876963616094,0.07412587412587412,0.0829152077481277,0.0611742470383239,-0.021740960709803803,0.5701754385964912,0.6403508771929824,0.07017543859649122,0.5776608187134503,0.6418926103136628,0.06423179160021253,0.102226939283888,0.0746512979652494,-0.0275756413186386,0.540625,0.6403125000000001,0.09968750000000004,0.6336093857832988,0.7410408432147564,0.10743145743145754,0.1960040920661735,0.154469450831179,-0.04153464123499451,0.5882352941176471,0.6949152542372882,0.10667996011964109,0.8219883040935672,0.6565124933545985,-0.16547581073896866,0.2140490200942701,0.2193571296583222,0.005308109564052088,0.78125,0.640625,-0.140625,0.6631627377622801,0.6511931051404736,-0.011969632621806503,0.0779969215213325,0.0812100334703099,0.0032131119489774013,0.6711409395973155,0.6666666666666666,-0.004474272930648837,0.3333333333333333,0.6272727272727272,0.2939393939393939,0.3800584750330459,0.3516131002510229,-0.028445374782023025,0.3,0.64,0.34,0.1227586797624486,0.2578905624792925,0.1351318827168439,0.1655593063648548,0.1448748538884962,-0.02068445247635861,0.0851621356043236,0.2775888717156105,0.19242673611128686,0.2455319608326081,0.2445550271969025,-0.0009769336357055847,13.6,13.6,0.0,49,49,0
ADC_T2,ADC,T2,corr_mrmr_auto_k,corr_mrmr,SVM_RBF,corr_mrmr_auto_k_no_smote,corr_mrmr_auto_k_smote,0.6213554432453954,0.6217841435544785,0.00042870030908315204,0.21486950512465,0.2029552436520687,-0.011914261472581289,0.5656249999999999,0.63375,0.0681250000000001,0.7281280997387,0.7124590310606747,-0.01566906867802531,0.1464762858501215,0.1364619091546478,-0.010014376695473726,0.684564242364667,0.7141057653310398,0.029541522966372802,0.5111236589497459,0.6278373800112931,0.1167137210615472,0.0961616378889766,0.1111246631548553,0.014963025265878699,0.5087719298245614,0.6228070175438597,0.11403508771929827,0.5804678362573099,0.6276900584795322,0.047222222222222276,0.0673481125984906,0.1091107876521838,0.04176267505369319,0.53625,0.635625,0.09937499999999999,0.42,0.6291360813099944,0.20913608130999445,0.3815756805667782,0.3423221652364725,-0.03925351533030569,0.625,0.723404255319149,0.09840425531914898,0.3609356725146199,0.5387134502923977,0.1777777777777778,0.3459692616438545,0.3503142462604086,0.004344984616554082,0.3125,0.53125,0.21875,0.344,0.5350712074303405,0.19107120743034056,0.285769137591868,0.2865074551036677,0.0007383175117997021,0.4166666666666667,0.6126126126126126,0.1959459459459459,0.8,0.7166666666666666,-0.08333333333333348,0.2666666666666666,0.3785938897200182,0.11192722305335157,0.76,0.74,-0.020000000000000018,0.1336500889875417,0.2322798190096768,0.09862973002213513,0.1117498981380696,0.2180180715312887,0.10626817339321909,0.0677570093457944,0.2615245555890328,0.19376754624323841,0.246105926125421,0.2433428955434907,-0.002763030581930309,13.6,13.6,0.0,49,49,0
ADC_T2,ADC,T2,corr_mrmr_auto_k,corr_mrmr,XGBoost,corr_mrmr_auto_k_no_smote,corr_mrmr_auto_k_smote,0.709941301831254,0.7391871322014862,0.029245830370232206,0.1066128899621866,0.1106003625243887,0.00398747256220211,0.6034375,0.6515624999999999,0.04812499999999997,0.767283656752874,0.7665960217860244,-0.0006876349668496484,0.1449285767382115,0.1464264285891871,0.0014978518509756178,0.6613054389991927,0.6804935987798252,0.019188159780632486,0.5831733483907396,0.6096179183135704,0.02644456992283073,0.071990589072799,0.0645513695468558,-0.007439219525943203,0.5789473684210527,0.6052631578947368,0.02631578947368418,0.6303163211057947,0.6461496544391281,0.015833333333333366,0.0619206567772408,0.0386949486219605,-0.0232257081552803,0.58125,0.6090625000000001,0.027812500000000018,0.6929181929181929,0.7119047619047618,0.01898656898656892,0.178599551128684,0.1587222220237996,-0.019877329104884406,0.6428571428571429,0.6727272727272727,0.029870129870129825,0.6197235513024987,0.6263902179691654,0.00666666666666671,0.2031075803102676,0.1881215258694722,-0.014986054440795399,0.5625,0.578125,0.015625,0.6027878787878789,0.6227795575896262,0.019991678801747348,0.080888863661587,0.0748284324514921,-0.006060431210094905,0.6,0.6218487394957983,0.021848739495798353,0.6409090909090909,0.6659090909090909,0.025000000000000022,0.2140925711402597,0.1962457558629355,-0.017846815277324207,0.6,0.64,0.040000000000000036,0.2251078248998507,0.2608688812701386,0.03576105637028787,0.1150651076012921,0.0800272438853729,-0.0350378637159192,0.1597051597051597,0.2139135764633774,0.05420841675821769,0.3098790406026365,0.2781567291603224,-0.03172231144231408,13.6,13.6,0.0,49,49,0
ADC_T2,ADC,T2,elasticnet_then_mrmr_auto_k,elasticnet_then_mrmr,ExtraTrees,elasticnet_then_mrmr_auto_k_no_smote,elasticnet_then_mrmr_auto_k_smote,0.726285795986753,0.7050545440736828,-0.02123125191307018,0.0975764998487094,0.1292815539192991,0.0317050540705897,0.69421875,0.6740624999999999,-0.020156250000000098,0.7628026444491034,0.7438190647798101,-0.018983579669293316,0.1245093095681817,0.132103192098906,0.007593882530724308,0.7639116590376783,0.727203421605864,-0.03670823743181428,0.6729343120647469,0.690720873329569,0.017786561264822143,0.1261363332471181,0.1233642199181355,-0.0027721133289825978,0.6666666666666666,0.6842105263157895,0.01754385964912286,0.6949375332270069,0.7104930887825625,0.015555555555555545,0.1082158919127667,0.0884867595960448,-0.01972913231672191,0.676875,0.6925,0.015625,0.74,0.7691666666666668,0.029166666666666785,0.1638427430325934,0.1340501564506526,-0.02979258658194081,0.76,0.7692307692307693,0.009230769230769265,0.62093567251462,0.652046783625731,0.03111111111111098,0.3498688044035815,0.2898093629344973,-0.06005944146908415,0.59375,0.625,0.03125,0.6109450549450549,0.6603411257672718,0.049396070822216864,0.2562747254579723,0.1857388115330387,-0.07053591392493361,0.6666666666666666,0.6896551724137931,0.02298850574712652,0.7689393939393938,0.7689393939393939,1.1102230246251565e-16,0.1574591643244434,0.1387005150466158,-0.01875864927782761,0.76,0.76,0.0,0.3623212490511069,0.4003063834586979,0.03798513440759099,0.225204490916424,0.1950185018252004,-0.03018598909122361,0.3432383262583384,0.3751522533495737,0.031913927091235306,0.2285801628586646,0.2352072839389093,0.006627121080244713,10.4,10.4,0.0,27,27,0
ADC_T2,ADC,T2,elasticnet_then_mrmr_auto_k,elasticnet_then_mrmr,GradientBoosting,elasticnet_then_mrmr_auto_k_no_smote,elasticnet_then_mrmr_auto_k_smote,0.6645058698168747,0.6845806090064464,0.0200747391895717,0.0871949740484751,0.0775077479159935,-0.009687226132481588,0.6256250000000001,0.68578125,0.06015624999999991,0.7308044869548558,0.7291392438544142,-0.0016652431004415824,0.0908509875134172,0.0889360583107655,-0.0019149292026517106,0.6721832727795747,0.7002718222856047,0.028088549506030014,0.5656155438764134,0.6764380546989243,0.11082251082251082,0.0963040656169845,0.1132501783474172,0.0169461127304327,0.5701754385964912,0.6754385964912281,0.10526315789473684,0.5653905597326649,0.67044106478317,0.10505050505050506,0.1009551516542398,0.122729970152566,0.0217748184983262,0.5515625,0.669375,0.1178125000000001,0.5980769230769231,0.711178527354998,0.11310160427807492,0.1475139146981931,0.1028543796620626,-0.044659535036130515,0.6,0.7076923076923077,0.10769230769230775,0.7114088250930356,0.7336310473152579,0.022222222222222254,0.1328553371366722,0.1502517237109349,0.017396386574262707,0.703125,0.71875,0.015625,0.6349385257099143,0.7104761904761904,0.0755376647662761,0.0940206823363793,0.086367878466702,-0.007652803869677288,0.6474820143884892,0.7131782945736435,0.06569628018515428,0.4193722943722943,0.6072510822510824,0.1878787878787881,0.2016626138471233,0.1981088319889963,-0.0035537818581270197,0.4,0.62,0.21999999999999997,0.118030975497521,0.3291527361199452,0.21112176062242421,0.1817964474393155,0.2360817163738643,0.0542852689345488,0.10566762728146,0.3394926401503289,0.23382501286886886,0.2351625707509522,0.2259857633142059,-0.009176807436746315,10.4,10.4,0.0,27,27,0
ADC_T2,ADC,T2,elasticnet_then_mrmr_auto_k,elasticnet_then_mrmr,KNN,elasticnet_then_mrmr_auto_k_no_smote,elasticnet_then_mrmr_auto_k_smote,0.7682969015744134,0.733492776937753,-0.03480412463666038,0.0568975221891379,0.0728273795907596,0.015929857401621707,0.73171875,0.7146875,-0.017031249999999942,0.8053433897673976,0.7724404029706566,-0.032902986796740974,0.0756252147404989,0.0749924346030447,-0.0006327801374542003,0.7812219985009948,0.7585767877095554,-0.02264521079143944,0.6955783347087695,0.7103389364258929,0.014760601717123345,0.0444334568047308,0.1340467511442309,0.0896132943395001,0.6929824561403509,0.7017543859649122,0.00877192982456132,0.7015781878939775,0.7254497987392723,0.023871610845294766,0.0192308870140593,0.0807809887441812,0.0615501017301219,0.685,0.70375,0.018749999999999933,0.7187165775401069,0.7618198794669382,0.04310330192683132,0.1068234523138718,0.0789277603394175,-0.02789569197445431,0.7164179104477612,0.7586206896551724,0.04220277920741122,0.7741520467836256,0.7271982987772461,-0.046953748006379525,0.1590601994648389,0.2227697585737035,0.06370955910886461,0.75,0.6875,-0.0625,0.7263095238095237,0.7161965811965813,-0.010112942612942488,0.0612608452150522,0.1437621319682739,0.08250128675322169,0.732824427480916,0.7213114754098361,-0.01151295207107994,0.629004329004329,0.7237012987012987,0.09469696969696972,0.1428020358096566,0.1004475937154572,-0.04235444209419942,0.62,0.72,0.09999999999999998,0.3843525474777614,0.4450634992271081,0.06071095174934671,0.0603601836980605,0.1881188752219802,0.1277586915239197,0.372444164831708,0.4022208513263418,0.029776686494633775,0.2130879398047784,0.2275901622745118,0.0145022224697334,10.4,10.4,0.0,27,27,0
ADC_T2,ADC,T2,elasticnet_then_mrmr_auto_k,elasticnet_then_mrmr,LightGBM,elasticnet_then_mrmr_auto_k_no_smote,elasticnet_then_mrmr_auto_k_smote,0.6696768551314006,0.6991576968131993,0.029480841681798653,0.0344745331139435,0.0536383230340551,0.0191637899201116,0.63828125,0.6275,-0.010781250000000075,0.7137867308977148,0.7381245678608803,0.024337836963165493,0.0879747354557894,0.0888048997625223,0.0008301643067328973,0.7144409278468513,0.6790297870521913,-0.03541114079466001,0.6611837437924395,0.6361001317523056,-0.025083612040133874,0.088477230555659,0.0816806917105916,-0.006796538845067396,0.6578947368421053,0.631578947368421,-0.026315789473684292,0.6761350345560873,0.6447607655502392,-0.031374269005848054,0.0447833890840898,0.0480454254199052,0.003262036335815399,0.6581250000000001,0.6303125,-0.027812500000000018,0.7513888888888889,0.7224999999999999,-0.028888888888888964,0.1631811460302724,0.1541914394510927,-0.00898970657917969,0.711864406779661,0.6833333333333333,-0.02853107344632766,0.6795427963849016,0.6667942583732057,-0.012748538011695842,0.2108615098819395,0.210536039599516,-0.0003254702824234956,0.65625,0.640625,-0.015625,0.669055944055944,0.6489824561403509,-0.020073487915593158,0.1011948358530803,0.1022640833900929,0.0010692475370125964,0.6829268292682927,0.6612903225806451,-0.021636506687647605,0.6727272727272727,0.6227272727272728,-0.04999999999999993,0.2449396020078669,0.2809533814908911,0.0360137794830242,0.66,0.62,-0.040000000000000036,0.334685913247246,0.2729899100500866,-0.0616960031971594,0.1109975462684015,0.0984020891698829,-0.0125954570985186,0.3128284389489953,0.258364312267658,-0.05446412668133732,0.2519389577432805,0.2569890505635203,0.005050092820239771,10.4,10.4,0.0,27,27,0
ADC_T2,ADC,T2,elasticnet_then_mrmr_auto_k,elasticnet_then_mrmr,LogisticRegression,elasticnet_then_mrmr_auto_k_no_smote,elasticnet_then_mrmr_auto_k_smote,0.768654015663585,0.7752023308961109,0.006548315232525859,0.0783153515640553,0.0850938729056585,0.0067785213416032,0.7134375,0.7162499999999999,0.0028124999999999956,0.79756689858008,0.8009581642345035,0.003391265654423492,0.1207014406259423,0.1216915230978649,0.0009900824719226015,0.7430466336196124,0.7420610431072675,-0.000985590512344925,0.710163749294184,0.701072840203275,-0.009090909090909038,0.1194390172342899,0.1229293752705139,0.003490358036223995,0.7017543859649122,0.6929824561403509,-0.00877192982456132,0.7333466241360979,0.7233466241360978,-0.010000000000000009,0.0745736347823421,0.0824307354937391,0.007857100711397003,0.6993750000000001,0.6915625000000001,-0.0078125,0.7735180995475113,0.7671078431372549,-0.0064102564102563875,0.1299833140978435,0.1381570839801649,0.008173769882321408,0.7419354838709677,0.7377049180327869,-0.004230565838180822,0.7742690058479532,0.7542690058479533,-0.019999999999999907,0.238115557033595,0.2393110501739051,0.0011954931403101166,0.71875,0.703125,-0.015625,0.7290144503771506,0.7171567428672692,-0.011857707509881465,0.1343445640555482,0.1392913602244778,0.004946796168929596,0.7301587301587301,0.72,-0.010158730158730145,0.6924242424242425,0.6924242424242425,0.0,0.1923466796673739,0.1923466796673739,0.0,0.68,0.68,0.0,0.4440399432180209,0.424980900168574,-0.019059043049446944,0.1733080291619576,0.1848217245132963,0.011513695351338699,0.3970130678282514,0.3806271344303011,-0.016385933397950303,0.2234995717348976,0.2203104960748121,-0.0031890756600854997,10.4,10.4,0.0,27,27,0
ADC_T2,ADC,T2,elasticnet_then_mrmr_auto_k,elasticnet_then_mrmr,NaiveBayes,elasticnet_then_mrmr_auto_k_no_smote,elasticnet_then_mrmr_auto_k_smote,0.7089730179443098,0.6902417660312398,-0.018731251913070013,0.1758377684484705,0.1646433963650226,-0.011194372083447895,0.6693749999999999,0.6571875,-0.012187499999999907,0.7531221073961926,0.7279452352296404,-0.025176872166552178,0.1258465108707494,0.1370073646672329,0.011160853796483489,0.7356557414412492,0.6968219825812869,-0.03883375885996232,0.5822539779061519,0.5822539779061519,0.0,0.1539748392674861,0.1539748392674861,0.0,0.5877192982456141,0.5877192982456141,0.0,0.5676127819548873,0.5676127819548873,0.0,0.1417039930252895,0.1417039930252895,0.0,0.5496875,0.5496875,0.0,0.594451871657754,0.594451871657754,0.0,0.1758463070520731,0.1758463070520731,0.0,0.5913978494623656,0.5913978494623656,0.0,0.8673684210526316,0.8673684210526316,0.0,0.16810496654886,0.16810496654886,0.0,0.859375,0.859375,0.0,0.6883843843843843,0.6883843843843843,0.0,0.1329843421221614,0.1329843421221614,0.0,0.7006369426751592,0.7006369426751592,0.0,0.2678571428571428,0.2678571428571428,0.0,0.2636844296845187,0.2636844296845187,0.0,0.24,0.24,0.0,0.1269906586445099,0.1269906586445099,0.0,0.2590987801858193,0.2590987801858193,0.0,0.1061061061061061,0.1061061061061061,0.0,0.3887185827321334,0.3827285618521983,-0.0059900208799351096,10.4,10.4,0.0,27,27,0
ADC_T2,ADC,T2,elasticnet_then_mrmr_auto_k,elasticnet_then_mrmr,RandomForest,elasticnet_then_mrmr_auto_k_no_smote,elasticnet_then_mrmr_auto_k_smote,0.7137330815560482,0.7061081652708447,-0.0076249162852034535,0.0571540735164725,0.0497430371132015,-0.007411036403271003,0.6931249999999999,0.6799999999999999,-0.013124999999999942,0.7564862223750934,0.7724633366702609,0.01597711429516746,0.0833769445355347,0.0757598958677107,-0.007617048667823992,0.7264857638943755,0.7208637181454323,-0.005622045748943205,0.6652420043724392,0.7006399397703745,0.03539793539793534,0.1104355856848048,0.104892527350732,-0.005543058334072801,0.6578947368421053,0.6929824561403509,0.03508771929824561,0.6694322928533454,0.7000994911521229,0.03066719829877751,0.0786676770397247,0.0773986186143611,-0.001269058425363595,0.6581250000000001,0.69375,0.03562499999999991,0.7284967320261437,0.7518300653594772,0.023333333333333428,0.0837434225896717,0.0456411364065243,-0.0381022861831474,0.711864406779661,0.7457627118644068,0.03389830508474578,0.6884316852737905,0.7149175970228602,0.02648591174906967,0.2129315388016271,0.181243002404307,-0.03168853639732011,0.65625,0.6875,0.03125,0.6783424908424909,0.7155798703212496,0.037237379478758714,0.1093868206225781,0.0952698406754253,-0.014116979947152802,0.6829268292682927,0.7154471544715447,0.03252032520325199,0.6504329004329004,0.6852813852813854,0.03484848484848502,0.1650594343108156,0.1403999619748486,-0.024659472335966992,0.66,0.7,0.039999999999999925,0.3366940876891055,0.398394349444738,0.06170026175563248,0.1628903919150144,0.1682603274940305,0.005369935579016105,0.3128284389489953,0.383307573415765,0.07047913446676968,0.2260546166718198,0.2303986304201262,0.004344013748306397,10.4,10.4,0.0,27,27,0
ADC_T2,ADC,T2,elasticnet_then_mrmr_auto_k,elasticnet_then_mrmr,SVM_Linear,elasticnet_then_mrmr_auto_k_no_smote,elasticnet_then_mrmr_auto_k_smote,0.7604528078690758,0.7576199336725653,-0.00283287419651046,0.0672413459008791,0.096704722080869,0.029463376179989897,0.7024999999999999,0.7103125000000001,0.007812500000000222,0.7907617370429646,0.7878286055863319,-0.002933131456632654,0.1156316469799981,0.1325725107868184,0.01694086380682029,0.7282488661829747,0.7497072507047207,0.021458384521745977,0.6715733541820499,0.6905833297137645,0.019009975531714574,0.1458843069877791,0.1060721829004826,-0.039812124087296494,0.6666666666666666,0.6842105263157895,0.01754385964912286,0.6927764486975013,0.7120946305156831,0.01931818181818179,0.1092711220031297,0.0756082713151162,-0.0336628506880135,0.6484375,0.6793750000000001,0.030937500000000062,0.7238636363636364,0.7522268907563024,0.02836325439266607,0.1736667036796119,0.1501360868449799,-0.023530616834632007,0.6710526315789473,0.71875,0.047697368421052655,0.8514619883040936,0.7666135034556086,-0.08484848484848495,0.245324251218049,0.2024517732758682,-0.0428724779421808,0.796875,0.71875,-0.078125,0.727083842083842,0.720094841805368,-0.006989000278474045,0.1232301272401202,0.1092673200043718,-0.0139628072357484,0.7285714285714285,0.71875,-0.009821428571428537,0.5340909090909091,0.6575757575757576,0.12348484848484853,0.3389336705874045,0.2186442910005751,-0.12028937958682939,0.5,0.64,0.14,0.3690249895127943,0.3989385265244333,0.029913537011639013,0.224905296318441,0.1654817183665514,-0.0594235779518896,0.3048780487804878,0.35875,0.053871951219512215,0.2266526178343757,0.2253077770896465,-0.0013448407447292088,10.4,10.4,0.0,27,27,0
ADC_T2,ADC,T2,elasticnet_then_mrmr_auto_k,elasticnet_then_mrmr,SVM_RBF,elasticnet_then_mrmr_auto_k_no_smote,elasticnet_then_mrmr_auto_k_smote,0.7992573605731501,0.7710201007569429,-0.028237259816207172,0.0841346714305563,0.1073630254444861,0.02322835401392981,0.721875,0.721875,0.0,0.8374717903522562,0.8108054082897016,-0.02666638206255456,0.1077851826987688,0.1409839482469963,0.03319876554822751,0.7693060774488253,0.7841930833045236,0.014887005855698354,0.6570168961473309,0.6456615847920195,-0.011355311355311426,0.1669661209954511,0.1386630907767683,-0.0283030302186828,0.6491228070175439,0.6403508771929824,-0.00877192982456143,0.6897501329080276,0.66056884635832,-0.02918128654970753,0.1230284240862895,0.1259147313840667,0.0028863072977771964,0.6371875,0.646875,0.00968749999999996,0.7413502673796791,0.6804411764705882,-0.06090909090909091,0.1766588871432826,0.2428704853710303,0.06621159822774769,0.6714285714285714,0.7169811320754716,0.045552560646900275,0.8037426900584794,0.6120467836257311,-0.19169590643274836,0.27585325314426,0.3443155667909275,0.0684623136466675,0.734375,0.59375,-0.140625,0.7022173489278752,0.5974028125870231,-0.10481453634085214,0.1624258551552509,0.2582143610883099,0.09578850593305901,0.7014925373134329,0.6495726495726496,-0.051919887740783266,0.5757575757575758,0.7090909090909091,0.1333333333333333,0.3419009141228687,0.1780286911596922,-0.16387222296317652,0.54,0.7,0.15999999999999992,0.3616908332263859,0.2993080834985585,-0.062382749727827425,0.2563058350829167,0.2595125729259991,0.0032067378430823967,0.2780240658644711,0.2868477265791883,0.008823660714717185,0.2113052347603677,0.2174680806381072,0.006162845877739492,10.4,10.4,0.0,27,27,0
ADC_T2,ADC,T2,elasticnet_then_mrmr_auto_k,elasticnet_then_mrmr,XGBoost,elasticnet_then_mrmr_auto_k_no_smote,elasticnet_then_mrmr_auto_k_smote,0.6771232028648296,0.6910706690969849,0.013947466232155259,0.0936153551219065,0.0314364989183732,-0.0621788562035333,0.6490625,0.66328125,0.014218750000000058,0.7574000675317012,0.7382061316889585,-0.01919393584274265,0.083526942807282,0.070721182584682,-0.012805760222599993,0.730216454424469,0.6955451704240967,-0.03467128400037234,0.5714604236343367,0.619712171886085,0.04825174825174827,0.1131999023358271,0.0805131537118451,-0.03268674862398199,0.5701754385964912,0.6140350877192983,0.04385964912280704,0.5763474975317081,0.6397679805574542,0.0634204830257461,0.1021285291552656,0.0370081196126192,-0.0651204095426464,0.55375,0.6125,0.05875000000000008,0.614126559714795,0.6797619047619048,0.06563534504710977,0.1475518661927944,0.1029496938110177,-0.04460217238177669,0.6027397260273972,0.6666666666666666,0.0639269406392694,0.7121105794790006,0.6671982987772462,-0.04491228070175435,0.1550831369743488,0.201552709040561,0.04646957206621219,0.6875,0.625,-0.0625,0.6384981684981685,0.6404558404558405,0.001957671957671936,0.1017513849328937,0.1029741723197313,0.0012227873868376066,0.6423357664233577,0.6451612903225806,0.0028255238992229703,0.4405844155844155,0.6123376623376624,0.17175324675324688,0.1900225806937592,0.1422958934301419,-0.04772668726361731,0.42,0.6,0.18,0.1442267944195289,0.2644996304508499,0.120272836031321,0.1967476294370661,0.0902797996657934,-0.10646782977127271,0.1096589097864201,0.2230483271375464,0.11338941735112631,0.2656580953988797,0.2593148442206254,-0.006343251178254294,10.4,10.4,0.0,27,27,0
ADC_T2,ADC,T2,mrmr_then_elasticnet_no_corr_auto_k,mrmr_then_elasticnet_no_corr,ExtraTrees,mrmr_then_elasticnet_no_corr_auto_k_no_smote,mrmr_then_elasticnet_no_corr_auto_k_smote,0.7031088050705276,0.7053329144716705,0.0022241094011428153,0.080186561684285,0.0520395284771922,-0.028147033207092796,0.665625,0.6743750000000001,0.008750000000000036,0.7568039786191434,0.754548041999481,-0.002255936619662391,0.0640588328142002,0.0808714132918112,0.016812580477611,0.7127105973126439,0.6991481187924112,-0.013562478520232624,0.6650668172407302,0.630064138759791,-0.0350026784809393,0.1143426830211237,0.1069785898822757,-0.007364093138848005,0.6578947368421053,0.6228070175438597,-0.03508771929824561,0.68556884635832,0.6503814460393409,-0.035187400318979156,0.0891428495841144,0.0825704412546517,-0.006572408329462709,0.6690625,0.6290625000000001,-0.039999999999999925,0.7665079365079365,0.7251190476190474,-0.04138888888888903,0.1371674728055743,0.1446673014814123,0.007499828675838011,0.7551020408163265,0.6981132075471698,-0.05698883326915671,0.609016480595428,0.6166719829877725,0.007655502392344471,0.2084970793519977,0.2437181712250528,0.03522109187305508,0.578125,0.578125,0.0,0.6488616084114806,0.6206010391619101,-0.028260569249570433,0.1427856944785978,0.1467177243732176,0.0039320298946197985,0.6548672566371682,0.6324786324786325,-0.022388624158535708,0.7621212121212121,0.6840909090909091,-0.078030303030303,0.1623122635253585,0.2113025327121719,0.0489902691868134,0.76,0.68,-0.07999999999999996,0.3485594552893131,0.2803635718020702,-0.06819588348724287,0.1903910801236505,0.171288152924587,-0.019102927199063507,0.3273827534039334,0.2520598108025633,-0.07532294260137012,0.2372314359447505,0.231536726301645,-0.005694709643105478,10.4,10.4,0.0,38,38,0
ADC_T2,ADC,T2,mrmr_then_elasticnet_no_corr_auto_k,mrmr_then_elasticnet_no_corr,GradientBoosting,mrmr_then_elasticnet_no_corr_auto_k_no_smote,mrmr_then_elasticnet_no_corr_auto_k_smote,0.708153211311106,0.6963446437489499,-0.011808567562156091,0.1258278956828943,0.1350357449743694,0.009207849291475112,0.658125,0.7059375,0.047812500000000036,0.7625378500273403,0.7417362028701487,-0.020801647157191572,0.0930432997935075,0.1106334128196612,0.017590113026153695,0.7385607043259939,0.7179719624534457,-0.02058874187254811,0.5934876717485413,0.6610534393143089,0.0675657675657676,0.1241127413423931,0.1100028179792727,-0.014109923363120405,0.5877192982456141,0.6578947368421053,0.07017543859649122,0.6137106022632338,0.667119123566492,0.05340852130325813,0.1204813708211426,0.1243455790158155,0.0038642081946728968,0.5715625,0.6603125000000001,0.0887500000000001,0.641060116354234,0.7185314685314685,0.07747135217723455,0.1037254029809228,0.1052170661095476,0.0014916631286248094,0.6164383561643836,0.7192982456140351,0.10285988944965152,0.7686549707602339,0.6620520999468368,-0.10660287081339714,0.2440085651865706,0.2023014198703921,-0.0417071453161785,0.703125,0.640625,-0.0625,0.6631866094602468,0.670067352002836,0.006880742542589191,0.0958401140474182,0.1157042324359318,0.019864118388513596,0.656934306569343,0.6776859504132231,0.020751643843880063,0.4587662337662338,0.6721861471861472,0.2134199134199134,0.2264938209087403,0.1847229822234938,-0.0417708386852465,0.44,0.68,0.24000000000000005,0.214771435401003,0.3124721569424257,0.0977007215414227,0.2379145636289689,0.2368297493221352,-0.0010848143068336868,0.1459993624481989,0.3157894736842105,0.16979011123601162,0.2330298985635718,0.2243234052216806,-0.00870649334189122,10.4,10.4,0.0,38,38,0
ADC_T2,ADC,T2,mrmr_then_elasticnet_no_corr_auto_k,mrmr_then_elasticnet_no_corr,KNN,mrmr_then_elasticnet_no_corr_auto_k_no_smote,mrmr_then_elasticnet_no_corr_auto_k_smote,0.7243366508557896,0.7551364925168753,0.030799841661085736,0.0918339394996866,0.074996428034312,-0.0168375114653746,0.65828125,0.70140625,0.04312499999999997,0.7587268665859997,0.7875156255471014,0.028788758961101668,0.0849363840854156,0.1054058336214777,0.020469449536062098,0.71397686262588,0.7469476765838546,0.03297081395797463,0.6002692959214698,0.6810218766740506,0.08075258075258074,0.1174492321646884,0.0865838031559166,-0.030865429008771803,0.5964912280701754,0.6754385964912281,0.07894736842105265,0.5964272423482949,0.7024986709197235,0.1060714285714286,0.0927653569135823,0.0556631202808119,-0.0371022366327704,0.5815625,0.6759375000000001,0.0943750000000001,0.6270840270840271,0.7495238095238096,0.12243978243978249,0.1239872998779539,0.1371511240894593,0.013163824211505387,0.625,0.7288135593220338,0.10381355932203384,0.7310579479000532,0.7110579479000532,-0.020000000000000018,0.2257830855842174,0.1839030169734367,-0.041880068610780696,0.703125,0.671875,-0.03125,0.6482491186839013,0.6971721656950859,0.04892304701118455,0.1334179064126545,0.0969188335064783,-0.0364990729061762,0.6617647058823529,0.6991869918699187,0.037422285987565806,0.4617965367965367,0.693939393939394,0.23214285714285726,0.2057813278966048,0.1731918261113158,-0.03258950178528899,0.46,0.68,0.22000000000000003,0.1915191542708856,0.3785456562061144,0.18702650193522882,0.187277205625734,0.1282931528719433,-0.058984052753790706,0.166030534351145,0.3480680061823802,0.1820374718312352,0.2438881537844795,0.2263576351593269,-0.01753051862515262,10.4,10.4,0.0,38,38,0
ADC_T2,ADC,T2,mrmr_then_elasticnet_no_corr_auto_k,mrmr_then_elasticnet_no_corr,LightGBM,mrmr_then_elasticnet_no_corr_auto_k_no_smote,mrmr_then_elasticnet_no_corr_auto_k_smote,0.6568501027591938,0.7002711784051499,0.0434210756459561,0.153040198779616,0.1242575207677236,-0.028782678011892396,0.6018749999999999,0.64859375,0.04671875000000003,0.6903245823170756,0.754188110787708,0.06386352847063237,0.1211531404138488,0.0877273915999872,-0.033425748813861594,0.6790910528530352,0.7033876069956762,0.02429655414264098,0.6085392868001563,0.6116694899303595,0.0031302031302031796,0.1166059581647388,0.1080455568321998,-0.008560401332539005,0.6052631578947368,0.6052631578947368,0.0,0.6167336902863219,0.6196196931723248,0.0028860028860029363,0.1193752947448557,0.1085954995518005,-0.010779795193055192,0.6134375000000001,0.606875,-0.006562500000000027,0.6808547008547008,0.6747435897435896,-0.006111111111111178,0.1290180495005995,0.066056875858053,-0.0629611736425465,0.6862745098039216,0.6666666666666666,-0.019607843137254943,0.5597660818713449,0.6304731525784157,0.07070707070707083,0.2247533292894881,0.2239721054841556,-0.0007812238053324927,0.546875,0.59375,0.046875,0.5919198448610213,0.6251596424010216,0.03323979754000028,0.1331505383740499,0.1058328449887534,-0.027317693385296493,0.6086956521739131,0.628099173553719,0.019403521379805944,0.6737012987012987,0.6087662337662338,-0.06493506493506485,0.1730891358617156,0.1693209401697569,-0.0037681956919586868,0.68,0.62,-0.06000000000000005,0.2191029348755462,0.2295983037156313,0.010495368840085118,0.2367035031300072,0.2136025654497663,-0.023100937680240907,0.2206016408386509,0.2105263157894736,-0.010075325049177297,0.2757537481067149,0.2611722692080506,-0.01458147889866429,10.4,10.4,0.0,38,38,0
ADC_T2,ADC,T2,mrmr_then_elasticnet_no_corr_auto_k,mrmr_then_elasticnet_no_corr,LogisticRegression,mrmr_then_elasticnet_no_corr_auto_k_no_smote,mrmr_then_elasticnet_no_corr_auto_k_smote,0.7578448992085356,0.7665433326198876,0.008698433411352013,0.0374898686563533,0.0476705994736426,0.010180730817289298,0.699375,0.6950000000000001,-0.004374999999999907,0.8192983879058063,0.8297326098490583,0.010434221943251942,0.0471074968228349,0.046717716127164,-0.0003897806956709021,0.7596804016437697,0.7675875464308438,0.007907144787074105,0.6377564464520986,0.6454487541444063,0.007692307692307665,0.0953331125960477,0.0848867410280684,-0.010446371567979298,0.631578947368421,0.6403508771929824,0.00877192982456143,0.6714779372674109,0.6767410951621476,0.0052631578947367474,0.0688643016444539,0.0686302725331146,-0.0002340291113392956,0.645625,0.6534375,0.0078125,0.7533333333333334,0.7533333333333334,0.0,0.139204086785474,0.139204086785474,0.0,0.7391304347826086,0.7446808510638298,0.005550416281221104,0.5671982987772461,0.5777246145667198,0.010526315789473606,0.2437139462779502,0.2335527425152417,-0.010161203762708515,0.53125,0.546875,0.015625,0.6052145748987854,0.616906882591093,0.011692307692307669,0.1436863640506056,0.1351462791800549,-0.00854008487055069,0.6181818181818182,0.6306306306306306,0.012448812448812463,0.7757575757575758,0.7757575757575758,0.0,0.1469462649236889,0.1469462649236889,0.0,0.76,0.76,0.0,0.3121097389015384,0.3201041904100345,0.007994451508496092,0.1487562563311696,0.143444768871104,-0.0053114874600656,0.280216476247745,0.2958722506779151,0.015655774430170133,0.2269848213878274,0.229632295090878,0.0026474737030506013,10.4,10.4,0.0,38,38,0
ADC_T2,ADC,T2,mrmr_then_elasticnet_no_corr_auto_k,mrmr_then_elasticnet_no_corr,NaiveBayes,mrmr_then_elasticnet_no_corr_auto_k_no_smote,mrmr_then_elasticnet_no_corr_auto_k_smote,0.6943989795425203,0.699421257459535,0.005022277917014706,0.070887180028661,0.0788848489679797,0.007997668939318706,0.6378125000000001,0.645,0.007187499999999902,0.7564043877246472,0.7542131232501011,-0.002191264474546095,0.0598902165485963,0.0691373962313021,0.009247179682705803,0.7072115745140108,0.7100824627443982,0.0028708882303873917,0.5780118432292345,0.6052845705019617,0.027272727272727226,0.1219436557431282,0.0929063649743712,-0.029037290768756996,0.5789473684210527,0.6052631578947368,0.02631578947368418,0.5820969089390142,0.6043191311612365,0.022222222222222254,0.1144030416756974,0.0874595962685663,-0.026943445407131103,0.5549999999999999,0.5871875,0.032187500000000036,0.6286549707602338,0.6511111111111111,0.022456140350877285,0.1453072227427976,0.1266081736288365,-0.018699049113961086,0.6,0.6266666666666667,0.026666666666666727,0.7784795321637427,0.7562573099415205,-0.022222222222222143,0.1792682976251771,0.1708957245055791,-0.008372573119597992,0.75,0.734375,-0.015625,0.6640771313185108,0.671796695480906,0.007719564162395276,0.0863819657185576,0.0670574735053673,-0.019324492213190297,0.6666666666666666,0.6762589928057554,0.00959232613908878,0.3857142857142857,0.4523809523809524,0.06666666666666671,0.3012257649193494,0.2816174533346179,-0.019608311584731475,0.36,0.44,0.08000000000000002,0.1534953491931837,0.1980405233210275,0.04454517412784381,0.2179317547542094,0.1732325976083541,-0.04469915714585529,0.1139896373056995,0.1786743515850143,0.0646847142793148,0.3454103039921802,0.3367565408402662,-0.008653763151914018,10.4,10.4,0.0,38,38,0
ADC_T2,ADC,T2,mrmr_then_elasticnet_no_corr_auto_k,mrmr_then_elasticnet_no_corr,RandomForest,mrmr_then_elasticnet_no_corr_auto_k_no_smote,mrmr_then_elasticnet_no_corr_auto_k_smote,0.6986439698879889,0.6873971545024176,-0.011246815385571374,0.0929756746683149,0.0968636647271973,0.003887990058882407,0.6715625000000001,0.6390625,-0.032500000000000084,0.7425063305388246,0.7457001329589728,0.0031938024201481063,0.0980043618180338,0.0930928218911924,-0.004911539926841402,0.694811111452599,0.7051011602144632,0.010290048761864234,0.6199322416713721,0.6013175230566534,-0.01861471861471864,0.0900976655155238,0.0756003409253479,-0.0144973245901759,0.6140350877192983,0.5964912280701754,-0.01754385964912286,0.6428089162299688,0.6189200273410799,-0.02388888888888896,0.0743097573130738,0.0578522648484958,-0.01645749246457799,0.6168750000000001,0.6034375000000001,-0.013437499999999991,0.6992673992673992,0.6866666666666666,-0.012600732600732578,0.0945751262628886,0.0975534041777459,0.0029782779148573024,0.6785714285714286,0.6730769230769231,-0.005494505494505475,0.639946836788942,0.5755023923444975,-0.06444444444444453,0.2186725792904084,0.1975116320278807,-0.021160947262527707,0.59375,0.546875,-0.046875,0.6334719746484453,0.5966861598440546,-0.03678581480439069,0.0862982590679258,0.0865382919257948,0.0002400328578689992,0.6333333333333333,0.603448275862069,-0.029885057471264354,0.6456709956709957,0.6623376623376623,0.016666666666666607,0.1682691277491518,0.1653713650746386,-0.0028977626745131935,0.64,0.66,0.020000000000000018,0.2668580472819453,0.2230375814218503,-0.043820465860095,0.1528739309417777,0.1212605357642218,-0.0316133951775559,0.2297297297297298,0.2015834348355664,-0.0281462948941634,0.2322890793398906,0.2397229469748022,0.007433867634911606,10.4,10.4,0.0,38,38,0
ADC_T2,ADC,T2,mrmr_then_elasticnet_no_corr_auto_k,mrmr_then_elasticnet_no_corr,SVM_Linear,mrmr_then_elasticnet_no_corr_auto_k_no_smote,mrmr_then_elasticnet_no_corr_auto_k_smote,0.7656191960617797,0.7731224295817597,0.007503233519979946,0.0158197899170084,0.0327742482156547,0.0169544582986463,0.655625,0.6368750000000001,-0.018749999999999933,0.8194880832580406,0.8189028919359254,-0.0005851913221152083,0.0539984459649343,0.0495647068615296,-0.0044337391034047005,0.7463128641200913,0.7393803898003435,-0.006932474319747861,0.6721061547148504,0.6387597909337039,-0.033346363781146415,0.0979094823148394,0.0986020169391476,0.000692534624308197,0.6666666666666666,0.631578947368421,-0.03508771929824561,0.6944072301967039,0.6737905369484317,-0.0206166932482722,0.0396808132868986,0.0514365118495677,0.0117556985626691,0.659375,0.64125,-0.018125000000000058,0.7344219523166892,0.7591919191919192,0.02476996687523003,0.1496252195556518,0.138174434205217,-0.011450785350434811,0.696969696969697,0.72,0.023030303030302957,0.7676023391812865,0.6081871345029239,-0.15941520467836257,0.2469375645818476,0.2625766159782232,0.015639051396375586,0.71875,0.5625,-0.15625,0.6978181818181819,0.6208874307785378,-0.07693075103964409,0.120232159874702,0.1369939285568359,0.0167617686821339,0.7076923076923077,0.631578947368421,-0.07611336032388671,0.6212121212121212,0.7393939393939395,0.11818181818181828,0.2439817392194416,0.2088821971067326,-0.03509954211270902,0.6,0.72,0.12,0.3688067342460369,0.3200573555176423,-0.04874937872839458,0.1114135991646152,0.1212738193535883,0.009860220188973104,0.32015065913371,0.2741055184960581,-0.046045140637651916,0.243017226039714,0.2515150035276017,0.008497777487887687,10.4,10.4,0.0,38,38,0
ADC_T2,ADC,T2,mrmr_then_elasticnet_no_corr_auto_k,mrmr_then_elasticnet_no_corr,SVM_RBF,mrmr_then_elasticnet_no_corr_auto_k_no_smote,mrmr_then_elasticnet_no_corr_auto_k_smote,0.7874947699828082,0.7921997371758138,0.004704967193005616,0.0389783129971509,0.0433165837686742,0.004338270771523302,0.69,0.7075,0.01750000000000007,0.8403078754191409,0.8479354646927121,0.007627589273571211,0.0508311421751951,0.0550772608138762,0.004246118638681101,0.7584162218723515,0.7817614528487226,0.02334523097637109,0.6366705758010106,0.6652043608565348,0.028533785055524175,0.095453089432972,0.1064453312677562,0.0109922418347842,0.631578947368421,0.6578947368421053,0.026315789473684292,0.6574016480595428,0.6928056884635831,0.03540404040404033,0.0166172491258644,0.0497511248084463,0.0331338756825819,0.628125,0.67125,0.04312499999999997,0.7218922305764411,0.7944155844155845,0.07252335383914332,0.1565681010503685,0.1177497453497781,-0.038818355700590404,0.6774193548387096,0.7659574468085106,0.088538091969801,0.6988942052099947,0.5984901648059543,-0.10040404040404038,0.2700619840239444,0.2238022465039424,-0.04625973752000198,0.65625,0.5625,-0.09375,0.6471677559912854,0.6382458770614693,-0.008921878929816107,0.1391713561491117,0.1408888064460915,0.0017174502969798111,0.6666666666666666,0.6486486486486487,-0.018018018018017945,0.615909090909091,0.7871212121212121,0.17121212121212115,0.2524171485779741,0.1459272621555697,-0.1064898864224044,0.6,0.78,0.18000000000000005,0.2995829827844435,0.3635580441456281,0.06397506136118458,0.0745275274722918,0.1265511293635881,0.05202360189129629,0.2551337896701928,0.3302199457667972,0.0750861560966044,0.226547992840033,0.2229940719154921,-0.0035539209245409042,10.4,10.4,0.0,38,38,0
ADC_T2,ADC,T2,mrmr_then_elasticnet_no_corr_auto_k,mrmr_then_elasticnet_no_corr,XGBoost,mrmr_then_elasticnet_no_corr_auto_k_no_smote,mrmr_then_elasticnet_no_corr_auto_k_smote,0.7038031488270722,0.6815846549339373,-0.022218493893134905,0.1120709896832108,0.0894476503677254,-0.022623339315485408,0.651875,0.6615624999999999,0.00968749999999996,0.775128158742113,0.7444026462522434,-0.030725512489869655,0.1130833444208257,0.1029161229846425,-0.01016722143618319,0.7221051763652453,0.7179878390099018,-0.0041173373553434756,0.590432755650147,0.5833934181760269,-0.007039337474120111,0.0427758927308113,0.1059087503676529,0.0631328576368416,0.5877192982456141,0.5789473684210527,-0.00877192982456143,0.6162791448317764,0.6054458114984431,-0.01083333333333325,0.0381546726182424,0.1010943515799365,0.0629396789616941,0.5890625,0.5856250000000001,-0.0034374999999999822,0.6632756132756132,0.6631746031746031,-0.00010101010101015717,0.129387350211549,0.1235259267236651,-0.005861423487883918,0.6491228070175439,0.6538461538461539,0.004723346828609976,0.6118872939925571,0.5652206273258905,-0.046666666666666634,0.12927749355242,0.1573387569709637,0.028061263418543703,0.578125,0.53125,-0.046875,0.6129816849816849,0.5909172932330827,-0.022064391748602197,0.0376062845050742,0.0900655021340389,0.052459217628964695,0.6115702479338843,0.5862068965517241,-0.02536335138216017,0.6206709956709957,0.6456709956709956,0.02499999999999991,0.1313952655299148,0.1508606767779623,0.019465411248047515,0.6,0.64,0.040000000000000036,0.208760783927747,0.1949740942402551,-0.013786689687491888,0.0710570483572785,0.1931679650225192,0.12211091666524071,0.175438596491228,0.1668696711327649,-0.008568925358463098,0.2677811295599049,0.2743926366103086,0.006611507050403698,10.4,10.4,0.0,38,38,0
Post1_Post2,Post1,Post2,corr_mrmr_auto_k,corr_mrmr,ExtraTrees,corr_mrmr_auto_k_no_smote,corr_mrmr_auto_k_smote,0.6532547463429816,0.6322113289760349,-0.021043417366946704,0.0930604637432936,0.1121644060855715,0.0191039423422779,0.6012620192307692,0.6063701923076923,0.005108173076923128,0.7493984087427616,0.740812755327633,-0.008585653415128625,0.0507530987096013,0.0307397209966167,-0.020013377712984597,0.6582792690533426,0.6946778760679602,0.03639860701461761,0.5857576794729187,0.5863090993791773,0.0005514199062586211,0.0601079710967587,0.0628265432341895,0.0027185721374307983,0.5775862068965517,0.5862068965517241,0.008620689655172376,0.6141573295985061,0.6156652661064426,0.0015079365079364582,0.0873776394224039,0.0759213565129242,-0.011456282909479698,0.5703125,0.5817307692307692,0.011418269230769162,0.6251831501831502,0.6225238095238096,-0.002659340659340592,0.1624108452920908,0.1435460847883002,-0.0188647605037906,0.6119402985074627,0.625,0.013059701492537323,0.6882352941176471,0.668235294117647,-0.020000000000000018,0.213392437026083,0.2563950239464453,0.04300258692036232,0.640625,0.625,-0.015625,0.6101849325967855,0.5937225103409752,-0.016462422255810294,0.0694271100878248,0.0992177925248783,0.029790682437053503,0.6259541984732825,0.625,-0.000954198473282486,0.540079365079365,0.5630952380952381,0.023015873015873045,0.221400123336128,0.1756390627761657,-0.04576106055996229,0.5,0.5384615384615384,0.038461538461538436,0.1895414935883115,0.197482300570088,0.007940806981776516,0.1371925585117031,0.1184239421578567,-0.018768616353846385,0.1413897280966767,0.1634615384615384,0.02207181036486172,0.2422390092101621,0.2405765126376187,-0.0016624965725433871,8.8,8.8,0.0,30,30,0
Post1_Post2,Post1,Post2,corr_mrmr_auto_k,corr_mrmr,GradientBoosting,corr_mrmr_auto_k_no_smote,corr_mrmr_auto_k_smote,0.6779824151882975,0.641995409274821,-0.03598700591347648,0.0946907354596498,0.1088616736922291,0.014170938232579297,0.6201923076923077,0.55078125,-0.06941105769230771,0.7138574660070376,0.6782763935163688,-0.035581072490668775,0.0676070177703248,0.0969724962681288,0.029365478497804007,0.6755100832742916,0.6140471252917566,-0.06146295798253498,0.587299278400502,0.542955135335558,-0.04434414306494405,0.0626971720152681,0.0935546327265347,0.030857460711266604,0.5948275862068966,0.5689655172413793,-0.025862068965517238,0.599827264239029,0.5771031746031746,-0.022724089635854372,0.0830382559632458,0.0770142671024189,-0.00602398886082689,0.5769230769230769,0.5606971153846154,-0.016225961538461453,0.6407268170426066,0.5872857142857143,-0.05344110275689229,0.2120675473621363,0.1626241441019689,-0.049443403260167385,0.6075949367088608,0.6029411764705882,-0.004653760238272575,0.7623529411764707,0.6799999999999999,-0.08235294117647074,0.2238882568539346,0.2454739078728466,0.021585651018911994,0.75,0.640625,-0.109375,0.632063492063492,0.5785369314781079,-0.053526560585384075,0.0880481784787971,0.109471858012284,0.021423679533486895,0.6713286713286714,0.6212121212121212,-0.05011655011655014,0.4373015873015873,0.4742063492063492,0.036904761904761885,0.2911562859826677,0.2230497630014573,-0.0681065229812104,0.4038461538461538,0.4807692307692308,0.07692307692307698,0.1704214803983113,0.1333464526209468,-0.03707502777736449,0.1468247793593234,0.1484498435451995,0.0016250641858761017,0.1581222977146387,0.12227602905569,-0.0358462686589487,0.2422032273069809,0.2527340532807999,0.010530825973818991,8.8,8.8,0.0,30,30,0
Post1_Post2,Post1,Post2,corr_mrmr_auto_k,corr_mrmr,KNN,corr_mrmr_auto_k_no_smote,corr_mrmr_auto_k_smote,0.607416744475568,0.6702894491129785,0.06287270463741046,0.1110070960454284,0.119411693522489,0.008404597477060599,0.5582932692307693,0.6017127403846154,0.043419471153846145,0.6672315809035136,0.74354437260515,0.0763127917016364,0.030587614406552,0.0285373437072057,-0.0020502706993462995,0.6221213376588771,0.6900365830779429,0.0679152454190658,0.5063883897588013,0.5623888841352691,0.05600049437646781,0.0640080073179259,0.0190852297206714,-0.0449227775972545,0.5258620689655172,0.5603448275862069,0.03448275862068961,0.5324393090569561,0.5898622782446312,0.05742296918767509,0.0520188011398682,0.0737252307833465,0.021706429643478305,0.5108173076923077,0.5564903846153846,0.04567307692307687,0.5322689075630251,0.6098383500557413,0.07756944249271613,0.1280078823220914,0.1317695099119628,0.0037616275898713913,0.56,0.6031746031746031,0.04317460317460309,0.6835294117647058,0.6364705882352941,-0.04705882352941171,0.2602740105228204,0.2347758999203091,-0.02549811060251131,0.65625,0.59375,-0.0625,0.5550707114938614,0.5698051948051949,0.014734483311333424,0.1221787333954584,0.0786502770622582,-0.0435284563332002,0.60431654676259,0.5984251968503937,-0.005891349912196198,0.3813492063492063,0.5432539682539682,0.16190476190476188,0.192181519552599,0.2054942606411735,0.013312741088574498,0.3653846153846153,0.5192307692307693,0.15384615384615397,0.0466008168152072,0.143775703717036,0.0971748869018288,0.0777588004708825,0.0931924466553384,0.015433646184455904,0.0220723482526057,0.1127774445110978,0.0907050962584921,0.2725659443631979,0.2612714248242557,-0.011294519538942227,8.8,8.8,0.0,30,30,0
Post1_Post2,Post1,Post2,corr_mrmr_auto_k,corr_mrmr,LightGBM,corr_mrmr_auto_k_no_smote,corr_mrmr_auto_k_smote,0.6863811079987551,0.6757321817615936,-0.010648926237161516,0.118213945230393,0.1403755200154582,0.022161574785065197,0.6418269230769231,0.634314903846154,-0.0075120192307691624,0.7474028273815595,0.7514797163279635,0.0040768889464040114,0.0660186361783103,0.0746048752700725,0.00858623909176219,0.6700817363034188,0.7100634763887144,0.039981740085295536,0.6262822889630454,0.5797010923818487,-0.04658119658119664,0.0866975466163408,0.0894074645062188,0.002709917889877997,0.6120689655172413,0.5862068965517241,-0.025862068965517238,0.6563725490196077,0.6244281045751634,-0.03194444444444433,0.1056870020710523,0.0844107272474891,-0.0212762748235632,0.6177884615384616,0.5889423076923077,-0.028846153846153855,0.6717460317460318,0.6494949494949496,-0.022251082251082188,0.1112579528553809,0.1839548970330348,0.0726969441776539,0.6792452830188679,0.6428571428571429,-0.03638814016172498,0.6294117647058823,0.6294117647058823,0.0,0.2017226846997911,0.2017226846997911,0.0,0.5625,0.5625,0.0,0.6183294160576108,0.5886453201970443,-0.02968409586056653,0.0606574374326082,0.0759404144102742,0.015282976977666,0.6153846153846154,0.6,-0.015384615384615441,0.6833333333333333,0.6194444444444445,-0.06388888888888888,0.1105541596785133,0.2055555555555555,0.09500139587704219,0.6730769230769231,0.6153846153846154,-0.05769230769230771,0.2704964757433797,0.2148228900652022,-0.05567358567817751,0.1589398755360348,0.1531644344550252,-0.005775441081009608,0.2309958750736594,0.1753554502369668,-0.0556404248366926,0.2507872843768267,0.2395131760886494,-0.011274108288177292,8.8,8.8,0.0,30,30,0
Post1_Post2,Post1,Post2,corr_mrmr_auto_k,corr_mrmr,LogisticRegression,corr_mrmr_auto_k_no_smote,corr_mrmr_auto_k_smote,0.6438616557734205,0.6192592592592593,-0.024602396514161184,0.1103053836468928,0.0928852327986513,-0.0174201508482415,0.5958533653846153,0.5928485576923077,-0.0030048076923075984,0.6923735458961031,0.6558836893474231,-0.03648985654867998,0.1246483343208984,0.1340938313371563,0.009445497016257895,0.664538725476793,0.645466566407478,-0.01907215906931503,0.5856573780934181,0.5663025393837408,-0.019354838709677358,0.0801534295125639,0.096776711846042,0.016623282333478095,0.5689655172413793,0.5431034482758621,-0.025862068965517238,0.6055555555555555,0.6055555555555555,0.0,0.1119792593374555,0.1119792593374555,0.0,0.5588942307692308,0.5606971153846154,0.0018028846153845812,0.6044826141600335,0.4948051948051947,-0.10967741935483877,0.1284347342058464,0.2773388710303369,0.1489041368244905,0.6,0.6410256410256411,0.0410256410256411,0.7,0.5,-0.19999999999999996,0.2620124406037657,0.3296217817911035,0.0676093411873378,0.65625,0.390625,-0.265625,0.6069634950754496,0.4652968284087828,-0.14166666666666677,0.1030038441182253,0.2493313367947205,0.1463274926764952,0.6268656716417911,0.4854368932038835,-0.14142877843790758,0.5111111111111111,0.711111111111111,0.19999999999999996,0.2644584496758201,0.1596678651466657,-0.1047905845291544,0.4615384615384615,0.7307692307692307,0.2692307692307692,0.1714255200705109,0.1714255200705109,0.0,0.1715871933189995,0.1715871933189995,0.0,0.1190765492102066,0.1161587119033928,-0.002917837306813803,0.2464095508869768,0.2473493989969978,0.0009398481100209854,8.8,8.8,0.0,30,30,0
Post1_Post2,Post1,Post2,corr_mrmr_auto_k,corr_mrmr,NaiveBayes,corr_mrmr_auto_k_no_smote,corr_mrmr_auto_k_smote,0.6081022408963586,0.598915343915344,-0.009186896981014603,0.0973322315747304,0.070238408145201,-0.027093823429529387,0.5874399038461537,0.5865384615384616,-0.0009014423076921796,0.6917598387388593,0.6431566897511216,-0.048603148987737654,0.0715192516242951,0.1198992560826756,0.048380004458380504,0.646927033183434,0.6451969008181725,-0.0017301323652615386,0.5768836218780602,0.5837801736021981,0.006896551724137945,0.0369686912334468,0.0270976421967872,-0.009871049036659602,0.5775862068965517,0.5862068965517241,0.008620689655172376,0.576671335200747,0.5850046685340804,0.008333333333333415,0.0828222703969098,0.0727155776980483,-0.010106692698861497,0.5540865384615384,0.5637019230769231,0.009615384615384692,0.5754602961677056,0.5805986360886541,0.005138339920948587,0.1100454010273512,0.1100469780680581,1.5770407068987913e-06,0.5882352941176471,0.5952380952380952,0.007002801120448154,0.7858823529411765,0.7858823529411765,0.0,0.2197702480721998,0.2197702480721998,0.0,0.78125,0.78125,0.0,0.6313614404918753,0.6346947738252087,0.0033333333333334103,0.0947133109448498,0.0955997530225248,0.0008864420776749926,0.6711409395973155,0.6756756756756757,0.004534736078360191,0.3674603174603174,0.3841269841269841,0.01666666666666672,0.2209943401137411,0.2079819409956001,-0.013012399118141005,0.3269230769230769,0.3461538461538461,0.019230769230769162,0.1224982169809756,0.1404461910647199,0.017947974083744295,0.1158313966576998,0.0874601782278076,-0.028371218429892195,0.1124297314178639,0.1321695760598503,0.0197398446419864,0.3250732251631423,0.314541791518995,-0.010531433644147326,8.8,8.8,0.0,30,30,0
Post1_Post2,Post1,Post2,corr_mrmr_auto_k,corr_mrmr,RandomForest,corr_mrmr_auto_k_no_smote,corr_mrmr_auto_k_smote,0.6975435729847493,0.6825085589791472,-0.015035014005602143,0.1000839252490602,0.0569006999380983,-0.043183225310961894,0.6454326923076923,0.6370192307692308,-0.008413461538461453,0.7734905817836933,0.7554561295454306,-0.01803445223826272,0.0639830495307975,0.0834404414387879,0.019457391907990396,0.7219987987612714,0.6803669999532338,-0.04163179880803758,0.6653304241179658,0.6081805044541417,-0.0571499196638241,0.0833284123678034,0.0678800845133796,-0.015448327854423807,0.6551724137931034,0.603448275862069,-0.051724137931034475,0.6858426704014938,0.6380952380952382,-0.047747432306255666,0.1112591452801175,0.0830968379294705,-0.02816230735064701,0.6532451923076923,0.5973557692307692,-0.05588942307692313,0.7084615384615385,0.6682234432234432,-0.040238095238095295,0.1512768360682989,0.200184406927946,0.048907570859647115,0.6935483870967742,0.6363636363636364,-0.05718475073313789,0.7117647058823529,0.7,-0.0117647058823529,0.1972124072263553,0.2456542707978952,0.0484418635715399,0.671875,0.65625,-0.015625,0.6729146141215107,0.6238801811215604,-0.04903443299995025,0.0578074170993288,0.0788624442009266,0.021055027101597797,0.6825396825396826,0.6461538461538462,-0.03638583638583637,0.6599206349206349,0.5761904761904761,-0.08373015873015877,0.229410387132675,0.2594449178667863,0.030034530734111303,0.6346153846153846,0.5384615384615384,-0.09615384615384615,0.3284469827215438,0.2385608317941586,-0.08988615092738522,0.1775144114367343,0.1372496595084662,-0.04026475192826809,0.3053892215568862,0.1954161640530759,-0.10997305750381028,0.2342788680628654,0.23679281920855,0.0025139511456845898,8.8,8.8,0.0,30,30,0
Post1_Post2,Post1,Post2,corr_mrmr_auto_k,corr_mrmr,SVM_Linear,corr_mrmr_auto_k_no_smote,corr_mrmr_auto_k_smote,0.5387223778400249,0.6146016184251478,0.07587924058512296,0.1880735605363237,0.1642505022680509,-0.0238230582682728,0.5052584134615384,0.5922475961538463,0.08698918269230782,0.614155156069651,0.6594131304959383,0.04525797442628732,0.1338015394879445,0.1831613133182999,0.04935977383035542,0.5577755977264425,0.6221841752089391,0.06440857748249662,0.5561554623846059,0.5388784309251495,-0.01727703145945636,0.124158006075738,0.0918766573680079,-0.0322813487077301,0.5862068965517241,0.5517241379310345,-0.03448275862068961,0.5633169934640522,0.5964869281045752,0.03316993464052298,0.0726104521155079,0.0613889997928788,-0.011221452322629104,0.5582932692307692,0.5667067307692308,0.008413461538461675,0.5771349618123811,0.5024825174825175,-0.07465244432986362,0.1703945328593086,0.3096188179219165,0.13922428506260787,0.5888888888888889,0.6428571428571429,0.053968253968254,0.8294117647058823,0.5235294117647059,-0.3058823529411764,0.21404006351365,0.3180824902257829,0.1040424267121329,0.828125,0.421875,-0.40625,0.6385670822467522,0.4653235653235653,-0.1732435169231869,0.1296586403098457,0.24361419298869,0.1139555526788443,0.6883116883116883,0.5094339622641509,-0.17887772604753738,0.2972222222222222,0.6694444444444445,0.3722222222222223,0.3236558147473224,0.2600451052992989,-0.0636107094480235,0.2884615384615384,0.7115384615384616,0.4230769230769232,0.112750694465643,0.1631239987320842,0.050373304266441196,0.1424369436774726,0.1139126370639733,-0.028524306613499292,0.1223203026481715,0.1283236994219654,0.006003396773793898,0.2520188730981257,0.2500702876416831,-0.0019485854564426086,8.8,8.8,0.0,30,30,0
Post1_Post2,Post1,Post2,corr_mrmr_auto_k,corr_mrmr,SVM_RBF,corr_mrmr_auto_k_no_smote,corr_mrmr_auto_k_smote,0.5127458761282291,0.5913632119514471,0.07861733582321806,0.2006911410292009,0.1866625417218309,-0.014028599307370021,0.5189302884615385,0.5857872596153847,0.06685697115384615,0.5972277204086044,0.6724348483637249,0.07520712795512052,0.1273622564571189,0.1411370936390958,0.01377483718197689,0.5874022196694436,0.6745184179781913,0.08711619830874773,0.5200811918275767,0.5311861232328418,0.011104931405265028,0.0943801103150584,0.0866082463579396,-0.007771863957118805,0.5431034482758621,0.5431034482758621,0.0,0.5327614379084966,0.5906045751633987,0.05784313725490209,0.027273880165458,0.0595208755982231,0.0322469954327651,0.5102163461538461,0.5588942307692308,0.04867788461538469,0.5439642532106381,0.4986363636363636,-0.04532788957427453,0.1432081037563536,0.3063838676891544,0.16317576393280078,0.5578947368421052,0.6341463414634146,0.07625160462130942,0.8294117647058823,0.5117647058823529,-0.3176470588235294,0.21404006351365,0.3165558599311461,0.10251579641749611,0.828125,0.40625,-0.421875,0.6196514837819186,0.4561281630247148,-0.16352332075720377,0.1139912216867723,0.2366077663251682,0.1226165446383959,0.6666666666666666,0.4952380952380952,-0.17142857142857143,0.2361111111111111,0.6694444444444445,0.4333333333333334,0.253676667929575,0.2600451052992989,0.006368437369723923,0.1923076923076923,0.7115384615384616,0.5192307692307693,0.0539893446892505,0.1516522335030936,0.0976628888138431,0.0483935985297627,0.1093182236919505,0.0609246251621878,0.0216422660725651,0.1130986728216965,0.0914564067491314,0.2498121970163282,0.2450399817837065,-0.004772215232621696,8.8,8.8,0.0,30,30,0
Post1_Post2,Post1,Post2,corr_mrmr_auto_k,corr_mrmr,XGBoost,corr_mrmr_auto_k_no_smote,corr_mrmr_auto_k_smote,0.6638764394646748,0.6329808590102707,-0.030895580454404103,0.1103560078549454,0.0642533469579227,-0.046102660897022696,0.6024639423076923,0.5913461538461537,-0.011117788461538547,0.740613193255452,0.7107021206088022,-0.029911072646649828,0.0560132607435916,0.087084836381426,0.0310715756378344,0.6786440132139137,0.6368922130518885,-0.04175180016202518,0.5388256657444643,0.5796069707081942,0.04078130496372989,0.1233850231952228,0.0701353806181979,-0.0532496425770249,0.5517241379310345,0.5862068965517241,0.03448275862068961,0.5769841269841269,0.5920541549953315,0.015070028011204606,0.0877775538110129,0.0704822021635172,-0.01729535164749571,0.5396634615384616,0.5835336538461539,0.04387019230769229,0.6248787878787878,0.6491758241758241,0.02429703629703628,0.2326723498954634,0.2270095357205388,-0.005662814174924591,0.5833333333333334,0.6290322580645161,0.045698924731182755,0.7,0.6015686274509804,-0.09843137254901957,0.1845222016630367,0.1637807820221429,-0.020741419640893793,0.65625,0.609375,-0.046875,0.5985930735930735,0.5767562099584129,-0.02183686363466053,0.088236588473466,0.1056753375250968,0.0174387490516308,0.6176470588235294,0.6190476190476191,0.0014005602240896309,0.4539682539682539,0.5825396825396826,0.12857142857142867,0.308337163670515,0.2325058212520705,-0.0758313424184445,0.4230769230769231,0.5576923076923077,0.13461538461538464,0.1374915488788951,0.1724478028672768,0.0349562539883817,0.1676557806171303,0.1370980857524415,-0.03055769486468879,0.0804878048780487,0.1664670658682634,0.0859792609902147,0.2783315928407523,0.2806636266768356,0.0023320338360832693,8.8,8.8,0.0,30,30,0
Post1_Post2,Post1,Post2,elasticnet_then_mrmr_auto_k,elasticnet_then_mrmr,ExtraTrees,elasticnet_then_mrmr_auto_k_no_smote,elasticnet_then_mrmr_auto_k_smote,0.6669817927170868,0.6640203859321506,-0.0029614067849361714,0.1120772473883109,0.1101917485642207,-0.0018854988240901982,0.6950120192307694,0.6914062500000001,-0.0036057692307692735,0.7565086783230386,0.7572763325490317,0.0007676542259931196,0.1252702519650984,0.1225853750988015,-0.002684876866296884,0.7787100976723178,0.7813499028386763,0.002639805166358533,0.6163828755597388,0.5919235998212639,-0.02445927573847495,0.0779250342897295,0.0714695315179943,-0.0064555027717351915,0.6293103448275862,0.603448275862069,-0.025862068965517238,0.6566666666666665,0.6349019607843137,-0.021764705882352797,0.046732528906295,0.0481595132437871,0.001426984337492103,0.6280048076923077,0.6045673076923077,-0.0234375,0.6935064935064934,0.6844155844155844,-0.009090909090909038,0.2158806358664697,0.2171348479919271,0.001254212125457399,0.6721311475409836,0.6551724137931034,-0.01695873374788015,0.6799999999999999,0.6364705882352941,-0.043529411764705817,0.2309480985447883,0.2572788128533957,0.026330714308607422,0.640625,0.59375,-0.046875,0.6204121795890428,0.5816115972312916,-0.03880058235775119,0.1017170483075599,0.1168210845185108,0.015104036210950897,0.656,0.6229508196721312,-0.033049180327868855,0.6333333333333333,0.6333333333333333,0.0,0.2211083193570266,0.2211083193570266,0.0,0.6153846153846154,0.6153846153846154,0.0,0.2774252588907527,0.2343454144658679,-0.0430798444248848,0.1008424559284492,0.0912492247619987,-0.0095932311664505,0.2546323968918111,0.2068965517241379,-0.04773584516767321,0.233678798138012,0.2340033723674615,0.00032457422944948133,7.6,7.6,0.0,21,21,0
Post1_Post2,Post1,Post2,elasticnet_then_mrmr_auto_k,elasticnet_then_mrmr,GradientBoosting,elasticnet_then_mrmr_auto_k_no_smote,elasticnet_then_mrmr_auto_k_smote,0.7067654839713664,0.6400350140056024,-0.06673046996576404,0.1059083746711911,0.1031669749092833,-0.002741399761907806,0.6591045673076922,0.6485877403846154,-0.01051682692307676,0.7535442841087124,0.7208823757941556,-0.03266190831455684,0.1077206942740106,0.1109709921532653,0.003250297879254696,0.7630434023927035,0.7229640128630532,-0.04007938952965029,0.5382542806347034,0.6313163724175961,0.09306209178289271,0.1287668260080575,0.0544574002743887,-0.0743094257336688,0.5775862068965517,0.6379310344827587,0.06034482758620696,0.5714379084967319,0.6414589169000934,0.07002100840336145,0.0831019085670377,0.0408506471805989,-0.042251261386438796,0.5649038461538461,0.6412259615384616,0.07632211538461542,0.5790552584670232,0.6651282051282051,0.08607294666118193,0.1749683080651563,0.1739171674413857,-0.0010511406237706244,0.6027397260273972,0.6964285714285714,0.09368884540117417,0.7317647058823529,0.6015686274509803,-0.1301960784313726,0.1669427931770989,0.1255049010992124,-0.04143789207788651,0.6875,0.609375,-0.078125,0.6074880174805444,0.6064646464646465,-0.0010233710158978893,0.1117564369090504,0.1167697738443683,0.0050133369353179,0.6423357664233577,0.65,0.007664233576642365,0.4111111111111111,0.6813492063492064,0.2702380952380953,0.2190044816047447,0.1051070552879424,-0.1138974263168023,0.4423076923076923,0.6730769230769231,0.23076923076923084,0.1300960340805704,0.2641776916604522,0.13408165757988177,0.1700432238281831,0.0899761944980927,-0.0800670293300904,0.1319486866218693,0.278436018957346,0.1464873323354767,0.2264690516146985,0.231686118243757,0.00521706662905852,7.6,7.6,0.0,21,21,0
Post1_Post2,Post1,Post2,elasticnet_then_mrmr_auto_k,elasticnet_then_mrmr,KNN,elasticnet_then_mrmr_auto_k_no_smote,elasticnet_then_mrmr_auto_k_smote,0.6646206816059756,0.6534360410830999,-0.01118464052287571,0.1535765804241907,0.1412931954322558,-0.012283384991934904,0.7049278846153846,0.7010216346153846,-0.00390625,0.7428972181980258,0.7287179340184962,-0.014179284179529628,0.1430757367868588,0.130267850150366,-0.012807886636492821,0.7572411524517221,0.7497430899558957,-0.0074980624958264075,0.6387581643421465,0.6516613901485981,0.012903225806451646,0.071458757436579,0.0770556222479214,0.005596864811342389,0.6551724137931034,0.6724137931034483,0.017241379310344862,0.6260877684407097,0.645345471521942,0.019257703081232314,0.0957726817318607,0.1005683466641116,0.0047956649322509065,0.6496394230769231,0.6742788461538461,0.024639423076923017,0.6730769230769231,0.6971428571428572,0.024065934065934047,0.2668465862470719,0.2673223232163672,0.00047573696929525955,0.6818181818181818,0.7241379310344828,0.042319749216300995,0.6172549019607844,0.5819607843137256,-0.03529411764705881,0.2229107365357238,0.1859435656635846,-0.03696717087213919,0.703125,0.65625,-0.046875,0.6085774690425854,0.6075725495080334,-0.0010049195345519513,0.191016452051032,0.1908567138486819,-0.00015973820235007374,0.6923076923076923,0.6885245901639344,-0.003783102143757877,0.6349206349206348,0.7087301587301587,0.07380952380952388,0.229583298181137,0.1616322013273373,-0.06795109685379971,0.5961538461538461,0.6923076923076923,0.09615384615384615,0.2487588923011388,0.284153903195895,0.03539501089475622,0.1766151213457922,0.1881902461063063,0.011575124760514116,0.3003618817852834,0.3448275862068966,0.044465704421613184,0.218958090844319,0.2211733716475095,0.0022152808031905002,7.6,7.6,0.0,21,21,0
Post1_Post2,Post1,Post2,elasticnet_then_mrmr_auto_k,elasticnet_then_mrmr,LightGBM,elasticnet_then_mrmr_auto_k_no_smote,elasticnet_then_mrmr_auto_k_smote,0.6761858076563959,0.6352637721755368,-0.040922035480859154,0.0901310391204217,0.0874896470050453,-0.0026413921153763953,0.6771334134615384,0.6253004807692306,-0.05183293269230782,0.7540490604646812,0.7290681680981249,-0.024980892366556318,0.1254196346534165,0.1107697906707333,-0.014649843982683194,0.7753709086083878,0.7131755329248779,-0.06219537568350986,0.5792799216603444,0.5633087095823469,-0.015971212077997454,0.1252271426552936,0.132533662522849,0.0073065198675554,0.6120689655172413,0.5948275862068966,-0.01724137931034475,0.5883543417366947,0.5607049486461252,-0.027649393090569463,0.1282029973169718,0.1179629959637126,-0.010240001353259198,0.6159855769230769,0.5949519230769231,-0.021033653846153744,0.636890756302521,0.5952380952380951,-0.04165266106442589,0.2491488795546156,0.2292400933697316,-0.01990878618488398,0.6727272727272727,0.6440677966101694,-0.02865947611710329,0.5231372549019608,0.5349019607843137,0.0117647058823529,0.1414072188322437,0.2199521111067481,0.0785448922745044,0.578125,0.59375,0.015625,0.5539165521603525,0.5353050193050194,-0.018611532855333124,0.1884114085889425,0.2074902089712196,0.019078800382277078,0.6218487394957983,0.6178861788617886,-0.003962560634009682,0.6535714285714286,0.5865079365079365,-0.06706349206349205,0.1795370716334177,0.1855582033023579,0.006021131668940194,0.6538461538461539,0.5961538461538461,-0.05769230769230771,0.1861964662154853,0.142707605606767,-0.04348886060871829,0.2109321401480122,0.2017971001675725,-0.009135039980439713,0.2282672974571259,0.1882072662298987,-0.040060031227227205,0.2347334076857528,0.2515477359889785,0.016814328303225712,7.6,7.6,0.0,21,21,0
Post1_Post2,Post1,Post2,elasticnet_then_mrmr_auto_k,elasticnet_then_mrmr,LogisticRegression,elasticnet_then_mrmr_auto_k_no_smote,elasticnet_then_mrmr_auto_k_smote,0.6486196700902583,0.6720292561469032,0.023409586056644893,0.1229582172925486,0.1006195068717247,-0.0223387104208239,0.7037259615384616,0.698016826923077,-0.005709134615384581,0.7138704696353078,0.7209567343893925,0.007086264754084692,0.1793833122641741,0.1717457067072491,-0.007637605556924998,0.7411727656940855,0.7354768748803366,-0.005695890813748883,0.6595452687221319,0.63821910384758,-0.021326164874551967,0.0760896065669639,0.0966620681612469,0.020572461594282998,0.6637931034482759,0.6551724137931034,-0.008620689655172487,0.659640522875817,0.6481232492997199,-0.011517273576097109,0.0679306360836078,0.071413486503879,0.0034828504202712024,0.6592548076923077,0.6532451923076923,-0.006009615384615419,0.6871572871572871,0.6888888888888889,0.0017316017316018062,0.2159930718470097,0.2316807909907166,0.015687719143706896,0.6923076923076923,0.6935483870967742,0.001240694789081953,0.6803921568627451,0.6486274509803922,-0.03176470588235292,0.1528405903521966,0.1892391532740314,0.0363985629218348,0.703125,0.671875,-0.03125,0.6521974083264406,0.6225252787140264,-0.029672129612414166,0.1296401104323593,0.1526500713997222,0.023009960967362908,0.6976744186046512,0.6825396825396826,-0.015134736064968624,0.638888888888889,0.6476190476190476,0.0087301587301587,0.1825741858350553,0.1897871133667952,0.00721292753173991,0.6153846153846154,0.6346153846153846,0.019230769230769162,0.3060115236183546,0.2866250681132429,-0.0193864555051117,0.1415829595065599,0.1539857474512105,0.012402787944650578,0.3190848886213124,0.3053892215568862,-0.013695667064426209,0.2249437300535475,0.2268607435680425,0.0019170135144949974,7.6,7.6,0.0,21,21,0
Post1_Post2,Post1,Post2,elasticnet_then_mrmr_auto_k,elasticnet_then_mrmr,NaiveBayes,elasticnet_then_mrmr_auto_k_no_smote,elasticnet_then_mrmr_auto_k_smote,0.5860410830999067,0.5668541861188919,-0.019186896981014723,0.0792732483499611,0.0987758470298219,0.01950259867986079,0.5841346153846153,0.5778245192307692,-0.006310096153846145,0.6670186221029926,0.6466942860241808,-0.02032433607881179,0.156633310525993,0.1820682799460614,0.0254349694200684,0.6420771983622114,0.6322945817589621,-0.009782616603249306,0.5528692849604974,0.5348616221252483,-0.018007662835249016,0.0856721676196707,0.0763749248549366,-0.009297242764734093,0.5603448275862069,0.5431034482758621,-0.01724137931034475,0.5098856209150326,0.4940032679738562,-0.01588235294117646,0.0978614946911848,0.080825813737078,-0.01703568095410679,0.5366586538461539,0.5210336538461539,-0.015625,0.555324478178368,0.543510752688172,-0.011813725490196103,0.2175522976463091,0.2085630572502666,-0.008989240396042486,0.5764705882352941,0.5662650602409639,-0.010205527994330166,0.6725490196078432,0.6407843137254903,-0.03176470588235292,0.2574234263886479,0.2771924937388448,0.0197690673501969,0.765625,0.734375,-0.03125,0.581139122315593,0.5542496392496392,-0.026889483065953734,0.1895521338263604,0.1884778426942216,-0.001074291132138805,0.6577181208053692,0.6394557823129252,-0.018262338492443964,0.3472222222222222,0.3472222222222222,0.0,0.3267875815522831,0.3267875815522831,0.0,0.3076923076923077,0.3076923076923077,0.0,0.0241995971942495,-0.007098413535466,-0.031298010729715504,0.1777397726295999,0.1434471541081301,-0.03429261852146978,0.0762023735165522,0.043559427504667,-0.03264294601188519,0.351247826546294,0.3524955036417115,0.0012476770954175098,7.6,7.6,0.0,21,21,0
Post1_Post2,Post1,Post2,elasticnet_then_mrmr_auto_k,elasticnet_then_mrmr,RandomForest,elasticnet_then_mrmr_auto_k_no_smote,elasticnet_then_mrmr_auto_k_smote,0.674502801120448,0.6640359477124184,-0.010466853408029664,0.0892667786564103,0.1060177813400737,0.01675100268366339,0.6853966346153847,0.6884014423076924,0.0030048076923077094,0.7652165636788386,0.7591680162400479,-0.006048547438790686,0.1255891854839949,0.127755459181982,0.002166273697987109,0.7659935667571693,0.7640846667013345,-0.0019089000558348834,0.5594801441297548,0.6219973760018254,0.06251723187207059,0.1151359418474336,0.1139790424032203,-0.001156899444213308,0.5862068965517241,0.646551724137931,0.06034482758620696,0.5577287581699346,0.6159803921568627,0.05825163398692812,0.1128881067067024,0.1180914989270742,0.005203392220371791,0.5853365384615384,0.6454326923076923,0.060096153846153855,0.6047862079441028,0.6707070707070707,0.06592086276296794,0.2370649284620513,0.2746917649996011,0.03762683653754978,0.6333333333333333,0.6885245901639344,0.05519125683060111,0.5349019607843137,0.5819607843137256,0.04705882352941182,0.1702990562233316,0.2262388254731715,0.0559397692498399,0.59375,0.65625,0.0625,0.5428571428571429,0.5868620268620269,0.044004884004884004,0.1864332846208328,0.2059731652461106,0.019539880625277783,0.6129032258064516,0.672,0.05909677419354842,0.5805555555555556,0.65,0.06944444444444442,0.2007701222176961,0.2030629653610785,0.002292843143382406,0.5769230769230769,0.6346153846153846,0.05769230769230771,0.1313618979332683,0.2389922959715346,0.1076303980382663,0.1820916560802516,0.2145941115583135,0.03250245547806191,0.1694510739856802,0.2893006575014943,0.1198495835158141,0.2240113849833165,0.2212281090241811,-0.002783275959135384,7.6,7.6,0.0,21,21,0
Post1_Post2,Post1,Post2,elasticnet_then_mrmr_auto_k,elasticnet_then_mrmr,SVM_Linear,elasticnet_then_mrmr_auto_k_no_smote,elasticnet_then_mrmr_auto_k_smote,0.6592094615624028,0.6422128851540616,-0.01699657640834118,0.1163395206808255,0.1373285129438131,0.020988992262987602,0.6730769230769231,0.6727764423076923,-0.00030048076923083755,0.7137210701366699,0.6902798218201289,-0.02344124831654093,0.1733561471163715,0.2120181254116141,0.038661978295242594,0.7415987569945897,0.7016536241436158,-0.0399451328509739,0.5989793978114333,0.6069635777644675,0.007984179953034243,0.177994927830803,0.1211020061092781,-0.05689292172152491,0.6379310344827587,0.6293103448275862,-0.008620689655172487,0.6395891690009337,0.6215359477124183,-0.018053221288515386,0.0842513260279544,0.0907446611785071,0.006493335150552698,0.6231971153846154,0.6243990384615384,0.0012019230769230171,0.6696078431372549,0.66514853433012,-0.004459308807134854,0.2426069485564856,0.2440460591034694,0.0014391105469838128,0.6447368421052632,0.6615384615384615,0.016801619433198356,0.7823529411764707,0.6486274509803921,-0.1337254901960786,0.1780323052990771,0.1964169626632021,0.018384657364125007,0.765625,0.671875,-0.09375,0.6595149279223885,0.6066208301502419,-0.0528940977721466,0.1369562889269979,0.1600233672263942,0.023067078299396304,0.7,0.6666666666666666,-0.033333333333333326,0.4968253968253968,0.5944444444444444,0.09761904761904766,0.3187908624922715,0.2205492582364356,-0.09824160425583592,0.4807692307692308,0.5769230769230769,0.09615384615384609,0.2772199169163116,0.2404543228331968,-0.036765594083114805,0.162994830453785,0.1815530872177494,0.018558256763964415,0.2518427518427518,0.2492474413004214,-0.0025953105423303924,0.2325935821752504,0.2324811960776435,-0.00011238609760688689,7.6,7.6,0.0,21,21,0
Post1_Post2,Post1,Post2,elasticnet_then_mrmr_auto_k,elasticnet_then_mrmr,SVM_RBF,elasticnet_then_mrmr_auto_k_no_smote,elasticnet_then_mrmr_auto_k_smote,0.6732687519452225,0.6723506069094304,-0.0009181450357921284,0.1077760578635525,0.1106301945740519,0.0028541367104994025,0.6822415865384616,0.6899038461538461,0.007662259615384581,0.7592320782571153,0.7602401239796582,0.0010080457225429829,0.1217886444186711,0.1269452862585299,0.005156641839858811,0.7590027753209373,0.7666695993273515,0.0076668240064141635,0.606671705503741,0.6151008242776874,0.008429118773946365,0.1139488054741339,0.1169407268465891,0.0029919213724552,0.6379310344827587,0.6379310344827587,0.0,0.6378734827264239,0.6350980392156862,-0.002775443510737663,0.0550917880412494,0.0854650079821484,0.030373219940898998,0.625,0.6358173076923077,0.01081730769230771,0.6183333333333333,0.6821969696969696,0.06386363636363634,0.1709978882260766,0.2469871252448818,0.07598923701880522,0.6486486486486487,0.6774193548387096,0.028770706190060946,0.7705882352941177,0.6368627450980392,-0.1337254901960785,0.1845222016630367,0.1795821541693853,-0.0049400474936514005,0.75,0.65625,-0.09375,0.650425455303504,0.6087797260211054,-0.041645729282398625,0.1270842277005502,0.156567383722388,0.029483156021837792,0.6956521739130435,0.6666666666666666,-0.02898550724637683,0.5051587301587301,0.6333333333333333,0.12817460317460316,0.1627738888037367,0.2211083193570266,0.05833443055328991,0.5,0.6153846153846154,0.11538461538461542,0.2563498954998969,0.2633198738299537,0.006969978330056803,0.1265459952754957,0.167973904019389,0.041427908743893294,0.2545899632802937,0.2706586826347305,0.016068719354436767,0.2198547537177715,0.2187814016966457,-0.0010733520211257952,7.6,7.6,0.0,21,21,0
Post1_Post2,Post1,Post2,elasticnet_then_mrmr_auto_k,elasticnet_then_mrmr,XGBoost,elasticnet_then_mrmr_auto_k_no_smote,elasticnet_then_mrmr_auto_k_smote,0.5918806411453471,0.5961033302209773,0.0042226890756301705,0.111533668408218,0.1086069604851461,-0.0029267079230718973,0.6153846153846153,0.6177884615384616,0.0024038461538462563,0.7110551193821184,0.7205704212506121,0.009515301868493697,0.1201118274427524,0.1228302423739625,0.0027184149312101114,0.6921065567435437,0.6698056682784941,-0.02230088846504963,0.5633500660753163,0.5938098361902588,0.030459770114942497,0.0865232144829864,0.0607325657738023,-0.0257906487091841,0.5862068965517241,0.6120689655172413,0.025862068965517238,0.5440849673202613,0.5755742296918767,0.03148926237161531,0.0899500765746831,0.0739193675963938,-0.0160307089782893,0.5763221153846154,0.6087740384615384,0.03245192307692302,0.5611764705882353,0.5888519091847265,0.027675438596491242,0.200170630788383,0.194823910343191,-0.005346720445192021,0.6142857142857143,0.6507936507936508,0.03650793650793649,0.5937254901960785,0.5701960784313725,-0.02352941176470591,0.1914689567513798,0.1715945078519471,-0.019874448899432684,0.671875,0.640625,-0.03125,0.5627190658150412,0.568954248366013,0.006235182550971885,0.1887168432158362,0.1779182931804071,-0.010798550035429094,0.6417910447761194,0.6456692913385826,0.0038782465624632723,0.4944444444444444,0.580952380952381,0.08650793650793659,0.1387777332977421,0.0979314912146718,-0.04084624208307029,0.4807692307692308,0.5769230769230769,0.09615384615384609,0.0998252586987238,0.1540606573635147,0.05423539866479091,0.1629549028392435,0.1416262452754023,-0.021328657563841197,0.1543134872417982,0.2171565686862627,0.06284308144446452,0.2803986711552431,0.2696406175647296,-0.010758053590513461,7.6,7.6,0.0,21,21,0
Post1_Post2,Post1,Post2,mrmr_then_elasticnet_no_corr_auto_k,mrmr_then_elasticnet_no_corr,ExtraTrees,mrmr_then_elasticnet_no_corr_auto_k_no_smote,mrmr_then_elasticnet_no_corr_auto_k_smote,0.7571148459383753,0.7418588546529723,-0.015255991285403003,0.0939329828454623,0.0754940915396762,-0.01843889130578609,0.7244591346153846,0.7244591346153846,0.0,0.8121320873098513,0.8187874080887421,0.00665532077889075,0.0388500585309339,0.038606193679458,-0.0002438648514759001,0.7781618354975696,0.7819703291200711,0.003808493622501574,0.6377679853208218,0.6284428091992051,-0.009325176121616652,0.0575390804832426,0.0751832679759874,0.017644187492744802,0.646551724137931,0.646551724137931,0.0,0.6704761904761904,0.6442857142857144,-0.026190476190476097,0.0339507482293225,0.0476020053354393,0.013651257106116796,0.6490384615384616,0.6508413461538461,0.0018028846153845812,0.7229532163742689,0.7138347763347763,-0.009118440039492581,0.2026518305871936,0.2370013598040601,0.03434952921686649,0.7017543859649122,0.7090909090909091,0.007336523125996863,0.6599999999999999,0.5933333333333333,-0.06666666666666665,0.262497981537799,0.1740027884719136,-0.08849519306588541,0.625,0.609375,-0.015625,0.6135353535353535,0.5942124542124542,-0.019322899322899323,0.1264563395971355,0.1451105084687138,0.01865416887157828,0.6611570247933884,0.6554621848739496,-0.0056948399194388655,0.680952380952381,0.6952380952380952,0.014285714285714235,0.2042876259453482,0.1985459869761121,-0.005741638969236101,0.6730769230769231,0.6923076923076923,0.019230769230769162,0.302895583455085,0.2736093286004599,-0.029286254854625104,0.0569960138833856,0.1062160582714778,0.0492200443880922,0.2943620178041543,0.2968657599053814,0.0025037421012271133,0.2266175840597749,0.2265105051569295,-0.00010707890284539223,5.6,5.6,0.0,21,21,0
Post1_Post2,Post1,Post2,mrmr_then_elasticnet_no_corr_auto_k,mrmr_then_elasticnet_no_corr,GradientBoosting,mrmr_then_elasticnet_no_corr_auto_k_no_smote,mrmr_then_elasticnet_no_corr_auto_k_smote,0.6924688764394646,0.700296451914099,0.007827575474634307,0.1152052886925318,0.1382389439927888,0.023033655300257,0.6481370192307693,0.6618088942307692,0.013671874999999889,0.7413710554102785,0.7573374918706988,0.015966436460420286,0.0282348956030964,0.0597265101782528,0.031491614575156396,0.6845060631784157,0.7055754086680992,0.021069345489683533,0.6008418660810206,0.5916317275605374,-0.009210138520483246,0.0986115669591354,0.0782792106702923,-0.020332356288843098,0.6120689655172413,0.6120689655172413,0.0,0.6236601307189542,0.6232749766573296,-0.0003851540616246485,0.1157636737500557,0.056346686560865,-0.059416987189190695,0.6069711538461539,0.6123798076923077,0.005408653846153855,0.6208333333333333,0.6311779448621555,0.010344611528822156,0.1418136492412176,0.1666457936314232,0.024832144390205618,0.6461538461538462,0.6610169491525424,0.014863102998696198,0.691764705882353,0.6564705882352941,-0.03529411764705881,0.208391433651619,0.2240118632548123,0.015620429603193292,0.65625,0.609375,-0.046875,0.6197072072072072,0.5972239791974137,-0.02248322800979352,0.1079683940875972,0.109916535140545,0.0019481410529477994,0.6511627906976745,0.6341463414634146,-0.017016449234259823,0.5555555555555556,0.5900793650793651,0.03452380952380951,0.1675900347666483,0.1805254640893668,0.012935429322718489,0.5576923076923077,0.6153846153846154,0.05769230769230771,0.2152837005495676,0.2167343858545888,0.001450685305021182,0.2091224777787446,0.1021444490290323,-0.1069780287497123,0.2143287176399758,0.2227516378796902,0.008422920239714415,0.2362045510352014,0.2271661586340383,-0.009038392401163109,5.6,5.6,0.0,21,21,0
Post1_Post2,Post1,Post2,mrmr_then_elasticnet_no_corr_auto_k,mrmr_then_elasticnet_no_corr,KNN,mrmr_then_elasticnet_no_corr_auto_k_no_smote,mrmr_then_elasticnet_no_corr_auto_k_smote,0.7404322284469342,0.6805217086834734,-0.059910519763460846,0.1255902513237027,0.0936050466981003,-0.03198520462560239,0.6682692307692308,0.6894531249999999,0.02118389423076905,0.7877032254036138,0.7651586300694767,-0.022544595334137107,0.0605443363580232,0.0342686420027374,-0.026275694355285796,0.7497001103202967,0.7510674767219122,0.0013673664016154996,0.5659317570329806,0.6325632469125239,0.06663148987954326,0.0818822387337536,0.1064516773623071,0.0245694386285535,0.5862068965517241,0.646551724137931,0.06034482758620696,0.5945238095238095,0.6487301587301587,0.05420634920634926,0.0881309729662951,0.084404908542749,-0.003726064423546102,0.5763221153846154,0.6490384615384616,0.07271634615384615,0.5895437895437895,0.69356591121297,0.10402212166918046,0.1580488971506691,0.2371617992328929,0.0791129020822238,0.6142857142857143,0.7017543859649122,0.08746867167919792,0.72,0.6133333333333333,-0.10666666666666669,0.170389336378651,0.1766813556166292,0.0062920192379782025,0.671875,0.625,-0.046875,0.6146161365516204,0.607563025210084,-0.007053111341536411,0.0870035467727328,0.1555016983625272,0.0684981515897944,0.6417910447761194,0.6611570247933884,0.01936598001726908,0.469047619047619,0.684126984126984,0.21507936507936504,0.1709649816287261,0.1786260939255263,0.007661112296800221,0.4807692307692308,0.6730769230769231,0.19230769230769235,0.1568565025097958,0.2844839061768395,0.1276274036670437,0.1599828023609961,0.1752519065903117,0.0152691042293156,0.1543134872417982,0.2943620178041543,0.14004853056235608,0.2340986130030549,0.2242478050394015,-0.009850807963653396,5.6,5.6,0.0,21,21,0
Post1_Post2,Post1,Post2,mrmr_then_elasticnet_no_corr_auto_k,mrmr_then_elasticnet_no_corr,LightGBM,mrmr_then_elasticnet_no_corr_auto_k_no_smote,mrmr_then_elasticnet_no_corr_auto_k_smote,0.6813554310613134,0.7190787426081544,0.037723311546841054,0.0600380477822879,0.0647304657075411,0.004692417925253198,0.6565504807692308,0.6878004807692308,0.03125,0.7221914110091222,0.7990350864752902,0.076843675466168,0.1047879040444526,0.0329393878648337,-0.0718485161796189,0.6496396207719749,0.7690023286416217,0.11936270786964676,0.6212957417073101,0.6452687221319034,0.023972980424593393,0.0753118995280314,0.1017566295671194,0.026444730039087996,0.6379310344827587,0.6724137931034483,0.03448275862068961,0.6319117647058824,0.6540756302521007,0.022163865546218298,0.0899787153076999,0.0752230128201716,-0.014755702487528291,0.6286057692307692,0.6724759615384616,0.0438701923076924,0.6248801198801199,0.6642683632157317,0.03938824333561175,0.1537089168244516,0.1984125060870909,0.044703589262639315,0.6571428571428571,0.7166666666666667,0.059523809523809534,0.7388235294117647,0.6486274509803921,-0.09019607843137256,0.2062551247135164,0.1528224778199465,-0.053432646893569885,0.71875,0.671875,-0.046875,0.6442619172030937,0.6308333333333334,-0.013428583869760313,0.1156647751547969,0.1581929201955637,0.042528145040766796,0.6865671641791045,0.6935483870967742,0.006981222917669783,0.525,0.6595238095238095,0.1345238095238095,0.2019197982820694,0.1403303879701609,-0.06158941031190851,0.5384615384615384,0.6730769230769231,0.1346153846153847,0.2315725257767433,0.2993279167120303,0.06775539093528699,0.1490402586980137,0.1605609462345311,0.011520687536517388,0.2600243013365735,0.3424821002386635,0.08245779890208998,0.2343915047834966,0.2326484297643004,-0.0017430750191962108,5.6,5.6,0.0,21,21,0
Post1_Post2,Post1,Post2,mrmr_then_elasticnet_no_corr_auto_k,mrmr_then_elasticnet_no_corr,LogisticRegression,mrmr_then_elasticnet_no_corr_auto_k_no_smote,mrmr_then_elasticnet_no_corr_auto_k_smote,0.7515958605664487,0.7490701836290071,-0.0025256769374415455,0.0899642325356917,0.0988509041618339,0.008886671626142192,0.7406850961538461,0.73046875,-0.010216346153846145,0.8005489215027379,0.7959318654977745,-0.004617056004963427,0.0471866100287402,0.0531180453942265,0.0059314353654863,0.7867392861145599,0.7813376254253497,-0.005401660689210219,0.6839983647547607,0.6353393609233431,-0.048659003831417635,0.0354632732424623,0.0788128015463168,0.0433495283038545,0.6810344827586207,0.6551724137931034,-0.025862068965517238,0.7037581699346405,0.6673692810457517,-0.036388888888888804,0.0531374960802958,0.0299844214610116,-0.023153074619284196,0.6784855769230769,0.6514423076923077,-0.027043269230769162,0.725115995115995,0.678888888888889,-0.04622710622710602,0.1864734219446595,0.1835991339176431,-0.0028742880270163917,0.7142857142857143,0.6875,-0.0267857142857143,0.7352941176470588,0.7152941176470589,-0.019999999999999907,0.1764705882352941,0.2053134998435151,0.028842911608221,0.703125,0.6875,-0.015625,0.6872072072072072,0.6451382416899658,-0.042068965517241375,0.0654389014072283,0.1121097990481851,0.046670897640956804,0.7086614173228346,0.6875,-0.021161417322834608,0.6722222222222222,0.6194444444444445,-0.0527777777777777,0.1845916413981794,0.2055555555555555,0.020963914157376085,0.6538461538461539,0.6153846153846154,-0.038461538461538436,0.367340510386384,0.3030242384611042,-0.06431627192527978,0.0677772052695921,0.0774369924473318,0.009659787177739701,0.3563287342531493,0.3028846153846154,-0.053444118868533896,0.2096980637103474,0.2106493855447079,0.0009513218343605023,5.6,5.6,0.0,21,21,0
Post1_Post2,Post1,Post2,mrmr_then_elasticnet_no_corr_auto_k,mrmr_then_elasticnet_no_corr,NaiveBayes,mrmr_then_elasticnet_no_corr_auto_k_no_smote,mrmr_then_elasticnet_no_corr_auto_k_smote,0.7088165266106443,0.7048692810457516,-0.003947245564892676,0.0765673106517387,0.082593434508938,0.006026123857199292,0.6989182692307693,0.6944110576923077,-0.004507211538461564,0.7370866505678062,0.7228718725293166,-0.014214778038489584,0.1501585027891842,0.1656120153559112,0.015453512566727001,0.7379682475588205,0.7266501523596146,-0.011318095199205902,0.654534953366989,0.6382129241417339,-0.016322029225255053,0.0465399285241953,0.0503354594720695,0.003795530947874201,0.6637931034482759,0.646551724137931,-0.017241379310344862,0.6601890756302521,0.6467577030812325,-0.013431372549019605,0.0375950718824424,0.0202723619150692,-0.017322709967373198,0.6682692307692308,0.6544471153846154,-0.013822115384615419,0.697844611528822,0.7016666666666667,0.0038220551378446155,0.1848801088384825,0.1897659376998704,0.004885828861387914,0.7272727272727273,0.7254901960784313,-0.0017825311942959443,0.6215686274509804,0.5780392156862744,-0.04352941176470604,0.1273151614176307,0.1800952373110254,0.0527800758933947,0.625,0.578125,-0.046875,0.6298984468339308,0.5938556487522005,-0.036042798081730276,0.1131741043889741,0.1224111676549367,0.009237063265962603,0.6722689075630253,0.6434782608695652,-0.028790646693460098,0.6988095238095239,0.7154761904761905,0.016666666666666607,0.1684728286054818,0.1843321243667803,0.015859295761298492,0.7115384615384616,0.7307692307692307,0.019230769230769162,0.3022440238173383,0.2762809692681711,-0.025963054549167197,0.0863474657108298,0.0627541112405064,-0.023593354470323402,0.3311649911295091,0.3018203170874926,-0.029344674042016516,0.2509670363070412,0.2584994178260642,0.007532381519023024,5.6,5.6,0.0,21,21,0
Post1_Post2,Post1,Post2,mrmr_then_elasticnet_no_corr_auto_k,mrmr_then_elasticnet_no_corr,RandomForest,mrmr_then_elasticnet_no_corr_auto_k_no_smote,mrmr_then_elasticnet_no_corr_auto_k_smote,0.7172961406784936,0.7125217864923747,-0.004774354186118823,0.1021512931988608,0.1094127543556425,0.0072614611567817094,0.6873497596153847,0.689453125,0.0021033653846153078,0.7734309767037313,0.8056586069052425,0.032227630201511204,0.0497453095284318,0.0467344234539463,-0.0030108860744854984,0.7369784351167485,0.7614528706989903,0.024474435582241716,0.6344433035756729,0.6361351168915128,0.0016918133158398962,0.065767036585905,0.0863913352924964,0.020624298706591396,0.646551724137931,0.6551724137931034,0.008620689655172376,0.6548692810457517,0.6476680672268907,-0.007201213818860963,0.0579849817267947,0.0544300664473543,-0.0035549152794404,0.6418269230769231,0.6568509615384616,0.015024038461538436,0.6513157894736842,0.676173957621326,0.024858168147641857,0.1548189701291472,0.2004609607375151,0.045641990608367905,0.676923076923077,0.7068965517241379,0.02997347480106094,0.7152941176470589,0.6250980392156862,-0.09019607843137267,0.2119476334096667,0.1601345070913807,-0.051813126318286024,0.6875,0.640625,-0.046875,0.6425174390691633,0.6152380952380951,-0.027279343831068115,0.1103270010707017,0.1442283399993112,0.0339013389286095,0.6821705426356589,0.6721311475409836,-0.01003939509467533,0.5944444444444444,0.6702380952380953,0.07579365079365086,0.1644294287438749,0.1633475243345403,-0.0010819044093345886,0.5961538461538461,0.6730769230769231,0.07692307692307698,0.277784126672142,0.2847630647998691,0.006978938127727152,0.0929905260087394,0.1250138587290467,0.03202333272030729,0.2841661649608669,0.3103448275862068,0.02617866262533991,0.2226588062405021,0.2228349792385227,0.00017617299802058506,5.6,5.6,0.0,21,21,0
Post1_Post2,Post1,Post2,mrmr_then_elasticnet_no_corr_auto_k,mrmr_then_elasticnet_no_corr,SVM_Linear,mrmr_then_elasticnet_no_corr_auto_k_no_smote,mrmr_then_elasticnet_no_corr_auto_k_smote,0.7491269841269841,0.7588632119514472,0.00973622782446315,0.1018651858911312,0.0970100834951255,-0.0048551023960057005,0.7337740384615384,0.7373798076923077,0.0036057692307692735,0.7990862398950959,0.8075531273577907,0.008466887462694861,0.0366780469228779,0.0363884769065432,-0.00028957001633470036,0.7889495299747875,0.7863657245492927,-0.002583805425494856,0.647446830761625,0.6575026382590342,0.010055807497409197,0.0834595954226268,0.008234895585539,-0.07522469983708781,0.6724137931034483,0.6551724137931034,-0.017241379310344862,0.6704715219421101,0.6844444444444444,0.013972922502334284,0.0298022556510416,0.0539675383370049,0.0241652826859633,0.6598557692307692,0.6568509615384616,-0.0030048076923075984,0.6487394957983194,0.7293506493506493,0.08061115355232995,0.1618611399658987,0.188856087246343,0.026994947280444298,0.6756756756756757,0.7068965517241379,0.031220876048462243,0.7941176470588236,0.6799999999999999,-0.11411764705882366,0.1744987879316626,0.2055829756122614,0.031084187680598813,0.78125,0.640625,-0.140625,0.6796269727403157,0.6488522288522288,-0.030774743888086875,0.1142523850416977,0.059104233613532,-0.0551481514281657,0.7246376811594203,0.6721311475409836,-0.05250653361843671,0.5468253968253969,0.6888888888888889,0.142063492063492,0.1518426337928113,0.19436506316151,0.04252242936869871,0.5384615384615384,0.6730769230769231,0.1346153846153847,0.3158822058325956,0.3238384603655613,0.007956254532965723,0.0865214955520502,0.052742573776971,-0.0337789217750792,0.3255813953488371,0.3103448275862068,-0.015236567762630326,0.21495078596564,0.2068182458389549,-0.0081325401266851,5.6,5.6,0.0,21,21,0
Post1_Post2,Post1,Post2,mrmr_then_elasticnet_no_corr_auto_k,mrmr_then_elasticnet_no_corr,SVM_RBF,mrmr_then_elasticnet_no_corr_auto_k_no_smote,mrmr_then_elasticnet_no_corr_auto_k_smote,0.761338313103019,0.7632990974167445,0.0019607843137254832,0.1225804877515825,0.1235557281703657,0.0009752404187831909,0.7292668269230769,0.7442908653846153,0.015024038461538436,0.8157788672199633,0.816849522055324,0.0010706548353607293,0.0385030275637401,0.0388682812680483,0.0003652537043082049,0.7834445204229583,0.7815983708857402,-0.001846149537218067,0.6418912752060694,0.6700136904252588,0.028122415219189456,0.1142289220474683,0.0543378280178754,-0.0598910940295929,0.6724137931034483,0.6810344827586207,0.008620689655172376,0.6805228758169934,0.6993137254901961,0.01879084967320266,0.0430989134418639,0.0398197485088766,-0.0032791649329872996,0.6670673076923077,0.6802884615384616,0.013221153846153855,0.7185355820649938,0.7423737373737374,0.023838155308743558,0.2341625663749826,0.2185935602369932,-0.015569006137989394,0.696969696969697,0.7213114754098361,0.024341778440139072,0.7388235294117647,0.7152941176470589,-0.0235294117647058,0.2062551247135164,0.2053134998435151,-0.0009416248700012952,0.71875,0.6875,-0.03125,0.6600474035768154,0.6667743067743068,0.006726903197491474,0.1228855805178461,0.094980590173437,-0.02790499034440909,0.7076923076923077,0.704,-0.0036923076923077724,0.6222222222222222,0.6833333333333332,0.061111111111111005,0.270801280154532,0.2287917809108222,-0.04200949924370978,0.6153846153846154,0.6730769230769231,0.05769230769230771,0.3340184625290488,0.3574391938307314,0.023420731301682596,0.113471426249668,0.0732027568948661,-0.04026866935480189,0.3353437876960192,0.3586371787208607,0.023293391024841514,0.211268585290077,0.2070082627018161,-0.004260322588260895,5.6,5.6,0.0,21,21,0
Post1_Post2,Post1,Post2,mrmr_then_elasticnet_no_corr_auto_k,mrmr_then_elasticnet_no_corr,XGBoost,mrmr_then_elasticnet_no_corr_auto_k_no_smote,mrmr_then_elasticnet_no_corr_auto_k_smote,0.6608411142234671,0.6657282913165267,0.004887177093059525,0.0972783379604978,0.1319436018136809,0.034665263853183095,0.61328125,0.6256009615384616,0.012319711538461564,0.69893259548422,0.7178609184623025,0.018928322978082446,0.0758468164991867,0.0436591035304926,-0.032187712968694104,0.6930353607535633,0.6868640140397866,-0.006171346713776726,0.5349205670117795,0.5892002509911298,0.054279683979350346,0.0899644810553498,0.1125996574714671,0.0226351764161173,0.5517241379310345,0.5948275862068966,0.0431034482758621,0.573345004668534,0.6145238095238096,0.041178804855275586,0.0545684768815019,0.0986340104879862,0.044065533606484304,0.546875,0.5913461538461539,0.044471153846153855,0.57484593837535,0.5912785752259436,0.016432636850593596,0.1549461139275499,0.133747959572791,-0.021198154354758886,0.59375,0.6349206349206349,0.041170634920634885,0.6447058823529412,0.6599999999999999,0.01529411764705868,0.2405760100446354,0.3017457854405623,0.061169775395926884,0.59375,0.625,0.03125,0.5579899976184806,0.5762703962703963,0.018280398651915775,0.1219767651716054,0.1760151204870306,0.05403835531542521,0.59375,0.6299212598425197,0.036171259842519676,0.5019841269841271,0.569047619047619,0.06706349206349194,0.1890822006673856,0.1246713997832314,-0.0644108008841542,0.5,0.5576923076923077,0.05769230769230771,0.1255525991728917,0.2038862953364456,0.0783336961635539,0.1028835287419012,0.1780675869988861,0.07518405825698492,0.09375,0.182363527294541,0.088613527294541,0.3028820089404803,0.3013361887301274,-0.0015458202103528773,5.6,5.6,0.0,21,21,0
Post1_Pre,Post1,Pre,corr_mrmr_auto_k,corr_mrmr,ExtraTrees,corr_mrmr_auto_k_no_smote,corr_mrmr_auto_k_smote,0.5733006535947712,0.6033092125739186,0.030008558979147337,0.0799719075798812,0.0498353914339396,-0.030136516145941594,0.5540865384615384,0.5994591346153846,0.045372596153846145,0.6559812881640449,0.6751054206110927,0.019124132447047804,0.1442590822920988,0.1597302320831635,0.015471149791064703,0.6666336092001643,0.70581458262327,0.03918097342310567,0.5629312721637527,0.5502814142969872,-0.012649857866765535,0.097271297285349,0.0353339863831085,-0.0619373109022405,0.5431034482758621,0.5431034482758621,0.0,0.5841993464052286,0.5586041083099906,-0.025595238095238004,0.134693989637797,0.0485942677874491,-0.0860997218503479,0.5408653846153846,0.5426682692307692,0.0018028846153845812,0.6049112978524743,0.5809523809523809,-0.02395891690009344,0.1408539931938546,0.1393213222697885,-0.0015326709240661152,0.5901639344262295,0.5932203389830508,0.003056404556821324,0.6211764705882353,0.5545098039215686,-0.06666666666666676,0.2082585563610241,0.1031484374762264,-0.10511011888479771,0.5625,0.546875,-0.015625,0.575530857504292,0.5440554482238225,-0.031475409280469546,0.0648907131885163,0.0683547815379605,0.0034640683494441965,0.576,0.5691056910569106,-0.0068943089430894,0.5472222222222222,0.5626984126984127,0.015476190476190532,0.1990719207463213,0.1566611182497986,-0.04241080249652271,0.5192307692307693,0.5384615384615384,0.019230769230769162,0.1290704051989961,0.1006443759314668,-0.028426029267529296,0.2233262075543031,0.0857902371677776,-0.13753597038652549,0.081291093843395,0.084574151280524,0.0032830574371289917,0.2465641271553317,0.2445857796574493,-0.001978347497882421,11.6,11.6,0.0,35,35,0
Post1_Pre,Post1,Pre,corr_mrmr_auto_k,corr_mrmr,GradientBoosting,corr_mrmr_auto_k_no_smote,corr_mrmr_auto_k_smote,0.5413375350140056,0.4781559290382821,-0.06318160597572353,0.0398497413945039,0.0283763409764853,-0.011473400418018604,0.5634014423076923,0.4833233173076923,-0.080078125,0.5935709989338425,0.5791549828107543,-0.014416016123088182,0.1457542146479002,0.1511676282605137,0.0054134136126134935,0.6192667912396829,0.5480738103453251,-0.07119298089435777,0.5405764239468355,0.5042953709249594,-0.03628105302187612,0.0794479465818759,0.080938762630263,0.0014908160483871058,0.5603448275862069,0.5,-0.06034482758620685,0.5391946778711485,0.4996055088702147,-0.03958916900093379,0.029273749141486,0.0639941190346558,0.03472036989316979,0.5474759615384616,0.4927884615384615,-0.054687500000000056,0.5474675324675324,0.5106442577030812,-0.03682327476445124,0.155064935064935,0.1359632818574504,-0.01910165320748458,0.589041095890411,0.5454545454545454,-0.04358655043586557,0.6486274509803922,0.5662745098039215,-0.08235294117647074,0.1482249192344032,0.1607096909566972,0.012484771722294008,0.671875,0.5625,-0.109375,0.5727417256829022,0.5188513513513513,-0.05389037433155086,0.1399671118690133,0.1263198469818708,-0.013647264887142518,0.6277372262773723,0.5538461538461539,-0.0738910724312184,0.4297619047619047,0.4329365079365079,0.003174603174603219,0.1156907677452984,0.1066596983740514,-0.009031069371247008,0.4230769230769231,0.4230769230769231,0.0,0.0814579341482788,-0.0047398044171619,-0.0861977385654407,0.0629335656040714,0.1257446551774159,0.0628110895733445,0.0965180207697007,-0.0144752714113389,-0.11099329218103961,0.2659842478599301,0.2791578775865195,0.01317362972658942,11.6,11.6,0.0,35,35,0
Post1_Pre,Post1,Pre,corr_mrmr_auto_k,corr_mrmr,KNN,corr_mrmr_auto_k_no_smote,corr_mrmr_auto_k_smote,0.5857531901649548,0.5429540149393091,-0.04279917522564569,0.0886901900852134,0.0282418539466908,-0.060448336138522595,0.532752403846154,0.5431189903846154,0.010366586538461453,0.6110977535261699,0.6240165270320983,0.012918773505928405,0.1092777415853065,0.1400856343449153,0.03080789275960881,0.6011276316826716,0.6112171498864943,0.010089518203822756,0.5145256362720211,0.5504468402688647,0.03592120399684362,0.1337765363413471,0.0721700492470886,-0.06160648709425849,0.5431034482758621,0.5689655172413793,0.025862068965517238,0.5381629318394024,0.5776283846872082,0.03946545284780578,0.0537339097738615,0.0234932519342116,-0.0302406578396499,0.5228365384615384,0.5588942307692308,0.0360576923076924,0.5569828722002634,0.5825563909774436,0.02557351877718017,0.1579041901821837,0.1429783243666175,-0.014925865815566208,0.5679012345679012,0.6,0.032098765432098775,0.7552941176470588,0.6917647058823528,-0.06352941176470595,0.1527419516905174,0.208391433651619,0.05564948196110159,0.71875,0.65625,-0.0625,0.6049055330634278,0.5897232742733591,-0.015182258790068626,0.107623239785338,0.1010424032806338,-0.006580836504704202,0.6344827586206897,0.6268656716417911,-0.007617086978898624,0.321031746031746,0.4634920634920635,0.1424603174603175,0.2488269278234936,0.185914286554515,-0.06291264126897861,0.3269230769230769,0.4615384615384615,0.13461538461538458,0.0733800227709673,0.135665665141087,0.0622856423701197,0.1085384549161476,0.0341996573395132,-0.07433879757663439,0.0471171729696218,0.1190765492102066,0.07195937624058481,0.2852813480639595,0.2796347901166928,-0.005646557947266706,11.6,11.6,0.0,35,35,0
Post1_Pre,Post1,Pre,corr_mrmr_auto_k,corr_mrmr,LightGBM,corr_mrmr_auto_k_no_smote,corr_mrmr_auto_k_smote,0.5655446623093682,0.5694852941176471,0.0039406318082789715,0.0433783178759876,0.0367566258368589,-0.006621692039128699,0.561748798076923,0.5874399038461539,0.025691105769230838,0.642845315136864,0.6229063437287222,-0.019938971408141826,0.1757226577773408,0.1496085288245076,-0.026114128952833215,0.6534859615691131,0.6224617754326671,-0.031024186136445975,0.5309327552931558,0.5692854358594069,0.038352680566251185,0.0529831536766789,0.0297156525322619,-0.023267501144417,0.5258620689655172,0.5689655172413793,0.0431034482758621,0.5393790849673202,0.5784663865546219,0.03908730158730167,0.0519299452200754,0.0476829624980257,-0.004246982722049701,0.5252403846153846,0.5733173076923077,0.04807692307692313,0.5584523809523809,0.605,0.04654761904761906,0.152396018600424,0.1523519317603525,-4.408684007151109e-05,0.576271186440678,0.6296296296296297,0.053358443188951665,0.5509803921568628,0.5509803921568628,0.0,0.0873374802012552,0.0697113287632595,-0.017626151437995702,0.53125,0.53125,0.0,0.5342061986084756,0.5560185185185185,0.021812319910042843,0.0894126059022716,0.0609706579005715,-0.0284419480017001,0.5528455284552846,0.576271186440678,0.023425657985393422,0.5277777777777779,0.605952380952381,0.07817460317460312,0.1138550085106622,0.1279698841807854,0.014114875670123192,0.5192307692307693,0.6153846153846154,0.09615384615384615,0.0699288938774576,0.1398337111173838,0.0699048172399262,0.0991267545179448,0.0825998078662139,-0.016526946651730892,0.0500297796307325,0.1440377804014166,0.09400800077068411,0.2950476083229297,0.2577104314937811,-0.03733717682914861,11.6,11.6,0.0,35,35,0
Post1_Pre,Post1,Pre,corr_mrmr_auto_k,corr_mrmr,LogisticRegression,corr_mrmr_auto_k_no_smote,corr_mrmr_auto_k_smote,0.6405415499533147,0.640245876128229,-0.00029567382508566276,0.0568224971360964,0.0539158788685377,-0.002906618267558697,0.6376201923076923,0.6430288461538463,0.005408653846153966,0.6883532160792905,0.6930029357709138,0.004649719691623311,0.1603792569929944,0.1793398341979344,0.018960577204939988,0.7168408824615844,0.7272345238090834,0.010393641347498983,0.6126983447895572,0.6329430611410589,0.020244716351501713,0.0805523441220253,0.0614416675219388,-0.0191106766000865,0.603448275862069,0.6293103448275862,0.025862068965517238,0.6200513538748833,0.6438608776844071,0.023809523809523836,0.0894767398063707,0.0645634633271637,-0.024913276479207005,0.6045673076923077,0.6334134615384616,0.028846153846153855,0.6643137254901961,0.6885714285714286,0.02425770308123254,0.2238607794963056,0.2182511399528143,-0.005609639543491279,0.6551724137931034,0.6909090909090909,0.03573667711598749,0.5980392156862745,0.5980392156862745,0.0,0.0784313725490196,0.0784313725490196,0.0,0.59375,0.59375,0.0,0.6023692810457517,0.6133512544802867,0.010981973434534997,0.1026241357086835,0.1012425850214549,-0.0013815506872286026,0.6229508196721312,0.6386554621848739,0.015704642512742728,0.6420634920634921,0.6896825396825397,0.04761904761904756,0.1959594365705647,0.1601995480259064,-0.03575988854465828,0.6153846153846154,0.6730769230769231,0.05769230769230771,0.2191558384133013,0.2655656897645038,0.046409851351202486,0.1699224868843644,0.1253613977853876,-0.0445610890989768,0.2068965517241379,0.2625665286812537,0.055669976957115785,0.2402935120225349,0.2345789126247519,-0.005714599397783016,11.6,11.6,0.0,35,35,0
Post1_Pre,Post1,Pre,corr_mrmr_auto_k,corr_mrmr,NaiveBayes,corr_mrmr_auto_k_no_smote,corr_mrmr_auto_k_smote,0.5422471210706505,0.5060200746965453,-0.03622704637410523,0.1026439622158764,0.0993118668813917,-0.003332095334484711,0.5030048076923077,0.5066105769230769,0.0036057692307691624,0.5966757928438893,0.5836207383260457,-0.013055054517843612,0.1389123378341205,0.1667383532087348,0.02782601537461432,0.5815107777674167,0.5822621423003965,0.0007513645329798591,0.4518078016409496,0.4654003023302245,0.013592500689274922,0.0874223323171068,0.1242864546672243,0.03686412235011749,0.4655172413793103,0.4741379310344827,0.008620689655172431,0.4559197012138188,0.4736484593837534,0.017728758169934578,0.0607898812890338,0.0930816512739391,0.032291769984905294,0.4362980769230769,0.4477163461538461,0.011418269230769162,0.4838383838383837,0.4963059163059162,0.012467532467532516,0.1217328880418814,0.1434091859675462,0.021676297925664806,0.5111111111111111,0.5172413793103449,0.00613026819923379,0.7388235294117648,0.7270588235294118,-0.01176470588235301,0.216086615979649,0.2430942403443185,0.027007624364669497,0.71875,0.703125,-0.015625,0.5571206571206571,0.5565282094693859,-0.0005924476512711996,0.1204976959647567,0.1414908724389144,0.0209931764741577,0.5974025974025974,0.5960264900662252,-0.0013761073363721676,0.173015873015873,0.2202380952380952,0.04722222222222219,0.1705444573785814,0.2145867961252569,0.04404233874667551,0.1538461538461538,0.1923076923076923,0.03846153846153849,-0.1051321790449172,-0.0649723656224233,0.040159813422493904,0.1081094185224056,0.1847281324543165,0.07661871393191089,-0.1336696090794451,-0.1090909090909091,0.024578699988536012,0.4238500245514394,0.4148531510434955,-0.00899687350794387,11.6,11.6,0.0,35,35,0
Post1_Pre,Post1,Pre,corr_mrmr_auto_k,corr_mrmr,RandomForest,corr_mrmr_auto_k_no_smote,corr_mrmr_auto_k_smote,0.5367569249922192,0.5146498599439775,-0.02210706504824167,0.0338053162944281,0.0569197079454033,0.023114391650975195,0.5489783653846154,0.5522836538461539,0.003305288461538436,0.6384031557679967,0.6200985331206946,-0.018304622647302038,0.1404082006146449,0.1641616012809442,0.0237534006662993,0.6147692926810581,0.6262016563908307,0.01143236370977263,0.5104437028797429,0.4933259176863181,-0.017117785193424828,0.0388786900057821,0.008181613147245,-0.0306970768585371,0.5086206896551724,0.4913793103448275,-0.017241379310344862,0.5136227824463118,0.5001423902894491,-0.013480392156862697,0.0556585887155284,0.0312608806940973,-0.024397708021431104,0.5006009615384616,0.4867788461538461,-0.013822115384615474,0.5385964912280701,0.5177631578947368,-0.02083333333333326,0.1359782514274838,0.1220243363532274,-0.01395391507425639,0.5522388059701493,0.5396825396825397,-0.012556266287609641,0.5780392156862745,0.5427450980392157,-0.03529411764705881,0.1080418845974749,0.0873586076813533,-0.020683276916121596,0.578125,0.53125,-0.046875,0.5335559328428598,0.5104486995189081,-0.023107233323951704,0.0790861277828642,0.0662953283271753,-0.012790799455688895,0.5648854961832062,0.5354330708661418,-0.02945242531706438,0.4492063492063492,0.4575396825396826,0.00833333333333336,0.1665419034157723,0.0895947034391751,-0.0769471999765972,0.4230769230769231,0.4423076923076923,0.019230769230769218,0.018872764444589,-0.0063621751693042,-0.0252349396138932,0.1065942858372939,0.0505586271690021,-0.0560356586682918,0.0012084592145015,-0.0263947210557888,-0.0276031802702903,0.2598208799094934,0.2567737345816261,-0.0030471453278672622,11.6,11.6,0.0,35,35,0
Post1_Pre,Post1,Pre,corr_mrmr_auto_k,corr_mrmr,SVM_Linear,corr_mrmr_auto_k_no_smote,corr_mrmr_auto_k_smote,0.6093098350451291,0.6179154995331466,0.008605664488017473,0.0622027731649945,0.0771609580201565,0.014958184855162003,0.5973557692307692,0.6358173076923077,0.03846153846153855,0.6675206070736805,0.6618567103908473,-0.0056638966828332915,0.1758686997016023,0.2137905466701375,0.037921846968535206,0.6952147351641906,0.7266458591487396,0.03143112398454895,0.5501549680081382,0.5540187102478538,0.0038637422397155285,0.1526557133081062,0.159569218534507,0.006913505226400801,0.5862068965517241,0.5862068965517241,0.0,0.586017740429505,0.6102591036414566,0.024241363211951583,0.0547720727050417,0.0793203174699697,0.024548244764928007,0.5655048076923077,0.5817307692307692,0.016225961538461453,0.593984962406015,0.6434451513398882,0.04946018893387327,0.1820923174527169,0.214978650586015,0.03288633313329811,0.5975609756097561,0.625,0.027439024390243927,0.7823529411764707,0.6764705882352942,-0.10588235294117654,0.1780323052990771,0.1704867852492875,-0.007545520049789589,0.765625,0.625,-0.140625,0.6297682709447415,0.6024910394265233,-0.02727723151821826,0.1258490812473595,0.1069495312414061,-0.01889955000595339,0.6712328767123288,0.625,-0.046232876712328785,0.3896825396825397,0.544047619047619,0.15436507936507932,0.276509576653966,0.3086434366304534,0.03213385997648738,0.3653846153846153,0.5384615384615384,0.17307692307692313,0.1714782326259167,0.2094973111994388,0.0380190785735221,0.1074601560505927,0.1509300844514309,0.043469928400838215,0.1354037267080745,0.1634615384615384,0.028057811753463918,0.2432077540947834,0.2370769306452053,-0.0061308234495781044,11.6,11.6,0.0,35,35,0
Post1_Pre,Post1,Pre,corr_mrmr_auto_k,corr_mrmr,SVM_RBF,corr_mrmr_auto_k_no_smote,corr_mrmr_auto_k_smote,0.5117538126361655,0.5304341736694678,0.018680361033302284,0.0782580722773197,0.0631306556442185,-0.015127416633101201,0.5799278846153847,0.5446213942307693,-0.03530649038461542,0.614085662980987,0.5936010397177858,-0.020484623263201218,0.1843094092076883,0.1880286074385964,0.003719198230908105,0.6684266088351916,0.6489625156054837,-0.01946409322970788,0.6309066103838072,0.4856511983875721,-0.14525541199623515,0.0640787909885809,0.1348066723590009,0.07072788137042,0.6206896551724138,0.5086206896551724,-0.11206896551724144,0.5661181139122315,0.5489869281045752,-0.01713118580765638,0.0374433459613659,0.0495009483225384,0.012057602361172502,0.6129807692307692,0.5204326923076923,-0.09254807692307687,0.5221949891067539,0.4606060606060606,-0.06158892850069331,0.2643025137029038,0.2876155095940498,0.023312995891145993,0.6470588235294118,0.5777777777777777,-0.06928104575163407,0.5588235294117647,0.5035294117647059,-0.05529411764705883,0.31348029634057,0.3346970948913655,0.0212167985507955,0.6875,0.40625,-0.28125,0.5310754604872252,0.4254545454545455,-0.10562091503267973,0.2720574248657725,0.2382720162314665,-0.03378540863430601,0.6666666666666666,0.4770642201834862,-0.18960244648318042,0.5734126984126984,0.5944444444444443,0.021031746031745957,0.2570375053635504,0.3312900336861238,0.0742525283225734,0.5384615384615384,0.6346153846153846,0.09615384615384615,0.1331600409956068,0.0941387147302861,-0.039021326265320705,0.0750260678637233,0.09627741254371,0.021251344679986697,0.2276029055690073,0.0395119116792561,-0.1880909938897512,0.2487174300388414,0.2559741400982064,0.0072567100593650125,11.6,11.6,0.0,35,35,0
Post1_Pre,Post1,Pre,corr_mrmr_auto_k,corr_mrmr,XGBoost,corr_mrmr_auto_k_no_smote,corr_mrmr_auto_k_smote,0.5832913165266108,0.5533411142234672,-0.029950202303143603,0.0799460288407317,0.0430701224091588,-0.036875906431572895,0.5519831730769231,0.5585937499999999,0.006610576923076761,0.6537160993758138,0.6241828133371009,-0.029533286038712858,0.1387977818828144,0.137318298462696,-0.001479483420118416,0.6017743738140114,0.6058936568529637,0.0041192830389522594,0.5422558778509835,0.5713218866166586,0.02906600876567511,0.1111062484749895,0.0334729467087985,-0.07763330176619099,0.5517241379310345,0.5689655172413793,0.017241379310344862,0.5457656395891689,0.5748039215686275,0.02903828197945857,0.0980207772443796,0.033075770265654,-0.0649450069787256,0.5486778846153846,0.5697115384615384,0.021033653846153855,0.5516907653749759,0.5921380090497738,0.040447243674797906,0.1801383869467429,0.1388413006065413,-0.0412970863402016,0.5967741935483871,0.6206896551724138,0.02391546162402669,0.5780392156862745,0.5662745098039215,-0.01176470588235301,0.1597306460176038,0.1094841281536742,-0.05024651786392961,0.578125,0.5625,-0.015625,0.5452777777777778,0.5591562685680334,0.013878490790255604,0.1494527052652815,0.0894905114005887,-0.059962193864692814,0.5873015873015873,0.5901639344262295,0.0028623471246421728,0.5134920634920634,0.5833333333333334,0.06984126984126993,0.1207184339163907,0.1111111111111111,-0.009607322805279594,0.5192307692307693,0.5769230769230769,0.0576923076923076,0.0853748559994627,0.1351988104342342,0.0498239544347715,0.1937866283513765,0.0551040735051395,-0.13868255484623698,0.0970059880239521,0.1379310344827586,0.040925046458806486,0.3086830733320351,0.3078298581841518,-0.0008532151478832795,11.6,11.6,0.0,35,35,0
Post1_Pre,Post1,Pre,elasticnet_then_mrmr_auto_k,elasticnet_then_mrmr,ExtraTrees,elasticnet_then_mrmr_auto_k_no_smote,elasticnet_then_mrmr_auto_k_smote,0.5654520697167756,0.5622152194211016,-0.0032368502956739986,0.1209337210037279,0.1428956308802357,0.021961909876507812,0.6129807692307693,0.6478365384615384,0.03485576923076916,0.6770885679657386,0.6785957414786989,0.0015071735129603692,0.1246385702712266,0.1297011048229392,0.0050625345517126,0.6782166856737102,0.7292165125316841,0.050999826857973884,0.5991058441002823,0.5896865463050113,-0.009419297795271064,0.048929323669056,0.0807429244690422,0.0318136007999862,0.5948275862068966,0.5948275862068966,0.0,0.5675186741363212,0.5635504201680673,-0.003968253968253843,0.0788968274562655,0.1039799115478112,0.025083084091545693,0.5877403846153846,0.5877403846153846,0.0,0.6002983802216539,0.5977020202020202,-0.0025963600196337033,0.195744442932446,0.2190834403167858,0.02333899738433981,0.6268656716417911,0.6268656716417911,0.0,0.5901960784313726,0.5901960784313726,0.0,0.1556818293433663,0.1556818293433663,0.0,0.65625,0.65625,0.0,0.5827310924369747,0.579981684981685,-0.002749407455289732,0.1508874016598551,0.1710032920264523,0.020115890366597222,0.6412213740458015,0.6412213740458015,0.0,0.5448412698412698,0.5369047619047619,-0.007936507936507908,0.2356474706222895,0.2330267395070163,-0.002620731115273195,0.5192307692307693,0.5192307692307693,0.0,0.1303765950824774,0.1266657681372459,-0.0037108269452315046,0.1538717608265639,0.2015706995553187,0.0476989387287548,0.1764350453172205,0.1764350453172205,0.0,0.2457129391738503,0.2394304232177393,-0.0062825159561109845,10.4,10.4,0.0,35,35,0
Post1_Pre,Post1,Pre,elasticnet_then_mrmr_auto_k,elasticnet_then_mrmr,GradientBoosting,elasticnet_then_mrmr_auto_k_no_smote,elasticnet_then_mrmr_auto_k_smote,0.5843020541549954,0.582052209772798,-0.00224984438219733,0.1636539106607019,0.095406080265433,-0.0682478303952689,0.5836838942307692,0.5940504807692307,0.010366586538461564,0.6919636176763934,0.6916034875629932,-0.0003601301134001922,0.1130078112558867,0.0737405627219476,-0.039267248533939106,0.6712364271570648,0.6485529777055915,-0.02268344945147327,0.5570900240533165,0.5233055721932252,-0.03378445186009138,0.0870245522470023,0.0772110790922768,-0.0098134731547255,0.5603448275862069,0.5344827586206896,-0.025862068965517238,0.5490662931839403,0.5270448179271708,-0.02202147525676945,0.0861746330241202,0.0555943802697398,-0.030580252754380408,0.5474759615384616,0.5276442307692308,-0.019831730769230727,0.5641148325358851,0.5510577915376678,-0.013057040998217362,0.1573605638438098,0.1597916501591447,0.002431086315334896,0.589041095890411,0.5757575757575758,-0.01328352013283518,0.6568627450980391,0.5898039215686274,-0.06705882352941173,0.1267704303940754,0.1234291532140181,-0.003341277180057306,0.671875,0.59375,-0.078125,0.5885383897148603,0.5442661913250149,-0.04427219838984542,0.1230273759770977,0.1185699649663774,-0.004457411010720308,0.6277372262773723,0.5846153846153846,-0.043121841661987625,0.4412698412698413,0.4642857142857142,0.02301587301587288,0.1695406031750757,0.1700340102034011,0.0004934070283253988,0.4230769230769231,0.4615384615384615,0.038461538461538436,0.0916627667615335,0.0535428799696396,-0.038119886791893896,0.1733805434525076,0.1102620922858926,-0.06311845116661502,0.0965180207697007,0.0554885404101326,-0.041029480359568105,0.2615199253420707,0.2449079850863569,-0.016611940255713803,10.4,10.4,0.0,35,35,0
Post1_Pre,Post1,Pre,elasticnet_then_mrmr_auto_k,elasticnet_then_mrmr,KNN,elasticnet_then_mrmr_auto_k_no_smote,elasticnet_then_mrmr_auto_k_smote,0.5986788048552755,0.5882827575474634,-0.010396047307812073,0.1255802064118504,0.1145492214665077,-0.011030984945342687,0.585186298076923,0.5707632211538463,-0.01442307692307676,0.6728843800871653,0.6675540061983257,-0.005330373888839612,0.1135920914113904,0.1067012731040797,-0.006890818307310698,0.6183896602902714,0.6125725954496628,-0.005817064840608621,0.5917643535552324,0.5788611277487807,-0.012903225806451646,0.0770448381469578,0.0722765146155805,-0.004768323531377294,0.5862068965517241,0.5689655172413793,-0.01724137931034475,0.5875,0.5560130718954248,-0.03148692810457521,0.0861362218599451,0.0895304605257607,0.003394238665815605,0.5799278846153846,0.5679086538461539,-0.012019230769230727,0.6103921568627452,0.619281045751634,0.008888888888888835,0.1695342694327926,0.2437040971301213,0.07416982769732872,0.6212121212121212,0.6166666666666667,-0.004545454545454519,0.6333333333333333,0.5231372549019608,-0.11019607843137247,0.1021867782023167,0.1414072188322437,0.039220440629926995,0.640625,0.578125,-0.0625,0.6014882529588412,0.5442016806722688,-0.05728657228657241,0.101541196712061,0.1421510975635478,0.0406099008514868,0.6307692307692307,0.5967741935483871,-0.03399503722084363,0.5416666666666666,0.5888888888888888,0.047222222222222165,0.1821510701195,0.2320068113091233,0.0498557411896233,0.5192307692307693,0.5576923076923077,0.038461538461538436,0.1613377399496558,0.1066312924042062,-0.05470644754544961,0.1669805313612492,0.1702589829532907,0.003278451592041487,0.1604342581423401,0.1348448687350836,-0.025589389407256496,0.2691747579559244,0.2834286654643417,0.014253907508417318,10.4,10.4,0.0,35,35,0
Post1_Pre,Post1,Pre,elasticnet_then_mrmr_auto_k,elasticnet_then_mrmr,LightGBM,elasticnet_then_mrmr_auto_k_no_smote,elasticnet_then_mrmr_auto_k_smote,0.6019444444444444,0.624656862745098,0.022712418300653625,0.120022189377687,0.0811138563206947,-0.03890833305699229,0.6204927884615384,0.6256009615384616,0.005108173076923128,0.6954032116785154,0.7084567028755689,0.013053491197053568,0.1094119087845645,0.1053947431357268,-0.004017165648837695,0.6681276866655883,0.6720947537617559,0.003967067096167565,0.5759523877432665,0.5844756281908674,0.008523240447600888,0.1012365726960534,0.0847115986242083,-0.01652497407184511,0.5862068965517241,0.5862068965517241,0.0,0.5727264239028944,0.5886904761904761,0.015964052287581687,0.0748751782692362,0.077202140906836,0.0023269626375997943,0.5763221153846154,0.5799278846153846,0.0036057692307691624,0.5744155844155843,0.6092507002801121,0.03483511586452781,0.1601336326563391,0.1904344270618234,0.030300794405484305,0.6142857142857143,0.6212121212121212,0.006926406926406892,0.6486274509803921,0.6333333333333333,-0.015294117647058791,0.1892391532740314,0.1021867782023167,-0.0870523750717147,0.671875,0.640625,-0.03125,0.5857519057519058,0.5967618152912271,0.011009909539321239,0.1531914208250219,0.120865624647813,-0.032325796177208904,0.6417910447761194,0.6307692307692307,-0.01102181400688862,0.4968253968253968,0.544047619047619,0.04722222222222222,0.127018844460468,0.1727097918753438,0.04569094741487581,0.4807692307692308,0.5192307692307693,0.03846153846153849,0.1449291979207713,0.1676207149442689,0.022691517023497587,0.1593233825785384,0.1530822869901167,-0.006241095588421702,0.1543134872417982,0.1604342581423401,0.006120770900541916,0.2783657650410553,0.2759688872098521,-0.002396877831203237,10.4,10.4,0.0,35,35,0
Post1_Pre,Post1,Pre,elasticnet_then_mrmr_auto_k,elasticnet_then_mrmr,LogisticRegression,elasticnet_then_mrmr_auto_k_no_smote,elasticnet_then_mrmr_auto_k_smote,0.6828952692187987,0.6935862122626829,0.010690943043884182,0.1460770255420412,0.1376980001439816,-0.008379025398059597,0.6739783653846154,0.6868990384615384,0.012920673076923017,0.7551644231617007,0.7600659177242495,0.004901494562548736,0.0992043143289091,0.0958403128904223,-0.003364001438486794,0.7284721833549945,0.7400921620334934,0.011619978678498843,0.640296911097801,0.6467485240010268,0.006451612903225823,0.0801478607841948,0.088891159738371,0.008743298954176207,0.646551724137931,0.6551724137931034,0.008620689655172376,0.6367530345471523,0.6438958916900094,0.0071428571428571175,0.0940741155321591,0.1021358830165934,0.00806176748443431,0.6382211538461539,0.6478365384615384,0.009615384615384581,0.6537452326468345,0.6619323671497584,0.008187134502923965,0.1849585883568383,0.1893104504199242,0.0043518620630859095,0.6666666666666666,0.6764705882352942,0.009803921568627527,0.692156862745098,0.692156862745098,0.0,0.1098039215686274,0.1098039215686274,0.0,0.71875,0.71875,0.0,0.6494444444444444,0.6538888888888887,0.004444444444444362,0.117646677559295,0.1227212036575607,0.005074526098265697,0.6917293233082706,0.696969696969697,0.0052403736614263785,0.5813492063492063,0.5956349206349205,0.014285714285714235,0.232344573872106,0.2378186223846553,0.00547404851254929,0.5576923076923077,0.5769230769230769,0.019230769230769162,0.255222628469622,0.2689997864922031,0.01377715802258106,0.1916093318681699,0.2084608087650216,0.016851476896851708,0.2789569436021831,0.297820823244552,0.018863879642368908,0.2350368418179315,0.2318152373664931,-0.0032216044514384035,10.4,10.4,0.0,35,35,0
Post1_Pre,Post1,Pre,elasticnet_then_mrmr_auto_k,elasticnet_then_mrmr,NaiveBayes,elasticnet_then_mrmr_auto_k_no_smote,elasticnet_then_mrmr_auto_k_smote,0.6192250233426704,0.6136126672891379,-0.005612356053532497,0.1195078502483736,0.1149486068235354,-0.004559243424838197,0.6427283653846154,0.6436298076923077,0.0009014423076922906,0.6827719389754989,0.6689368541709594,-0.013835084804539544,0.1063732315823255,0.1212920607485622,0.0149188291662367,0.7012277626885373,0.6899186272551106,-0.011309135433426709,0.6043695273951113,0.6231729461985301,0.018803418803418848,0.0600850405555592,0.0511042220968531,-0.008980818458706102,0.603448275862069,0.6206896551724138,0.017241379310344862,0.5693977591036414,0.5877801120448178,0.018382352941176405,0.0556845554858128,0.0456995954935066,-0.009984959992306204,0.5775240384615384,0.5949519230769231,0.017427884615384692,0.5694444444444444,0.5861904761904762,0.01674603174603173,0.0990385883143971,0.1043731966183636,0.0053346083039664954,0.6022727272727273,0.6136363636363636,0.011363636363636354,0.7745098039215685,0.7862745098039216,0.01176470588235301,0.1742783219081488,0.1791088195555958,0.004830497647447002,0.828125,0.84375,0.015625,0.6476368237245522,0.6600281624316804,0.012391338707128163,0.1106626733803676,0.1117444511617029,0.0010817777813352941,0.6973684210526315,0.7105263157894737,0.013157894736842146,0.3642857142857142,0.3892857142857142,0.024999999999999967,0.2047619047619047,0.2263032300419895,0.02154132528008479,0.3269230769230769,0.3461538461538461,0.019230769230769162,0.1331030720617026,0.1716259452544041,0.03852287319270151,0.0914141309231028,0.0734961898678912,-0.017917941055211592,0.1620603015075378,0.1984924623115578,0.03643216080401998,0.3351313889381791,0.3239599911333612,-0.011171397804817906,10.4,10.4,0.0,35,35,0
Post1_Pre,Post1,Pre,elasticnet_then_mrmr_auto_k,elasticnet_then_mrmr,RandomForest,elasticnet_then_mrmr_auto_k_no_smote,elasticnet_then_mrmr_auto_k_smote,0.5563678804855275,0.5508138811079988,-0.005553999377528762,0.1158402735749889,0.1198547104565512,0.0040144368815623055,0.5760216346153846,0.6102764423076924,0.03425480769230782,0.6618771032219244,0.6692216703101677,0.00734456708824327,0.1020069559333369,0.1134856664683849,0.011478710535047995,0.623502246428639,0.6816799901686178,0.05817774373997875,0.5691974938915985,0.5863742239715544,0.017176730079955904,0.0905111922397267,0.1160258715931197,0.025514679353392994,0.5775862068965517,0.603448275862069,0.025862068965517238,0.5476680672268908,0.5686204481792718,0.020952380952381056,0.1121838773889502,0.1253675575204237,0.013183680131473488,0.5721153846153846,0.6027644230769231,0.030649038461538547,0.5867063492063492,0.602826797385621,0.016120448179271718,0.2133147460959753,0.2225027040957386,0.009187957999763297,0.6153846153846154,0.65,0.0346153846153846,0.5584313725490196,0.5384313725490196,-0.020000000000000018,0.1637244334825591,0.2006969785549262,0.03697254507236708,0.625,0.609375,-0.015625,0.554360902255639,0.5477438248026483,-0.006617077452990783,0.1684194936674476,0.1994610323009513,0.0310415386335037,0.6201550387596899,0.6290322580645161,0.008877219304826212,0.5369047619047619,0.5988095238095239,0.06190476190476202,0.2330267395070163,0.2036622990972314,-0.029364440409784892,0.5192307692307693,0.5961538461538461,0.07692307692307687,0.0942716231817026,0.1392729331201891,0.0450013099384865,0.2215215221900077,0.2457326965838678,0.024211174393860085,0.1444912703190848,0.2040572792362769,0.059566008917192104,0.2564255833324163,0.2514593281465281,-0.004966255185888169,10.4,10.4,0.0,35,35,0
Post1_Pre,Post1,Pre,elasticnet_then_mrmr_auto_k,elasticnet_then_mrmr,SVM_Linear,elasticnet_then_mrmr_auto_k_no_smote,elasticnet_then_mrmr_auto_k_smote,0.6547121070650481,0.6844498910675381,0.029737784002489942,0.1506211334929759,0.1623491985899152,0.0117280650969393,0.6346153846153846,0.662560096153846,0.027944711538461453,0.7319993507096985,0.7528860830452798,0.02088673233558136,0.1208726297713251,0.1151018048936162,-0.005770824877708899,0.6895622437455361,0.7196287695716468,0.03006652582611069,0.6338452981945751,0.6363680442657083,0.0025227460711331195,0.0726547133320153,0.0600297755392208,-0.0126249377927945,0.6379310344827587,0.6293103448275862,-0.008620689655172487,0.6481209150326798,0.6511788048552754,0.003057889822595583,0.0982397187197977,0.1020505109749786,0.0038107922551808976,0.6231971153846154,0.6207932692307692,-0.0024038461538462563,0.650030303030303,0.6594093930478369,0.009379090017533898,0.1678383169684192,0.1476318787818863,-0.020206438186532893,0.6447368421052632,0.6521739130434783,0.007437070938215107,0.7823529411764707,0.7352941176470588,-0.04705882352941193,0.1700803799388348,0.1642851769855169,-0.005795202953317896,0.765625,0.703125,-0.0625,0.6712703962703962,0.6613799283154121,-0.00989046795498405,0.0822026245174155,0.0474445569507182,-0.034758067566697304,0.7,0.6766917293233082,-0.023308270676691722,0.513888888888889,0.567063492063492,0.0531746031746031,0.2623493100692799,0.2303105684155859,-0.032038741653694025,0.4807692307692308,0.5384615384615384,0.057692307692307654,0.2576854933239919,0.2598037581016305,0.002118264777638601,0.1838706306011701,0.1697024815819582,-0.0141681490192119,0.2518427518427518,0.2437841115827773,-0.008058640259974492,0.2492781311099998,0.2411132471012556,-0.008164884008744211,10.4,10.4,0.0,35,35,0
Post1_Pre,Post1,Pre,elasticnet_then_mrmr_auto_k,elasticnet_then_mrmr,SVM_RBF,elasticnet_then_mrmr_auto_k_no_smote,elasticnet_then_mrmr_auto_k_smote,0.643881107998755,0.6742514783691254,0.03037037037037038,0.1471742536850737,0.154465966797087,0.007291713112013293,0.6421274038461539,0.6646634615384615,0.0225360576923076,0.7114955610958208,0.7399114016073811,0.02841584051156032,0.117935790513873,0.1103607699856197,-0.007575020528253304,0.6915781538246994,0.7133782204526823,0.02180006662798284,0.6008979587956229,0.6043167622144263,0.0034188034188034067,0.0519165390035523,0.0600072332688938,0.008090694265341501,0.603448275862069,0.603448275862069,0.0,0.5929738562091503,0.6008520074696546,0.007878151260504285,0.0668706031071416,0.0790433660508588,0.012172762943717191,0.5919471153846154,0.5955528846153846,0.0036057692307691624,0.602567287784679,0.6260760597145036,0.02350877192982459,0.1466774917006404,0.1694214969856168,0.022744005284976387,0.625,0.6323529411764706,0.007352941176470562,0.6803921568627451,0.6568627450980392,-0.02352941176470591,0.1108493649027652,0.102637273163156,-0.008212091739609198,0.703125,0.671875,-0.03125,0.6214043687650499,0.6173655913978495,-0.004038777367200375,0.1009229566851841,0.0925121892398519,-0.008410767445332201,0.6617647058823529,0.6515151515151515,-0.01024955436720143,0.5055555555555555,0.5448412698412698,0.03928571428571426,0.1895413567692442,0.2249254516628665,0.03538409489362232,0.4807692307692308,0.5192307692307693,0.03846153846153849,0.1715999167178698,0.1846988629967353,0.013098946278865486,0.1351481977375434,0.1574260062580222,0.02227780852047878,0.1865853658536584,0.1924939467312348,0.005908580877576397,0.2521436388355164,0.2457243517100961,-0.006419287125420281,10.4,10.4,0.0,35,35,0
Post1_Pre,Post1,Pre,elasticnet_then_mrmr_auto_k,elasticnet_then_mrmr,XGBoost,elasticnet_then_mrmr_auto_k_no_smote,elasticnet_then_mrmr_auto_k_smote,0.591311858076564,0.6009593837535013,0.009647525676937385,0.1038185018882482,0.1114632482063557,0.007644746318107493,0.6072716346153846,0.6379206730769231,0.030649038461538547,0.7096040616946236,0.7036824537947279,-0.005921607899895709,0.0528320162294721,0.0899372749146481,0.03710525868517601,0.6742719142886892,0.6920954394922875,0.01782352520359831,0.561808467147733,0.620641168249622,0.058832701101888984,0.0853109137921354,0.1320845142571377,0.046773600465002285,0.5689655172413793,0.603448275862069,0.03448275862068961,0.5650700280112044,0.6109126984126984,0.045842670401493923,0.081333397572011,0.1199170572692961,0.03858365969728511,0.5643028846153846,0.5991586538461539,0.034855769230769273,0.5820138581748487,0.6224561403508772,0.04044228217602841,0.1664958156631845,0.1687401947039008,0.00224437904071631,0.609375,0.640625,0.03125,0.6015686274509804,0.6333333333333333,0.03176470588235292,0.1198640778337713,0.1805199888075906,0.060655910973819296,0.609375,0.640625,0.03125,0.5690522875816992,0.6105177758403565,0.04146548825865726,0.1224251051083943,0.1430856148436596,0.020660509735265287,0.609375,0.640625,0.03125,0.5285714285714287,0.5884920634920634,0.05992063492063471,0.1717552736415495,0.169930254096331,-0.0018250195452184925,0.5192307692307693,0.5576923076923077,0.038461538461538436,0.1204856559189856,0.2159976666359644,0.09551201071697879,0.1648578098841266,0.2418416602770535,0.0769838503929269,0.1286057692307692,0.1983173076923077,0.06971153846153852,0.2925021156246817,0.2766962608829136,-0.0158058547417681,10.4,10.4,0.0,35,35,0
Post1_Pre,Post1,Pre,mrmr_then_elasticnet_no_corr_auto_k,mrmr_then_elasticnet_no_corr,ExtraTrees,mrmr_then_elasticnet_no_corr_auto_k_no_smote,mrmr_then_elasticnet_no_corr_auto_k_smote,0.6428618113912231,0.623232959850607,-0.01962885154061611,0.1011179591259436,0.1064392495220879,0.005321290396144304,0.6490384615384615,0.623046875,-0.025991586538461453,0.7382957089929751,0.7275229509059755,-0.010772758086999623,0.0988093575747174,0.0993706642423949,0.0005613066676774942,0.7312820392108126,0.7229736133568675,-0.00830842585394509,0.6110127111795632,0.5976645465521995,-0.013348164627363768,0.0792730633795891,0.0910856846766808,0.011812621297091694,0.603448275862069,0.5862068965517241,-0.017241379310344862,0.5863678804855276,0.5770541549953314,-0.009313725490196156,0.1019694840038008,0.1065742690349883,0.004604785031187497,0.5973557692307692,0.5835336538461539,-0.013822115384615308,0.6328502415458936,0.6248484848484848,-0.00800175669740888,0.2456237900369535,0.2475640737571656,0.0019402837202120993,0.6363636363636364,0.6290322580645161,-0.007331378299120228,0.5901960784313726,0.5549019607843138,-0.03529411764705881,0.1684905965407124,0.1587629998431149,-0.009727596697597513,0.65625,0.609375,-0.046875,0.5902164502164501,0.5692640692640693,-0.020952380952380834,0.1610937857614255,0.1607104595285502,-0.00038332623287529177,0.6461538461538462,0.6190476190476191,-0.02710622710622712,0.5825396825396825,0.5992063492063492,0.01666666666666672,0.2428934509636644,0.227599343859491,-0.015294107104173421,0.5384615384615384,0.5576923076923077,0.019230769230769273,0.1667467529241526,0.1482261814983442,-0.018520571425808402,0.1943738591087401,0.2022123590584739,0.00783849994973379,0.1954161640530759,0.1664670658682634,-0.028949098184812505,0.2373539004695797,0.23877866871692,0.0014247682473403078,12.4,12.4,0.0,45,45,0
Post1_Pre,Post1,Pre,mrmr_then_elasticnet_no_corr_auto_k,mrmr_then_elasticnet_no_corr,GradientBoosting,mrmr_then_elasticnet_no_corr_auto_k_no_smote,mrmr_then_elasticnet_no_corr_auto_k_smote,0.6236360099595393,0.6262192654839713,0.00258325552443206,0.079319776452154,0.0416368463666554,-0.037682930085498605,0.612079326923077,0.6117788461538461,-0.00030048076923083755,0.7004038334471742,0.6913725928277042,-0.009031240619469916,0.0467256555078998,0.0582356573887714,0.011510001880871597,0.6667623222151325,0.651791192151032,-0.014971130064100557,0.5826397801926166,0.5717730051434167,-0.010866775049199973,0.0609714016342378,0.0426180610245645,-0.0183533406096733,0.5948275862068966,0.5775862068965517,-0.017241379310344862,0.6022408963585433,0.5944211017740428,-0.007819794584500439,0.0681675120880457,0.0259790393792889,-0.042188472708756794,0.5841346153846154,0.5901442307692308,0.006009615384615419,0.6020934689665339,0.6811764705882353,0.07908300162170134,0.1374435142671999,0.2280788067631117,0.09063529249591182,0.6197183098591549,0.6666666666666666,0.04694835680751175,0.7235294117647059,0.503921568627451,-0.2196078431372549,0.1638633914962837,0.1720134290153828,0.008150037519099096,0.6875,0.46875,-0.21875,0.6248366013071895,0.5187177093059445,-0.10611889200124502,0.0756985777982543,0.1207779104814629,0.0450793326832086,0.6518518518518519,0.5504587155963303,-0.1013931362555216,0.4809523809523809,0.6849206349206349,0.20396825396825402,0.160179887538611,0.2141622219114023,0.05398233437279129,0.4807692307692308,0.7115384615384616,0.23076923076923078,0.1774819369805685,0.1720616738900621,-0.005420263090506389,0.120516247764745,0.0557089869793968,-0.0648072607853482,0.1704199634814364,0.1743172574084833,0.0038972939270469076,0.2566198605700805,0.2441483279147967,-0.012471532655283807,12.4,12.4,0.0,45,45,0
Post1_Pre,Post1,Pre,mrmr_then_elasticnet_no_corr_auto_k,mrmr_then_elasticnet_no_corr,KNN,mrmr_then_elasticnet_no_corr_auto_k_no_smote,mrmr_then_elasticnet_no_corr_auto_k_smote,0.5586710239651416,0.5424840491752256,-0.01618697478991593,0.1598568879762475,0.1621953296054915,0.002338441629243987,0.6153846153846153,0.6221454326923077,0.006760817307692402,0.6918421619008908,0.6712155823775026,-0.0206265795233882,0.1219799739900311,0.1305196271840681,0.008539653194036989,0.7194139801732655,0.7129561065498135,-0.006457873623452071,0.5377090404342908,0.4950828555945352,-0.04262618483975561,0.118323216465546,0.1105886640757494,-0.007734552389796603,0.5689655172413793,0.5086206896551724,-0.06034482758620696,0.5205228758169935,0.4816479925303454,-0.03887488328664812,0.1191952238487553,0.1110405451916183,-0.00815467865713701,0.5570913461538461,0.5042067307692308,-0.05288461538461531,0.5261904761904762,0.4843223443223444,-0.04186813186813182,0.2140739694570383,0.2015968134874859,-0.0124771559695524,0.5972222222222222,0.5555555555555556,-0.04166666666666663,0.5854901960784313,0.4831372549019608,-0.10235294117647054,0.22899946191274,0.1975225253483569,-0.03147693656438311,0.671875,0.546875,-0.125,0.54092195051582,0.4730325814536341,-0.06788936906218596,0.2116292933947755,0.1914571331137582,-0.020172160281017287,0.6323529411764706,0.5511811023622047,-0.08117183881426582,0.4555555555555555,0.4801587301587301,0.024603174603174627,0.1625415426480865,0.1389228983304194,-0.02361864431766711,0.4423076923076923,0.4615384615384615,0.019230769230769218,0.05052880620788,-0.0341806691639839,-0.08470947537186391,0.2222930897964598,0.2128367279538413,-0.0094563618426185,0.1158536585365853,0.0083983203359329,-0.1074553382006524,0.245208064292332,0.2458783269945249,0.000670262702192892,12.4,12.4,0.0,45,45,0
Post1_Pre,Post1,Pre,mrmr_then_elasticnet_no_corr_auto_k,mrmr_then_elasticnet_no_corr,LightGBM,mrmr_then_elasticnet_no_corr_auto_k_no_smote,mrmr_then_elasticnet_no_corr_auto_k_smote,0.6758994708994709,0.6330493308434486,-0.04285014005602228,0.0838874903319811,0.0828098028773179,-0.0010776874546632037,0.6550480769230769,0.6089242788461539,-0.04612379807692302,0.7547877943934023,0.7050505043832663,-0.04973729001013594,0.0858313345649119,0.0919421084194933,0.006110773854581392,0.719815659340241,0.6463860149375923,-0.07342964440264876,0.609990207543044,0.5757432284684787,-0.03424697907456531,0.0833797161551453,0.0621173076929866,-0.021262408462158704,0.6293103448275862,0.5862068965517241,-0.0431034482758621,0.6190569561157796,0.5728968253968254,-0.046160130718954195,0.0761666457761692,0.064325880288004,-0.011840765488165206,0.6243990384615384,0.578125,-0.046274038461538436,0.6191596638655461,0.5832866479925303,-0.035873015873015834,0.1878766090405093,0.1519028217633588,-0.035973787277150504,0.6615384615384615,0.6176470588235294,-0.04389140271493208,0.6650980392156862,0.6533333333333333,-0.0117647058823529,0.0397299612295339,0.034241380318342,-0.0054885809111918996,0.671875,0.65625,-0.015625,0.625426944971537,0.6026183104820876,-0.022808634489449364,0.1269144201287561,0.1050760526808453,-0.02183836744791079,0.6666666666666666,0.6363636363636364,-0.030303030303030276,0.573015873015873,0.4924603174603174,-0.0805555555555556,0.1216540079768871,0.1212910311413163,-0.0003629768355707941,0.5769230769230769,0.5,-0.07692307692307687,0.2242412489471313,0.1385586161677243,-0.08568263277940699,0.1475673838925561,0.1307466707710683,-0.016820713121487807,0.2492474413004214,0.1573849878934624,-0.091862453406959,0.263891353058651,0.2661627184105443,0.002271365351893262,12.4,12.4,0.0,45,45,0
Post1_Pre,Post1,Pre,mrmr_then_elasticnet_no_corr_auto_k,mrmr_then_elasticnet_no_corr,LogisticRegression,mrmr_then_elasticnet_no_corr_auto_k_no_smote,mrmr_then_elasticnet_no_corr_auto_k_smote,0.6872580143168379,0.6911539060068471,0.0038958916900092566,0.1135382550182827,0.1056475588248346,-0.007890696193448093,0.6878004807692308,0.6956129807692308,0.0078125,0.7579041920562919,0.7637123121823869,0.0058081201260949955,0.1130951259368091,0.1123311214783291,-0.0007640044584799888,0.7602666594431915,0.7730509172787112,0.01278425783551973,0.6217378283562933,0.6433235408763773,0.02158571252008401,0.0839585983638992,0.0881342425586738,0.004175644194774605,0.6206896551724138,0.6551724137931034,0.03448275862068961,0.6007819794584501,0.6343137254901962,0.033531746031746024,0.1108069704231509,0.1144042922737119,0.003597321850561011,0.6147836538461539,0.6532451923076923,0.038461538461538436,0.6253679653679655,0.6741736694677871,0.048805704099821656,0.2207584830257137,0.2702860559053781,0.04952757287966439,0.6515151515151515,0.6935483870967742,0.04203323558162275,0.6019607843137255,0.6019607843137255,0.0,0.1699899356995548,0.1699899356995548,0.0,0.671875,0.671875,0.0,0.599490229328939,0.6149522287692666,0.015461999440327556,0.1695191562310449,0.1882074842630416,0.018688328031996687,0.6615384615384615,0.6825396825396826,0.021001221001221038,0.5996031746031745,0.6666666666666666,0.06706349206349216,0.2295915287923804,0.1956312984628778,-0.0339602303295026,0.5576923076923077,0.6346153846153846,0.07692307692307687,0.1918122328511294,0.261423873624685,0.06961164077355561,0.2116172356008765,0.2102026733641503,-0.0014145622367262023,0.2303980699638117,0.3053892215568862,0.07499115159307448,0.2313857055934093,0.227841645035923,-0.003544060557486295,12.4,12.4,0.0,45,45,0
Post1_Pre,Post1,Pre,mrmr_then_elasticnet_no_corr_auto_k,mrmr_then_elasticnet_no_corr,NaiveBayes,mrmr_then_elasticnet_no_corr_auto_k_no_smote,mrmr_then_elasticnet_no_corr_auto_k_smote,0.6584905073140367,0.6485830999066293,-0.009907407407407365,0.0795111899657292,0.0897116991845396,0.010200509218810397,0.689002403846154,0.6953125,0.006310096153846034,0.7157876026841279,0.7115536677417154,-0.004233934942412532,0.1693142462740854,0.1725446632301469,0.0032304169560614937,0.7568176057484572,0.7623750263269716,0.005557420578514383,0.6368719279731515,0.6215462574750672,-0.01532567049808431,0.0615669412695562,0.0958007984762785,0.0342338572067223,0.6379310344827587,0.6293103448275862,-0.008620689655172487,0.5801633986928104,0.5659967320261436,-0.014166666666666772,0.057267323390702,0.0866724704530537,0.029405147062351693,0.6177884615384616,0.6099759615384616,-0.0078125,0.580952380952381,0.5716666666666667,-0.009285714285714342,0.1379227165370573,0.1433333333333333,0.005410616796276024,0.6341463414634146,0.6296296296296297,-0.004516711833784992,0.7325490196078432,0.7125490196078431,-0.02000000000000013,0.2048605831192408,0.2021628534134526,-0.0026977297057881877,0.8125,0.796875,-0.015625,0.6455598455598456,0.6323774994506702,-0.013182346109175347,0.1632343870055068,0.1664230975575578,0.0031887105520509995,0.7123287671232876,0.7034482758620689,-0.008880491261218704,0.4277777777777777,0.4194444444444444,-0.008333333333333304,0.2134374745810949,0.2240205017072883,0.010583027126193384,0.4230769230769231,0.4230769230769231,0.0,0.1685015451474738,0.1392179824699442,-0.0292835626775296,0.1221881869485072,0.1837792699741982,0.061591083025690996,0.2434782608695652,0.2269063856168629,-0.01657187525270229,0.3038476980682199,0.2972429115265108,-0.006604786541709096,12.4,12.4,0.0,45,45,0
Post1_Pre,Post1,Pre,mrmr_then_elasticnet_no_corr_auto_k,mrmr_then_elasticnet_no_corr,RandomForest,mrmr_then_elasticnet_no_corr_auto_k_no_smote,mrmr_then_elasticnet_no_corr_auto_k_smote,0.6047198879551821,0.6094872393401805,0.004767351384998397,0.1035351449599086,0.136387828214855,0.032852683254946405,0.6253004807692308,0.6195913461538461,-0.005709134615384692,0.692945484730404,0.71178239962486,0.018836914894456047,0.0824011857984278,0.1048259955174128,0.022424809718985,0.6760051726081187,0.6872516602358907,0.011246487627772028,0.5974377988838501,0.604525921489214,0.007088122605363956,0.0994686573405611,0.114586577279131,0.01511791993856991,0.6120689655172413,0.603448275862069,-0.008620689655172376,0.5919607843137256,0.6016363211951447,0.009675536881419089,0.0804640865308225,0.1061887074650964,0.025724620934273898,0.5997596153846154,0.5991586538461539,-0.0006009615384615641,0.59265664160401,0.6178947368421053,0.02523809523809528,0.1686220232501014,0.1788042083009372,0.010182185050835818,0.6301369863013698,0.640625,0.010488013698630172,0.6839215686274509,0.6250980392156863,-0.05882352941176461,0.1595572497738719,0.1726131788026266,0.013055929028754715,0.71875,0.640625,-0.078125,0.6135229966808914,0.5963347763347763,-0.017188220346115113,0.1517070613436465,0.1439625372433437,-0.0077445241003027965,0.6715328467153284,0.640625,-0.030907846715328424,0.5,0.5781746031746031,0.07817460317460312,0.161970885967925,0.1726970267217961,0.0107261407538711,0.4807692307692308,0.5576923076923077,0.07692307692307693,0.181052942646812,0.1945848657106543,0.013531923063842322,0.173712621903508,0.2164995074265844,0.042786885523076384,0.2028100183262065,0.1983173076923077,-0.004492710633898778,0.2503560903511981,0.2520088933875943,0.0016528030363961999,12.4,12.4,0.0,45,45,0
Post1_Pre,Post1,Pre,mrmr_then_elasticnet_no_corr_auto_k,mrmr_then_elasticnet_no_corr,SVM_Linear,mrmr_then_elasticnet_no_corr_auto_k_no_smote,mrmr_then_elasticnet_no_corr_auto_k_smote,0.6563165266106443,0.6770588235294117,0.02074229691876739,0.1243314032291741,0.1104212339374433,-0.013910169291730806,0.6544471153846154,0.6693209134615384,0.014873798076923017,0.7514693508725271,0.7411521124180348,-0.010317238454492283,0.1137188354704103,0.1278898258714696,0.014170990401059305,0.7366514218080918,0.7451686632238748,0.008517241415782917,0.6151859140735669,0.5900311837464229,-0.025154730327143993,0.1053078519106245,0.067149399019879,-0.0381584528907455,0.603448275862069,0.5862068965517241,-0.017241379310344862,0.6048786181139122,0.5681629318394024,-0.03671568627450983,0.1213551647668586,0.0978175265770881,-0.023537638189770504,0.5919471153846154,0.578125,-0.013822115384615419,0.6176190476190476,0.604988344988345,-0.01263070263070265,0.160438740861305,0.2127065031620169,0.052267762300711895,0.625,0.6176470588235294,-0.007352941176470562,0.680392156862745,0.5819607843137256,-0.09843137254901946,0.1108493649027652,0.1859435656635846,0.07509420076081941,0.703125,0.65625,-0.046875,0.6325218983613985,0.5701384794067721,-0.0623834189546264,0.1070760115509016,0.1572594835096631,0.050183471958761494,0.6617647058823529,0.6363636363636364,-0.025401069518716568,0.5293650793650794,0.5543650793650793,0.02499999999999991,0.2530439529537907,0.2785013252360323,0.025457372282241653,0.4807692307692308,0.5,0.019230769230769218,0.1895257008170877,0.1243908786651836,-0.0651348221519041,0.2323969023279937,0.1838738378251385,-0.04852306450285521,0.1865853658536584,0.1573849878934624,-0.029200377960196006,0.2377031733453465,0.2323824072748589,-0.0053207660704875925,12.4,12.4,0.0,45,45,0
Post1_Pre,Post1,Pre,mrmr_then_elasticnet_no_corr_auto_k,mrmr_then_elasticnet_no_corr,SVM_RBF,mrmr_then_elasticnet_no_corr_auto_k_no_smote,mrmr_then_elasticnet_no_corr_auto_k_smote,0.6226517273576098,0.6353555866791161,0.012703859321506306,0.1403634453608767,0.1340384878725676,-0.00632495748830908,0.626953125,0.6406249999999999,0.013671874999999889,0.7032698692614353,0.7077325247689824,0.0044626555075470975,0.1247093422417109,0.1151890006919757,-0.009520341549735203,0.6737420725193597,0.696106030362098,0.022363957842738258,0.619149957692783,0.6063118564787086,-0.012838101214074471,0.0763239859069776,0.1065798614154172,0.030255875508439597,0.6120689655172413,0.6120689655172413,0.0,0.6135387488328665,0.5859593837535014,-0.027579365079365092,0.0992467759668898,0.1319782384657905,0.03273146249890069,0.5997596153846154,0.6015625,0.0018028846153845812,0.6563768115942029,0.6108300395256918,-0.0455467720685111,0.2265864048564796,0.2400083030868787,0.013421898230399104,0.6301369863013698,0.6338028169014085,0.0036658306000386665,0.692156862745098,0.6254901960784314,-0.06666666666666665,0.1098039215686274,0.1823002243006974,0.07249630273207,0.71875,0.703125,-0.015625,0.6388075880758807,0.6005769230769231,-0.03823066499895755,0.1029453154444614,0.1889530482365125,0.0860077327920511,0.6715328467153284,0.6666666666666666,-0.0048661800486617945,0.5349206349206348,0.5464285714285714,0.011507936507936578,0.2938695024233079,0.2613859700642612,-0.03248353235904672,0.4807692307692308,0.5,0.019230769230769218,0.2063007618506339,0.1667528814643144,-0.039547880386319484,0.189906094002262,0.2514932053732996,0.06158711137103762,0.2028100183262065,0.2057212416311624,0.002911223304955912,0.2479290764076514,0.2458889518829453,-0.002040124524706116,12.4,12.4,0.0,45,45,0
Post1_Pre,Post1,Pre,mrmr_then_elasticnet_no_corr_auto_k,mrmr_then_elasticnet_no_corr,XGBoost,mrmr_then_elasticnet_no_corr_auto_k_no_smote,mrmr_then_elasticnet_no_corr_auto_k_smote,0.6442888266417678,0.6486142234671647,0.004325396825396899,0.0942615658280092,0.115692007996185,0.0214304421681758,0.6400240384615384,0.6349158653846154,-0.005108173076923017,0.7272641945059684,0.7312097766478765,0.003945582141908099,0.0814720136844515,0.0977370304249822,0.0162650167405307,0.7267344514080061,0.7206251461349789,-0.006109305273027221,0.5327899945808732,0.5799753762490135,0.04718538166814035,0.0989791406584797,0.1049306291692965,0.00595148851081681,0.5517241379310345,0.603448275862069,0.051724137931034475,0.5441176470588236,0.597093837535014,0.0529761904761904,0.0861407162215246,0.0737913501669499,-0.012349366054574692,0.5432692307692308,0.6009615384615384,0.0576923076923076,0.5541363211951447,0.6041666666666666,0.050030345471521964,0.1765958200834355,0.1881931631772702,0.0115973430938347,0.5882352941176471,0.6451612903225806,0.05692599620493355,0.6215686274509803,0.6215686274509804,1.1102230246251565e-16,0.0963780841368196,0.1159352588164273,0.0195571746796077,0.625,0.625,0.0,0.5663488079746943,0.5889018261432055,0.022553018168511185,0.1289920914420899,0.14297074280499,0.013978651362900107,0.6060606060606061,0.6349206349206349,0.028860028860028808,0.4666666666666666,0.5726190476190476,0.10595238095238096,0.1247219128924647,0.1246537153591278,-6.819753333690837e-05,0.4615384615384615,0.5769230769230769,0.11538461538461536,0.084692293892445,0.1901466813201442,0.1054543874276992,0.1675703151995085,0.145203796592603,-0.0223665186069055,0.0871670702179177,0.2011976047904191,0.1140305345725014,0.300176275953565,0.2952303221149739,-0.004945953838591088,12.4,12.4,0.0,45,45,0
Post1_T2,Post1,T2,corr_mrmr_auto_k,corr_mrmr,ExtraTrees,corr_mrmr_auto_k_no_smote,corr_mrmr_auto_k_smote,0.7217156862745098,0.7188258636788049,-0.002889822595704916,0.0936615845341422,0.0997190601393476,0.006057475605205406,0.6959134615384617,0.6881009615384617,-0.0078125,0.7869331267093982,0.7808923802643906,-0.006040746445007628,0.0381164128091128,0.0495035707973276,0.011387157988214804,0.7575756639461875,0.7555994015246148,-0.001976262421572672,0.6865211108258938,0.6928786020554651,0.006357491229571299,0.0484560771242297,0.0717863286383503,0.023330251514120597,0.6724137931034483,0.6810344827586207,0.008620689655172376,0.6993930905695611,0.6830532212885154,-0.016339869281045694,0.0829576831387434,0.0618946916984567,-0.0210629914402867,0.6688701923076923,0.6784855769230769,0.009615384615384581,0.7234173669467787,0.7222222222222221,-0.0011951447245566182,0.166798911825253,0.164804410824348,-0.001994501000905008,0.703125,0.7142857142857143,0.011160714285714302,0.7352941176470588,0.6803921568627451,-0.05490196078431364,0.1642851769855169,0.181793364494106,0.017508187508589096,0.703125,0.703125,0.0,0.6939499484004127,0.6740614361808642,-0.01988851221954846,0.0364187185132341,0.1027051078548617,0.0662863893416276,0.703125,0.7086614173228346,0.005536417322834608,0.6634920634920635,0.6857142857142857,0.022222222222222254,0.1897871133667952,0.1952832571330755,0.005496143766280298,0.6346153846153846,0.6538461538461539,0.019230769230769273,0.3590691261930719,0.3551986842230635,-0.003870441970008409,0.1117600584905606,0.1170454809256677,0.005285422435107101,0.3377403846153846,0.3563287342531493,0.018588349637764734,0.232561662520954,0.2342070064755855,0.0016453439546315063,14.8,14.8,0.0,43,43,0
Post1_T2,Post1,T2,corr_mrmr_auto_k,corr_mrmr,GradientBoosting,corr_mrmr_auto_k_no_smote,corr_mrmr_auto_k_smote,0.595655929038282,0.6024715997510115,0.0068156707127294824,0.1513528950207641,0.163769171262471,0.012416276241706908,0.5688100961538461,0.5658052884615384,-0.0030048076923077094,0.6971570213389866,0.6779062834739108,-0.019250737865075807,0.1134487622855211,0.1305614932737674,0.017112730988246297,0.6239706908223198,0.6112331426601756,-0.01273754816214423,0.544186798246865,0.5885371210176549,0.044350322770789874,0.0772427263059472,0.1393348271249925,0.062092100819045315,0.5431034482758621,0.5689655172413793,0.025862068965517238,0.5672525676937441,0.6035130718954248,0.0362605042016807,0.0963361533404017,0.1659980340314897,0.06966188069108799,0.5336538461538461,0.5625,0.028846153846153855,0.587843137254902,0.6147338935574229,0.026890756302520913,0.162224065549138,0.16922132690724,0.006997261358101997,0.5797101449275363,0.6060606060606061,0.026350461133069825,0.668235294117647,0.6764705882352942,0.008235294117647118,0.2020517594449741,0.2071390219018707,0.005087262456896585,0.625,0.625,0.0,0.5804300098417745,0.6133480271715566,0.03291801732978206,0.0817975847145733,0.1112770138479387,0.029479429133365403,0.6015037593984962,0.6153846153846154,0.013880855986119212,0.4662698412698413,0.5305555555555556,0.06428571428571428,0.2160567612028757,0.2250514344503232,0.008994673247447488,0.4423076923076923,0.5,0.05769230769230771,0.1045740465285463,0.1689547929769748,0.0643807464484285,0.169448821717167,0.2993923298419657,0.12994350812479868,0.0679199514857489,0.1254523522316043,0.0575324007458554,0.2691101825092213,0.2512851804492512,-0.01782500205997012,14.8,14.8,0.0,43,43,0
Post1_T2,Post1,T2,corr_mrmr_auto_k,corr_mrmr,KNN,corr_mrmr_auto_k_no_smote,corr_mrmr_auto_k_smote,0.7044631185807656,0.6852003579209461,-0.019262760659819467,0.0995561213615032,0.1005602379999928,0.0010041166384895939,0.6591045673076923,0.6415264423076923,-0.017578125,0.7185914374666625,0.6886392240207261,-0.02995221344593646,0.0610196734733629,0.0988246123795597,0.037804938906196794,0.6778556524801788,0.6441978403475924,-0.03365781213258634,0.6161323597919816,0.6012839527300039,-0.014848407061977653,0.1121193948365334,0.074677065288115,-0.03744232954841839,0.6379310344827587,0.5948275862068966,-0.0431034482758621,0.6564869281045751,0.6412931839402428,-0.015193744164332279,0.0517352775001284,0.0857039614278181,0.033968683927689695,0.6304086538461539,0.5985576923076923,-0.031850961538461564,0.658968678380443,0.6768648018648019,0.017896123484358872,0.1892834970990889,0.2009793467567445,0.011695849657655605,0.6617647058823529,0.6545454545454545,-0.00721925133689838,0.7435294117647059,0.6294117647058823,-0.11411764705882355,0.1748790981276428,0.2051246561666199,0.030245558038977105,0.703125,0.5625,-0.140625,0.6526447183647995,0.6005194805194806,-0.05212523784531897,0.1065866090922324,0.0632866676426101,-0.043299941449622306,0.6818181818181818,0.6050420168067226,-0.07677616501145912,0.5694444444444444,0.6531746031746032,0.08373015873015877,0.213726489574126,0.1874024479579439,-0.026324041616182098,0.5576923076923077,0.6346153846153846,0.07692307692307687,0.288050268489456,0.2410836450811505,-0.046966623408305486,0.1264506720929229,0.1463405772209422,0.019889905128019303,0.2627118644067796,0.1939680662329982,-0.06874379817378143,0.2345803177067411,0.2521768052816111,0.017596487574870034,14.8,14.8,0.0,43,43,0
Post1_T2,Post1,T2,corr_mrmr_auto_k,corr_mrmr,LightGBM,corr_mrmr_auto_k_no_smote,corr_mrmr_auto_k_smote,0.5695969498910676,0.6087643946467475,0.0391674447556799,0.1440170301390541,0.1810742823661755,0.03705725222712142,0.5889423076923077,0.5474759615384615,-0.041466346153846256,0.6835257760791851,0.6870636925106091,0.003537916431423982,0.1119129077789717,0.1197009473775056,0.0077880395985339,0.6946915580027321,0.6036058552238215,-0.0910857027789106,0.546064002738085,0.5817936358537026,0.03572963311561761,0.1495248523937543,0.0983165528009963,-0.051208299592757994,0.5172413793103449,0.5689655172413793,0.051724137931034475,0.5350630252100841,0.5911904761904762,0.05612745098039207,0.1413958105336089,0.1210707385324561,-0.020325072001152786,0.515625,0.5606971153846154,0.04507211538461542,0.5553968253968253,0.5864160401002506,0.03101921470342528,0.114319219074643,0.1110273313076995,-0.003291887766943502,0.5666666666666667,0.6029411764705882,0.03627450980392155,0.5427450980392157,0.68,0.13725490196078438,0.1417331074268425,0.2217764078672598,0.0800433004404173,0.53125,0.640625,0.109375,0.5431436210847975,0.6022549822549823,0.059111361170184784,0.1175075877517769,0.1069636162475659,-0.010543971504211005,0.5483870967741935,0.6212121212121212,0.07282502443792771,0.5273809523809524,0.5023809523809524,-0.025000000000000022,0.1787318503401861,0.1424951321477862,-0.0362367181923999,0.5,0.4807692307692308,-0.019230769230769218,0.0616453932464646,0.1507143031116014,0.0890689098651368,0.2672002561014002,0.1954576090002154,-0.0717426471011848,0.0310262529832936,0.12227602905569,0.0912497760723964,0.2460822284312409,0.2574062901699531,0.011324061738712199,14.8,14.8,0.0,43,43,0
Post1_T2,Post1,T2,corr_mrmr_auto_k,corr_mrmr,LogisticRegression,corr_mrmr_auto_k_no_smote,corr_mrmr_auto_k_smote,0.6260994397759104,0.6230602240896358,-0.0030392156862746322,0.0983117062644017,0.1030873915812786,0.0047756853168769015,0.591045673076923,0.5895432692307692,-0.0015024038461538547,0.6892271842991928,0.6847907684096264,-0.004436415889566447,0.095079580271559,0.0965353492783448,0.0014557690067858037,0.6474168151416758,0.6404759558408318,-0.006940859300843982,0.6006973560366219,0.6075939077607598,0.006896551724137945,0.085354798366949,0.0733029731522584,-0.0120518252146906,0.5948275862068966,0.603448275862069,0.008620689655172376,0.5973506069094305,0.6056839402427638,0.008333333333333304,0.0892264866444744,0.0739786640313542,-0.015247822613120202,0.5877403846153846,0.5973557692307692,0.009615384615384581,0.6159663865546219,0.6225840336134454,0.006617647058823506,0.1770618346750532,0.1743000012377129,-0.002761833437340322,0.6268656716417911,0.6363636363636364,0.009497964721845276,0.6450980392156862,0.6450980392156862,0.0,0.1127067283388228,0.1127067283388228,0.0,0.65625,0.65625,0.0,0.6095545235638115,0.612763079713544,0.0032085561497325887,0.1127548009155453,0.1106369711090642,-0.002117829806481092,0.6412213740458015,0.6461538461538462,0.004932472108044705,0.5496031746031746,0.5662698412698413,0.016666666666666607,0.1829618995565536,0.1654604880068314,-0.01750141154972218,0.5192307692307693,0.5384615384615384,0.019230769230769162,0.1810183843652403,0.1978156117307628,0.016797227365522527,0.1744764368031428,0.1444935876730064,-0.02998284913013638,0.1764350453172205,0.1954161640530759,0.018981118735855396,0.2606861844290893,0.2557682102673538,-0.0049179741617355055,14.8,14.8,0.0,43,43,0
Post1_T2,Post1,T2,corr_mrmr_auto_k,corr_mrmr,NaiveBayes,corr_mrmr_auto_k_no_smote,corr_mrmr_auto_k_smote,0.6056380329909741,0.5952847805788982,-0.010353252412075853,0.0471564993376388,0.0597204602055233,0.0125639608678845,0.6213942307692307,0.6216947115384616,0.00030048076923083755,0.6495768757879579,0.6344696577548335,-0.015107218033124314,0.150228900796941,0.1739071885832252,0.023678287786284197,0.6677608451681961,0.6703546790576372,0.0025938338894411217,0.5984631546922983,0.5894887957179392,-0.008974358974359053,0.0513418057000921,0.0707449384318713,0.019403132731779196,0.603448275862069,0.603448275862069,0.0,0.5677521008403361,0.5625233426704014,-0.005228758169934733,0.0566066254643277,0.0465639411302218,-0.010042684334105899,0.5811298076923077,0.5793269230769231,-0.0018028846153845812,0.5704650856389988,0.5638398268398268,-0.006625258799171974,0.1252125292116201,0.1453281658245851,0.020115636612965004,0.6071428571428571,0.6046511627906976,-0.002491694352159457,0.7509803921568627,0.7627450980392156,0.0117647058823529,0.1482435935014572,0.1600653461330082,0.011821752631551025,0.796875,0.8125,0.015625,0.6371794871794872,0.634388159266208,-0.0027913279132792956,0.1223476733496856,0.1426337453493834,0.020286071999697786,0.6891891891891891,0.6933333333333334,0.004144144144144213,0.3845238095238095,0.3623015873015873,-0.0222222222222222,0.1958822770571767,0.1809523809523809,-0.014929896104795809,0.3653846153846153,0.3461538461538461,-0.019230769230769218,0.1278453632103512,0.1242470328585325,-0.003598330351818696,0.1131724572888631,0.1007480754041534,-0.012424381884709707,0.1683291770573566,0.1652065081351689,-0.0031226689221876824,0.3548160836425952,0.3489253671778783,-0.005890716464716894,14.8,14.8,0.0,43,43,0
Post1_T2,Post1,T2,corr_mrmr_auto_k,corr_mrmr,RandomForest,corr_mrmr_auto_k_no_smote,corr_mrmr_auto_k_smote,0.6956146903205725,0.6823832866479924,-0.013231403672580133,0.1262037086328111,0.1177343566445255,-0.008469351988285606,0.6532451923076922,0.6547475961538461,0.0015024038461539657,0.7531871624758285,0.7617804998612684,0.008593337385439881,0.0770515836022608,0.0659474679945329,-0.011104115607727907,0.7195041213444797,0.7282775613661145,0.008773440021634826,0.6102169552113935,0.632153484878735,0.021936529667341498,0.0790006920200275,0.0460920642442929,-0.032908627775734604,0.5948275862068966,0.6293103448275862,0.03448275862068961,0.6201587301587301,0.6330555555555555,0.012896825396825351,0.1087037685880629,0.0350146128176417,-0.0736891557704212,0.5895432692307692,0.6298076923076923,0.04026442307692313,0.6193258574332743,0.6566666666666666,0.037340809233392336,0.0694267585854478,0.1380821011813865,0.0686553425959387,0.6307692307692307,0.6779661016949152,0.047196870925684475,0.6799999999999999,0.6133333333333333,-0.06666666666666665,0.2217764078672598,0.1558713770953997,-0.06590503077186011,0.640625,0.625,-0.015625,0.6211764705882353,0.6098344607600505,-0.011342009828184785,0.0870146505140103,0.1012082299924591,0.014193579478448792,0.6356589147286822,0.6504065040650406,0.014747589336358446,0.5603174603174603,0.6527777777777778,0.09246031746031746,0.143196246560357,0.1285003722913375,-0.014695874269019499,0.5384615384615384,0.6346153846153846,0.09615384615384615,0.2064717470331668,0.249510935593688,0.04303918856052119,0.1534628433634374,0.0661577521524156,-0.08730509121102181,0.1794099939795304,0.2572960095294818,0.07788601554995139,0.2314432184149973,0.2296010656558442,-0.0018421527591530873,14.8,14.8,0.0,43,43,0
Post1_T2,Post1,T2,corr_mrmr_auto_k,corr_mrmr,SVM_Linear,corr_mrmr_auto_k_no_smote,corr_mrmr_auto_k_smote,0.6213445378151261,0.6212511671335201,-9.337068160597539e-05,0.1035363882260495,0.0956400836868552,-0.007896304539194307,0.5677584134615384,0.6201923076923077,0.052433894230769273,0.6570187850448059,0.6599097132626869,0.0028909282178809503,0.0982452946235479,0.1026046582971274,0.004359363673579489,0.6158130749451801,0.6465357764620561,0.03072270151687595,0.5488462964547502,0.6263383816776475,0.0774920852228973,0.0882434405560226,0.0995610448404482,0.011317604284425603,0.5431034482758621,0.603448275862069,0.06034482758620685,0.5885947712418301,0.6481185807656396,0.05952380952380942,0.0767082224716666,0.1081582592498888,0.031450036778222196,0.5390625,0.6063701923076923,0.06730769230769229,0.473010752688172,0.6438095238095238,0.17079877112135183,0.2805071963441089,0.0956728173613561,-0.18483437898275282,0.5873015873015873,0.6607142857142857,0.07341269841269837,0.6494117647058824,0.6494117647058822,-1.1102230246251565e-16,0.3660619948629534,0.2703733161830254,-0.09568867867992797,0.578125,0.578125,0.0,0.5125,0.6035087719298246,0.0910087719298246,0.2666666666666667,0.1668679294250159,-0.09979873724165081,0.5826771653543307,0.6166666666666667,0.03398950131233602,0.5277777777777778,0.6468253968253969,0.11904761904761907,0.3433674920080543,0.1426806670110745,-0.20068682499697976,0.5,0.6346153846153846,0.13461538461538458,0.1468019996970156,0.2606126710627629,0.11381067136574732,0.131085708535341,0.1620494777565211,0.030963769221180104,0.0779844031193761,0.2097156398104266,0.1317312366910505,0.2484233508002018,0.2439641134789854,-0.004459237321216419,14.8,14.8,0.0,43,43,0
Post1_T2,Post1,T2,corr_mrmr_auto_k,corr_mrmr,SVM_RBF,corr_mrmr_auto_k_no_smote,corr_mrmr_auto_k_smote,0.5969102085278555,0.5946475256769375,-0.0022626828509180186,0.1734306106139757,0.2110254562288006,0.0375948456148249,0.561748798076923,0.5856370192307693,0.023888221153846256,0.6610187922237509,0.6882044418047617,0.027185649581010773,0.099340527541005,0.1660910098063647,0.0667504822653597,0.6122740688641973,0.6248438063520704,0.012569737487873045,0.5356573780934182,0.5427393209929361,0.007081942899517912,0.0912340035584359,0.0933792855644904,0.0021452820060545025,0.5431034482758621,0.5258620689655172,-0.017241379310344862,0.5770751633986928,0.5983169934640523,0.021241830065359513,0.0631331528864084,0.0875371130778513,0.02440396019144289,0.5336538461538461,0.5504807692307692,0.016826923076923017,0.5801536098310291,0.3654761904761904,-0.21467741935483875,0.1610147422620134,0.3269716055546754,0.16595686329266202,0.5797101449275363,0.6451612903225806,0.06545114539504437,0.6847058823529412,0.4494117647058823,-0.23529411764705888,0.3051937951452416,0.392130195171703,0.08693640002646141,0.625,0.3125,-0.3125,0.5567710868644655,0.377342182435561,-0.17942890442890452,0.1683435881402157,0.3124480930433117,0.14410450490309604,0.6015037593984962,0.4210526315789473,-0.18045112781954892,0.4694444444444444,0.7472222222222221,0.27777777777777773,0.3088709027537253,0.2194971807237601,-0.08937372202996521,0.4423076923076923,0.7884615384615384,0.34615384615384615,0.1293356643356643,0.1597691197691197,0.03043345543345541,0.1149524216641832,0.1326744965132065,0.017722074849023314,0.0679199514857489,0.0952921157118547,0.02737216422610579,0.2479551891275683,0.2453964941288159,-0.0025586949987524144,14.8,14.8,0.0,43,43,0
Post1_T2,Post1,T2,corr_mrmr_auto_k,corr_mrmr,XGBoost,corr_mrmr_auto_k_no_smote,corr_mrmr_auto_k_smote,0.6861469032057268,0.6424712107065048,-0.043675692499221985,0.1159508915661391,0.1458053178582457,0.029854426292106592,0.655048076923077,0.5967548076923077,-0.058293269230769273,0.7355168333377771,0.723214420417438,-0.012302412920339068,0.0971848768917132,0.1009722285319214,0.0037873516402082003,0.7263256204064201,0.6768094572250184,-0.04951616318140173,0.6248709392202161,0.6016285901714155,-0.023242349048800626,0.097293724038844,0.057674553865265,-0.039619170173578994,0.6379310344827587,0.5862068965517241,-0.051724137931034586,0.6539565826330531,0.61609243697479,-0.037864145658263126,0.0773891588484634,0.0971876062494028,0.019798447400939403,0.6304086538461539,0.5799278846153846,-0.050480769230769273,0.6534803921568628,0.6132142857142857,-0.04026610644257711,0.1825099734994198,0.1083244371020195,-0.0741855363974003,0.6617647058823529,0.6212121212121212,-0.040552584670231706,0.7352941176470588,0.6964705882352942,-0.03882352941176459,0.1764705882352941,0.1624040840163519,-0.014066504218942205,0.703125,0.640625,-0.0625,0.6515741677506384,0.6288963963963965,-0.02267777135424187,0.1070841296666718,0.0411990807682409,-0.0658850488984309,0.6818181818181818,0.6307692307692307,-0.05104895104895102,0.5726190476190476,0.5357142857142858,-0.036904761904761774,0.1907141370904836,0.1161011018914904,-0.0746130351989932,0.5576923076923077,0.5192307692307693,-0.038461538461538436,0.2769993153360036,0.1962007751246403,-0.08079854021136329,0.156662304738949,0.1411450729118622,-0.01551723182708678,0.2627118644067796,0.1604342581423401,-0.10227760626443952,0.267652254561682,0.2812800465879236,0.013627792026241592,14.8,14.8,0.0,43,43,0
Post1_T2,Post1,T2,elasticnet_then_mrmr_auto_k,elasticnet_then_mrmr,ExtraTrees,elasticnet_then_mrmr_auto_k_no_smote,elasticnet_then_mrmr_auto_k_smote,0.6575871459694989,0.6616168689698101,0.004029723000311236,0.0648844292123999,0.0621709890794635,-0.0027134401329363955,0.6403245192307693,0.6400240384615385,-0.00030048076923072653,0.7187767299612691,0.7211629296804369,0.0023861997191678697,0.1131125001746387,0.1088128042737754,-0.004299695900863293,0.7228208065975725,0.7170619690369365,-0.005758837560635999,0.5561026972039207,0.5492061454797829,-0.006896551724137834,0.0757811190393313,0.0742818778017652,-0.0014992412375660902,0.5775862068965517,0.5689655172413793,-0.008620689655172376,0.5609617180205415,0.5563398692810457,-0.004621848739495782,0.0550264738185337,0.0526423219754527,-0.002384151843081002,0.5703125,0.5643028846153846,-0.006009615384615419,0.5860606060606062,0.5833333333333334,-0.0027272727272728003,0.1708763132119143,0.1676636845327905,-0.00321262867912378,0.6119402985074627,0.609375,-0.0025652985074626766,0.6250980392156862,0.6015686274509803,-0.02352941176470591,0.1643993412589665,0.1637807820221429,-0.0006185592368235793,0.640625,0.609375,-0.03125,0.5711432711432711,0.5575120575120576,-0.013631213631213557,0.1318941138431019,0.1300588823725963,-0.0018352314705055994,0.6259541984732825,0.609375,-0.016579198473282486,0.4968253968253968,0.5111111111111112,0.014285714285714401,0.2167901851536105,0.2141592807488487,-0.002630904404761797,0.5,0.5192307692307693,0.019230769230769273,0.1188911770768783,0.1094928449707078,-0.009398332106170498,0.1094656251687958,0.1055065921671981,-0.003959033001597695,0.1413897280966767,0.1286057692307692,-0.012783958865907497,0.2320066607189873,0.2325752972050238,0.0005686364860365001,11.2,11.2,0.0,32,32,0
Post1_T2,Post1,T2,elasticnet_then_mrmr_auto_k,elasticnet_then_mrmr,GradientBoosting,elasticnet_then_mrmr_auto_k_no_smote,elasticnet_then_mrmr_auto_k_smote,0.6092779333955806,0.6118767507002801,0.0025988173046995744,0.0552785613867062,0.0921864660511204,0.036907904664414196,0.603515625,0.6104266826923077,0.006911057692307709,0.6823120760240007,0.6558874156250625,-0.026424660398938205,0.1641951566623754,0.1794765543838487,0.0152813977214733,0.6930233055628354,0.6586688483395048,-0.03435445722333064,0.567658747135944,0.5769425667645913,0.009283819628647327,0.0769829645612773,0.0917541322427426,0.014771167681465303,0.5862068965517241,0.5948275862068966,0.008620689655172487,0.5736694677871148,0.582093837535014,0.008424369747899174,0.0555929794938398,0.0425806103832148,-0.013012369110625005,0.5763221153846154,0.5895432692307692,0.013221153846153744,0.5961904761904762,0.5956022408963586,-0.0005882352941175562,0.1802404541583069,0.1744267756856982,-0.005813678472608691,0.6142857142857143,0.6307692307692307,0.016483516483516425,0.6568627450980392,0.6415686274509803,-0.015294117647058902,0.1372549019607843,0.1504492822968493,0.013194380336065015,0.671875,0.640625,-0.03125,0.5945122625852849,0.5900532674526483,-0.0044589951326365895,0.1238481535480725,0.142214171428023,0.0183660178799505,0.6417910447761194,0.6356589147286822,-0.006132130047437179,0.4904761904761905,0.5226190476190476,0.03214285714285714,0.2126125152305316,0.1650602858327335,-0.0475522293977981,0.4807692307692308,0.5384615384615384,0.057692307692307654,0.1443005815934972,0.1661139456469125,0.0218133640534153,0.1060318563781573,0.0887330149806763,-0.017298841397481002,0.1543134872417982,0.1794099939795304,0.0250965067377322,0.2474519489237349,0.2450106514768318,-0.002441297446903107,11.2,11.2,0.0,32,32,0
Post1_T2,Post1,T2,elasticnet_then_mrmr_auto_k,elasticnet_then_mrmr,KNN,elasticnet_then_mrmr_auto_k_no_smote,elasticnet_then_mrmr_auto_k_smote,0.6910978835978836,0.7415067693744165,0.05040888577653291,0.0818538799203704,0.1121566228713085,0.0303027429509381,0.6658653846153846,0.7178485576923078,0.05198317307692324,0.7214203361877386,0.7895495500490315,0.06812921386129289,0.1100872786389906,0.075576380885051,-0.03451089775393959,0.7292881352083909,0.7725396416464235,0.04325150643803266,0.5756695473603148,0.6255754256866604,0.04990587832634552,0.1839647439708143,0.1067892846180271,-0.0771754593527872,0.6293103448275862,0.6551724137931034,0.025862068965517238,0.6118604108309991,0.6554645191409898,0.04360410830999073,0.0958582459723347,0.0761226816270391,-0.019735564345295595,0.6135817307692308,0.6514423076923077,0.03786057692307687,0.6045889179470414,0.6432952668246786,0.03870634887763724,0.1948410452990388,0.17316296151448,-0.02167808378455882,0.6363636363636364,0.6875,0.051136363636363646,0.7741176470588236,0.7152941176470589,-0.05882352941176472,0.2025990295682753,0.2053134998435151,0.0027144702752397998,0.765625,0.6875,-0.078125,0.6372489601901367,0.6403921568627451,0.003143196672608428,0.1668612338888012,0.1342849546972951,-0.0325762791915061,0.6950354609929078,0.6875,-0.007535460992907805,0.4496031746031746,0.5956349206349206,0.146031746031746,0.2544068633189845,0.1477683150432224,-0.10663854827576208,0.4615384615384615,0.6153846153846154,0.1538461538461539,0.2276947374613007,0.2829559267378646,0.05526118927656393,0.1919776618339089,0.1582270860461414,-0.033750575787767495,0.2326153846153845,0.3028846153846154,0.07026923076923092,0.2315023174355202,0.2168931594468448,-0.014609157988675375,11.2,11.2,0.0,32,32,0
Post1_T2,Post1,T2,elasticnet_then_mrmr_auto_k,elasticnet_then_mrmr,LightGBM,elasticnet_then_mrmr_auto_k_no_smote,elasticnet_then_mrmr_auto_k_smote,0.6259741674447556,0.6142771553065671,-0.011697012138188523,0.1049399476893918,0.104276197198386,-0.0006637504910057962,0.5689603365384615,0.6036658653846154,0.034705528846153966,0.6981818569373305,0.7061870708678292,0.008005213930498689,0.0737433977339519,0.083443948271306,0.009700550537354094,0.5986826373473674,0.6584571274620691,0.059774490114701706,0.5114990064934448,0.5392354277782532,0.027736421284808355,0.072399222039354,0.0719150499432401,-0.00048417209611389955,0.5258620689655172,0.5517241379310345,0.025862068965517238,0.547156862745098,0.5730088702147526,0.025852007469654548,0.0928708263574314,0.0670684364974248,-0.02580238986000659,0.5270432692307692,0.5522836538461539,0.025240384615384692,0.5681085065605189,0.5694444444444444,0.0013359378839254976,0.1665084335599969,0.1388888888888889,-0.027619544671108,0.5789473684210527,0.603448275862069,0.024500907441016295,0.5776470588235294,0.6011764705882353,0.02352941176470591,0.2806911884128092,0.260114427840776,-0.020576760572033226,0.515625,0.546875,0.03125,0.5060606060606061,0.5370912420912421,0.03103063603063605,0.133747343544978,0.1268494641188133,-0.00689787942616471,0.5454545454545454,0.5737704918032787,0.028315946348733245,0.5166666666666667,0.5448412698412699,0.028174603174603186,0.2134374745810949,0.1442480786300482,-0.0691893959510467,0.5384615384615384,0.5576923076923077,0.019230769230769273,0.06572206866038,0.1191500824664679,0.0534280138060879,0.1529545561733215,0.1041207652881072,-0.04883379088521429,0.0534124629080118,0.1034482758620689,0.050035812954057096,0.265027076119251,0.2716171516842581,0.00659007556500707,11.2,11.2,0.0,32,32,0
Post1_T2,Post1,T2,elasticnet_then_mrmr_auto_k,elasticnet_then_mrmr,LogisticRegression,elasticnet_then_mrmr_auto_k_no_smote,elasticnet_then_mrmr_auto_k_smote,0.651129007158419,0.6359617180205417,-0.015167289137877349,0.0943773992338621,0.1199470077751766,0.0255696085413145,0.66796875,0.6637620192307692,-0.0042067307692308376,0.6721377399943662,0.6724483739294264,0.00031063393506014503,0.1737173084084538,0.1836059555879934,0.009888647179539578,0.7103713992164271,0.6853391391794665,-0.025032260036960574,0.5839455995740757,0.6027490183774945,0.018803418803418848,0.1092459149003916,0.1137486113237385,0.0045026964233469,0.6120689655172413,0.6293103448275862,0.017241379310344862,0.5727964519140989,0.5911788048552753,0.018382352941176405,0.1082581812884333,0.1129829154913789,0.004724734202945599,0.6087740384615384,0.6262019230769231,0.017427884615384692,0.5873015873015872,0.616892230576441,0.029590643274853834,0.2115939102791499,0.229164775310532,0.01757086503138211,0.6507936507936508,0.6666666666666666,0.015873015873015817,0.5701960784313725,0.5819607843137256,0.01176470588235301,0.2146011921326261,0.2262388254731715,0.011637633340545406,0.640625,0.65625,0.015625,0.5612554374441853,0.5749062310949788,0.01365079365079358,0.2019154986010866,0.2068080181116217,0.004892519510535098,0.6456692913385826,0.6614173228346457,0.015748031496063075,0.5753968253968254,0.6003968253968253,0.02499999999999991,0.1209373818971456,0.1607980381419337,0.03986065624478809,0.5769230769230769,0.5961538461538461,0.019230769230769273,0.1571606144564996,0.1939525957711267,0.036791981314627104,0.2021115100430982,0.2097924709465649,0.007680960903466677,0.2171565686862627,0.2519496100779844,0.03479304139172168,0.2338939366925175,0.237476390043778,0.0035824533512604784,11.2,11.2,0.0,32,32,0
Post1_T2,Post1,T2,elasticnet_then_mrmr_auto_k,elasticnet_then_mrmr,NaiveBayes,elasticnet_then_mrmr_auto_k_no_smote,elasticnet_then_mrmr_auto_k_smote,0.6049805477746655,0.6045969498910675,-0.00038359788359798586,0.1635176933245915,0.1781110763472712,0.014593383022679679,0.6246995192307693,0.6307091346153847,0.006009615384615419,0.6582518828254078,0.6549522370495876,-0.0032996457758202036,0.2216891550698078,0.2241424558337778,0.00245330076396999,0.6757527315914322,0.676121943115375,0.00036921152394275847,0.5744549974805815,0.5744549974805815,0.0,0.1294805042858788,0.1294805042858788,0.0,0.5948275862068966,0.5948275862068966,0.0,0.5609383753501401,0.5609383753501401,0.0,0.0895930414407169,0.0895930414407169,0.0,0.5697115384615384,0.5697115384615384,0.0,0.566225380899294,0.566225380899294,0.0,0.1768864305399741,0.1768864305399741,0.0,0.5977011494252874,0.5977011494252874,0.0,0.7956862745098039,0.7956862745098039,0.0,0.1137011468198909,0.1137011468198909,0.0,0.8125,0.8125,0.0,0.646056622851365,0.646056622851365,0.0,0.1614532259143409,0.1614532259143409,0.0,0.6887417218543046,0.6887417218543046,0.0,0.3261904761904762,0.3261904761904762,0.0,0.1821666305334744,0.1821666305334744,0.0,0.3269230769230769,0.3269230769230769,0.0,0.1342437210287371,0.1342437210287371,0.0,0.1728624439208749,0.1728624439208749,0.0,0.1454545454545455,0.1454545454545455,0.0,0.3530977766948379,0.3466345683540515,-0.006463208340786397,11.2,11.2,0.0,32,32,0
Post1_T2,Post1,T2,elasticnet_then_mrmr_auto_k,elasticnet_then_mrmr,RandomForest,elasticnet_then_mrmr_auto_k_no_smote,elasticnet_then_mrmr_auto_k_smote,0.6590359477124184,0.615552443199502,-0.04348350451291638,0.0899906429508213,0.1216076696963613,0.03161702674554,0.6439302884615384,0.6295072115384617,-0.01442307692307676,0.7048925180875831,0.68338764018006,-0.02150487790752309,0.1351609531273347,0.1832585112599109,0.04809755813257621,0.7234186305107622,0.7199628490978087,-0.0034557814129534403,0.5552717644486276,0.5189056216308718,-0.03636614281775574,0.1140742478883608,0.1268083064783392,0.012734058589978406,0.5862068965517241,0.5517241379310345,-0.03448275862068961,0.5641363211951447,0.5246428571428572,-0.039493464052287486,0.0855292996203299,0.1083781709525434,0.0228488713322135,0.5799278846153846,0.5450721153846154,-0.03485576923076916,0.5677777777777778,0.5320175438596491,-0.03576023391812877,0.1770261890369283,0.1836541304816395,0.006627941444711211,0.6212121212121212,0.5909090909090909,-0.030303030303030276,0.6250980392156862,0.5933333333333333,-0.03176470588235292,0.1643993412589665,0.1817832128827272,0.017383871623760705,0.640625,0.609375,-0.03125,0.5718837691251484,0.5386276558690353,-0.03325611325611311,0.1571140287682191,0.1675429250394554,0.010428896271236304,0.6307692307692307,0.6,-0.03076923076923077,0.5031746031746032,0.4559523809523809,-0.047222222222222276,0.1128659608548011,0.1373749689214443,0.02450900806664319,0.5192307692307693,0.4807692307692308,-0.03846153846153849,0.1298207944501413,0.0512261782173651,-0.0785946162327762,0.1732995043313666,0.2148172209544208,0.0415177166230542,0.1604342581423401,0.0904704463208684,-0.06996381182147171,0.2313932449003166,0.2380023030727226,0.006609058172406007,11.2,11.2,0.0,32,32,0
Post1_T2,Post1,T2,elasticnet_then_mrmr_auto_k,elasticnet_then_mrmr,SVM_Linear,elasticnet_then_mrmr_auto_k_no_smote,elasticnet_then_mrmr_auto_k_smote,0.6523840647370058,0.6522486772486773,-0.0001353874883285311,0.1020793470679317,0.0969490218020788,-0.0051303252658529,0.6373197115384615,0.6640625,0.026742788461538547,0.6763619426756247,0.6742677045750534,-0.0020942381005712996,0.1747906840194387,0.1722023790058653,-0.0025883050135734054,0.6767884653051327,0.7099195193152439,0.03313105401011118,0.5680685091697327,0.5898457925710429,0.021777283401310132,0.0992607802542381,0.1000640331787586,0.0008032529245205061,0.5948275862068966,0.6120689655172413,0.01724137931034475,0.5765662931839403,0.5806746031746031,0.004108309990662806,0.0580521514766587,0.1017614897088583,0.0437093382321996,0.5877403846153846,0.6123798076923077,0.024639423076923128,0.5843814080656186,0.6152115583075335,0.030830150241914933,0.1779567629456248,0.2284741119377501,0.050517348992125316,0.6268656716417911,0.6610169491525424,0.03415127751075131,0.6368627450980392,0.5466666666666667,-0.09019607843137245,0.1756862745098039,0.1869827608745869,0.011296486364783004,0.65625,0.609375,-0.046875,0.5802759332171097,0.5581879648411089,-0.0220879683760008,0.1529726408577794,0.1916068016543178,0.03863416079653839,0.6412213740458015,0.6341463414634146,-0.007075032582386842,0.5162698412698413,0.6146825396825397,0.0984126984126984,0.1501783604068586,0.1607627792799504,0.010584418873091778,0.5192307692307693,0.6153846153846154,0.09615384615384615,0.1545276291844386,0.1705970466549285,0.0160694174704899,0.1192635296116241,0.1830566161778702,0.06379308656624609,0.1764350453172205,0.2227516378796902,0.0463165925624697,0.2422834062972781,0.2387332981043212,-0.0035501081929568967,11.2,11.2,0.0,32,32,0
Post1_T2,Post1,T2,elasticnet_then_mrmr_auto_k,elasticnet_then_mrmr,SVM_RBF,elasticnet_then_mrmr_auto_k_no_smote,elasticnet_then_mrmr_auto_k_smote,0.6584228135698723,0.651923436041083,-0.006499377528789263,0.0785030471085657,0.0889915001428299,0.010488453034264197,0.6664663461538463,0.6729266826923077,0.006460336538461453,0.7060956807040044,0.703190951079314,-0.002904729624690461,0.1130863801500138,0.1156443210735094,0.002557940923495608,0.7017015643523796,0.6998720413274356,-0.0018295230249439909,0.5941606533375166,0.5812574275310649,-0.012903225806451646,0.0762416188883927,0.0591411833062794,-0.017100435582113306,0.6120689655172413,0.5948275862068966,-0.01724137931034475,0.5989869281045751,0.5650000000000001,-0.03398692810457504,0.0488128974958229,0.0644195818351503,0.015606684339327402,0.6069711538461539,0.5931490384615384,-0.013822115384615419,0.6046176046176045,0.5811111111111111,-0.023506493506493364,0.1607421999425908,0.1921162199693421,0.0313740200267513,0.6461538461538462,0.639344262295082,-0.006809583858764179,0.6368627450980392,0.5466666666666666,-0.09019607843137256,0.1795821541693853,0.1832442900046281,0.0036621358352428024,0.65625,0.609375,-0.046875,0.5927624100037894,0.549456796698176,-0.04330561330561333,0.1422082007716007,0.1749362685472627,0.032728067775662006,0.6511627906976745,0.624,-0.027162790697674466,0.5611111111111111,0.5833333333333334,0.022222222222222254,0.1247219128924647,0.1111111111111111,-0.013610801781353599,0.5576923076923077,0.5769230769230769,0.019230769230769162,0.1917339001480439,0.1331701374349364,-0.05856376271310751,0.1106602801164096,0.1230020570950608,0.0123417769786512,0.2143287176399758,0.1852958756724447,-0.029032841967531087,0.2350188830784381,0.2358238557947726,0.0008049727163345066,11.2,11.2,0.0,32,32,0
Post1_T2,Post1,T2,elasticnet_then_mrmr_auto_k,elasticnet_then_mrmr,XGBoost,elasticnet_then_mrmr_auto_k_no_smote,elasticnet_then_mrmr_auto_k_smote,0.6388414254590725,0.6784982882041707,0.039656862745098165,0.0744636425247133,0.0929237297136266,0.0184600871889133,0.62109375,0.654747596153846,0.033653846153846034,0.6806896150907484,0.7448815373844753,0.06419192229372683,0.1566989028153918,0.0823994071618925,-0.07429949565349932,0.6949165297156328,0.7190679503801425,0.024151420664509704,0.566032058412481,0.5946055921584287,0.02857353374594762,0.0943403525093833,0.0646733715721854,-0.029666980937197898,0.5948275862068966,0.6120689655172413,0.01724137931034475,0.5910597572362277,0.6026493930905696,0.011589635854341918,0.058267363962398,0.0412528787001121,-0.017014485262285897,0.5823317307692308,0.6105769230769231,0.02824519230769229,0.5883879989829646,0.618984962406015,0.030596963423050405,0.1572352668764408,0.1739154903021683,0.016680223425727503,0.6164383561643836,0.6557377049180327,0.039299348753649155,0.7352941176470588,0.6215686274509803,-0.11372549019607847,0.1950955759032588,0.1426933756757666,-0.0524022002274922,0.703125,0.625,-0.078125,0.6161532256813563,0.5918192918192917,-0.024333933862064616,0.1106007779814862,0.1271016174791264,0.01650083949764021,0.656934306569343,0.64,-0.016934306569343027,0.4468253968253968,0.5837301587301587,0.13690476190476186,0.1779902358599382,0.14349724319911,-0.0344929926608282,0.4615384615384615,0.5961538461538461,0.13461538461538464,0.162974365278609,0.1954558429471184,0.032481477668509395,0.1159840558877201,0.0912277760177725,-0.024756279869947592,0.1673793524740379,0.2199641362821279,0.05258478380809001,0.260210161613018,0.262318390695969,0.0021082290829509964,11.2,11.2,0.0,32,32,0
Post1_T2,Post1,T2,mrmr_then_elasticnet_no_corr_auto_k,mrmr_then_elasticnet_no_corr,ExtraTrees,mrmr_then_elasticnet_no_corr_auto_k_no_smote,mrmr_then_elasticnet_no_corr_auto_k_smote,0.6664775910364146,0.6511087768440709,-0.015368814192343705,0.0415268562729803,0.0592676745076593,0.017740818234679004,0.6790865384615384,0.665264423076923,-0.013822115384615419,0.7382098370949219,0.7363235484871027,-0.0018862886078192531,0.0883872298048299,0.0889087596314762,0.0005215298266462998,0.7232234407600366,0.72007496567698,-0.003148475083056601,0.6387053991614615,0.6079537567857924,-0.030751642375669075,0.0596729424043008,0.0735059233510495,0.013832980946748695,0.646551724137931,0.6293103448275862,-0.017241379310344862,0.6276493930905696,0.6249206349206349,-0.0027287581699346752,0.0780323476174034,0.05254940740664,-0.025482940210763395,0.6508413461538461,0.6298076923076923,-0.021033653846153855,0.6617460317460317,0.6376190476190475,-0.02412698412698422,0.2099168991776094,0.180628783336473,-0.029288115841136386,0.7090909090909091,0.6779661016949152,-0.03112480739599388,0.5549019607843138,0.6133333333333333,0.058431372549019533,0.1940681259868019,0.1419282814053217,-0.05213984458148019,0.609375,0.625,0.015625,0.5852299016772701,0.5974247662568019,0.012194864579531783,0.1706770285882649,0.131906572840194,-0.03877045574807089,0.6554621848739496,0.6504065040650406,-0.005055680808908947,0.7003968253968254,0.6365079365079366,-0.06388888888888877,0.1318392288453427,0.1164423932242176,-0.015396835621125093,0.6923076923076923,0.6346153846153846,-0.05769230769230771,0.247684193617477,0.235307669912909,-0.012376523704568015,0.1577458892583067,0.1144406120856381,-0.043305277172668605,0.2968657599053814,0.2572960095294818,-0.039569750375899604,0.2293247125619858,0.2302250125325185,0.000900299970532703,9.6,9.6,0.0,38,38,0
Post1_T2,Post1,T2,mrmr_then_elasticnet_no_corr_auto_k,mrmr_then_elasticnet_no_corr,GradientBoosting,mrmr_then_elasticnet_no_corr_auto_k_no_smote,mrmr_then_elasticnet_no_corr_auto_k_smote,0.7079512916277623,0.6396448023653907,-0.0683064892623716,0.0962601523961728,0.084717873873249,-0.011542278522923805,0.6598557692307693,0.626953125,-0.032902644230769273,0.7830474152678616,0.6988310745519462,-0.08421634071591544,0.048087042383797,0.0378818618229235,-0.010205180560873495,0.7315120455898941,0.6905468350437256,-0.04096521054616853,0.5958462869475105,0.5710775505547474,-0.024768736392763113,0.1390781204654018,0.0457750470979511,-0.0933030733674507,0.6206896551724138,0.5775862068965517,-0.0431034482758621,0.6274486461251166,0.5765196078431372,-0.05092903828197948,0.059934173594919,0.052167591079697,-0.007766582515222005,0.609375,0.5775240384615384,-0.031850961538461564,0.6415584415584416,0.5906015037593986,-0.05095693779904298,0.1975734052544063,0.1410159234591202,-0.05655748179528611,0.6388888888888888,0.6271186440677966,-0.011770244821092235,0.7552941176470588,0.5780392156862745,-0.1772549019607843,0.1927976510646729,0.1080418845974749,-0.084755766467198,0.71875,0.578125,-0.140625,0.6426609510200841,0.5654778003155284,-0.07718315070455573,0.128162044039083,0.0899816988379452,-0.03818034520113779,0.6764705882352942,0.6016260162601627,-0.0748445719751315,0.4996031746031746,0.575,0.07539682539682535,0.2782943043410558,0.1059932446018828,-0.17230105973917298,0.5,0.5769230769230769,0.07692307692307687,0.2446627813624196,0.1387218073710616,-0.10594097399135799,0.1278838279937759,0.0958091187328745,-0.032074709260901405,0.2219512195121951,0.1536628945801071,-0.068288324932088,0.2320878824651792,0.2407503277016128,0.008662445236433614,9.6,9.6,0.0,38,38,0
Post1_T2,Post1,T2,mrmr_then_elasticnet_no_corr_auto_k,mrmr_then_elasticnet_no_corr,KNN,mrmr_then_elasticnet_no_corr_auto_k_no_smote,mrmr_then_elasticnet_no_corr_auto_k_smote,0.6820206971677558,0.6777933395580454,-0.0042273576097103804,0.0734474739135799,0.0594879048894124,-0.013959569024167506,0.6524939903846154,0.6470853365384616,-0.005408653846153855,0.7067782177651465,0.7125524949887665,0.005774277223620006,0.1026739446385815,0.0804458102806732,-0.022228134357908297,0.6858383603838543,0.6801257704813921,-0.005712589902462151,0.6132435849899698,0.6419174201154179,0.028673835125448077,0.0964173483568461,0.0530313742457361,-0.04338597411111,0.6120689655172413,0.6293103448275862,0.017241379310344862,0.6517787114845939,0.6736437908496733,0.02186507936507942,0.0765154340547121,0.0746145705944018,-0.0019008634603103064,0.6105769230769231,0.6334134615384616,0.022836538461538436,0.6551545530492899,0.692063492063492,0.03690893901420211,0.1802436878157721,0.1544991664748422,-0.025744521340929916,0.6557377049180327,0.6909090909090909,0.03517138599105818,0.7011764705882353,0.6611764705882353,-0.040000000000000036,0.194256634734591,0.1903411615638276,-0.003915473170763406,0.625,0.59375,-0.03125,0.6318500137854977,0.6365185478657964,0.00466853408029877,0.1103335474498118,0.0650776398906685,-0.0452559075591433,0.64,0.6386554621848739,-0.0013445378151261123,0.6023809523809524,0.6861111111111111,0.08373015873015877,0.1907141370904836,0.1479280772854927,-0.042786059804990895,0.5961538461538461,0.6730769230769231,0.07692307692307698,0.2681438242608455,0.3009123259760692,0.03276850171522372,0.1570439888550661,0.110590768429392,-0.0464532204256741,0.2199641362821279,0.2625665286812537,0.04260239239912578,0.2479874823305334,0.2527986271794248,0.004811144848891419,9.6,9.6,0.0,38,38,0
Post1_T2,Post1,T2,mrmr_then_elasticnet_no_corr_auto_k,mrmr_then_elasticnet_no_corr,LightGBM,mrmr_then_elasticnet_no_corr_auto_k_no_smote,mrmr_then_elasticnet_no_corr_auto_k_smote,0.599906629318394,0.593814192343604,-0.006092436974790005,0.0742540582126898,0.0672905828328989,-0.00696347537979089,0.5829326923076923,0.5594951923076923,-0.0234375,0.6628065518646746,0.6706536840597386,0.007847132195063944,0.0506761782300202,0.0376805105432404,-0.012995667686779802,0.6431490050205678,0.6143134074539446,-0.02883559756662324,0.5819528821197342,0.5666685681146193,-0.015284314005114874,0.0890639224755315,0.0557594919577171,-0.033304430517814405,0.5862068965517241,0.5775862068965517,-0.008620689655172376,0.5775,0.5650000000000001,-0.012499999999999956,0.0628851412378846,0.0378547060330626,-0.025030435204822003,0.5817307692307692,0.5721153846153846,-0.009615384615384581,0.5739348370927319,0.5810822510822511,0.007147413989519236,0.1358716171608232,0.1481197535928158,0.012248136431992601,0.625,0.6153846153846154,-0.009615384615384581,0.6133333333333333,0.6133333333333333,0.0,0.1843487659641235,0.1766813556166292,-0.007667410347494297,0.625,0.625,0.0,0.5750537555811389,0.5679089615931721,-0.007144793987966858,0.1417494575490209,0.1297107807278565,-0.012038676821164412,0.625,0.6201550387596899,-0.004844961240310086,0.5416666666666666,0.5166666666666666,-0.025000000000000022,0.0633430791721743,0.1839216150805205,0.12057853590834619,0.5384615384615384,0.5192307692307693,-0.019230769230769162,0.1498529363880759,0.1227483503071361,-0.027104586080939796,0.1306331684698749,0.0796666331132525,-0.050966535356622406,0.1634615384615384,0.1444912703190848,-0.018970268142453617,0.2544332865719553,0.2724936473842841,0.018060360812328813,9.6,9.6,0.0,38,38,0
Post1_T2,Post1,T2,mrmr_then_elasticnet_no_corr_auto_k,mrmr_then_elasticnet_no_corr,LogisticRegression,mrmr_then_elasticnet_no_corr_auto_k_no_smote,mrmr_then_elasticnet_no_corr_auto_k_smote,0.7054458450046684,0.7139931528166821,0.008547307812013627,0.09406883814819,0.0695687359358391,-0.02450010221235091,0.6902043269230769,0.6890024038461537,-0.0012019230769231282,0.7583954982868442,0.7653646654116221,0.0069691671247779086,0.0899854560361059,0.0956946460426685,0.0057091900065626006,0.7632408595069922,0.7567564555886237,-0.006484403918368464,0.6264976279436791,0.6102759000979247,-0.016221727845754486,0.0607725617406176,0.0466712461965057,-0.014101315544111898,0.6206896551724138,0.6120689655172413,-0.008620689655172487,0.6089192343604107,0.596547619047619,-0.01237161531279174,0.0544066965768263,0.0630358207688108,0.0086291241919845,0.6237980769230769,0.6123798076923077,-0.011418269230769162,0.6412121212121212,0.625072463768116,-0.01613965744400525,0.1704485520831854,0.201929154217095,0.0314806021339096,0.6785714285714286,0.6610169491525424,-0.017554479418886215,0.5349019607843137,0.5466666666666666,0.0117647058823529,0.193148302660038,0.1869827608745869,-0.00616554178545109,0.59375,0.609375,0.015625,0.566923076923077,0.5641543513957307,-0.002768725527346305,0.1526414369823072,0.1622503996221421,0.009608962639834906,0.6333333333333333,0.6341463414634146,0.0008130081300813385,0.682936507936508,0.6464285714285714,-0.0365079365079366,0.1490733111720689,0.1656260027565588,0.01655269158448991,0.6538461538461539,0.6153846153846154,-0.038461538461538436,0.2114669911939579,0.1859927952596545,-0.02547419593430339,0.1040979567863134,0.1194574339898264,0.015359477203513008,0.2440758293838862,0.2227516378796902,-0.021324191504195983,0.2243095854957636,0.2235326515191814,-0.0007769339765822114,9.6,9.6,0.0,38,38,0
Post1_T2,Post1,T2,mrmr_then_elasticnet_no_corr_auto_k,mrmr_then_elasticnet_no_corr,NaiveBayes,mrmr_then_elasticnet_no_corr_auto_k_no_smote,mrmr_then_elasticnet_no_corr_auto_k_smote,0.7262760659819485,0.7154302832244008,-0.010845782757547662,0.0811838941046053,0.079165582018676,-0.0020183120859292997,0.6935096153846154,0.6953125,0.0018028846153845812,0.7326918036335768,0.7248076451162002,-0.00788415851737656,0.1842611866986929,0.1932400262694121,0.00897883957071921,0.7481755095682106,0.7469957133936838,-0.0011797961745267926,0.6270956333247768,0.6536327163134728,0.026537082988695948,0.0878363377583679,0.0596105324051128,-0.0282258053532551,0.6379310344827587,0.6551724137931034,0.01724137931034475,0.6266223155929038,0.6489939309056956,0.02237161531279175,0.0786433619422641,0.0647406244686747,-0.013902737473589388,0.6231971153846154,0.6424278846153846,0.019230769230769162,0.637420634920635,0.6534798534798536,0.016059218559218547,0.2016680409490726,0.1862609088500688,-0.015407132099003795,0.6447368421052632,0.6621621621621622,0.017425320056899007,0.7274509803921568,0.7356862745098038,0.008235294117647007,0.1341955971158327,0.1032378544642747,-0.030957742651558,0.765625,0.765625,0.0,0.6502907452907454,0.6709515945494058,0.020660849258660408,0.1375096645987034,0.115629522633015,-0.021880141965688396,0.7,0.7101449275362319,0.010144927536231974,0.5257936507936508,0.5623015873015872,0.03650793650793638,0.2431927860084272,0.216201022981207,-0.0269917630272202,0.4807692307692308,0.5192307692307693,0.03846153846153849,0.2434463583725724,0.2833726020570924,0.039926243684520024,0.1596224047894975,0.1300303402811131,-0.02959206450838439,0.2518427518427518,0.2900856793145654,0.038242927471813626,0.2889495158452075,0.2815266141860621,-0.007422901659145387,9.6,9.6,0.0,38,38,0
Post1_T2,Post1,T2,mrmr_then_elasticnet_no_corr_auto_k,mrmr_then_elasticnet_no_corr,RandomForest,mrmr_then_elasticnet_no_corr_auto_k_no_smote,mrmr_then_elasticnet_no_corr_auto_k_smote,0.6709757236227825,0.6911383442265796,0.020162620603797143,0.0730775790515754,0.0937923988799151,0.020714819828339698,0.6649639423076923,0.6622596153846153,-0.002704326923076983,0.7360384794288957,0.7798127903067389,0.043774310877843225,0.0312515371561498,0.0269820785095759,-0.004269458646573899,0.707812928125813,0.7321547504929145,0.024341822367101473,0.6400050388370745,0.6159317570329806,-0.02407328180409385,0.0690055948767066,0.02919359617269,-0.039811998704016596,0.6551724137931034,0.6206896551724138,-0.03448275862068961,0.6425676937441642,0.6228781512605042,-0.01968954248366006,0.046443473842482,0.0136842458817192,-0.0327592279607628,0.6532451923076923,0.6237980769230769,-0.02944711538461542,0.6455555555555555,0.6599999999999999,0.014444444444444371,0.1608004668011159,0.1697638155980824,0.008963348796966503,0.6935483870967742,0.6785714285714286,-0.01497695852534564,0.6486274509803921,0.5898039215686274,-0.05882352941176472,0.1658522199488935,0.1534250766107866,-0.012427143338106877,0.671875,0.59375,-0.078125,0.6243781712747231,0.588962148962149,-0.035416022312574014,0.1387276449095487,0.1091557500274814,-0.029571894882067296,0.6825396825396826,0.6333333333333333,-0.049206349206349254,0.6365079365079366,0.6559523809523811,0.019444444444444486,0.092846967289433,0.1681697153532869,0.0753227480638539,0.6346153846153846,0.6538461538461539,0.019230769230769273,0.2729269186730973,0.2285078699811436,-0.044419048691953705,0.108299100942864,0.0387730959600138,-0.0695260049828502,0.3053892215568862,0.2440758293838862,-0.061313392173,0.2318844619227169,0.2285316022204337,-0.0033528597022831896,9.6,9.6,0.0,38,38,0
Post1_T2,Post1,T2,mrmr_then_elasticnet_no_corr_auto_k,mrmr_then_elasticnet_no_corr,SVM_Linear,mrmr_then_elasticnet_no_corr_auto_k_no_smote,mrmr_then_elasticnet_no_corr_auto_k_smote,0.7368004979769684,0.7282944288826642,-0.008506069094304292,0.0553708325508224,0.0727179399168796,0.017347107366057192,0.6727764423076923,0.6905048076923077,0.01772836538461542,0.7834298553502608,0.7728307360836222,-0.01059911926663859,0.0627139949227456,0.0760768589721028,0.013362864049357201,0.7516984600479426,0.7594641473092125,0.007765687261269916,0.5792799216603444,0.571036194061778,-0.008243727598566397,0.1252271426552936,0.0624620999078958,-0.0627650427473978,0.6120689655172413,0.5862068965517241,-0.025862068965517238,0.620077030812325,0.6021521942110177,-0.01792483660130728,0.0331059083450593,0.0515177641188695,0.0184118557738102,0.6015625,0.5799278846153846,-0.02163461538461542,0.6354025974025974,0.5977056277056277,-0.03769696969696967,0.1886806524220609,0.1461017860998833,-0.04257886632217758,0.6338028169014085,0.6212121212121212,-0.012590695689287279,0.7270588235294118,0.6717647058823529,-0.05529411764705883,0.2222751186563678,0.2292276787818678,0.0069525601255000236,0.703125,0.640625,-0.0625,0.6192487082809663,0.5878201368523949,-0.03142857142857147,0.123637111639291,0.1199504800857511,-0.003686631553539904,0.6666666666666666,0.6307692307692307,-0.03589743589743588,0.5130952380952382,0.5325396825396826,0.019444444444444486,0.2616388741733728,0.165079365079365,-0.09655950909400779,0.5,0.5192307692307693,0.019230769230769273,0.2264892610166756,0.1747024453555447,-0.051786815661130914,0.0871996263988429,0.0784840722685853,-0.00871555413025761,0.2057212416311624,0.1604342581423401,-0.04528698348882229,0.2235040018111847,0.2205773582495726,-0.0029266435616120967,9.6,9.6,0.0,38,38,0
Post1_T2,Post1,T2,mrmr_then_elasticnet_no_corr_auto_k,mrmr_then_elasticnet_no_corr,SVM_RBF,mrmr_then_elasticnet_no_corr_auto_k_no_smote,mrmr_then_elasticnet_no_corr_auto_k_smote,0.74036453470277,0.7469413320883909,0.006576797385620892,0.0703681747081231,0.0612446740358682,-0.00912350067225489,0.676983173076923,0.6968149038461539,0.019831730769230838,0.7826429690519804,0.7910474208093733,0.008404451757392906,0.0549489745301814,0.0529703702235871,-0.0019786043065943004,0.7240467653508216,0.738130995950838,0.0140842306000164,0.5842840573096413,0.6582983942272039,0.07401433691756265,0.0914581820285139,0.0240153662285704,-0.0674428157999435,0.603448275862069,0.6551724137931034,0.051724137931034475,0.6183916900093371,0.6587885154061625,0.04039682539682532,0.0420581964932983,0.0271871972938433,-0.014870999199454997,0.5919471153846154,0.6532451923076923,0.06129807692307687,0.6128571428571429,0.6767965367965367,0.06393939393939385,0.1714391531125683,0.1544923575223823,-0.016946795590185998,0.625,0.6935483870967742,0.06854838709677424,0.7435294117647059,0.6568627450980392,-0.08666666666666667,0.1538254976817049,0.109171850251569,-0.04465364743013589,0.703125,0.671875,-0.03125,0.6342411056995512,0.6476220016542598,0.013380895954708594,0.095627362306494,0.0868759656079344,-0.008751396698559608,0.6617647058823529,0.6825396825396826,0.020774976657329636,0.4932539682539681,0.6607142857142857,0.1674603174603176,0.1969933359319865,0.1413612153218799,-0.05563212061010661,0.4807692307692308,0.6346153846153846,0.1538461538461538,0.2122816175498876,0.2980147937494413,0.08573317619955367,0.0877980171541969,0.0477829536892326,-0.0400150634649643,0.1865853658536584,0.3053892215568862,0.1188038557032278,0.2210702908046924,0.2185862634334347,-0.002484027371257691,9.6,9.6,0.0,38,38,0
Post1_T2,Post1,T2,mrmr_then_elasticnet_no_corr_auto_k,mrmr_then_elasticnet_no_corr,XGBoost,mrmr_then_elasticnet_no_corr_auto_k_no_smote,mrmr_then_elasticnet_no_corr_auto_k_smote,0.7264721444133209,0.6929022720199192,-0.0335698723934017,0.0687454117118203,0.0811969185500894,0.012451506838269094,0.704627403846154,0.6796875,-0.024939903846153966,0.7472701733939772,0.7360007106080328,-0.011269462785944317,0.0626688311820543,0.0561510048123091,-0.006517826369745197,0.7619481054978698,0.7349897210541005,-0.0269583844437693,0.6186726942566765,0.620650200127397,0.0019775058707205417,0.1087836422881139,0.0596926785738206,-0.04909096371429329,0.646551724137931,0.6293103448275862,-0.017241379310344862,0.6448179271708683,0.6196708683473389,-0.02514705882352941,0.0319727616397574,0.0281149122816842,-0.003857849358073203,0.6346153846153846,0.6262019230769231,-0.008413461538461453,0.6372727272727272,0.6404761904761905,0.0032034632034633193,0.1757424555797571,0.1617295971213495,-0.014012858458407607,0.6575342465753424,0.6666666666666666,0.0091324200913242,0.7705882352941177,0.6286274509803922,-0.1419607843137255,0.1768623103337989,0.2010873938022335,0.024225083468434605,0.75,0.65625,-0.09375,0.6576421407540952,0.5977453730629774,-0.05989676769111785,0.1208959538784111,0.1452725313205217,0.02437657744211061,0.7007299270072993,0.6614173228346457,-0.03931260417265359,0.5190476190476191,0.6107142857142858,0.09166666666666667,0.2042228662220062,0.174992351270778,-0.029230514951228193,0.5192307692307693,0.5961538461538461,0.07692307692307687,0.2727712391079062,0.2291245202431095,-0.04364671886479668,0.0914841509498963,0.0723407851303846,-0.019143365819511704,0.2736713500305436,0.2519496100779844,-0.021721739952559216,0.2402135264130716,0.2508953747219916,0.010681848308919994,9.6,9.6,0.0,38,38,0
Post2_Pre,Post2,Pre,corr_mrmr_auto_k,corr_mrmr,ExtraTrees,corr_mrmr_auto_k_no_smote,corr_mrmr_auto_k_smote,0.6757673961840628,0.6904769921436589,0.014709595959596089,0.1540897456081765,0.1512064219127582,-0.0028833236954182995,0.6127218934911243,0.6473372781065089,0.0346153846153846,0.7530727450661184,0.7690289808415678,0.015956235775449357,0.1142163055001884,0.0912166905007137,-0.0229996149994747,0.6564934763500632,0.7019100977360289,0.045416621385965694,0.6087786049076371,0.6078228104034556,-0.0009557945041814842,0.0463076567157853,0.0552397315295637,0.008932074813778397,0.5982905982905983,0.5982905982905983,0.0,0.6483080808080808,0.6401136363636363,-0.008194444444444504,0.0770343421363535,0.0826943245706271,0.005659982434273597,0.5980769230769231,0.5961538461538461,-0.0019230769230769162,0.7203448275862069,0.6877472527472527,-0.0325975748389542,0.1802310579366011,0.138898621135224,-0.041332436801377104,0.65,0.6451612903225806,-0.004838709677419395,0.6477272727272727,0.6602272727272728,0.012500000000000067,0.2915830261812659,0.2807623182317081,-0.010820707949557806,0.6,0.6153846153846154,0.015384615384615441,0.6046464646464647,0.61158357771261,0.006937113066145306,0.0770160787106252,0.0782614627361608,0.0012453840255356036,0.624,0.6299212598425197,0.005921259842519677,0.6488888888888888,0.6199999999999999,-0.028888888888888964,0.3018952479598523,0.2590009294992616,-0.042894318460590664,0.5961538461538461,0.5769230769230769,-0.019230769230769273,0.2537138862424659,0.2440529601187077,-0.009660926123758184,0.1120571791924646,0.1253017387324951,0.013244559540030482,0.1942857142857142,0.1912045889101339,-0.003081125375580307,0.2365993742095302,0.2340985370348478,-0.002500837174682413,10.4,10.4,0.0,36,36,0
Post2_Pre,Post2,Pre,corr_mrmr_auto_k,corr_mrmr,GradientBoosting,corr_mrmr_auto_k_no_smote,corr_mrmr_auto_k_smote,0.5714688552188553,0.6029938271604938,0.0315249719416385,0.1637355967126004,0.1736139944890876,0.009878397776487191,0.5497041420118343,0.5495562130177515,-0.00014792899408277993,0.664481674326377,0.6961762317603238,0.03169455743394689,0.1286690424011471,0.1032840583550247,-0.025384984046122397,0.6485476474357745,0.6093066851638156,-0.039240962271958946,0.5357770425512361,0.6224152191894128,0.08663817663817663,0.1058899532297143,0.1634526639700098,0.057562710740295495,0.5213675213675214,0.5897435897435898,0.06837606837606836,0.5624747474747475,0.643510101010101,0.08103535353535352,0.1355081046802638,0.172751311716955,0.037243207036691206,0.5134615384615384,0.5923076923076923,0.0788461538461539,0.5757575757575758,0.692929292929293,0.11717171717171715,0.1299855187244074,0.1512172154901208,0.021231696765713404,0.5671641791044776,0.6491228070175439,0.0819586279130663,0.6338383838383839,0.627020202020202,-0.006818181818181834,0.2601414600301334,0.2066612575444662,-0.05348020248566718,0.5846153846153846,0.5692307692307692,-0.015384615384615441,0.5670388091440721,0.6391905936370545,0.07215178449298243,0.1104524277273149,0.1400325122682583,0.029580084540943408,0.5757575757575758,0.6065573770491803,0.030799801291604534,0.4911111111111111,0.6599999999999999,0.1688888888888888,0.2326869353370387,0.2332380757938119,0.0005511404567732081,0.4423076923076923,0.6153846153846154,0.17307692307692313,0.0935901495492287,0.2580689696063856,0.1644788200571569,0.2234570251802052,0.32056979592148,0.0971127707412748,0.027027027027027,0.1818181818181818,0.1547911547911548,0.2829696852187289,0.2730148170317485,-0.009954868186980381,10.4,10.4,0.0,36,36,0
Post2_Pre,Post2,Pre,corr_mrmr_auto_k,corr_mrmr,KNN,corr_mrmr_auto_k_no_smote,corr_mrmr_auto_k_smote,0.553294051627385,0.5491154601571269,-0.0041785914702581195,0.112071903120295,0.0828990117871148,-0.029172891333180198,0.5597633136094675,0.5733727810650887,0.013609467455621194,0.622657629109242,0.6258920995174192,0.003234470408177148,0.1864607922560715,0.1757043276137425,-0.010756464642329017,0.6063432211851654,0.6196776061790688,0.013334384993903381,0.4914594246852311,0.5427359617682198,0.05127653708298868,0.0965357230563924,0.0595676144840807,-0.0369681085723117,0.4957264957264957,0.5555555555555556,0.059829059829059894,0.4910732323232323,0.5400378787878788,0.04896464646464649,0.1072266321050349,0.0714281235865681,-0.035798508518466804,0.473076923076923,0.5480769230769231,0.07500000000000012,0.5216323998582063,0.5784586466165413,0.05682624675833503,0.1285509026188536,0.1552917194141554,0.026740816795301797,0.5365853658536586,0.5970149253731343,0.060429559519475706,0.6799242424242424,0.5867424242424242,-0.09318181818181825,0.19203462105598,0.1996266027677642,0.0075919817117842125,0.676923076923077,0.6153846153846154,-0.06153846153846154,0.5698984074921238,0.5540616237663735,-0.01583678372575037,0.1013538147795229,0.1268534333843345,0.02549961860481159,0.5986394557823129,0.6060606060606061,0.007421150278293154,0.3022222222222223,0.4933333333333333,0.191111111111111,0.2106310330857384,0.2124053892506404,0.0017743561649019857,0.2692307692307692,0.4807692307692308,0.21153846153846156,-0.0290625183359737,0.0771133477312084,0.1061758660671821,0.2060862666078171,0.1404430036101273,-0.0656432629976898,-0.0556660039761431,0.0965250965250965,0.1521911005012396,0.2639872104723092,0.2636866552097363,-0.0003005552625729435,10.4,10.4,0.0,36,36,0
Post2_Pre,Post2,Pre,corr_mrmr_auto_k,corr_mrmr,LightGBM,corr_mrmr_auto_k_no_smote,corr_mrmr_auto_k_smote,0.619709595959596,0.5916063411896746,-0.02810325476992137,0.174697812905882,0.0816322291086998,-0.09306558379718219,0.5594674556213017,0.5374260355029586,-0.02204142011834309,0.7272315687189901,0.6780190451851686,-0.04921252353382144,0.1083103390329875,0.073273225166196,-0.035037113866791494,0.651513834251245,0.6294324319222937,-0.022081402328951283,0.5800192996967191,0.5301433691756272,-0.04987593052109185,0.179345215643521,0.0708148096326877,-0.10853040601083329,0.5470085470085471,0.5384615384615384,-0.008547008547008628,0.593030303030303,0.5456691919191919,-0.047361111111111076,0.1779144018819171,0.0638328895794482,-0.1140815123024689,0.5480769230769231,0.5346153846153846,-0.013461538461538525,0.6258333333333332,0.5592391304347826,-0.06659420289855067,0.1074450764085746,0.1101586328239111,0.0027135564153364933,0.603448275862069,0.5873015873015873,-0.016146688560481626,0.594949494949495,0.5824494949494949,-0.012500000000000067,0.293658368645894,0.21690199365037,-0.07675637499552401,0.5384615384615384,0.5692307692307692,0.03076923076923077,0.5785429259423067,0.5405453679447487,-0.037997557997557996,0.2081667426505704,0.12172546023698,-0.08644128241359039,0.5691056910569106,0.578125,0.009019308943089444,0.591111111111111,0.5088888888888888,-0.0822222222222222,0.2281866249421055,0.1085027165842995,-0.11968390835780601,0.5576923076923077,0.5,-0.05769230769230771,0.1751029635685865,0.0832626904202157,-0.09184027314837082,0.3325799001347593,0.1228113737252263,-0.209768526409533,0.0948766603415559,0.0689655172413793,-0.0259111431001766,0.3120112443829293,0.3160327177926156,0.0040214734096862825,10.4,10.4,0.0,36,36,0
Post2_Pre,Post2,Pre,corr_mrmr_auto_k,corr_mrmr,LogisticRegression,corr_mrmr_auto_k_no_smote,corr_mrmr_auto_k_smote,0.6407519640852974,0.6456748035914702,0.0049228395061727825,0.1371831677743509,0.1403301454068445,0.0031469776324935805,0.6248520710059172,0.6201183431952664,-0.004733727810650845,0.7084771139143974,0.7158857453490867,0.007408631434689283,0.1120262487706263,0.1169159221325672,0.004889673361940905,0.7197247562031883,0.7188209142802386,-0.0009038419229496775,0.6058753791011855,0.6058753791011855,0.0,0.093555419914604,0.093555419914604,0.0,0.5811965811965812,0.5811965811965812,0.0,0.6182954545454546,0.6145454545454545,-0.003750000000000142,0.1206316620248145,0.1223921516763227,0.0017604896515081986,0.5692307692307692,0.5673076923076923,-0.0019230769230769162,0.645011520737327,0.6383448540706604,-0.006666666666666599,0.0870364645021233,0.0837851073121282,-0.0032513571899950994,0.6111111111111112,0.6081081081081081,-0.0030030030030030463,0.7188131313131313,0.7313131313131314,0.012500000000000067,0.2361872615276009,0.2222084476906291,-0.013978813836971776,0.676923076923077,0.6923076923076923,0.01538461538461533,0.6450446200923772,0.6516380266857839,0.006593406593406681,0.0625921683134622,0.0518283743702614,-0.010763793943200803,0.6423357664233577,0.6474820143884892,0.005146247965131523,0.5177777777777778,0.4977777777777777,-0.020000000000000073,0.2815828277592384,0.2712931993250107,-0.010289628434227649,0.4615384615384615,0.4423076923076923,-0.019230769230769218,0.2083353425384917,0.2022208925776869,-0.006114449960804791,0.2019163514591208,0.2048317210905831,0.0029153696314623,0.1403508771929824,0.1369863013698629,-0.0033645758231194978,0.2416077115074373,0.2459871694643192,0.00437945795688191,10.4,10.4,0.0,36,36,0
Post2_Pre,Post2,Pre,corr_mrmr_auto_k,corr_mrmr,NaiveBayes,corr_mrmr_auto_k_no_smote,corr_mrmr_auto_k_smote,0.6041666666666667,0.5957421436588103,-0.008424523007856455,0.1616752575037036,0.1580874044470127,-0.003587853056690904,0.5517751479289941,0.5517751479289941,0.0,0.6621918809071062,0.6530110615271372,-0.009180819379969063,0.1168663455988062,0.1323055281612148,0.015439182562408602,0.6082574924116124,0.5988381113187137,-0.009419381092898749,0.5366574763348957,0.5649453175259627,0.028287841191066976,0.0958400915189515,0.1145691612449035,0.018729069725952008,0.5384615384615384,0.5641025641025641,0.02564102564102566,0.5310732323232323,0.5671212121212121,0.0360479797979798,0.1247706318219493,0.1416467434540218,0.01687611163207252,0.5096153846153846,0.5538461538461539,0.044230769230769296,0.5475237112388814,0.5808591992802519,0.03333548804137043,0.1035054313689247,0.1072518899057941,0.0037464585368693903,0.5617977528089888,0.6,0.038202247191011174,0.7910353535353536,0.6853535353535353,-0.10568181818181832,0.1806085251114249,0.183701750896169,0.003093225784744108,0.7692307692307693,0.6461538461538462,-0.12307692307692308,0.6320812317334056,0.6143800913533694,-0.01770114038003623,0.0820149830263293,0.0936992375025193,0.011684254476189995,0.6493506493506493,0.6222222222222222,-0.027128427128427113,0.2711111111111111,0.4488888888888889,0.1777777777777778,0.153574689272631,0.1456530631837683,-0.007921626088862682,0.25,0.4615384615384615,0.2115384615384615,0.0381429200223947,0.1081996659230994,0.07005674590070471,0.2204196164835889,0.2502928581250881,0.02987324164149921,0.0201612903225807,0.1087378640776699,0.0885765737550892,0.3162463540949057,0.314840171588676,-0.0014061825062297029,10.4,10.4,0.0,36,36,0
Post2_Pre,Post2,Pre,corr_mrmr_auto_k,corr_mrmr,RandomForest,corr_mrmr_auto_k_no_smote,corr_mrmr_auto_k_smote,0.6685760381593715,0.6450561167227834,-0.023519921436588098,0.162684146319356,0.1597265533049054,-0.002957593014450588,0.5958579881656805,0.6041420118343196,0.008284023668639118,0.7445485993351917,0.718747552844601,-0.025801046490590673,0.1302745063525452,0.1243614583689166,-0.0059130479836286,0.6617285455000768,0.661787580530651,5.903503057425041e-05,0.6004052936311002,0.6028866832092639,0.002481389578163684,0.0678693108814963,0.1077897099605534,0.0399203990790571,0.5897435897435898,0.5811965811965812,-0.008547008547008517,0.6301767676767677,0.6390656565656565,0.008888888888888835,0.0925819706181635,0.1339997502537011,0.04141777963553758,0.5884615384615384,0.5826923076923076,-0.005769230769230749,0.660776397515528,0.6885324675324676,0.027756070016939582,0.1445014603454708,0.1663195578132118,0.02181809746774102,0.639344262295082,0.6379310344827587,-0.0014132278123233366,0.6492424242424242,0.627020202020202,-0.022222222222222143,0.222082141340306,0.2247696050845403,0.002687463744234314,0.6,0.5692307692307692,-0.03076923076923077,0.6114757858464952,0.6100697346507047,-0.0014060511957905142,0.0797184247516624,0.08425874921151,0.004540324459847603,0.6190476190476191,0.6016260162601627,-0.017421602787456414,0.611111111111111,0.651111111111111,0.039999999999999925,0.20560059566614,0.2782307417935918,0.0726301461274518,0.5769230769230769,0.5961538461538461,0.019230769230769273,0.2224658824194897,0.2315724743255425,0.009106591906052813,0.1454271924026693,0.2271845465661785,0.08175735416350921,0.1755725190839694,0.1631878557874763,-0.012384663296493098,0.260190641092067,0.2438358809219575,-0.016354760170109534,10.4,10.4,0.0,36,36,0
Post2_Pre,Post2,Pre,corr_mrmr_auto_k,corr_mrmr,SVM_Linear,corr_mrmr_auto_k_no_smote,corr_mrmr_auto_k_smote,0.6363930976430976,0.6390432098765433,0.0026501122334456895,0.1269014657912795,0.1440209577629523,0.017119491971672784,0.631508875739645,0.6482248520710059,0.016715976331360904,0.7017243232836664,0.704663217465896,0.00293889418222959,0.1370329766732262,0.1517104515766796,0.014677474903453391,0.720886896173045,0.7400059871721973,0.01911909099915232,0.5899209631467696,0.6440520172778237,0.054131054131054124,0.0527787606932318,0.086076792571342,0.0332980318781102,0.5897435897435898,0.6239316239316239,0.03418803418803418,0.6067676767676767,0.6623232323232322,0.05555555555555547,0.0670631004570619,0.1148147057389116,0.0477516052818497,0.5711538461538461,0.6153846153846154,0.044230769230769296,0.6332258064516129,0.6944006568144498,0.061174850362836986,0.1510063363956417,0.1366643139754094,-0.014342022420232303,0.6075949367088608,0.6521739130434783,0.04457897633461749,0.7646464646464646,0.7313131313131314,-0.033333333333333215,0.2140270325357418,0.1960589049879629,-0.017968127547778878,0.7384615384615385,0.6923076923076923,-0.04615384615384621,0.6472170606549106,0.6768985400564349,0.029681479401524324,0.0568606103534886,0.0317434990457589,-0.0251171113077297,0.6666666666666666,0.6716417910447762,0.004975124378109541,0.4488888888888889,0.5933333333333334,0.1444444444444445,0.3032010293477429,0.2871400054260105,-0.01606102392173242,0.4038461538461538,0.5384615384615384,0.13461538461538464,0.1872659176029963,0.2878617548596343,0.10059583725663798,0.1140204430087439,0.1923642125640391,0.0783437695552952,0.1462450592885376,0.2325581395348838,0.08631308024634621,0.245845059132434,0.2444375955688726,-0.0014074635635614174,10.4,10.4,0.0,36,36,0
Post2_Pre,Post2,Pre,corr_mrmr_auto_k,corr_mrmr,SVM_RBF,corr_mrmr_auto_k_no_smote,corr_mrmr_auto_k_smote,0.6376921997755332,0.5630148709315377,-0.07467732884399547,0.1522420706466331,0.1691848794212869,0.016942808774653817,0.578698224852071,0.5834319526627219,0.004733727810650845,0.727093683415158,0.6418025583175166,-0.08529112509764136,0.1157545672522676,0.1346152403958268,0.018860673143559215,0.6961676539984747,0.6832810431156775,-0.01288661088279719,0.5363597095855159,0.6058753791011856,0.06951566951566968,0.0889002709637807,0.0633947062833088,-0.025505564680471896,0.5470085470085471,0.5897435897435898,0.042735042735042694,0.5685101010101009,0.5898989898989899,0.021388888888889013,0.0592163694460095,0.1150983396625787,0.055881970216569196,0.5307692307692308,0.5615384615384615,0.03076923076923077,0.6234012450481041,0.6263027295285359,0.002901484480431815,0.1785739153285829,0.1205825415274812,-0.05799137380110171,0.5789473684210527,0.5955056179775281,0.016558249556475446,0.7103535353535353,0.8242424242424242,0.11388888888888893,0.2629945940787402,0.2254675786392518,-0.037527015439488415,0.676923076923077,0.8153846153846154,0.1384615384615384,0.5943578121300275,0.6728648906371059,0.07850707850707839,0.0860975917776403,0.0551921773541252,-0.030905414423515097,0.624113475177305,0.6883116883116883,0.06419821313438334,0.4266666666666666,0.3555555555555555,-0.07111111111111107,0.3587082448707746,0.339934634239519,-0.0187736106312556,0.3846153846153846,0.3076923076923077,-0.07692307692307687,0.1215336837075967,0.1523411371237458,0.0308074534161491,0.1136228529802881,0.1896710335018339,0.0760481805215458,0.0628683693516699,0.1290322580645161,0.0661638887128462,0.2447093684239334,0.2426834717593347,-0.0020258966645987087,10.4,10.4,0.0,36,36,0
Post2_Pre,Post2,Pre,corr_mrmr_auto_k,corr_mrmr,XGBoost,corr_mrmr_auto_k_no_smote,corr_mrmr_auto_k_smote,0.5688916947250281,0.5949368686868687,0.026045173961840584,0.1593619687800972,0.1433325325110565,-0.016029436269040714,0.5215976331360946,0.5594674556213017,0.037869822485207094,0.7009730636522644,0.7097538735856805,0.008780809933416123,0.0984130601909619,0.082060109862729,-0.01635295032823289,0.6054902414550096,0.655026723680153,0.0495364822251434,0.5612728609502804,0.5969681095487547,0.03569524859847428,0.0398910801045715,0.0663613689563907,0.026470288851819207,0.5555555555555556,0.5897435897435898,0.03418803418803418,0.5983712121212121,0.6287878787878787,0.030416666666666536,0.0662075318737112,0.080682124452083,0.014474592578371803,0.5557692307692308,0.5942307692307692,0.038461538461538436,0.6196830946830947,0.6472222222222223,0.027539127539127572,0.1162418979013017,0.0971079665529682,-0.019133931348333494,0.6101694915254238,0.6545454545454545,0.04437596302003077,0.6145202020202021,0.6131313131313132,-0.001388888888888884,0.2396807885925888,0.2326932851032659,-0.006987503489322894,0.5538461538461539,0.5538461538461539,0.0,0.5706446502489907,0.5924647776730829,0.02182012742409223,0.079612718740551,0.0967031320166382,0.017090413276087207,0.5806451612903226,0.6,0.019354838709677358,0.5822222222222223,0.6444444444444445,0.06222222222222218,0.1688888888888889,0.095322713731232,-0.0735661751576569,0.5576923076923077,0.6346153846153846,0.07692307692307687,0.1646621574811047,0.2240887348373784,0.05942657735627371,0.091174514360372,0.120614759558587,0.029440245198215004,0.1102661596958174,0.1849056603773584,0.07463950068154099,0.3359205135164234,0.3233681266340154,-0.012552386882408006,10.4,10.4,0.0,36,36,0
Post2_Pre,Post2,Pre,elasticnet_then_mrmr_auto_k,elasticnet_then_mrmr,ExtraTrees,elasticnet_then_mrmr_auto_k_no_smote,elasticnet_then_mrmr_auto_k_smote,0.7441035353535352,0.7263888888888889,-0.017714646464646377,0.1249732371105036,0.1327417431344427,0.007768506023939109,0.7136094674556213,0.7210059171597634,0.007396449704142105,0.8192395345813189,0.8043571105738863,-0.01488242400743267,0.0516183280389116,0.0521718278381343,0.0005534997992227009,0.77261613966522,0.7718401851639205,-0.000775954501299525,0.7052688172043011,0.690555096038967,-0.014713721165334093,0.1170275215377726,0.1016654156924701,-0.015362105845302496,0.6837606837606838,0.6752136752136753,-0.008547008547008517,0.7271212121212122,0.7104545454545454,-0.01666666666666672,0.1127357026485762,0.1062002943145579,-0.0065354083340183056,0.6923076923076923,0.6788461538461539,-0.013461538461538414,0.7882950967161493,0.7433333333333333,-0.04496176338281599,0.0573712370409473,0.0891939210683977,0.0318226840274504,0.7692307692307693,0.7368421052631579,-0.03238866396761142,0.6631313131313131,0.6853535353535353,0.022222222222222143,0.2158310302505607,0.2150496065616445,-0.0007814236889161774,0.6153846153846154,0.6461538461538462,0.03076923076923077,0.6979317490437035,0.6873595685360391,-0.010572180507664397,0.1180502949219557,0.1058334824323051,-0.012216812489650605,0.6837606837606838,0.6885245901639344,0.0047639064032506395,0.7911111111111111,0.7355555555555554,-0.05555555555555569,0.105736686696625,0.1176729092877664,0.011936222591141396,0.7692307692307693,0.7115384615384616,-0.05769230769230771,0.4249188827459823,0.3887446738292256,-0.036174208916756656,0.2135028864038292,0.1830674638619655,-0.030435422541863683,0.375234521575985,0.3522727272727273,-0.022961794303257732,0.218358879922638,0.2182812772162843,-7.76027063537077e-05,10.4,10.4,0.0,28,28,0
Post2_Pre,Post2,Pre,elasticnet_then_mrmr_auto_k,elasticnet_then_mrmr,GradientBoosting,elasticnet_then_mrmr_auto_k_no_smote,elasticnet_then_mrmr_auto_k_smote,0.7087696408529742,0.7080120650953984,-0.0007575757575758457,0.1413769759307514,0.1631170469976194,0.021740071066867983,0.6795857988165681,0.7125739644970414,0.03298816568047325,0.7877406981105557,0.7929526818881839,0.005211983777628215,0.0579722659191066,0.0651026473366257,0.007130381417519101,0.7358545448115599,0.7751565242713616,0.03930197945980174,0.5901562356401066,0.6720439297858654,0.0818876941457588,0.0898574649230303,0.1422316968826044,0.052374231959574094,0.5897435897435898,0.6752136752136753,0.0854700854700855,0.5854545454545454,0.6940025252525253,0.10854797979797981,0.1205420941077956,0.1350953222629747,0.014553228155179093,0.573076923076923,0.6807692307692308,0.10769230769230775,0.5869047619047618,0.7020308123249299,0.1151260504201681,0.072178601862972,0.103696801787116,0.03151819992414401,0.6103896103896104,0.7454545454545455,0.1350649350649351,0.7464646464646465,0.6657828282828283,-0.08068181818181819,0.2101499463454245,0.2771703643545629,0.06702041800913838,0.7230769230769231,0.6307692307692307,-0.09230769230769231,0.6421611721611721,0.652602495543672,0.010441323382499923,0.0972597763786363,0.1757648828988701,0.0785051065202338,0.6619718309859155,0.6833333333333333,0.02136150234741785,0.4244444444444444,0.7222222222222222,0.2977777777777778,0.113833319776584,0.0562182695141045,-0.05761505026247949,0.4230769230769231,0.7307692307692307,0.30769230769230765,0.1476487823068249,0.3612101412000001,0.2135613588931752,0.2056522681900816,0.2509192453078954,0.0452669771178138,0.1496062992125983,0.3547169811320754,0.2051106819194771,0.2294337931630987,0.2118497120356873,-0.01758408112741139,10.4,10.4,0.0,28,28,0
Post2_Pre,Post2,Pre,elasticnet_then_mrmr_auto_k,elasticnet_then_mrmr,KNN,elasticnet_then_mrmr_auto_k_no_smote,elasticnet_then_mrmr_auto_k_smote,0.7191231762065096,0.6973099046015713,-0.02181327160493829,0.1513716016527046,0.1192864487216946,-0.03208515293101001,0.6784023668639053,0.6892011834319527,0.010798816568047376,0.808054083876122,0.7865056950774061,-0.0215483887987159,0.0596571247606354,0.0438966000393581,-0.0157605247212773,0.7615583495554434,0.760176698246099,-0.0013816513093444227,0.5996719051557762,0.667488282326992,0.0678163771712158,0.0543839195750035,0.0752366348717542,0.020852715296750694,0.6068376068376068,0.6666666666666666,0.05982905982905984,0.6253787878787879,0.6719065656565656,0.046527777777777724,0.055234032877562,0.0853582607322643,0.0301242278547023,0.6,0.6711538461538462,0.07115384615384623,0.6402272727272726,0.7189285714285715,0.07870129870129883,0.1261631830619796,0.1229297957936868,-0.003233387268292795,0.6417910447761194,0.7321428571428571,0.09035181236673773,0.7063131313131313,0.6438131313131313,-0.0625,0.1960669548667894,0.0893386378051347,-0.10672831706165471,0.6615384615384615,0.6307692307692307,-0.03076923076923077,0.6359002080364309,0.6661552362880636,0.030255028251632732,0.0572094329486658,0.0582349171345413,0.0010254841858754957,0.6515151515151515,0.6776859504132231,0.026170798898071612,0.5444444444444445,0.7,0.15555555555555545,0.166888740937943,0.1497322713593157,-0.01715646957862732,0.5384615384615384,0.7115384615384616,0.17307692307692313,0.2260999781658165,0.3258007122014941,0.09970073403567759,0.1040172894958342,0.1679552216185165,0.0639379321226823,0.2007722007722008,0.3364839319470698,0.13571173117486904,0.2300785869987678,0.2316000982320495,0.0015215112332817027,10.4,10.4,0.0,28,28,0
Post2_Pre,Post2,Pre,elasticnet_then_mrmr_auto_k,elasticnet_then_mrmr,LightGBM,elasticnet_then_mrmr_auto_k_no_smote,elasticnet_then_mrmr_auto_k_smote,0.7320735129068463,0.7169262065095399,-0.015147306397306437,0.1130056133777166,0.1202495369521153,0.007243923574398695,0.724112426035503,0.6896449704142013,-0.03446745562130171,0.8010811781969226,0.7918756483208714,-0.009205529876051166,0.0558038906891726,0.0236078327578387,-0.0321960579313339,0.7768702086567392,0.7523408734179664,-0.024529335238772765,0.6950951199338296,0.6455665839536808,-0.049528535980148725,0.1062554711935692,0.105211797261076,-0.0010436739324932026,0.6837606837606838,0.6410256410256411,-0.042735042735042694,0.7155176767676767,0.6569191919191919,-0.058598484848484844,0.1049119071624513,0.1188994013700596,0.013987494207608295,0.6903846153846154,0.6423076923076922,-0.04807692307692313,0.7462745098039215,0.6736371471665589,-0.07263736263736265,0.0437979703507311,0.0748509690426287,0.031052998691897593,0.7592592592592593,0.6949152542372882,-0.06434400502197113,0.6799242424242424,0.6671717171717171,-0.012752525252525349,0.2150634689669862,0.2194291877854875,0.004365718818501313,0.6307692307692307,0.6307692307692307,0.0,0.6893460925039872,0.6484884486710045,-0.040857643832982626,0.1118752829989563,0.1152638935685702,0.003388610569613898,0.6890756302521008,0.6612903225806451,-0.027785307671455706,0.7511111111111111,0.6466666666666667,-0.10444444444444434,0.0474536811201391,0.1047984544226808,0.05734477330254171,0.75,0.6538461538461539,-0.09615384615384615,0.4006982800650836,0.2879886252300045,-0.11270965483507911,0.1892236480121989,0.2071186688565891,0.017895020844390208,0.3728813559322034,0.2813688212927756,-0.09151253463942782,0.2316248410607072,0.2453343872899882,0.013709546229281,10.4,10.4,0.0,28,28,0
Post2_Pre,Post2,Pre,elasticnet_then_mrmr_auto_k,elasticnet_then_mrmr,LogisticRegression,elasticnet_then_mrmr_auto_k_no_smote,elasticnet_then_mrmr_auto_k_smote,0.741703142536476,0.7446198092031426,0.0029166666666666785,0.1214033853621868,0.1166146897614493,-0.004788695600737497,0.728698224852071,0.7340236686390533,0.005325443786982298,0.7907487464336849,0.7916877416489958,0.0009389952153109338,0.077452431135494,0.0746847766479155,-0.0027676544875784997,0.7976988754380183,0.7721272757102664,-0.025571599727751915,0.7172162485065711,0.7172162485065711,0.0,0.128228843444922,0.128228843444922,0.0,0.7008547008547008,0.7008547008547008,0.0,0.7278787878787879,0.7223232323232324,-0.005555555555555536,0.132821931138222,0.1358133162158436,0.0029913850776216167,0.7038461538461538,0.7019230769230769,-0.0019230769230769162,0.7655555555555555,0.756031746031746,-0.00952380952380949,0.0564811778983948,0.0475597514414032,-0.0089214264569916,0.7586206896551724,0.75,-0.008620689655172376,0.7202020202020203,0.7313131313131314,0.011111111111111072,0.1838248552020706,0.1750045548695206,-0.00882030033254999,0.676923076923077,0.6923076923076923,0.01538461538461533,0.7311650410022527,0.7353317076689192,0.004166666666666541,0.1047683775255315,0.1025103454339131,-0.0022580320916184005,0.7154471544715447,0.72,0.004552845528455252,0.7355555555555555,0.7133333333333333,-0.022222222222222254,0.1285051759537863,0.1288888888888888,0.0003837129351025037,0.7307692307692307,0.7115384615384616,-0.019230769230769162,0.4328373309340257,0.4256944737911686,-0.0071428571428571175,0.2539232423142204,0.258423784526256,0.004500542212035552,0.4022770398481974,0.4,-0.002277039848197382,0.210850680679288,0.2117155270018346,0.000864846322546603,10.4,10.4,0.0,28,28,0
Post2_Pre,Post2,Pre,elasticnet_then_mrmr_auto_k,elasticnet_then_mrmr,NaiveBayes,elasticnet_then_mrmr_auto_k_no_smote,elasticnet_then_mrmr_auto_k_smote,0.691017115600449,0.6817269921436588,-0.009290123456790145,0.1460977516889555,0.1396662663176058,-0.0064314853713497155,0.5912721893491124,0.6115384615384615,0.020266272189349066,0.7387033984008189,0.7296198272391725,-0.009083571161646375,0.0614077270269596,0.0671542893786688,0.005746562351709193,0.6448520349759344,0.6586731490108234,0.01382111403488906,0.6034822167080232,0.6137671169929235,0.010284900284900367,0.140211877338018,0.1249710742416045,-0.015240803096413486,0.5811965811965812,0.5897435897435898,0.008547008547008517,0.6015656565656566,0.6094191919191919,0.00785353535353528,0.1677146726049909,0.1200897200031019,-0.047624952601888995,0.5615384615384615,0.5807692307692307,0.019230769230769162,0.6257899090157155,0.6638124215203323,0.038022512504616746,0.1254949422212307,0.1152945509935663,-0.010200391227664404,0.6,0.6231884057971014,0.023188405797101463,0.7631313131313131,0.6588383838383838,-0.10429292929292933,0.2148121760812358,0.1921435922290679,-0.022668583852167884,0.7384615384615385,0.6615384615384615,-0.07692307692307698,0.6666771252083536,0.6388888888888888,-0.02778823631946481,0.1059340156313151,0.1024393828588098,-0.0034946327725053072,0.6620689655172414,0.6417910447761194,-0.020277920741122002,0.44,0.5599999999999999,0.11999999999999994,0.3096473501928952,0.2952797376332994,-0.014367612559595788,0.3846153846153846,0.5,0.11538461538461542,0.174067237969677,0.2094368035927907,0.03536956562311372,0.2981312267293624,0.2363519030621334,-0.061779323667228964,0.1267326732673267,0.1627906976744186,0.03605802440709188,0.3389133204899727,0.3249427920462082,-0.013970528443764507,10.4,10.4,0.0,28,28,0
Post2_Pre,Post2,Pre,elasticnet_then_mrmr_auto_k,elasticnet_then_mrmr,RandomForest,elasticnet_then_mrmr_auto_k_no_smote,elasticnet_then_mrmr_auto_k_smote,0.7254208754208754,0.7200476992143658,-0.005373176206509567,0.1396078448108575,0.169761592759761,0.030153747948903492,0.695414201183432,0.7100591715976331,0.014644970414201097,0.813848371118627,0.8311706221007402,0.017322250982113263,0.0756547513674919,0.0775558793599047,0.0019011279924127933,0.7658881871075478,0.7770339975981333,0.011145810490585495,0.6978871427258524,0.6732588916459884,-0.024628251079863994,0.1063172509739226,0.0808478020766123,-0.0254694488973103,0.6923076923076923,0.6666666666666666,-0.02564102564102566,0.7073989898989899,0.6882323232323232,-0.019166666666666665,0.1126627086928374,0.0892737807408338,-0.023388927952003605,0.6923076923076923,0.6673076923076924,-0.02499999999999991,0.7212573099415205,0.7183208020050126,-0.002936507936507904,0.0661565845817826,0.0854253730601898,0.019268788478407198,0.7377049180327869,0.7166666666666667,-0.021038251366120253,0.7214646464646465,0.6964646464646465,-0.025000000000000022,0.2119521933649593,0.2418614574409271,0.029909264075967806,0.6923076923076923,0.6615384615384615,-0.03076923076923077,0.7038956365272154,0.6700085111849818,-0.03388712534223359,0.1125161953640875,0.1077111101797299,-0.004805085184357599,0.7142857142857143,0.688,-0.026285714285714357,0.6933333333333334,0.6799999999999999,-0.01333333333333342,0.0882197032945742,0.1549830735481128,0.06676337025353861,0.6923076923076923,0.6730769230769231,-0.019230769230769162,0.389728703607105,0.3476768306215347,-0.04205187298557028,0.2008590347426197,0.1494771402362345,-0.051381894506385195,0.381679389312977,0.3314285714285714,-0.05025081788440561,0.2220157163413393,0.2188447344395915,-0.0031709819017478047,10.4,10.4,0.0,28,28,0
Post2_Pre,Post2,Pre,elasticnet_then_mrmr_auto_k,elasticnet_then_mrmr,SVM_Linear,elasticnet_then_mrmr_auto_k_no_smote,elasticnet_then_mrmr_auto_k_smote,0.7553423120089786,0.7560956790123456,0.0007533670033670337,0.1094242867635643,0.1061902664782002,-0.0032340202853641115,0.7328402366863905,0.7431952662721893,0.010355029585798814,0.794220639106429,0.7993552407185456,0.0051346016121165405,0.0747998747891378,0.0739175327914927,-0.0008823419976451002,0.7724343075236334,0.7808240011925464,0.008389693668912956,0.6862733204668688,0.733667861409797,0.047394540942928165,0.0975288426884825,0.129178931548336,0.031650088859853515,0.7008547008547008,0.717948717948718,0.017094017094017144,0.7063510101010101,0.7438510101010101,0.03749999999999998,0.0944680532799367,0.1320422502513636,0.0375741969714269,0.698076923076923,0.7230769230769232,0.025000000000000133,0.71984126984127,0.7917388493859082,0.07189757954463827,0.1473200590498045,0.0552800525720557,-0.09204000647774879,0.734375,0.7857142857142857,0.0513392857142857,0.7549242424242424,0.7188131313131313,-0.036111111111111094,0.1799684953553746,0.1841451126364948,0.004176617281120204,0.7230769230769231,0.676923076923077,-0.0461538461538461,0.7073906485671191,0.7424460118425635,0.03505536327544445,0.0920826523688933,0.1060904659960864,0.014007813627193097,0.7286821705426356,0.7272727272727273,-0.0014094432699083281,0.6577777777777778,0.7688888888888888,0.11111111111111105,0.163057211803059,0.1172524974068704,-0.04580471439618859,0.6730769230769231,0.7692307692307693,0.09615384615384615,0.3830704390198808,0.4657799797948165,0.0827095407749357,0.1945370219804929,0.2545862083106824,0.06004918633018949,0.3953934740882917,0.4385633270321361,0.0431698529438444,0.212196629196768,0.2089896426337777,-0.0032069865629902883,10.4,10.4,0.0,28,28,0
Post2_Pre,Post2,Pre,elasticnet_then_mrmr_auto_k,elasticnet_then_mrmr,SVM_RBF,elasticnet_then_mrmr_auto_k_no_smote,elasticnet_then_mrmr_auto_k_smote,0.7582210998877665,0.7561840628507295,-0.0020370370370370594,0.1479834539274216,0.1474110908491408,-0.0005723630782807909,0.7310650887573966,0.7476331360946745,0.016568047337277902,0.8456095310692664,0.8454317443781575,-0.00017778669110890544,0.0783700252622094,0.0779622888894605,-0.00040773637274890695,0.816734149410876,0.8258012510908841,0.009067101680008127,0.6844995864350703,0.7069056152927121,0.02240602885764187,0.0631573873041437,0.1248741293977008,0.0617167420935571,0.6752136752136753,0.6837606837606838,0.008547008547008517,0.7005176767676767,0.716489898989899,0.015972222222222276,0.0816104655353055,0.1293875817518855,0.04777711621658,0.6730769230769231,0.6865384615384615,0.013461538461538414,0.7175091575091574,0.7635497835497835,0.04604062604062609,0.1008582366703485,0.0571942573496717,-0.0436639793206768,0.7142857142857143,0.7413793103448276,0.027093596059113323,0.7299242424242424,0.7063131313131313,-0.023611111111111027,0.1789130275907532,0.1960669548667894,0.017153927276036207,0.6923076923076923,0.6615384615384615,-0.03076923076923077,0.6997317066282583,0.7185185185185186,0.018786811890260213,0.0492134427660693,0.1037037037037037,0.0544902609376344,0.703125,0.6991869918699187,-0.003938008130081272,0.671111111111111,0.7266666666666667,0.05555555555555569,0.1195877693073218,0.1404753833713698,0.020887614064048002,0.6538461538461539,0.7115384615384616,0.05769230769230771,0.3686739813144408,0.4128678905332247,0.04419390921878391,0.1324318698004687,0.2446901950369891,0.1122583252365204,0.3448275862068966,0.3681214421252372,0.0232938559183406,0.2134739704981947,0.2066807562908049,-0.006793214207389792,10.4,10.4,0.0,28,28,0
Post2_Pre,Post2,Pre,elasticnet_then_mrmr_auto_k,elasticnet_then_mrmr,XGBoost,elasticnet_then_mrmr_auto_k_no_smote,elasticnet_then_mrmr_auto_k_smote,0.7188888888888888,0.728975869809203,0.010086980920314237,0.1315435429950999,0.1287359369935068,-0.002807606001593105,0.7150887573964497,0.7177514792899408,0.002662721893491038,0.7896932636871139,0.7966260551126167,0.006932791425502849,0.0486607993369905,0.0456079694938556,-0.003052829843134902,0.7643181329575166,0.7517895179759873,-0.012528614981529351,0.6922176270563366,0.6893144012498851,-0.002903225806451526,0.061726838648399,0.0342692264594852,-0.0274576121889138,0.7008547008547008,0.6923076923076923,-0.008547008547008517,0.7025378787878787,0.7080176767676768,0.00547979797979814,0.0624917400929018,0.0381345322743105,-0.024357207818591305,0.6961538461538461,0.6903846153846154,-0.005769230769230749,0.7062428799270906,0.722514619883041,0.016271739955950437,0.1087802337736042,0.1295371139470995,0.020756880173495293,0.7272727272727273,0.7301587301587301,0.0028860028860028253,0.7561868686868687,0.7382575757575758,-0.017929292929292906,0.2096059995161395,0.1881489382293749,-0.02145706128676461,0.7384615384615385,0.7076923076923077,-0.03076923076923077,0.7018803418803419,0.6983827135406082,-0.0034976283397336605,0.0975623710588328,0.0685496082604308,-0.029012762798401995,0.732824427480916,0.71875,-0.01407442748091603,0.6488888888888888,0.6777777777777778,0.028888888888888964,0.1343663685140531,0.1380642183734139,0.003697849859360808,0.6538461538461539,0.6730769230769231,0.019230769230769273,0.3796443779792856,0.3834387197470733,0.003794341767787701,0.1071739325567636,0.0439621664383796,-0.063211766118384,0.3930635838150289,0.3793103448275862,-0.01375323898744274,0.2267096022636018,0.2305597243166654,0.0038501220530636204,10.4,10.4,0.0,28,28,0
Post2_Pre,Post2,Pre,mrmr_then_elasticnet_no_corr_auto_k,mrmr_then_elasticnet_no_corr,ExtraTrees,mrmr_then_elasticnet_no_corr_auto_k_no_smote,mrmr_then_elasticnet_no_corr_auto_k_smote,0.6916694725028057,0.7242115600448934,0.03254208754208765,0.1242248068033534,0.1134156710248952,-0.010809135778458198,0.6437869822485207,0.6600591715976332,0.016272189349112454,0.7946133917997605,0.8131859457294226,0.01857255392966206,0.0488693745850434,0.0408872021134806,-0.007982172471562805,0.7633308960902194,0.7631414815572355,-0.00018941453298393363,0.6476261373035567,0.6340520172778238,-0.013574120025732883,0.1066689756270157,0.1114629192851918,0.004793943658176092,0.6239316239316239,0.6068376068376068,-0.017094017094017144,0.6819191919191919,0.6607954545454545,-0.021123737373737406,0.1147524498427985,0.1271361199687729,0.012383670125974383,0.6346153846153846,0.6115384615384616,-0.023076923076922995,0.7725641025641026,0.7252747252747253,-0.04728937728937732,0.1540417559962267,0.1580279385692092,0.0039861825729824996,0.7142857142857143,0.6727272727272727,-0.04155844155844157,0.594949494949495,0.6327020202020203,0.03775252525252526,0.2474575468151411,0.2087508824542204,-0.038706664360920684,0.5384615384615384,0.5692307692307692,0.03076923076923077,0.6193958013312851,0.6370420860743442,0.01764628474305907,0.122963739164022,0.0873880843811922,-0.03557565478282981,0.6140350877192983,0.6166666666666667,0.0026315789473684292,0.7688888888888888,0.6888888888888889,-0.07999999999999996,0.2020145453753513,0.2154524381073924,0.013437892732041101,0.7307692307692307,0.6538461538461539,-0.07692307692307687,0.3219576267256555,0.2845623355660341,-0.03739529115962137,0.1981380609041949,0.2204451299680567,0.022307069063861817,0.2611940298507462,0.2188679245283018,-0.04232610532244438,0.239774217924407,0.2399387540784988,0.0001645361540917878,11.6,11.6,0.0,41,41,0
Post2_Pre,Post2,Pre,mrmr_then_elasticnet_no_corr_auto_k,mrmr_then_elasticnet_no_corr,GradientBoosting,mrmr_then_elasticnet_no_corr_auto_k_no_smote,mrmr_then_elasticnet_no_corr_auto_k_smote,0.595270061728395,0.6165705667789001,0.02130050505050507,0.1440385003145157,0.1619679443758866,0.017929444061370897,0.5705621301775149,0.5868343195266272,0.016272189349112343,0.6993658228017077,0.7215647876047504,0.02219896480304273,0.0841491650337198,0.0674857432944947,-0.01666342173922511,0.6589753293823603,0.6740434389423728,0.015068109560012588,0.5660123150445731,0.5567686793493245,-0.009243635695248553,0.1047275591657941,0.0923250254906875,-0.012402533675106603,0.5641025641025641,0.5470085470085471,-0.017094017094017033,0.5886489898989898,0.5792803030303031,-0.009368686868686749,0.1279709458364183,0.1141470455391009,-0.013823900297317393,0.5615384615384615,0.5480769230769231,-0.013461538461538414,0.5983437615016562,0.5884559884559885,-0.009887773045667791,0.1114467643177617,0.072539497392056,-0.0389072669257057,0.6129032258064516,0.603448275862069,-0.009454949944382673,0.6395202020202021,0.5963383838383838,-0.04318181818181832,0.2117684356068089,0.2349711854983251,0.02320274989151619,0.5846153846153846,0.5384615384615384,-0.04615384615384621,0.5941212431535011,0.5655228758169935,-0.02859836733650767,0.0910542509398207,0.0997353283296942,0.008681077389873504,0.5984251968503937,0.5691056910569106,-0.02931950579348319,0.5377777777777778,0.5622222222222222,0.02444444444444438,0.1119082516623481,0.0560423120574155,-0.055865939604932593,0.5384615384615384,0.5576923076923077,0.019230769230769273,0.1474368732125789,0.1342760860355805,-0.013160787176998395,0.2217575208013015,0.1854569767712129,-0.036300544030088616,0.1223709369024856,0.0948766603415559,-0.027494276560929704,0.2739631347280958,0.2731332842879246,-0.0008298504401711981,11.6,11.6,0.0,41,41,0
Post2_Pre,Post2,Pre,mrmr_then_elasticnet_no_corr_auto_k,mrmr_then_elasticnet_no_corr,KNN,mrmr_then_elasticnet_no_corr_auto_k_no_smote,mrmr_then_elasticnet_no_corr_auto_k_smote,0.6961482884399551,0.7144521604938272,0.018303872053872072,0.0842157051724235,0.1511793636648031,0.06696365849237962,0.6791420118343195,0.6826923076923077,0.0035502958579881616,0.7692905739632867,0.7864292569506709,0.01713868298738419,0.0642065463706437,0.0840350718865548,0.019828525515911105,0.7630903236558986,0.739731968104968,-0.023358355550930576,0.573678889807922,0.5947330208620532,0.02105413105413112,0.0672355439258833,0.1702634571130734,0.1030279131871901,0.5641025641025641,0.5641025641025641,0.0,0.5871085858585858,0.6019823232323231,0.014873737373737317,0.104658849472858,0.1784392448442942,0.07378039537143619,0.5538461538461539,0.5634615384615385,0.009615384615384581,0.5995236647410561,0.6428571428571429,0.04333347811608679,0.0844256704938533,0.1034112061191649,0.018985535625311606,0.6,0.6166666666666667,0.01666666666666672,0.7008838383838384,0.6284090909090909,-0.07247474747474747,0.1830661784471834,0.2172684480369772,0.034202269589793804,0.6461538461538462,0.5692307692307692,-0.07692307692307698,0.623063973063973,0.6229379104379105,-0.0001260626260625175,0.0363277663213951,0.1440241458207408,0.1076963794993457,0.6222222222222222,0.592,-0.03022222222222226,0.4733333333333333,0.5755555555555555,0.10222222222222221,0.1401234024038617,0.1891370918306952,0.049013689426833484,0.4615384615384615,0.5576923076923077,0.0961538461538462,0.1469406919683257,0.1912686568310459,0.0443279648627202,0.1657545442023629,0.3342679035657121,0.1685133593633492,0.1087378640776699,0.1257142857142857,0.016976421636615793,0.2219801899522124,0.2305579252906306,0.008577735338418213,11.6,11.6,0.0,41,41,0
Post2_Pre,Post2,Pre,mrmr_then_elasticnet_no_corr_auto_k,mrmr_then_elasticnet_no_corr,LightGBM,mrmr_then_elasticnet_no_corr_auto_k_no_smote,mrmr_then_elasticnet_no_corr_auto_k_smote,0.6506818181818181,0.6516652637485971,0.0009834455667789843,0.1059305238834175,0.0688207231837549,-0.037109800699662604,0.6171597633136096,0.6396449704142013,0.022485207100591764,0.6998550687250576,0.6980245776143954,-0.0018304911106622468,0.0530683619901793,0.0753890616448939,0.022320699654714594,0.676540114126492,0.6698315191245862,-0.006708595001905793,0.6007260362099072,0.5984312103666942,-0.0022948258432129442,0.0792309903192844,0.0693773795278923,-0.009853610791392103,0.5982905982905983,0.6068376068376068,0.008547008547008517,0.6253156565656566,0.6276010101010101,0.0022853535353535293,0.1074872039137847,0.0493261138092192,-0.0581610901045655,0.6000000000000001,0.6134615384615385,0.013461538461538414,0.6527777777777778,0.6661764705882354,0.01339869281045758,0.1285003722913375,0.1465874799338483,0.018087107642510786,0.6551724137931034,0.6792452830188679,0.02407286922576446,0.6395202020202021,0.5840909090909091,-0.055429292929292995,0.2117684356068089,0.14651601328442,-0.06525242232238893,0.5846153846153846,0.5538461538461539,-0.03076923076923077,0.6123885918003565,0.5917703349282297,-0.020618256872126817,0.070996675694605,0.0858567878369182,0.014860112142313212,0.6178861788617886,0.6101694915254238,-0.00771668733636488,0.611111111111111,0.6711111111111112,0.060000000000000164,0.1533172294280919,0.1260217500334029,-0.027295479394688987,0.6153846153846154,0.6730769230769231,0.05769230769230771,0.2179252589621341,0.2356933987173884,0.017768139755254292,0.1796293922143056,0.1111085169454158,-0.0685208752688898,0.1973434535104364,0.2218045112781955,0.024461057767759115,0.2995512058534001,0.2960390154304413,-0.0035121904229588052,11.6,11.6,0.0,41,41,0
Post2_Pre,Post2,Pre,mrmr_then_elasticnet_no_corr_auto_k,mrmr_then_elasticnet_no_corr,LogisticRegression,mrmr_then_elasticnet_no_corr_auto_k_no_smote,mrmr_then_elasticnet_no_corr_auto_k_smote,0.7345089786756454,0.7378100448933782,0.003301066217732851,0.098293177002272,0.1033076753902924,0.0050144983880204,0.6961538461538462,0.7008875739644971,0.004733727810650845,0.7854528995826665,0.7891952683250352,0.0037423687423686625,0.0591155044152816,0.0641333163818775,0.0050178119665958976,0.7718172279440287,0.7763212749630104,0.004504047018981661,0.6985323040161748,0.6886435070306038,-0.009888796985570991,0.0396608202271143,0.0577538032993102,0.018092983072195902,0.6923076923076923,0.6837606837606838,-0.008547008547008517,0.7280934343434342,0.7196212121212122,-0.008472222222221992,0.0600354026085507,0.0684689218057321,0.008433519197181397,0.6961538461538461,0.6903846153846154,-0.005769230769230749,0.7609523809523809,0.7572150072150071,-0.003737373737373817,0.12880578288732,0.1137131832239039,-0.015092599663416098,0.7543859649122807,0.7592592592592593,0.004873294346978585,0.7006313131313131,0.6770202020202021,-0.023611111111111027,0.1878448432461482,0.2000171371853922,0.012172293939244017,0.6615384615384615,0.6307692307692307,-0.03076923076923077,0.6970698582463288,0.6825452438028503,-0.014524614443478523,0.0547745239771855,0.0620821735374362,0.007307649560250699,0.7049180327868853,0.6890756302521008,-0.015842402534784417,0.7555555555555554,0.7622222222222221,0.00666666666666671,0.1377060745318192,0.104136662345422,-0.03356941218639721,0.7307692307692307,0.75,0.019230769230769273,0.4102613952866322,0.3952195665477416,-0.015041828738890595,0.0791196166422611,0.1094456903434406,0.0303260737011795,0.3863636363636364,0.3728813559322034,-0.013482280431433014,0.2254208705670353,0.2236149729466083,-0.001805897620427016,11.6,11.6,0.0,41,41,0
Post2_Pre,Post2,Pre,mrmr_then_elasticnet_no_corr_auto_k,mrmr_then_elasticnet_no_corr,NaiveBayes,mrmr_then_elasticnet_no_corr_auto_k_no_smote,mrmr_then_elasticnet_no_corr_auto_k_smote,0.6611798540965208,0.6578928170594838,-0.0032870370370370328,0.163634083181,0.1627863289353841,-0.0008477542456158949,0.5863905325443788,0.6029585798816568,0.016568047337278013,0.7420033678332155,0.7409093551188292,-0.001094012714386361,0.1078051962387576,0.1035762519739902,-0.004228944264767401,0.6944169352841534,0.7148400351704332,0.020423099886279772,0.5934822167080231,0.5616459884201819,-0.03183622828784127,0.1520822635313266,0.1452592723782365,-0.006822991153090097,0.5726495726495726,0.5470085470085471,-0.02564102564102555,0.5831565656565656,0.5448358585858586,-0.038320707070707005,0.1678664270571254,0.137304149970132,-0.03056227708699341,0.551923076923077,0.5307692307692308,-0.02115384615384619,0.6179972668752473,0.5891304347826087,-0.028866832092638517,0.1101637069156136,0.1273252536885087,0.017161546772895095,0.5925925925925926,0.5789473684210527,-0.013645224171539905,0.7618686868686868,0.6630050505050505,-0.09886363636363626,0.2553623456158178,0.2475914484681481,-0.007770897147669681,0.7384615384615385,0.676923076923077,-0.06153846153846154,0.6522677737415672,0.5960561531081149,-0.05621162063345231,0.1307311297072022,0.1397472712615936,0.0090161415543914,0.6575342465753424,0.624113475177305,-0.03342077139803745,0.4044444444444444,0.4266666666666666,0.0222222222222222,0.3242922017236391,0.3147093505262308,-0.009582851197408315,0.3653846153846153,0.3846153846153846,0.019230769230769273,0.1454039196628863,0.0820669964422109,-0.0633369232206754,0.3022272468647814,0.2622305889981848,-0.03999665786659662,0.1071428571428571,0.0628683693516699,-0.0442744877911872,0.3749262566481521,0.3713073673732858,-0.0036188892748663104,11.6,11.6,0.0,41,41,0
Post2_Pre,Post2,Pre,mrmr_then_elasticnet_no_corr_auto_k,mrmr_then_elasticnet_no_corr,RandomForest,mrmr_then_elasticnet_no_corr_auto_k_no_smote,mrmr_then_elasticnet_no_corr_auto_k_smote,0.6781116722783389,0.6868153759820427,0.008703703703703769,0.1439877529614265,0.1436586843916044,-0.0003290685698220941,0.6186390532544379,0.6565088757396449,0.03786982248520698,0.7783016031380579,0.7907241317627399,0.012422528624682072,0.0626826673419071,0.0512858013468353,-0.011396865995071795,0.7003711639690129,0.7438247845613153,0.0434536205923024,0.5614722911497105,0.5943755169561621,0.03290322580645155,0.1078954350626096,0.081207725854473,-0.026687709208136595,0.5555555555555556,0.5897435897435898,0.03418803418803418,0.5932323232323232,0.6232323232323231,0.029999999999999916,0.1325403957168758,0.0942217114446583,-0.03831868427221749,0.5557692307692308,0.5923076923076923,0.03653846153846152,0.612997002997003,0.6361904761904762,0.023193473193473202,0.1459214547796143,0.1082693281473821,-0.03765212663223219,0.6101694915254238,0.6491228070175439,0.03895331549212011,0.6131313131313132,0.6242424242424243,0.011111111111111072,0.2326932851032659,0.2336559408926229,0.0009626557893570031,0.5538461538461539,0.5692307692307692,0.01538461538461533,0.5753566520747446,0.5951561652328916,0.019799513158146986,0.1113681963119467,0.1095780973890435,-0.0017900989229031883,0.5806451612903226,0.6065573770491803,0.025912215758857715,0.5733333333333333,0.6222222222222221,0.04888888888888887,0.1903343387143454,0.1003696870278774,-0.08996465168646801,0.5576923076923077,0.6153846153846154,0.05769230769230771,0.1497233579636424,0.214077982630936,0.06435462466729361,0.2260946641685517,0.1504016280852291,-0.07569303608332259,0.1102661596958174,0.1818181818181818,0.07155202212236439,0.2454647395887114,0.230250249021832,-0.015214490566879402,11.6,11.6,0.0,41,41,0
Post2_Pre,Post2,Pre,mrmr_then_elasticnet_no_corr_auto_k,mrmr_then_elasticnet_no_corr,SVM_Linear,mrmr_then_elasticnet_no_corr_auto_k_no_smote,mrmr_then_elasticnet_no_corr_auto_k_smote,0.7420075757575757,0.7398218294051627,-0.002185746352412976,0.1018204208257505,0.1124761025427893,0.01065568171703879,0.7056213017751479,0.7118343195266272,0.006213017751479311,0.8070067056662591,0.7995740749683262,-0.007432630697932874,0.0715202164150275,0.0747562148424511,0.0032359984274236003,0.7739224367757477,0.7745716431496601,0.0006492063739124143,0.6477373403179854,0.6372033820420917,-0.010533958275893651,0.0267217448091278,0.0837031161250377,0.0569813713159099,0.6410256410256411,0.6410256410256411,0.0,0.6681565656565656,0.6644823232323233,-0.003674242424242302,0.0593186279552005,0.0920767083323723,0.0327580803771718,0.6307692307692307,0.6442307692307693,0.013461538461538525,0.6752747252747252,0.6772418757712876,0.0019671504965623754,0.1167165407108098,0.1027218488737441,-0.013994691837065698,0.6619718309859155,0.7017543859649122,0.03978255497899674,0.7563131313131313,0.6645202020202021,-0.09179292929292915,0.200775839331884,0.2085542140987447,0.007778374766860691,0.7230769230769231,0.6153846153846154,-0.10769230769230764,0.6805347027443216,0.6437230253868623,-0.03681167735745927,0.031321333556366,0.086842551025787,0.055521217469421,0.6911764705882353,0.6557377049180327,-0.03543876567020254,0.5799999999999998,0.6644444444444444,0.08444444444444454,0.2029899954963419,0.0597938846536609,-0.143196110842681,0.5384615384615384,0.6730769230769231,0.1346153846153847,0.3022657223424486,0.2954763243442194,-0.006789397998229196,0.0773161073245305,0.1655500385317787,0.08823393120724819,0.264591439688716,0.2840909090909091,0.019499469402193104,0.2239565384549625,0.2186625162755933,-0.0052940221793691955,11.6,11.6,0.0,41,41,0
Post2_Pre,Post2,Pre,mrmr_then_elasticnet_no_corr_auto_k,mrmr_then_elasticnet_no_corr,SVM_RBF,mrmr_then_elasticnet_no_corr_auto_k_no_smote,mrmr_then_elasticnet_no_corr_auto_k_smote,0.7485578002244668,0.688219696969697,-0.06033810325476985,0.1020990728067133,0.13971962072694,0.03762054792022669,0.6859467455621302,0.6671597633136093,-0.018786982248520934,0.8252164468729873,0.7551453238632615,-0.07007112300972584,0.0413291802681493,0.1263975071587001,0.0850683268905508,0.7548411647947195,0.7177593047548383,-0.03708186003988123,0.6776518702325154,0.6429124161382226,-0.0347394540942928,0.0651170088876908,0.1025289749710586,0.037411966083367804,0.6666666666666666,0.6239316239316239,-0.042735042735042694,0.7129545454545454,0.6796212121212122,-0.033333333333333215,0.0900717469578602,0.1267276185249707,0.03665587156711049,0.6692307692307693,0.6211538461538462,-0.04807692307692313,0.7576190476190476,0.7341781874039939,-0.02344086021505376,0.1620615487345203,0.1759410016624431,0.01387945292792278,0.7241379310344828,0.6666666666666666,-0.05747126436781613,0.6881313131313131,0.6881313131313131,0.0,0.2135742680250895,0.2657328883718626,0.0521586203467731,0.6461538461538462,0.6461538461538462,0.0,0.6779026652860324,0.6509959549750668,-0.026906710310965587,0.0654061750843348,0.0949012497303717,0.0294950746460369,0.6829268292682927,0.65625,-0.026676829268292734,0.7377777777777778,0.6711111111111111,-0.06666666666666665,0.2298254839795181,0.352878813178297,0.1230533291987789,0.6923076923076923,0.5961538461538461,-0.09615384615384615,0.3743604899917663,0.3084898069748668,-0.06587068301689952,0.1341022546222304,0.2099373394953887,0.07583508487315829,0.333965844402277,0.2413793103448276,-0.0925865340574494,0.2262334369593733,0.2363877535351808,0.010154316575807482,11.6,11.6,0.0,41,41,0
Post2_Pre,Post2,Pre,mrmr_then_elasticnet_no_corr_auto_k,mrmr_then_elasticnet_no_corr,XGBoost,mrmr_then_elasticnet_no_corr_auto_k_no_smote,mrmr_then_elasticnet_no_corr_auto_k_smote,0.6170089786756453,0.6633936588103254,0.04638468013468011,0.1030830142029547,0.1015531036302658,-0.0015299105726888917,0.5967455621301776,0.6298816568047337,0.03313609467455614,0.6922496217267398,0.7349999289252077,0.04275030719846795,0.0783791444737209,0.0614424827897129,-0.016936661684007995,0.6834535332547409,0.7182547983146064,0.03480126505986547,0.5397472658762982,0.6340152559507398,0.09426799007444164,0.0861847160754395,0.0389749557085561,-0.047209760366883395,0.5384615384615384,0.6410256410256411,0.10256410256410264,0.5628156565656566,0.6539898989898989,0.09117424242424232,0.1020678050507343,0.0546156488104857,-0.0474521562402486,0.5326923076923077,0.6384615384615384,0.10576923076923073,0.5642857142857143,0.6678431372549021,0.1035574229691878,0.1030646544809392,0.1198147430118704,0.016750088530931198,0.5846153846153846,0.6825396825396826,0.09792429792429791,0.6367424242424242,0.7035353535353536,0.06679292929292935,0.2383307326140636,0.1770963754897628,-0.06123435712430081,0.5846153846153846,0.6615384615384615,0.07692307692307687,0.5692212186329834,0.656052836052836,0.08683161741985268,0.1134958865721397,0.05639217914855,-0.0571037074235897,0.5846153846153846,0.671875,0.08725961538461535,0.4888888888888889,0.6044444444444445,0.11555555555555558,0.0756861616263395,0.13941677458985,0.0637306129635105,0.4807692307692308,0.6153846153846154,0.13461538461538464,0.1029308208152094,0.2783367643514897,0.17540594353628028,0.1668163243257958,0.0889256765476309,-0.0778906477781649,0.0653846153846153,0.2758620689655172,0.21047745358090186,0.3069649039961799,0.2969748826527003,-0.00999002134347965,11.6,11.6,0.0,41,41,0
Post2_T2,Post2,T2,corr_mrmr_auto_k,corr_mrmr,ExtraTrees,corr_mrmr_auto_k_no_smote,corr_mrmr_auto_k_smote,0.6697993827160493,0.6736237373737374,0.003824354657688045,0.1660136067981408,0.1527055635324458,-0.013308043265695013,0.65,0.6390532544378698,-0.010946745562130267,0.7660394977061962,0.757983352629916,-0.008056145076280163,0.1059708562267324,0.0812550314152314,-0.024715824811501003,0.7159572928688558,0.707072471247949,-0.008884821620906758,0.6377630732469441,0.615926844959103,-0.021836228287841153,0.1020235283287103,0.1177593556718814,0.015735827343171097,0.6324786324786325,0.6068376068376068,-0.02564102564102566,0.6648358585858585,0.6385858585858586,-0.026249999999999885,0.1050800481719726,0.1215090494555104,0.016429001283537803,0.6384615384615384,0.6115384615384616,-0.026923076923076827,0.6910714285714287,0.6454831932773109,-0.04558823529411782,0.1133205775134501,0.0886395302105,-0.024681047302950093,0.7037037037037037,0.6727272727272727,-0.03097643097643099,0.6296717171717171,0.6171717171717171,-0.012499999999999956,0.2575112565308117,0.2528415317335553,-0.004669724797256414,0.5846153846153846,0.5692307692307692,-0.015384615384615441,0.6193701723113488,0.6039512774806892,-0.015418894830659613,0.1400114175588462,0.1452593530484044,0.005247935489558209,0.6386554621848739,0.6166666666666667,-0.021988795518207205,0.7,0.6599999999999999,-0.040000000000000036,0.1032795558988644,0.032659863237109,-0.07061969266175538,0.6923076923076923,0.6538461538461539,-0.038461538461538436,0.2959366415444685,0.2496482356281009,-0.046288405916367625,0.1781229145902662,0.2061458719913349,0.02802295740106872,0.2711864406779661,0.2188679245283018,-0.05231851614966429,0.22990085336495,0.2373138402825694,0.007412986917619407,12.0,12.0,0.0,38,38,0
Post2_T2,Post2,T2,corr_mrmr_auto_k,corr_mrmr,GradientBoosting,corr_mrmr_auto_k_no_smote,corr_mrmr_auto_k_smote,0.6409441638608305,0.6550785634118967,0.014134399551066212,0.1040525526848337,0.118114901162038,0.014062348477204306,0.6177514792899409,0.6258875739644971,0.008136094674556227,0.6840140095870455,0.6947582262062045,0.01074421661915903,0.1198696623303204,0.1350274281548831,0.015157765824562713,0.7072410768829811,0.6809482862583496,-0.026292790624631523,0.5674395735686059,0.5945620806911129,0.027122507122507078,0.0597660470671503,0.0948890664405071,0.035123019373356795,0.5641025641025641,0.5897435897435898,0.02564102564102566,0.5894823232323232,0.6011489898989899,0.011666666666666714,0.0715945343175619,0.0886545133796204,0.0170599790620585,0.5596153846153846,0.5884615384615384,0.028846153846153744,0.5976190476190476,0.6328168907116275,0.035197843092579895,0.0907455611350177,0.1506458204837856,0.059900259348767915,0.609375,0.639344262295082,0.02996926229508201,0.6478535353535353,0.6089646464646464,-0.03888888888888886,0.2407495554177271,0.1631817322091004,-0.07756782320862671,0.6,0.6,0.0,0.5858475884791674,0.5968966980731687,0.011049109594001294,0.1054330775833969,0.1092558997658596,0.0038228221824627012,0.6046511627906976,0.6190476190476191,0.01439645625692143,0.5311111111111112,0.5933333333333334,0.06222222222222218,0.125786415094088,0.1516330854153953,0.025846670321307302,0.5192307692307693,0.5769230769230769,0.0576923076923076,0.1553318290585006,0.1907961055065804,0.03546427644807981,0.1028640041595219,0.1655581862511051,0.0626941820915832,0.1190019193857965,0.1755725190839694,0.056570599698172894,0.2622842179005308,0.2589683508840464,-0.0033158670164843973,12.0,12.0,0.0,38,38,0
Post2_T2,Post2,T2,corr_mrmr_auto_k,corr_mrmr,KNN,corr_mrmr_auto_k_no_smote,corr_mrmr_auto_k_smote,0.6441505331088665,0.641010101010101,-0.0031404320987654666,0.1298552805003101,0.1241557719606782,-0.005699508539631887,0.5909763313609468,0.6218934911242604,0.03091715976331355,0.6980111563541888,0.7104314024077916,0.012420246053602813,0.0427779630939719,0.0581402515526166,0.0153622884586447,0.6904982265171455,0.721545522246005,0.031047295728859448,0.5306148331954783,0.5949453175259627,0.06433048433048438,0.0755561616240478,0.0987245330205038,0.023168371396456,0.5384615384615384,0.5811965811965812,0.042735042735042805,0.5438510101010101,0.6042045454545454,0.06035353535353527,0.0829469501311997,0.1200148120938675,0.0370678619626678,0.5192307692307692,0.5769230769230769,0.05769230769230771,0.5614452214452215,0.6138460232577879,0.052400801812566455,0.1116255271522,0.0536030970863777,-0.058022430065822306,0.569620253164557,0.625,0.055379746835443,0.7299242424242424,0.6617424242424242,-0.06818181818181812,0.2034327196929973,0.2075799048468687,0.0041471851538713855,0.6923076923076923,0.6153846153846154,-0.07692307692307687,0.6060829493087557,0.6196344396344398,0.013551490325684035,0.0758939276189988,0.0924136419074775,0.016519714288478704,0.625,0.6201550387596899,-0.004844961240310086,0.3577777777777777,0.5466666666666666,0.18888888888888894,0.1587606319954822,0.082671445501059,-0.07608918649442321,0.3461538461538461,0.5384615384615384,0.19230769230769235,0.0739290244505092,0.1845012690763699,0.11057224462586071,0.155100887948762,0.1974302801117651,0.042329392163003104,0.0395256916996048,0.1535508637236083,0.1140251720240035,0.249866901176425,0.2431602612554993,-0.006706639920925683,12.0,12.0,0.0,38,38,0
Post2_T2,Post2,T2,corr_mrmr_auto_k,corr_mrmr,LightGBM,corr_mrmr_auto_k_no_smote,corr_mrmr_auto_k_smote,0.6795412457912458,0.6510718294051626,-0.028469416386083135,0.133522987226891,0.1348320416228251,0.0013090543959341228,0.6562130177514793,0.6292899408284025,-0.026923076923076827,0.7194996487680194,0.6957739562499905,-0.023725692518028918,0.0826528113691605,0.08079489802538,-0.0018579133437805068,0.70171786396688,0.6754949875700615,-0.026222876396818418,0.5878255675029869,0.5984211010017461,0.010595533498759191,0.1190445150231109,0.1363235596746857,0.0172790446515748,0.5811965811965812,0.5897435897435898,0.008547008547008517,0.6068434343434344,0.6282323232323231,0.02138888888888879,0.1002108578779211,0.1250052697593399,0.0247944118814188,0.5846153846153846,0.5961538461538461,0.011538461538461497,0.6270868347338936,0.612563025210084,-0.014523809523809605,0.1688958936095572,0.1502414552655326,-0.01865443834402461,0.6428571428571429,0.660377358490566,0.017520215633423097,0.5714646464646465,0.5964646464646465,0.025000000000000022,0.223160539100467,0.2962935940724651,0.0731330549719981,0.5538461538461539,0.5384615384615384,-0.015384615384615441,0.5635056446821152,0.5675396825396825,0.004034037857567285,0.169520099028039,0.2046881250122684,0.03516802598422941,0.5950413223140496,0.5932203389830508,-0.0018209833309987822,0.642222222222222,0.6599999999999999,0.017777777777777892,0.161841257386961,0.0774915367740564,-0.0843497206129046,0.6153846153846154,0.6538461538461539,0.038461538461538436,0.2011455049172568,0.2340876583589234,0.032942153441666594,0.1856257048240152,0.2114636777120441,0.025837972888028915,0.1663516068052929,0.1879699248120301,0.02161831800673719,0.2565649618565462,0.2502417075747108,-0.006323254281835389,12.0,12.0,0.0,38,38,0
Post2_T2,Post2,T2,corr_mrmr_auto_k,corr_mrmr,LogisticRegression,corr_mrmr_auto_k_no_smote,corr_mrmr_auto_k_smote,0.6496226150392818,0.6666428170594838,0.017020202020202047,0.1440556661420094,0.1291573977799592,-0.014898268362050215,0.6349112426035504,0.6366863905325445,0.0017751479289941363,0.7002339983185671,0.7144600890586921,0.01422609074012493,0.0524272978480844,0.0468193470667556,-0.005607950781328801,0.6720450730209924,0.6745888215544948,0.0025437485335024768,0.6425521551328004,0.6415963606286187,-0.0009557945041817062,0.167360685490129,0.1649322126651403,-0.0024284728249887033,0.6153846153846154,0.6153846153846154,0.0,0.6539267676767677,0.6550378787878788,0.0011111111111110628,0.1558231333691185,0.1544381270549999,-0.0013850063141185864,0.6153846153846154,0.6173076923076923,0.0019230769230769162,0.6772222222222222,0.679680306905371,0.002458084683148787,0.092402768383519,0.0849516162362084,-0.007451152147310611,0.6666666666666666,0.6724137931034483,0.005747126436781658,0.6589646464646465,0.6478535353535353,-0.011111111111111183,0.2970384033762266,0.2934030477582557,-0.0036353556179709035,0.6153846153846154,0.6,-0.015384615384615441,0.6357393483709273,0.6323449649765439,-0.00339438339438336,0.2111303371712067,0.2082069848697723,-0.0029233523014343954,0.64,0.6341463414634146,-0.005853658536585371,0.6488888888888888,0.6622222222222223,0.01333333333333342,0.1944412698153543,0.1735041892972723,-0.02093708051808202,0.6153846153846154,0.6346153846153846,0.019230769230769162,0.2967301871609673,0.2975586466807945,0.0008284595198272404,0.290014985784476,0.2874056557582133,-0.0026093300262626795,0.2285714285714286,0.2314990512333966,0.002927622661967999,0.2457278799173056,0.2437733058237376,-0.001954574093568001,12.0,12.0,0.0,38,38,0
Post2_T2,Post2,T2,corr_mrmr_auto_k,corr_mrmr,NaiveBayes,corr_mrmr_auto_k_no_smote,corr_mrmr_auto_k_smote,0.649767115600449,0.6584259259259259,0.008658810325476884,0.0798996983507528,0.0917089315209446,0.011809233170191794,0.6334319526627219,0.6375739644970415,0.004142011834319614,0.6901508249438422,0.6949333190703266,0.00478249412648446,0.0768125582828394,0.0735486776399977,-0.0032638806428416933,0.6522940804924183,0.6557387912248337,0.003444710732415368,0.6275250436540759,0.6375507765830346,0.010025732928958697,0.1187466277196758,0.1125022245900666,-0.006244403129609194,0.6153846153846154,0.6324786324786325,0.017094017094017033,0.60385101010101,0.6260858585858585,0.02223484848484847,0.1435504780415039,0.1185790491888855,-0.024971428852618396,0.5980769230769231,0.6230769230769231,0.025000000000000022,0.6354401154401155,0.6460728744939271,0.010632759053811669,0.1141540775552735,0.1158184613073821,0.001664383752108603,0.6282051282051282,0.6571428571428571,0.028937728937728946,0.7410353535353535,0.6921717171717171,-0.04886363636363644,0.1243904123976584,0.1856827471619614,0.061292334764303,0.7538461538461538,0.7076923076923077,-0.0461538461538461,0.6752924594785059,0.6561500015353319,-0.01914245794317404,0.0813137322702671,0.1214558993601467,0.040142167089879596,0.6853146853146853,0.6814814814814815,-0.0038332038332038465,0.4666666666666667,0.5599999999999999,0.09333333333333327,0.2849301408857708,0.2038639100654171,-0.08106623082035369,0.4423076923076923,0.5384615384615384,0.09615384615384615,0.1944865460420216,0.2419529864415589,0.04746644039953732,0.2787165921873449,0.2233641182755206,-0.055352473911824296,0.2011834319526626,0.2485436893203884,0.04736025736772578,0.2987531734805357,0.2940670649701061,-0.00468610851042961,12.0,12.0,0.0,38,38,0
Post2_T2,Post2,T2,corr_mrmr_auto_k,corr_mrmr,RandomForest,corr_mrmr_auto_k_no_smote,corr_mrmr_auto_k_smote,0.6454096520763188,0.662763748597082,0.01735409652076314,0.1394952288028011,0.1391298611308083,-0.00036536767199280007,0.6201183431952664,0.631656804733728,0.011538461538461608,0.7341568661523253,0.7349550048499607,0.0007981386976353422,0.0928392581786808,0.0906737077661189,-0.0021655504125619035,0.7251018474465798,0.7297624702255889,0.004660622779009138,0.6140906166712619,0.6000578990901572,-0.014032717581104692,0.086741606740368,0.0900249202887547,0.003283313548386693,0.6068376068376068,0.5982905982905983,-0.008547008547008517,0.6337247474747475,0.6269823232323233,-0.0067424242424242165,0.0936131104466963,0.0902424491161864,-0.003370661330509908,0.6076923076923078,0.6019230769230769,-0.00576923076923086,0.6577777777777778,0.6529411764705882,-0.0048366013071895475,0.1140500215142786,0.1401255974090907,0.026075575894812103,0.6610169491525424,0.6607142857142857,-0.0003026634382566895,0.6407828282828283,0.6228535353535353,-0.017929292929293017,0.2439007017017019,0.2352722363593079,-0.008628465342393976,0.6,0.5692307692307692,-0.03076923076923077,0.6106083459024635,0.5983276685363972,-0.012280677366066306,0.1156484571511667,0.1120792725184425,-0.0035691846327241955,0.6290322580645161,0.6115702479338843,-0.017462010130631866,0.6266666666666667,0.6311111111111112,0.004444444444444473,0.132888145668676,0.1478070146516968,0.014918868983020805,0.6153846153846154,0.6346153846153846,0.019230769230769162,0.2410993184375192,0.2281604958343581,-0.012938822603161093,0.1522322306651279,0.1543822811744399,0.002150050509311996,0.2129277566539923,0.2003780718336483,-0.012549684820343993,0.246533809741483,0.2455344603796738,-0.0009993493618092042,12.0,12.0,0.0,38,38,0
Post2_T2,Post2,T2,corr_mrmr_auto_k,corr_mrmr,SVM_Linear,corr_mrmr_auto_k_no_smote,corr_mrmr_auto_k_smote,0.6142017396184063,0.5847081930415263,-0.02949354657687997,0.1869550365158613,0.1934073493176061,0.006452312801744797,0.6121301775147929,0.6297337278106508,0.017603550295857917,0.6798035452391982,0.6643040540091101,-0.015499491230088092,0.1166931944636097,0.1138419008314817,-0.0028512936321280075,0.6638421543300452,0.6739298121799071,0.010087657849861875,0.569351162576969,0.6355050087308152,0.06615384615384612,0.0836663913869674,0.0674435550911459,-0.016222836295821497,0.5641025641025641,0.6239316239316239,0.05982905982905984,0.5853787878787878,0.6267676767676768,0.04138888888888892,0.0931877855251673,0.1102167865006411,0.0170290009754738,0.5461538461538462,0.5961538461538461,0.04999999999999993,0.5876702508960573,0.638802729528536,0.05113247863247872,0.1114241399347021,0.124417857662136,0.012993717727433907,0.5897435897435898,0.6179775280898876,0.028233938346297838,0.7396464646464647,0.8535353535353536,0.11388888888888893,0.2480723561551724,0.1878896488660432,-0.060182707289129195,0.7076923076923077,0.8461538461538461,0.1384615384615384,0.6213960979918427,0.7011414644245155,0.07974536643267283,0.1059032372516642,0.0532386501766734,-0.052664587074990804,0.6433566433566433,0.7142857142857143,0.07092907092907097,0.4311111111111111,0.4,-0.03111111111111109,0.2215991264412073,0.3340732528527312,0.1124741264115239,0.3846153846153846,0.3461538461538461,-0.03846153846153849,0.1481516660874937,0.2233858303046618,0.07523416421716811,0.1553727688005311,0.1863800022215961,0.031007233421064984,0.0946745562130176,0.2016129032258065,0.1069383470127889,0.2441070442038061,0.2434939080165545,-0.0006131361872516172,12.0,12.0,0.0,38,38,0
Post2_T2,Post2,T2,corr_mrmr_auto_k,corr_mrmr,SVM_RBF,corr_mrmr_auto_k_no_smote,corr_mrmr_auto_k_smote,0.6168125701459035,0.5860549943883276,-0.030757575757575872,0.2209785260093429,0.2113616899990733,-0.009616836010269608,0.564792899408284,0.6071005917159764,0.04230769230769238,0.7272395000573887,0.7036301621704697,-0.02360933788691899,0.1871967500997628,0.1496925883654283,-0.03750416173433452,0.6713216287222352,0.696701115009273,0.02537948628703779,0.5311745244003309,0.6080976013234078,0.07692307692307698,0.0899684033532988,0.0669452379010681,-0.023023165452230696,0.5299145299145299,0.5982905982905983,0.06837606837606836,0.5732323232323232,0.5954545454545455,0.022222222222222254,0.0691753279525815,0.1044661290815991,0.0352908011290176,0.5230769230769231,0.5692307692307692,0.0461538461538461,0.4611669829222011,0.6042439059991243,0.14307692307692316,0.260159310330039,0.0947987337589645,-0.16536057657107447,0.5757575757575758,0.6,0.024242424242424176,0.6353535353535353,0.8353535353535353,0.19999999999999996,0.3767879865622995,0.2186956164998684,-0.1580923700624311,0.5846153846153846,0.8307692307692308,0.24615384615384617,0.504290513517837,0.6757190849464085,0.17142857142857149,0.263586501242312,0.082903700659109,-0.18068280058320296,0.5801526717557252,0.6967741935483871,0.11662152179266194,0.5111111111111112,0.3555555555555555,-0.15555555555555567,0.3340732528527312,0.2931312435171759,-0.04094200933555531,0.4615384615384615,0.3076923076923077,-0.1538461538461538,0.1246422893481717,0.1645399875578903,0.039897698209718585,0.1136412511118503,0.1676637878244643,0.054022536712614005,0.0462427745664739,0.1454545454545455,0.0992117708880716,0.2438147857170524,0.2412594174406786,-0.0025553682763737873,12.0,12.0,0.0,38,38,0
Post2_T2,Post2,T2,corr_mrmr_auto_k,corr_mrmr,XGBoost,corr_mrmr_auto_k_no_smote,corr_mrmr_auto_k_smote,0.6621562850729518,0.68996632996633,0.02781004489337824,0.0834188268575051,0.1412697113980139,0.057850884540508796,0.6411242603550296,0.6375739644970415,-0.0035502958579880506,0.6924160528582567,0.7397053602733765,0.04728930741511983,0.1034248768886231,0.095116962087618,-0.008307914801005109,0.6764902322050532,0.6931699372057165,0.016679705000663292,0.627563643047514,0.6115834941641392,-0.015980148883374845,0.0554627652990175,0.1001958149924922,0.04473304969347469,0.6239316239316239,0.5982905982905983,-0.02564102564102566,0.6408712121212121,0.6294065656565656,-0.01146464646464651,0.0802913124351947,0.1114526889184662,0.031161376483271497,0.6230769230769231,0.6000000000000001,-0.023076923076922995,0.6581349206349206,0.6519841269841269,-0.00615079365079374,0.0814884599842653,0.1266090691340839,0.04512060914981861,0.6721311475409836,0.6551724137931034,-0.01695873374788015,0.6728535353535353,0.6410353535353536,-0.031818181818181746,0.1935010895735642,0.2248444916014849,0.031343402027920686,0.6307692307692307,0.5846153846153846,-0.0461538461538461,0.6406746031746031,0.616111111111111,-0.024563492063492065,0.0656635127066974,0.1123871175781764,0.046723604871479,0.6507936507936508,0.6178861788617886,-0.032907471931862164,0.6088888888888888,0.6177777777777778,0.008888888888888946,0.1111999644728604,0.1470029814092553,0.0358030169363949,0.6153846153846154,0.6153846153846154,0.0,0.254388033743345,0.2333153874438632,-0.0210726462994818,0.1242561978624242,0.1873643784023518,0.06310818053992759,0.2442748091603053,0.1973434535104364,-0.04693135564986892,0.2773361123090336,0.2686354355013657,-0.008700676807667895,12.0,12.0,0.0,38,38,0
Post2_T2,Post2,T2,elasticnet_then_mrmr_auto_k,elasticnet_then_mrmr,ExtraTrees,elasticnet_then_mrmr_auto_k_no_smote,elasticnet_then_mrmr_auto_k_smote,0.7596408529741863,0.7608431537598203,0.0012023007856339918,0.0855726711739445,0.086269669085632,0.0006969979116874941,0.7103550295857989,0.7230769230769232,0.012721893491124292,0.817179914921858,0.8154542341712624,-0.0017256807505956484,0.0216244621049478,0.031433774361684,0.009809312256736199,0.7757087604983777,0.7793842420461117,0.0036754815477340053,0.6639297858652696,0.6970067089421929,0.033076923076923226,0.0639613309032311,0.1016506593647725,0.037689328461541396,0.6666666666666666,0.6837606837606838,0.017094017094017144,0.6830934343434343,0.7101767676767676,0.027083333333333348,0.0605821238504528,0.0987093271799537,0.038127203329500904,0.6673076923076924,0.6884615384615385,0.02115384615384608,0.697483905843039,0.7490712074303405,0.051587301587301515,0.1041748078395141,0.0589730686633498,-0.0452017391761643,0.7166666666666667,0.75,0.033333333333333326,0.6950757575757576,0.6825757575757576,-0.012499999999999956,0.2187741853349301,0.234364114378367,0.015589929043436895,0.6615384615384615,0.6461538461538462,-0.01538461538461533,0.664061152061152,0.6852637664402371,0.021202614379085105,0.0981225174275089,0.1220068883537083,0.02388437092619941,0.688,0.6942148760330579,0.006214876033057926,0.671111111111111,0.7377777777777779,0.06666666666666687,0.1046097981861317,0.115384488762197,0.010774690576065296,0.6730769230769231,0.7307692307692307,0.0576923076923076,0.3371129730794836,0.3959120707363224,0.05879909765683877,0.0990828073434166,0.1714815272817804,0.0723987199383638,0.3314285714285714,0.3705103969754253,0.03908182554685391,0.2217809398586478,0.2182652371359485,-0.0035157027226992987,9.6,9.6,0.0,26,26,0
Post2_T2,Post2,T2,elasticnet_then_mrmr_auto_k,elasticnet_then_mrmr,GradientBoosting,elasticnet_then_mrmr_auto_k_no_smote,elasticnet_then_mrmr_auto_k_smote,0.68081088664422,0.7415411054994389,0.0607302188552189,0.1112724508546205,0.0333532857608346,-0.0779191650937859,0.624112426035503,0.7068047337278108,0.08269230769230784,0.7043747650136003,0.7491898588802041,0.04481509386660376,0.0618657984833386,0.088280968398174,0.026415169914835397,0.6651526394168055,0.7320880452534344,0.06693540583662894,0.6001203933461998,0.6436191526514107,0.043498759305210855,0.0807420797685291,0.0915640772025454,0.010821997434016309,0.5897435897435898,0.6324786324786325,0.042735042735042694,0.6086994949494949,0.6519065656565657,0.04320707070707075,0.101494045873744,0.0644830093042322,-0.037011036569511796,0.5692307692307692,0.6423076923076922,0.07307692307692304,0.6130670762928828,0.7073504273504274,0.0942833510575446,0.1082606684054425,0.0734159676277907,-0.03484470077765181,0.6049382716049383,0.72,0.11506172839506168,0.788510101010101,0.5771464646464646,-0.21136363636363642,0.208100573985201,0.1888782541704569,-0.019222319814744093,0.7538461538461538,0.5538461538461539,-0.19999999999999996,0.660751409347154,0.6092172961138478,-0.051534113233306256,0.076836958293065,0.1296414372177212,0.0528044789246562,0.6712328767123288,0.6260869565217392,-0.045145920190589606,0.4288888888888889,0.7266666666666667,0.2977777777777778,0.2444040370643115,0.1145253220153344,-0.12987871504897708,0.3846153846153846,0.7307692307692307,0.34615384615384615,0.1908422895293926,0.2906217619477006,0.09977947241830801,0.1656654638602558,0.1244852208461241,-0.0411802430141317,0.1428571428571429,0.2766355140186916,0.13377837116154867,0.2514837686505393,0.2226486570492287,-0.02883511160131058,9.6,9.6,0.0,26,26,0
Post2_T2,Post2,T2,elasticnet_then_mrmr_auto_k,elasticnet_then_mrmr,KNN,elasticnet_then_mrmr_auto_k_no_smote,elasticnet_then_mrmr_auto_k_smote,0.6983901515151515,0.7379384118967451,0.03954826038159365,0.1260225874868547,0.1174070130078655,-0.008615574478989182,0.6442307692307692,0.7186390532544379,0.07440828402366872,0.7227018974361817,0.8085721582529379,0.0858702608167562,0.0383095977312568,0.075550274412657,0.03724067668140021,0.7078438040702164,0.7935542792696653,0.08571047519944885,0.6099466960757283,0.6900964984835953,0.08014980240786707,0.0590828414287051,0.0818186005330824,0.0227357591043773,0.6153846153846154,0.6923076923076923,0.07692307692307687,0.6225252525252525,0.6917045454545454,0.06917929292929292,0.0628189037788168,0.0814639145608282,0.018645010782011404,0.6000000000000001,0.6942307692307692,0.09423076923076912,0.6231015037593985,0.7452380952380953,0.12213659147869671,0.1373327412293093,0.1692989412822017,0.031966200052892385,0.631578947368421,0.7457627118644068,0.11418376449598577,0.7717171717171717,0.6700757575757577,-0.10164141414141403,0.1215126745173538,0.139609928184747,0.01809725366739319,0.7384615384615385,0.676923076923077,-0.06153846153846154,0.6674328109622227,0.6816666666666668,0.01423385570444402,0.0622358553829432,0.0940449065311059,0.03180905114816271,0.6808510638297872,0.7096774193548387,0.028826355525051528,0.4733333333333333,0.7133333333333333,0.24,0.1611072796479276,0.1627540748764493,0.001646795228521708,0.4615384615384615,0.7115384615384616,0.25000000000000006,0.221654850019478,0.3675998768593538,0.1459450268398758,0.1106581247405317,0.1606948078530482,0.05003668311251651,0.2043222003929273,0.3840304182509505,0.1797082178580232,0.2377321840417078,0.2154214571140625,-0.022310726927645297,9.6,9.6,0.0,26,26,0
Post2_T2,Post2,T2,elasticnet_then_mrmr_auto_k,elasticnet_then_mrmr,LightGBM,elasticnet_then_mrmr_auto_k_no_smote,elasticnet_then_mrmr_auto_k_smote,0.679233305274972,0.7225294612794613,0.04329615600448922,0.0655471362605358,0.1300673809237361,0.0645202446632003,0.6542899408284024,0.6940828402366864,0.03979289940828401,0.7231150915215926,0.7934026380683586,0.07028754654676606,0.0990943870285475,0.0305667423051804,-0.0685276447233671,0.6590735159720758,0.7543342366632626,0.09526072069118685,0.6128756548111387,0.6616220935575774,0.04874643874643869,0.1098900601973677,0.0694378524987625,-0.040452207698605205,0.6324786324786325,0.6666666666666666,0.03418803418803418,0.6278156565656566,0.6799621212121212,0.05214646464646455,0.0798348471605018,0.0741180286447684,-0.005716818515733413,0.6326923076923077,0.6653846153846155,0.0326923076923078,0.6539542483660131,0.6940712074303406,0.04011695906432744,0.1695290660430078,0.1330333712537266,-0.03649569478928119,0.6833333333333333,0.7096774193548387,0.026344086021505397,0.6311868686868687,0.7132575757575758,0.08207070707070707,0.2132636682721111,0.201091774433267,-0.012171893838844094,0.6307692307692307,0.676923076923077,0.04615384615384621,0.6047846889952153,0.6719024219024219,0.06711773290720657,0.1522208028527475,0.0898090223060184,-0.062411780546729106,0.656,0.6929133858267716,0.036913385826771616,0.6244444444444444,0.6466666666666667,0.022222222222222365,0.1546641123671583,0.1337770394959325,-0.020887072871225792,0.6346153846153846,0.6538461538461539,0.019230769230769273,0.2458294082608845,0.3291594808023962,0.0833300725415117,0.1725726774702689,0.124717556915231,-0.04785512055503789,0.2628571428571429,0.3288718929254303,0.06601475006828739,0.2366074550026026,0.2357153290902374,-0.0008921259123652048,9.6,9.6,0.0,26,26,0
Post2_T2,Post2,T2,elasticnet_then_mrmr_auto_k,elasticnet_then_mrmr,LogisticRegression,elasticnet_then_mrmr_auto_k_no_smote,elasticnet_then_mrmr_auto_k_smote,0.6956986531986531,0.6718097643097642,-0.02388888888888885,0.0791011606579279,0.0648188616516166,-0.014282299006311297,0.6775147928994083,0.6733727810650888,-0.004142011834319503,0.7391513899896831,0.7243639098829305,-0.01478748010675257,0.0970097506744337,0.1206632064939599,0.0236534558195262,0.7329288529340645,0.715543953607271,-0.017384899326793546,0.6473044756915725,0.6267089421928131,-0.02059553349875931,0.1062613554176427,0.0805872955659039,-0.025674059851738804,0.6495726495726496,0.6324786324786325,-0.017094017094017144,0.6612878787878788,0.6296212121212121,-0.03166666666666662,0.0957101139544412,0.0502698817800701,-0.045440232174371105,0.648076923076923,0.6307692307692307,-0.017307692307692246,0.6646825396825398,0.6476190476190475,-0.017063492063492225,0.0937213885121803,0.1150766283199483,0.021355239807768003,0.6935483870967742,0.6774193548387096,-0.016129032258064613,0.6936868686868687,0.6436868686868686,-0.050000000000000044,0.2640227899614321,0.1952926534401776,-0.06873013652125448,0.6615384615384615,0.6461538461538462,-0.01538461538461533,0.64482151835093,0.6214810548928196,-0.023340463458110472,0.1454234873418302,0.1240002526867451,-0.021423234655085097,0.6771653543307087,0.6614173228346457,-0.015748031496062964,0.6288888888888888,0.6155555555555555,-0.013333333333333308,0.1166613755413927,0.115384488762197,-0.0012768867791957128,0.6346153846153846,0.6153846153846154,-0.019230769230769162,0.3027522113080697,0.2515147350832841,-0.05123747622478558,0.1699884374196634,0.1073910397594658,-0.0625973976601976,0.2944550669216061,0.260038240917782,-0.03441682600382412,0.2391404933354916,0.2383748167722085,-0.0007656765632830798,9.6,9.6,0.0,26,26,0
Post2_T2,Post2,T2,elasticnet_then_mrmr_auto_k,elasticnet_then_mrmr,NaiveBayes,elasticnet_then_mrmr_auto_k_no_smote,elasticnet_then_mrmr_auto_k_smote,0.7179377104377105,0.7376599326599327,0.019722222222222197,0.0876524346622808,0.1274649750309923,0.0398125403687115,0.6278106508875739,0.6340236686390532,0.006213017751479311,0.7790546740297019,0.7968064127593817,0.017751738729679833,0.055313617415347,0.0853456488079204,0.03003203139257339,0.6956963937869483,0.6985220435728652,0.0028256497859169283,0.6195505927763992,0.6275278007536073,0.007977207977208023,0.0930073306262297,0.0721481379435876,-0.020859192682642108,0.6239316239316239,0.6239316239316239,0.0,0.6345328282828283,0.640088383838384,0.005555555555555647,0.0805492619687723,0.0816090746623072,0.0010598126935349034,0.601923076923077,0.6038461538461538,0.0019230769230768052,0.6263054187192119,0.6332335232943752,0.006928104575163352,0.1518810240992427,0.136378335279456,-0.015502688819786697,0.6265060240963856,0.6296296296296297,0.0031236055332440893,0.8246212121212121,0.813510101010101,-0.011111111111111072,0.1363089115779812,0.1374057634979881,0.0010968519200069138,0.8,0.7846153846153846,-0.015384615384615441,0.6867494824016562,0.6888740245261984,0.0021245421245421614,0.0844649450996806,0.0612893995341705,-0.023175545565510096,0.7027027027027027,0.6986301369863014,-0.004072565716401355,0.4444444444444445,0.4666666666666666,0.022222222222222143,0.2195393606262838,0.2126841975823181,-0.00685516304396569,0.4038461538461538,0.4230769230769231,0.019230769230769273,0.2484317056974231,0.2538387500977968,0.005407044400373678,0.1584009176171522,0.1430676178899381,-0.01533329972721409,0.2111553784860557,0.2142857142857143,0.003130335799658601,0.3441833051475288,0.336315440615037,-0.00786786453249183,9.6,9.6,0.0,26,26,0
Post2_T2,Post2,T2,elasticnet_then_mrmr_auto_k,elasticnet_then_mrmr,RandomForest,elasticnet_then_mrmr_auto_k_no_smote,elasticnet_then_mrmr_auto_k_smote,0.7030569584736253,0.7448849607182941,0.04182800224466887,0.1091327093761715,0.135467039090709,0.026334329714537502,0.691715976331361,0.7272189349112426,0.035502958579881616,0.7752582054595982,0.8192737740365702,0.044015568576971975,0.0497575673975006,0.0616562158668578,0.011898648469357204,0.7608712429947659,0.7874684943844068,0.026597251389640864,0.6452816836687804,0.7009769322672549,0.05569524859847452,0.0842088803771266,0.09630634021395,0.012097459836823407,0.6495726495726496,0.7008547008547008,0.05128205128205121,0.6626767676767676,0.7182323232323233,0.05555555555555569,0.0876577989564301,0.0899482259337997,0.0022904269773696,0.648076923076923,0.7038461538461538,0.05576923076923079,0.665,0.7444026733500417,0.0794026733500417,0.0959616693024284,0.0905597326649958,-0.005401936637432603,0.6935483870967742,0.7586206896551724,0.06507230255839813,0.6964646464646465,0.7075757575757576,0.011111111111111183,0.2180813256458458,0.2465719980645986,0.028490672418752777,0.6615384615384615,0.676923076923077,0.015384615384615441,0.6547855309465216,0.6899696487931782,0.03518411784665665,0.107132145989573,0.1267049034336745,0.019572757444101488,0.6771653543307087,0.7154471544715447,0.03828180014083604,0.6288888888888888,0.7288888888888889,0.10000000000000009,0.0611010092660778,0.1136596609115059,0.05255865164542809,0.6346153846153846,0.7307692307692307,0.09615384615384615,0.2981060109175294,0.4083399577970912,0.11023394687956178,0.1526131038841335,0.1636461153314751,0.011033011447341617,0.2944550669216061,0.4022770398481974,0.10782197292659129,0.2197508483179093,0.2097544567817202,-0.009996391536189114,9.6,9.6,0.0,26,26,0
Post2_T2,Post2,T2,elasticnet_then_mrmr_auto_k,elasticnet_then_mrmr,SVM_Linear,elasticnet_then_mrmr_auto_k_no_smote,elasticnet_then_mrmr_auto_k_smote,0.6891863075196408,0.6668883277216611,-0.02229797979797976,0.0616862252971647,0.0555213991634809,-0.006164826133683798,0.6576923076923078,0.6644970414201185,0.006804733727810652,0.7253864295803785,0.7127954421364499,-0.012590987443928614,0.1090884023775971,0.1151412870686245,0.00605288469102741,0.7025032068392009,0.7075522991010209,0.005049092261820043,0.5897729988052569,0.6180608399963239,0.028287841191066976,0.08394000526559,0.0757978749944615,-0.008142130271128506,0.6068376068376068,0.6324786324786325,0.02564102564102566,0.6144823232323232,0.6258712121212121,0.011388888888888893,0.02542095346388,0.0472172322216324,0.021796278757752398,0.5961538461538461,0.6307692307692307,0.0346153846153846,0.6273235460191983,0.6490336134453782,0.02171006742617998,0.1398368525219662,0.1381128675515804,-0.0017239849703858112,0.6338028169014085,0.6774193548387096,0.043616537937301136,0.7200757575757576,0.6450757575757576,-0.07499999999999996,0.2304525033280708,0.1654379639820863,-0.0650145393459845,0.6923076923076923,0.6461538461538462,-0.0461538461538461,0.6269545659019343,0.6221527011000696,-0.00480186480186473,0.1061943212174627,0.1143741265987191,0.0081798053812564,0.6617647058823529,0.6614173228346457,-0.00034738304770720596,0.5088888888888888,0.6066666666666667,0.09777777777777785,0.2034759669735039,0.1372750685464933,-0.0662008984270106,0.5,0.6153846153846154,0.11538461538461542,0.2139233202545643,0.242144914208166,0.028221593953601715,0.0679240674779147,0.1057990764968536,0.03787500901893891,0.1945525291828794,0.260038240917782,0.06548571173490259,0.2442699451390037,0.2422037483217719,-0.0020661968172318024,9.6,9.6,0.0,26,26,0
Post2_T2,Post2,T2,elasticnet_then_mrmr_auto_k,elasticnet_then_mrmr,SVM_RBF,elasticnet_then_mrmr_auto_k_no_smote,elasticnet_then_mrmr_auto_k_smote,0.7447769360269361,0.7309483726150392,-0.013828563411896866,0.1284550481851757,0.0954599458353022,-0.03299510234987349,0.6988165680473373,0.6911242603550295,-0.007692307692307776,0.8112092143701339,0.800015738298562,-0.01119347607157195,0.0788062408476442,0.0502767087543943,-0.028529532093249904,0.7657817397391937,0.7572891099517725,-0.008492629787421269,0.6323784578623288,0.6695993015347854,0.037220843672456594,0.053814059090278,0.0773809023629515,0.023566843272673506,0.6410256410256411,0.6666666666666666,0.02564102564102555,0.6447601010101011,0.6605934343434343,0.015833333333333255,0.0528754955416266,0.0696830656970127,0.0168075701553861,0.6307692307692307,0.6653846153846155,0.034615384615384714,0.641161616161616,0.6861764705882354,0.045014854426619344,0.1119584312935861,0.0627760340402847,-0.049182397253301396,0.6619718309859155,0.7096774193548387,0.047705588368923246,0.7450757575757576,0.6700757575757577,-0.07499999999999996,0.2036653343389262,0.139609928184747,-0.0640554061541792,0.7230769230769231,0.676923076923077,-0.0461538461538461,0.6621746674378254,0.6705172020961495,0.00834253465832413,0.0925206748693923,0.088256203382664,-0.004264471486728302,0.6911764705882353,0.6929133858267716,0.0017369152385363629,0.5444444444444445,0.6511111111111111,0.10666666666666658,0.11417984514369,0.1110221866381937,-0.0031576585054963052,0.5384615384615384,0.6538461538461539,0.11538461538461542,0.2663678441583821,0.3133987560694476,0.04703091191106551,0.0821654840721809,0.1317303012019082,0.04956481712972731,0.264591439688716,0.3288718929254303,0.06428045323671427,0.2281672972561072,0.2335321773341475,0.005364880078040285,9.6,9.6,0.0,26,26,0
Post2_T2,Post2,T2,elasticnet_then_mrmr_auto_k,elasticnet_then_mrmr,XGBoost,elasticnet_then_mrmr_auto_k_no_smote,elasticnet_then_mrmr_auto_k_smote,0.7271604938271604,0.7485718294051628,0.021411335578002344,0.070417733681848,0.0605161060299838,-0.009901627651864205,0.7180473372781065,0.7198224852071007,0.0017751479289941363,0.7710453746375714,0.7960487153022562,0.025003340664684792,0.0869393069862365,0.0487725169924185,-0.038166789993818,0.7745549922590746,0.7540206980830719,-0.02053429417600272,0.6382345372667954,0.6999099347486444,0.061675397481849026,0.041842160256533,0.0763113526829641,0.0344691924264311,0.6410256410256411,0.7008547008547008,0.05982905982905973,0.6593308080808081,0.7185101010101009,0.059179292929292804,0.0351954981422434,0.0788729629936573,0.0436774648514139,0.6326923076923077,0.7019230769230769,0.0692307692307692,0.6617391304347826,0.7292171605484299,0.06747803011364728,0.1252393074397344,0.0884119198028673,-0.036827387636867104,0.6666666666666666,0.75,0.08333333333333337,0.7453282828282829,0.7214646464646465,-0.02386363636363642,0.1946057313503921,0.2119521933649593,0.017346462014567188,0.7076923076923077,0.6923076923076923,-0.015384615384615441,0.6675555555555556,0.6996425796425797,0.03208702408702413,0.0761304193344938,0.0987594286646158,0.022629009330122005,0.6865671641791045,0.72,0.03343283582089551,0.5733333333333335,0.7155555555555556,0.14222222222222214,0.1463295789613718,0.0602873776277802,-0.08604220133359161,0.5576923076923077,0.7115384615384616,0.15384615384615385,0.2904489518745808,0.4044387675695245,0.11398981569494371,0.0449373920237508,0.1365504658302164,0.0916130738064656,0.2674418604651163,0.4,0.1325581395348837,0.2128828037726668,0.2216424913642605,0.008759687591593707,9.6,9.6,0.0,26,26,0
Post2_T2,Post2,T2,mrmr_then_elasticnet_no_corr_auto_k,mrmr_then_elasticnet_no_corr,ExtraTrees,mrmr_then_elasticnet_no_corr_auto_k_no_smote,mrmr_then_elasticnet_no_corr_auto_k_smote,0.7473625140291806,0.729438832772166,-0.0179236812570146,0.0967060250596862,0.1117524635416687,0.015046438481982505,0.6878698224852071,0.6745562130177515,-0.013313609467455634,0.8140948892552966,0.7972560676629805,-0.01683882159231609,0.0316600933970509,0.0480799140663209,0.016419820669270002,0.7625306724597836,0.7625440702167425,1.3397756958966056e-05,0.6927515853322305,0.6871804062126643,-0.005571179119566172,0.1453518811880046,0.1350974646056523,-0.010254416582352294,0.6666666666666666,0.6666666666666666,0.0,0.7057323232323232,0.6957323232323231,-0.010000000000000009,0.1358983680161243,0.1314781985044335,-0.004420169511690775,0.6692307692307693,0.6692307692307693,0.0,0.7543722943722944,0.7406390977443609,-0.013733196627933486,0.0926053256113841,0.0946025124751558,0.001997186863771705,0.7241379310344828,0.7241379310344828,0.0,0.6825757575757576,0.6825757575757576,0.0,0.2566398996811608,0.234364114378367,-0.02227578530279381,0.6461538461538462,0.6461538461538462,0.0,0.6858901302702622,0.6866937810644904,0.0008036507942281723,0.1646464512918409,0.1477971549546065,-0.01684929633723442,0.6829268292682927,0.6829268292682927,0.0,0.7288888888888889,0.7088888888888889,-0.020000000000000018,0.1834645994715581,0.1581373055525084,-0.025327293919049698,0.6923076923076923,0.6923076923076923,0.0,0.3939076932003216,0.3738450623245296,-0.02006263087579202,0.2559203005821706,0.2459820569061848,-0.00993824367598578,0.333965844402277,0.333965844402277,0.0,0.2324456083048704,0.2286157273671583,-0.00382988093771211,8.4,8.4,0.0,29,29,0
Post2_T2,Post2,T2,mrmr_then_elasticnet_no_corr_auto_k,mrmr_then_elasticnet_no_corr,GradientBoosting,mrmr_then_elasticnet_no_corr_auto_k_no_smote,mrmr_then_elasticnet_no_corr_auto_k_smote,0.7378647586980921,0.7100519079685746,-0.027812850729517447,0.0927283635397479,0.1142627613675471,0.0215343978277992,0.670414201183432,0.7187869822485207,0.04837278106508869,0.7788923604138203,0.7668918129712108,-0.012000547442609477,0.0145560145058199,0.046353102314539,0.0317970878087191,0.7366084504711627,0.7265416689089825,-0.010066781562180216,0.5691774653064975,0.6974653064975647,0.12828784119106718,0.1376387445343458,0.118247160699553,-0.019391583834792794,0.5982905982905983,0.6752136752136753,0.07692307692307698,0.6016287878787879,0.7037878787878787,0.10215909090909081,0.0618185531777318,0.121428258477766,0.059609705300034205,0.5826923076923076,0.676923076923077,0.09423076923076934,0.6173169825343738,0.7447284878863826,0.12741150535200874,0.173114218595661,0.0647019576966638,-0.1084122608989972,0.618421052631579,0.7288135593220338,0.11039250669045486,0.7521464646464646,0.6964646464646465,-0.055681818181818166,0.1578725190532447,0.1993664078912228,0.04149388883797811,0.7230769230769231,0.6615384615384615,-0.06153846153846154,0.6409375704304711,0.7046642246642246,0.06372665423375357,0.1024259870707997,0.1181927769199652,0.015766789849165505,0.6666666666666666,0.6935483870967742,0.026881720430107614,0.4511111111111111,0.7111111111111111,0.26000000000000006,0.2594961880354666,0.1412466540628507,-0.1182495339726159,0.4423076923076923,0.6923076923076923,0.25,0.1993875952890459,0.3885162721414988,0.1891286768524529,0.1201175709274043,0.2240983800623146,0.10398080913491031,0.168958742632613,0.3498098859315589,0.18085114329894586,0.2295194310092119,0.2139679776180355,-0.015551453391176417,8.4,8.4,0.0,29,29,0
Post2_T2,Post2,T2,mrmr_then_elasticnet_no_corr_auto_k,mrmr_then_elasticnet_no_corr,KNN,mrmr_then_elasticnet_no_corr_auto_k_no_smote,mrmr_then_elasticnet_no_corr_auto_k_smote,0.7378367003367003,0.7552202581369247,0.01738355780022438,0.0796038557369559,0.1023798564529408,0.0227760007159849,0.6923076923076924,0.7103550295857989,0.01804733727810648,0.8124505925885446,0.8236075798017934,0.01115698721324887,0.0371147287318384,0.047246493683919,0.010131764952080596,0.7765748118464451,0.8002707387430553,0.023695926896610264,0.5969681095487547,0.726820145207242,0.12985203565848735,0.0891859133930599,0.0664767923821908,-0.022709121010869096,0.6153846153846154,0.717948717948718,0.10256410256410253,0.6243434343434344,0.7433712121212122,0.11902777777777773,0.0712933575613047,0.0803138492489657,0.009020491687661003,0.6038461538461539,0.7230769230769232,0.11923076923076925,0.6406565656565657,0.8,0.15934343434343434,0.178315016981447,0.1143958904554111,-0.0639191265260359,0.6388888888888888,0.7857142857142857,0.14682539682539686,0.7353535353535353,0.7089646464646464,-0.026388888888888906,0.1901275354780695,0.2042311152440618,0.014103579765992302,0.7076923076923077,0.676923076923077,-0.03076923076923077,0.644522417153996,0.7194771241830065,0.07495470702901041,0.094560887145108,0.0799273453669027,-0.014633541778205306,0.6715328467153284,0.7272727272727273,0.05573988055739887,0.5133333333333334,0.7777777777777778,0.26444444444444437,0.2428635749744755,0.1571348402636772,-0.08572873471079831,0.5,0.7692307692307693,0.2692307692307693,0.2251421685100461,0.451827479267502,0.2266853107574559,0.131011592101208,0.1297693984774055,-0.0012421936238024844,0.2105263157894736,0.4385633270321361,0.22803701124266249,0.227900731085235,0.2209455473815417,-0.006955183703693302,8.4,8.4,0.0,29,29,0
Post2_T2,Post2,T2,mrmr_then_elasticnet_no_corr_auto_k,mrmr_then_elasticnet_no_corr,LightGBM,mrmr_then_elasticnet_no_corr_auto_k_no_smote,mrmr_then_elasticnet_no_corr_auto_k_smote,0.6788096240179573,0.7292417227833894,0.05043209876543209,0.1554571084353878,0.1423212631034559,-0.013135845331931906,0.6914201183431954,0.6979289940828405,0.0065088757396450925,0.7432400969218198,0.8060346557266561,0.06279455880483631,0.0683657404875696,0.0532130278449351,-0.015152712642634507,0.7207558946350249,0.7480567024690139,0.027300807833989027,0.6710136935943387,0.6884211010017461,0.017407407407407427,0.1416485881496242,0.1326637693147939,-0.008984818834830294,0.6495726495726496,0.6666666666666666,0.017094017094017033,0.6733712121212122,0.6878156565656566,0.014444444444444371,0.1482735432165771,0.1353526284267822,-0.012920914789794902,0.648076923076923,0.6634615384615384,0.015384615384615441,0.6986904761904762,0.7128947368421052,0.014204260651629053,0.1016043202510404,0.0840228171094843,-0.0175815031415561,0.6935483870967742,0.703125,0.009576612903225756,0.6978535353535353,0.7200757575757576,0.022222222222222254,0.176918045711792,0.1936061886670322,0.01668814295524018,0.6615384615384615,0.6923076923076923,0.03076923076923077,0.6934640522875817,0.7071078597394387,0.013643807451857004,0.1292796579292004,0.1282560423586821,-0.0010236155705183048,0.6771653543307087,0.6976744186046512,0.0205090642739425,0.6488888888888888,0.6555555555555557,0.006666666666666821,0.1283513695839435,0.1429840705968481,0.014632701012904592,0.6346153846153846,0.6346153846153846,0.0,0.329623133190934,0.3622978662923943,0.032674733101460296,0.2755447285981411,0.2512955645540862,-0.024249164044054916,0.2944550669216061,0.3262955854126679,0.03184051849106179,0.2202541123478311,0.2276920448563235,0.007437932508492395,8.4,8.4,0.0,29,29,0
Post2_T2,Post2,T2,mrmr_then_elasticnet_no_corr_auto_k,mrmr_then_elasticnet_no_corr,LogisticRegression,mrmr_then_elasticnet_no_corr_auto_k_no_smote,mrmr_then_elasticnet_no_corr_auto_k_smote,0.6650561167227834,0.6704896184062851,0.005433501683501651,0.132162933170066,0.1291205923917918,-0.0030423407782741996,0.6695266272189349,0.6730769230769231,0.0035502958579882726,0.699555574768363,0.7050522995849409,0.005496724816577814,0.1032778014049102,0.1062457728416628,0.0029679714367525922,0.7001473274457708,0.704918599770086,0.004771272324315179,0.6572300340042275,0.6636816469074533,0.006451612903225823,0.1581664975588664,0.1514801736488087,-0.00668632391005769,0.6239316239316239,0.6324786324786325,0.008547008547008517,0.6627398989898989,0.6627398989898989,0.0,0.154203467674738,0.154203467674738,0.0,0.6403846153846153,0.6192307692307693,-0.02115384615384608,0.5912280701754385,0.6944538766270515,0.10322580645161294,0.2999866622663479,0.1027340125112731,-0.19725264975507478,0.7441860465116279,0.6486486486486487,-0.09553739786297921,0.5632575757575757,0.7632575757575758,0.20000000000000007,0.3455650075919039,0.2326201714575981,-0.11294483613430578,0.4923076923076923,0.7384615384615385,0.24615384615384622,0.5676322476322476,0.703802460398205,0.13617021276595742,0.3119123637690524,0.1298823397737295,-0.1820300239953229,0.5925925925925926,0.6906474820143885,0.09805488942179597,0.7622222222222222,0.5622222222222222,-0.20000000000000007,0.1601850781416897,0.3009121934188579,0.1407271152771682,0.7884615384615384,0.5,-0.28846153846153844,0.3125370257732033,0.3125370257732033,0.0,0.2901556714243476,0.2901556714243476,0.0,0.2693726937269374,0.2426614481409,-0.026711245586037408,0.2378340859495065,0.2359526595194616,-0.001881426430044908,8.4,8.4,0.0,29,29,0
Post2_T2,Post2,T2,mrmr_then_elasticnet_no_corr_auto_k,mrmr_then_elasticnet_no_corr,NaiveBayes,mrmr_then_elasticnet_no_corr_auto_k_no_smote,mrmr_then_elasticnet_no_corr_auto_k_smote,0.7126585297418631,0.7127623456790124,0.00010381593714936521,0.1239736482986205,0.1196404905312017,-0.004333157767418799,0.6198224852071006,0.6390532544378699,0.019230769230769273,0.7497729752135134,0.7493039036647204,-0.0004690715487929431,0.0622787565515726,0.0734088313339867,0.011130074782414096,0.6920174624450695,0.7030405050315172,0.011023042586447707,0.6399338296112489,0.6563854425144748,0.016451612903225943,0.1127062382582185,0.105642000939975,-0.007064237318243502,0.6153846153846154,0.6324786324786325,0.017094017094017033,0.6148232323232323,0.6305808080808081,0.015757575757575748,0.106687110644136,0.1025837768973349,-0.004103333746801094,0.6000000000000001,0.6173076923076923,0.017307692307692246,0.6759999999999999,0.686344827586207,0.010344827586207028,0.0792576669968135,0.072737078033205,-0.006520588963608492,0.631578947368421,0.6447368421052632,0.013157894736842146,0.722979797979798,0.7411616161616161,0.018181818181818188,0.2362718892989399,0.2251471874003455,-0.011124701898594408,0.7384615384615385,0.7538461538461538,0.01538461538461533,0.6672699696663296,0.6836950904392765,0.01642512077294689,0.1052508406697169,0.1006294049145287,-0.004621435755188211,0.6808510638297872,0.6950354609929078,0.014184397163120588,0.5066666666666666,0.5199999999999999,0.013333333333333308,0.3486552650214255,0.3324729637202674,-0.01618230130115811,0.4615384615384615,0.4807692307692308,0.019230769230769273,0.22732372782999,0.2594146574107664,0.03209092958077642,0.2124421466624919,0.2041536948225729,-0.008288451839918998,0.2043222003929273,0.2396856581532417,0.03536345776031438,0.3290094595884219,0.3141122813548907,-0.014897178233531205,8.4,8.4,0.0,29,29,0
Post2_T2,Post2,T2,mrmr_then_elasticnet_no_corr_auto_k,mrmr_then_elasticnet_no_corr,RandomForest,mrmr_then_elasticnet_no_corr_auto_k_no_smote,mrmr_then_elasticnet_no_corr_auto_k_smote,0.7458978675645341,0.748303872053872,0.0024060044893379207,0.1249657995791418,0.122010275796912,-0.0029555237822298103,0.7310650887573963,0.7307692307692307,-0.00029585798816555986,0.8129622440215891,0.8150784523397064,0.0021162083181173186,0.0626671151985383,0.06252775465608,-0.00013936054245830554,0.807221318962243,0.7896605739328983,-0.017560745029344682,0.6916845878136201,0.7070692031982354,0.01538461538461533,0.1377392263981948,0.1280145172974011,-0.009724709100793705,0.6666666666666666,0.6837606837606838,0.017094017094017144,0.6878156565656566,0.7082323232323231,0.020416666666666528,0.1387516194934307,0.1283721168325242,-0.010379502660906509,0.6615384615384616,0.6826923076923077,0.02115384615384608,0.7156043956043956,0.7422829801777171,0.026678584573321507,0.0843520950116732,0.0893146251518257,0.0049625301401524935,0.696969696969697,0.7258064516129032,0.02883675464320623,0.7311868686868687,0.7186868686868687,-0.012499999999999956,0.2012312561892493,0.2016152032577777,0.00038394706852840077,0.7076923076923077,0.6923076923076923,-0.015384615384615441,0.7111776022846803,0.7163575605680869,0.0051799582834065605,0.130414350293076,0.127759476112312,-0.0026548741807639886,0.7022900763358778,0.7086614173228346,0.006371340986956797,0.6444444444444445,0.6977777777777778,0.053333333333333344,0.1715578583610558,0.1593815206848098,-0.012176337676246013,0.6153846153846154,0.6730769230769231,0.05769230769230771,0.3660966277102621,0.4023245754218244,0.03622794771156235,0.2602573145682597,0.2394765443503977,-0.020780770217861982,0.3236994219653178,0.3632887189292543,0.03958929696393648,0.2110050490586256,0.2090744674950521,-0.001930581563573508,8.4,8.4,0.0,29,29,0
Post2_T2,Post2,T2,mrmr_then_elasticnet_no_corr_auto_k,mrmr_then_elasticnet_no_corr,SVM_Linear,mrmr_then_elasticnet_no_corr_auto_k_no_smote,mrmr_then_elasticnet_no_corr_auto_k_smote,0.7358585858585859,0.735969416386083,0.00011083052749716327,0.0900938827751286,0.0867861787145738,-0.003307704060554806,0.685207100591716,0.6955621301775149,0.010355029585798925,0.7686886494072929,0.7741034789186528,0.005414829511359964,0.0523941831426513,0.052577585697975,0.00018340255532370286,0.7318444849375314,0.741847578405743,0.010003093468211599,0.6461005422295745,0.6691774653064975,0.023076923076922995,0.0770381277124196,0.1381065819471017,0.061068454234682115,0.6324786324786325,0.6410256410256411,0.008547008547008628,0.645239898989899,0.6695454545454546,0.02430555555555558,0.097183282901236,0.1392947559230075,0.0421114730217715,0.6153846153846154,0.6346153846153846,0.019230769230769162,0.6464254136667928,0.7053333333333333,0.05890791966654041,0.0746129274617553,0.0843432141774178,0.009730286715662506,0.6410256410256411,0.6716417910447762,0.03061615001913509,0.7882575757575758,0.7257575757575758,-0.0625,0.200809027140424,0.2300412188082399,0.029232191667815904,0.7692307692307693,0.6923076923076923,-0.07692307692307698,0.6897094355533557,0.6922578804735415,0.0025484449201857995,0.0701903851289319,0.1368768377753579,0.06668645264642599,0.6993006993006993,0.6818181818181818,-0.0174825174825175,0.5022222222222222,0.6133333333333334,0.11111111111111116,0.2015250497556379,0.2290506440306689,0.027525594275031012,0.4615384615384615,0.5769230769230769,0.11538461538461536,0.2689307397590611,0.3259509712772869,0.05702023151822577,0.1516357601647685,0.2582085788236666,0.10657281865889809,0.2366863905325443,0.2702702702702703,0.033583879737725975,0.2295290722896128,0.2299419979414781,0.0004129256518652924,8.4,8.4,0.0,29,29,0
Post2_T2,Post2,T2,mrmr_then_elasticnet_no_corr_auto_k,mrmr_then_elasticnet_no_corr,SVM_RBF,mrmr_then_elasticnet_no_corr_auto_k_no_smote,mrmr_then_elasticnet_no_corr_auto_k_smote,0.6314050224466891,0.6260886644219977,-0.005316358024691326,0.1898805643616509,0.1894069334196529,-0.00047363094199801004,0.6403846153846153,0.6369822485207101,-0.0034023668639052707,0.7108015884945916,0.6884797945779633,-0.022321793916628363,0.1385423952173735,0.1349238460584634,-0.003618549158910106,0.7056021328210302,0.6954116058410178,-0.010190526980012438,0.6539665471923536,0.6462742395000459,-0.007692307692307665,0.1487535538506976,0.1534587577550848,0.004705203904387195,0.6239316239316239,0.6153846153846154,-0.008547008547008517,0.6430176767676767,0.6442676767676767,0.0012499999999999734,0.1572914688981702,0.1568197595847693,-0.00047170931340090316,0.6057692307692308,0.6019230769230769,-0.0038461538461539435,0.6716873449131514,0.6832258064516129,0.011538461538461497,0.1023324701017763,0.1071463157858095,0.004813845684033202,0.6329113924050633,0.6351351351351351,0.002223742730071754,0.7882575757575758,0.7507575757575757,-0.03750000000000009,0.200809027140424,0.2507610088568431,0.0499519817164191,0.7692307692307693,0.7230769230769231,-0.04615384615384621,0.7102663727060375,0.6861284416715547,-0.024137931034482807,0.1151911327031791,0.1411522198627676,0.025961087159588503,0.6944444444444444,0.6762589928057554,-0.01818545163868901,0.4977777777777777,0.5377777777777778,0.04000000000000009,0.2889230749003557,0.3131362658454851,0.024213190945129415,0.4423076923076923,0.4807692307692308,0.03846153846153849,0.2758265264147617,0.2754920782542266,-0.0003344481605350724,0.2934668948624591,0.2936066382508336,0.0001397433883745247,0.2173913043478261,0.207436399217221,-0.009954905130605096,0.2389235528420069,0.2405870921003881,0.001663539258381197,8.4,8.4,0.0,29,29,0
Post2_T2,Post2,T2,mrmr_then_elasticnet_no_corr_auto_k,mrmr_then_elasticnet_no_corr,XGBoost,mrmr_then_elasticnet_no_corr_auto_k_no_smote,mrmr_then_elasticnet_no_corr_auto_k_smote,0.7623569023569023,0.7710086980920313,0.008651795735128975,0.0904077028081456,0.0744626164453159,-0.015945086362829694,0.6618343195266272,0.7428994082840238,0.0810650887573966,0.8082710444446295,0.8223888782494276,0.014117833804798141,0.0554215321609352,0.0258590135664159,-0.029562518594519298,0.7047592110012391,0.7859790921604204,0.08121988115918133,0.6750592776399228,0.7004438930245381,0.02538461538461534,0.0805949072257702,0.135640874187367,0.055045966961596804,0.6666666666666666,0.6752136752136753,0.008547008547008628,0.6778030303030302,0.6990530303030302,0.02124999999999999,0.0896081562052485,0.1328326395375688,0.043224483332320304,0.6557692307692308,0.6711538461538462,0.015384615384615441,0.6697402597402597,0.72,0.050259740259740227,0.0898918973713468,0.0748331477354788,-0.015058749635867993,0.6805555555555556,0.7076923076923077,0.02713675213675215,0.780050505050505,0.742550505050505,-0.03749999999999998,0.1607797762956111,0.1960010825083745,0.0352213062127634,0.7538461538461538,0.7076923076923077,-0.0461538461538461,0.7065618591934382,0.720557804768331,0.01399594557489281,0.0752151818029144,0.1281223620269503,0.0529071802240359,0.7153284671532847,0.7076923076923077,-0.0076361594609769545,0.5755555555555556,0.6555555555555557,0.08000000000000007,0.1052686158429067,0.1429840705968481,0.03771545475394139,0.5576923076923077,0.6346153846153846,0.07692307692307687,0.3347214970147387,0.3887679934077819,0.05404649639304321,0.1472595612606977,0.2488392012431788,0.1015796399824811,0.3157894736842105,0.3423076923076923,0.026518218623481804,0.2483482484750377,0.2085807954028571,-0.0397674530721806,8.4,8.4,0.0,29,29,0
Pre_T2,Pre,T2,corr_mrmr_auto_k,corr_mrmr,ExtraTrees,corr_mrmr_auto_k_no_smote,corr_mrmr_auto_k_smote,0.5294991582491583,0.5145103815937149,-0.014988776655443403,0.1249153671704246,0.1199266533997723,-0.004988713770652298,0.5514792899408285,0.527810650887574,-0.02366863905325456,0.6066099225745711,0.5937930726024773,-0.012816849972093869,0.1442951712478225,0.1528082279515245,0.008513056703701977,0.6241121405491842,0.6147848679216001,-0.009327272627584038,0.53302086205312,0.5047330208620531,-0.028287841191066976,0.0590629139535287,0.0405311240310162,-0.018531789922512504,0.5384615384615384,0.5128205128205128,-0.02564102564102566,0.5446212121212122,0.5246338383838384,-0.019987373737373804,0.0622213382750736,0.03260746440659,-0.029613873868483596,0.5326923076923077,0.5096153846153846,-0.023076923076923106,0.5632539682539683,0.5542857142857143,-0.00896825396825407,0.1006540715842147,0.114824128556964,0.014170056972749298,0.5846153846153846,0.5645161290322581,-0.02009925558312653,0.6047979797979798,0.5559343434343434,-0.04886363636363633,0.1511965294620725,0.1833042871500361,0.03210775768796362,0.5846153846153846,0.5384615384615384,-0.04615384615384621,0.5633362394652717,0.5198331209621532,-0.0435031185031185,0.0756911390925283,0.0947087117440143,0.019017572651486,0.5846153846153846,0.5511811023622047,-0.0334342822531799,0.4844444444444445,0.4933333333333333,0.00888888888888878,0.061903947898596,0.1598764955431551,0.09797254764455912,0.4807692307692308,0.4807692307692308,0.0,0.0814740700698925,0.0448487698279282,-0.0366253002419643,0.119166397108297,0.0638244101896986,-0.0553419869185984,0.0653846153846153,0.0191204588910134,-0.04626415649360191,0.2483737910962435,0.2493260758554794,0.0009522847592358941,16.0,16.0,0.0,47,47,0
Pre_T2,Pre,T2,corr_mrmr_auto_k,corr_mrmr,GradientBoosting,corr_mrmr_auto_k_no_smote,corr_mrmr_auto_k_smote,0.5306242985409652,0.53337822671156,0.0027539281705948326,0.1181295379611105,0.1025162001173601,-0.015613337843750408,0.4717455621301775,0.5511834319526626,0.07943786982248513,0.6220676120920111,0.62254119326703,0.00047358117501883346,0.1584741503920025,0.1554096207225342,-0.0030645296694682966,0.5459068921869239,0.5993039647421665,0.05339707255524262,0.4929978862236927,0.520329932910578,0.027332046686885325,0.1074991879358661,0.1097410900267678,0.002241902090901693,0.4957264957264957,0.5213675213675214,0.025641025641025716,0.4945454545454545,0.5305934343434344,0.03604797979797991,0.0870052074994787,0.1051534345442379,0.0181482270447592,0.475,0.523076923076923,0.04807692307692302,0.5098924731182796,0.5497478991596638,0.039855426041384256,0.1323243124579757,0.1354041647541913,0.003079852296215574,0.5375,0.5789473684210527,0.04144736842105268,0.6646464646464646,0.5367424242424242,-0.12790404040404035,0.2524616081414131,0.1743560235748714,-0.07810558456654171,0.6615384615384615,0.5076923076923077,-0.15384615384615385,0.5516705019504572,0.5239444765760556,-0.02772602537440161,0.154282640327844,0.1259348048969738,-0.02834783543087019,0.593103448275862,0.5409836065573771,-0.05211984171848494,0.3244444444444444,0.5244444444444444,0.19999999999999996,0.181407392284076,0.1172524974068703,-0.06415489487720571,0.2884615384615384,0.5384615384615384,0.25000000000000006,-0.0070208025292822,0.0583076212073873,0.0653284237366695,0.1589955331927003,0.1911784706945592,0.03218293750185891,-0.0514851485148515,0.0454545454545455,0.096939693969397,0.2673938722425587,0.2572615928173198,-0.010132279425238866,16.0,16.0,0.0,47,47,0
Pre_T2,Pre,T2,corr_mrmr_auto_k,corr_mrmr,KNN,corr_mrmr_auto_k_no_smote,corr_mrmr_auto_k_smote,0.4577763748597082,0.4415579405162739,-0.016218434343434285,0.1056256671360768,0.0779148832107514,-0.02771078392532539,0.4795857988165681,0.4732248520710059,-0.0063609467455622015,0.5428057583965977,0.5564586040216053,0.01365284562500757,0.1421937993471433,0.1356765100586498,-0.0065172892884934885,0.5250289850658612,0.5424902553175949,0.017461270251733718,0.507996507673927,0.4764451796709861,-0.031551328002940915,0.0395552926145587,0.0323276448575635,-0.007227647756995199,0.5128205128205128,0.4786324786324786,-0.03418803418803418,0.5004419191919192,0.4700378787878788,-0.030404040404040378,0.0510877996106132,0.0629782943531878,0.0118904947425746,0.4884615384615385,0.4673076923076923,-0.02115384615384619,0.5309990662931839,0.5103267973856209,-0.02067226890756302,0.1057409468484171,0.0919860280954354,-0.01375491875298171,0.5476190476190477,0.5285714285714286,-0.01904761904761909,0.7119949494949495,0.5867424242424242,-0.12525252525252528,0.1230956354042082,0.1082856432432236,-0.014809992160984609,0.7076923076923077,0.5692307692307692,-0.13846153846153852,0.5937718036439265,0.5309401973238985,-0.06283160632002793,0.0730783272410641,0.0571525881535775,-0.015925739087486596,0.6174496644295302,0.5481481481481482,-0.06930151628138204,0.2888888888888888,0.3533333333333333,0.06444444444444447,0.1097696803131419,0.1520883433979437,0.0423186630848018,0.2692307692307692,0.3653846153846153,0.09615384615384609,-0.0039468680116691,-0.066125783687718,-0.0621789156760489,0.1016560647868318,0.1239514308802223,0.0222953660933905,-0.0239520958083832,-0.0660194174757282,-0.042067321667345,0.2884432039092,0.299577648903152,0.011134444993952053,16.0,16.0,0.0,47,47,0
Pre_T2,Pre,T2,corr_mrmr_auto_k,corr_mrmr,LightGBM,corr_mrmr_auto_k_no_smote,corr_mrmr_auto_k_smote,0.5248232323232322,0.5416750841750841,0.016851851851851896,0.1931754735869734,0.2023316209410023,0.009156147354028893,0.4952662721893491,0.5355029585798817,0.04023668639053263,0.6110043137352492,0.6118508104341214,0.0008464966988721567,0.1723375824303345,0.1802788415596879,0.007941259129353395,0.5319941793766099,0.601703203578843,0.06970902420223313,0.5376261373035567,0.5410991636798088,0.0034730263762521307,0.1231554431263581,0.0888842384897717,-0.034271204636586394,0.5299145299145299,0.5384615384615384,0.008547008547008517,0.5533712121212121,0.5419191919191919,-0.011452020202020186,0.1478003661009316,0.1057970510873228,-0.04200331501360881,0.5288461538461539,0.5326923076923077,0.0038461538461538325,0.5882467532467531,0.5666666666666667,-0.021580086580086477,0.1770576212652326,0.1023975623292618,-0.07466005893597082,0.5833333333333334,0.5846153846153846,0.0012820512820512775,0.564520202020202,0.594949494949495,0.030429292929292973,0.1397279521870462,0.1489051291116856,0.009177176924639402,0.5384615384615384,0.5846153846153846,0.04615384615384621,0.5545073236906267,0.5646464646464646,0.0101391409558379,0.0961438071164025,0.0892325770721526,-0.0069112300442499,0.56,0.5846153846153846,0.024615384615384595,0.5422222222222223,0.4888888888888889,-0.0533333333333334,0.2337456674187503,0.1577621275493231,-0.07598353986942721,0.5192307692307693,0.4807692307692308,-0.03846153846153849,0.0842420770397027,0.0708666651229522,-0.013375411916750499,0.2669624175382524,0.2005434291985267,-0.0664189883397257,0.0571428571428571,0.0653846153846153,0.008241758241758206,0.3163680425550659,0.317648583623724,0.0012805410686581031,16.0,16.0,0.0,47,47,0
Pre_T2,Pre,T2,corr_mrmr_auto_k,corr_mrmr,LogisticRegression,corr_mrmr_auto_k_no_smote,corr_mrmr_auto_k_smote,0.4895650953984287,0.5170482603815938,0.02748316498316511,0.0612781279789009,0.1125982732745748,0.05132014529567391,0.520414201183432,0.5470414201183432,0.026627218934911268,0.5711479768574412,0.6135409915803767,0.04239301472293544,0.1356225102263433,0.1636895786548177,0.028067068428474395,0.5719654828239303,0.6112827833229895,0.03931730049905913,0.5104778972520908,0.5156888153662347,0.00521091811414387,0.0332046064190869,0.0329631368810836,-0.00024146953800330273,0.5128205128205128,0.5213675213675214,0.008547008547008628,0.4914267676767676,0.5086489898989899,0.017222222222222305,0.050590149265785,0.0394282419936202,-0.011161907272164796,0.525,0.5173076923076924,-0.007692307692307665,0.4205555555555555,0.5456232492997198,0.12506769374416432,0.2698856639485289,0.1346146038655704,-0.13527106008295853,0.5869565217391305,0.5714285714285714,-0.015527950310559091,0.389520202020202,0.5395202020202021,0.15000000000000013,0.241569806328225,0.0580939818173584,-0.1834758245108666,0.4153846153846154,0.5538461538461539,0.13846153846153847,0.4003314882571849,0.5329146730462521,0.13258318478906717,0.2494229753544942,0.0897492483590978,-0.1596737269953964,0.4864864864864865,0.5625,0.07601351351351349,0.5933333333333334,0.4777777777777777,-0.11555555555555569,0.2368100765290172,0.1204928152153418,-0.1163172613136754,0.6346153846153846,0.4807692307692308,-0.1538461538461538,-0.015431627196333,0.0182140519287002,0.0336456791250332,0.0957879622981804,0.0765793802063742,-0.019208582091806203,0.0482374768089053,0.0344827586206896,-0.013754718188215699,0.2722185687613596,0.2621280823109221,-0.010090486450437475,16.0,16.0,0.0,47,47,0
Pre_T2,Pre,T2,corr_mrmr_auto_k,corr_mrmr,NaiveBayes,corr_mrmr_auto_k_no_smote,corr_mrmr_auto_k_smote,0.5714576318742985,0.5601108305274972,-0.011346801346801327,0.1172732721793936,0.1278688436300409,0.010595571450647295,0.5822485207100592,0.5807692307692308,-0.0014792899408283544,0.623591659471013,0.6231976632889963,-0.0003939961820167426,0.1746177792053699,0.1774395014424506,0.002821722237080715,0.6074945029970131,0.6184965650477079,0.01100206205069476,0.5857016818307141,0.5757016818307141,-0.010000000000000009,0.086717816231977,0.0873728406809416,0.0006550244489646057,0.5982905982905983,0.5897435897435898,-0.008547008547008517,0.5424494949494949,0.5313383838383838,-0.011111111111111072,0.1084033040852459,0.1062094959617343,-0.0021938081235115953,0.5788461538461538,0.5692307692307692,-0.009615384615384581,0.5563343050811081,0.5475430962898994,-0.00879120879120876,0.1899280881942986,0.1879988640366111,-0.001929224157687509,0.6125,0.6049382716049383,-0.007561728395061751,0.6760101010101011,0.6760101010101011,0.0,0.2152803326368733,0.2152803326368733,0.0,0.7538461538461538,0.7538461538461538,0.0,0.6086868686868687,0.6033535353535353,-0.005333333333333412,0.1982554255340786,0.1969785276445765,-0.00127689788950211,0.6758620689655173,0.6712328767123288,-0.004629192253188474,0.4088888888888888,0.3866666666666666,-0.0222222222222222,0.1753162926516979,0.1764394065891485,0.0011231139374505983,0.4038461538461538,0.3846153846153846,-0.019230769230769218,0.0873626518172114,0.0648111054254589,-0.022551546391752497,0.2190249397887921,0.214573701262022,-0.004451238526770096,0.1623762376237624,0.1428571428571429,-0.019519094766619505,0.3447316559453824,0.351593974579346,0.006862318633963582,16.0,16.0,0.0,47,47,0
Pre_T2,Pre,T2,corr_mrmr_auto_k,corr_mrmr,RandomForest,corr_mrmr_auto_k_no_smote,corr_mrmr_auto_k_smote,0.4947783389450055,0.5218476430976431,0.027069304152637585,0.1545509088153494,0.1546082191746653,5.731035931588746e-05,0.4899408284023668,0.5260355029585799,0.036094674556213124,0.5895830152161997,0.6226707190191649,0.03308770380296522,0.1622053378886443,0.1820596038791008,0.019854265990456504,0.5683237669573526,0.5827018840657598,0.014378117108407196,0.5044738535061115,0.5208997334803785,0.016425879974267033,0.1137480026894947,0.0750985739360649,-0.038649428753429804,0.5128205128205128,0.5213675213675214,0.008547008547008628,0.5324116161616161,0.5391414141414141,0.006729797979798002,0.1245591117672754,0.0810869949808537,-0.0434721167864217,0.5096153846153846,0.525,0.015384615384615441,0.5296058327637274,0.5717948717948718,0.04218903903114435,0.1300331447636817,0.118522156762588,-0.011510988001093694,0.5645161290322581,0.5818181818181818,0.01730205278592367,0.5892676767676768,0.5227272727272727,-0.06654040404040407,0.2726944190836464,0.1481636910273329,-0.12453072805631349,0.5384615384615384,0.4923076923076923,-0.046153846153846156,0.5255026455026455,0.5209609650311737,-0.004541680471471743,0.1474444359953921,0.0719707224971271,-0.07547371349826498,0.5511811023622047,0.5333333333333333,-0.01784776902887142,0.4755555555555555,0.5555555555555556,0.08000000000000007,0.0917322997357791,0.1325905234682337,0.040858223732454596,0.4807692307692308,0.5576923076923077,0.07692307692307693,0.0492699777859956,0.0702534919764691,0.0209835141904735,0.221142462312345,0.1506070618503231,-0.07053540046202189,0.0191204588910134,0.0490566037735848,0.0299361448825714,0.2697756529188461,0.2680556377112428,-0.001720015207603287,16.0,16.0,0.0,47,47,0
Pre_T2,Pre,T2,corr_mrmr_auto_k,corr_mrmr,SVM_Linear,corr_mrmr_auto_k_no_smote,corr_mrmr_auto_k_smote,0.5039604377104377,0.5159168069584736,0.011956369248035892,0.0984778555893135,0.1054925651591488,0.007014709569835298,0.5292899408284024,0.5183431952662721,-0.010946745562130267,0.5965212907547988,0.6005940162752458,0.004072725520447018,0.1688040142071852,0.1776896728032566,0.008885658596071405,0.5816731299451798,0.5826743134943624,0.0010011835491825494,0.552314125539932,0.5246218178476243,-0.027692307692307683,0.1541990260513764,0.0860861895541956,-0.06811283649718079,0.5726495726495726,0.5384615384615384,-0.03418803418803418,0.5684974747474747,0.5103156565656566,-0.05818181818181811,0.0981024855373463,0.0971042147519855,-0.0009982707853607997,0.5423076923076923,0.5230769230769231,-0.019230769230769162,0.5841760326959567,0.5415591397849462,-0.04261689291101056,0.1587076994842988,0.2002911223776987,0.04158342289339989,0.5824175824175825,0.5733333333333334,-0.009084249084249096,0.8369949494949495,0.589520202020202,-0.2474747474747474,0.1757947612468255,0.2500957627017606,0.0743010014549351,0.8153846153846154,0.6615384615384615,-0.15384615384615385,0.6560021455390668,0.5445809757437832,-0.1114211697952836,0.1160244054165382,0.1836713278755821,0.0676469224590439,0.6794871794871795,0.6142857142857143,-0.06520146520146519,0.3,0.4311111111111111,0.13111111111111112,0.2666666666666666,0.2324746103221692,-0.0341920563444974,0.2692307692307692,0.3846153846153846,0.11538461538461536,0.1437837837837838,0.0263125929707511,-0.11747119081303269,0.2065218591465135,0.1800009550523624,-0.026520904094151088,0.0890688259109311,0.0470588235294118,-0.0420100023815193,0.2588236330504831,0.2605585990692939,0.0017349660188107907,16.0,16.0,0.0,47,47,0
Pre_T2,Pre,T2,corr_mrmr_auto_k,corr_mrmr,SVM_RBF,corr_mrmr_auto_k_no_smote,corr_mrmr_auto_k_smote,0.5270693041526375,0.537888608305275,0.010819304152637432,0.0372372116880071,0.120865435060066,0.0836282233720589,0.579585798816568,0.5353550295857988,-0.044230769230769185,0.6179456172682313,0.6200985453284519,0.0021529280602206047,0.1058440441180605,0.1853925263034304,0.07954848218536989,0.6281458032826874,0.6352901580839061,0.007144354801218666,0.5619437551695616,0.5189523021781086,-0.042991452991453016,0.1110393060361889,0.1112173319528769,0.0001780259166880016,0.5470085470085471,0.5384615384615384,-0.008547008547008628,0.5101010101010102,0.4926767676767676,-0.017424242424242564,0.0202020202020202,0.1092836400764933,0.0890816198744731,0.5384615384615385,0.5134615384615384,-0.025000000000000133,0.3565591397849462,0.5405884438142503,0.18402930402930412,0.2950123799311434,0.2120020761194405,-0.08301030381170288,0.5882352941176471,0.5647058823529412,-0.02352941176470591,0.509090909090909,0.652020202020202,0.14292929292929302,0.4475830409124062,0.300699792598615,-0.14688324831379118,0.6153846153846154,0.7384615384615385,0.12307692307692308,0.4104559270516718,0.5610259126216572,0.15056998556998547,0.3428464505004578,0.2013114456332769,-0.1415350048671809,0.6015037593984962,0.64,0.038496240601503806,0.5111111111111111,0.3333333333333333,-0.17777777777777776,0.4477653706579974,0.3063121944908938,-0.14145317616710357,0.4615384615384615,0.2884615384615384,-0.17307692307692313,0.0199999999999999,-0.0043053230666221,-0.024305323066622,0.0399999999999999,0.1890379373400537,0.1490379373400538,0.0773694390715666,0.028,-0.0493694390715666,0.2485780175712507,0.2530639872018937,0.004485969630643016,16.0,16.0,0.0,47,47,0
Pre_T2,Pre,T2,corr_mrmr_auto_k,corr_mrmr,XGBoost,corr_mrmr_auto_k_no_smote,corr_mrmr_auto_k_smote,0.5356032547699214,0.5653310886644219,0.02972783389450051,0.165174917008014,0.1593504422085201,-0.005824474799493912,0.5236686390532544,0.5807692307692308,0.05710059171597637,0.6258324288423914,0.6455494388970549,0.01971701005466342,0.158856227422705,0.1828875263347744,0.0240312989120694,0.6200052618947747,0.6764000616521972,0.056394799757422565,0.5145492142266337,0.5617700578990901,0.04722084367245638,0.1064975302371218,0.0807467265679261,-0.0257508036691957,0.5213675213675214,0.5641025641025641,0.042735042735042694,0.5153787878787879,0.5870454545454545,0.07166666666666666,0.1135738997796233,0.0910639936595715,-0.022509906120051798,0.5096153846153846,0.5576923076923077,0.04807692307692313,0.5448366013071896,0.5968151147098515,0.05197851340266191,0.1426512176620502,0.1331344602406206,-0.0095167574214296,0.5633802816901409,0.6060606060606061,0.042680324370465206,0.6285353535353535,0.6674242424242424,0.03888888888888886,0.0969197051270488,0.1890777663944651,0.09215806126741631,0.6153846153846154,0.6153846153846154,0.0,0.5697815909580616,0.6020062695924764,0.032224678634414805,0.0992256075316375,0.0794435845148822,-0.0197820230167553,0.5882352941176471,0.6106870229007634,0.022451728783116298,0.4022222222222223,0.5066666666666666,0.10444444444444428,0.1716154184560695,0.1372750685464933,-0.03434034990957621,0.4038461538461538,0.5,0.0961538461538462,0.0233065674952945,0.1504394663832472,0.1271328988879527,0.227509328771331,0.1599028888867795,-0.0676064398845515,0.0194552529182879,0.1156069364161849,0.096151683497897,0.3029902824629601,0.2643901763526824,-0.0386001061102777,16.0,16.0,0.0,47,47,0
Pre_T2,Pre,T2,elasticnet_then_mrmr_auto_k,elasticnet_then_mrmr,ExtraTrees,elasticnet_then_mrmr_auto_k_no_smote,elasticnet_then_mrmr_auto_k_smote,0.5760872615039283,0.6173835578002245,0.041296296296296164,0.1220465460216046,0.0342875439007157,-0.0877590021208889,0.5538461538461539,0.5603550295857989,0.0065088757396449815,0.6532483163293432,0.6473593784576204,-0.0058889378717228436,0.0739261209358876,0.1206368173831803,0.0467106964472927,0.6037101365246307,0.6119754677778739,0.008265331253243247,0.545043654075912,0.5659139784946237,0.020870324418711617,0.0757185995351566,0.0696566339295671,-0.006061965605589498,0.5470085470085471,0.5726495726495726,0.02564102564102555,0.5567676767676768,0.5820454545454545,0.025277777777777732,0.0921305723165329,0.0600262883266698,-0.032104283989863105,0.5442307692307693,0.5692307692307692,0.02499999999999991,0.5890819964349376,0.595,0.005918003565062335,0.1247950394659651,0.1345362404707371,0.009741201004771993,0.5967741935483871,0.6190476190476191,0.022273425499231947,0.597979797979798,0.6174242424242424,0.019444444444444486,0.1083649679506764,0.1424967578127452,0.0341317898620688,0.5692307692307692,0.6,0.03076923076923077,0.5727690700104493,0.5853812853812854,0.012612215370836122,0.0566437854915036,0.0995612189862234,0.042917433494719805,0.5826771653543307,0.609375,0.026697834645669327,0.5155555555555555,0.5466666666666666,0.03111111111111109,0.17744413135713,0.0826714455010589,-0.0947726858560711,0.5192307692307693,0.5384615384615384,0.019230769230769162,0.0998359906288794,0.1511763411162819,0.051340350487402486,0.1826413891514736,0.1111771145129008,-0.0714642746385728,0.0879541108986615,0.1379310344827586,0.0499769235840971,0.2532484948584295,0.2618873434232564,0.00863884856482694,9.6,9.6,0.0,34,34,0
Pre_T2,Pre,T2,elasticnet_then_mrmr_auto_k,elasticnet_then_mrmr,GradientBoosting,elasticnet_then_mrmr_auto_k_no_smote,elasticnet_then_mrmr_auto_k_smote,0.6081832210998879,0.5900953984287318,-0.01808782267115605,0.0476492186160281,0.0940171587547493,0.0463679401387212,0.5997041420118344,0.5923076923076923,-0.007396449704142105,0.6651281732111135,0.654018228894241,-0.011109944316872511,0.1234939785231146,0.1469745789579702,0.0234806004348556,0.6272162839308028,0.6449105312702916,0.017694247339488878,0.6180608399963239,0.5466703427993751,-0.07139049719694879,0.0757978749944615,0.0712396775877853,-0.0045581974066762065,0.6324786324786325,0.5555555555555556,-0.07692307692307687,0.621489898989899,0.564760101010101,-0.05672979797979805,0.0603248500150124,0.0663207999058594,0.005995949890847001,0.625,0.551923076923077,-0.07307692307692304,0.6293024227234754,0.5967418546365916,-0.03256056808688379,0.1351365015567466,0.154834488270695,0.019697986713948373,0.6617647058823529,0.6031746031746031,-0.05859010270774978,0.6896464646464646,0.6006313131313131,-0.08901515151515149,0.1126589559379333,0.1108465054046928,-0.0018124505332405005,0.6923076923076923,0.5846153846153846,-0.10769230769230764,0.6441269841269841,0.5732997557997559,-0.07082722832722821,0.1022517949927487,0.0781017439605604,-0.0241500510321883,0.6766917293233082,0.59375,-0.08294172932330823,0.5533333333333333,0.5288888888888889,-0.02444444444444449,0.0771082292128776,0.1671252949063392,0.0900170656934616,0.5576923076923077,0.5192307692307693,-0.038461538461538436,0.2337526683868165,0.1187814734304039,-0.11497119495641259,0.1266726500268486,0.125699395273313,-0.0009732547535356018,0.2514506769825918,0.1034482758620689,-0.14800240112052293,0.2596138194521762,0.2547082464676749,-0.004905572984501283,9.6,9.6,0.0,34,34,0
Pre_T2,Pre,T2,elasticnet_then_mrmr_auto_k,elasticnet_then_mrmr,KNN,elasticnet_then_mrmr_auto_k_no_smote,elasticnet_then_mrmr_auto_k_smote,0.586165824915825,0.6070040684624018,0.020838243546576818,0.0952683673879064,0.100892117962741,0.005623750574834607,0.5579881656804734,0.5988165680473374,0.040828402366864025,0.6420560002592669,0.6417013216800468,-0.0003546785792201135,0.0876058570618096,0.1344704157190503,0.04686455865724071,0.6060848534698703,0.632299842562944,0.026214989093073737,0.5487914713721166,0.556198878779524,0.007407407407407418,0.0579895471811637,0.0650474582119569,0.007057911030793201,0.5641025641025641,0.5726495726495726,0.008547008547008517,0.551489898989899,0.5812121212121213,0.029722222222222316,0.053092219746133,0.0625028516847646,0.009410631938631606,0.5423076923076924,0.5596153846153846,0.017307692307692246,0.5647337828411998,0.5948006379585327,0.03006685511733287,0.1130585086353458,0.1510956536368682,0.03803714500152239,0.5853658536585366,0.6027397260273972,0.017373872368860677,0.7674242424242423,0.7202020202020203,-0.047222222222222054,0.1583605167327748,0.16595655271806,0.0075960359852852155,0.7384615384615385,0.676923076923077,-0.06153846153846154,0.6298235098235099,0.6195670995670994,-0.010256410256410442,0.0757307409850856,0.0659410673147923,-0.009789673670293306,0.6530612244897959,0.6376811594202898,-0.015380065069506066,0.3355555555555556,0.4422222222222222,0.10666666666666658,0.1478070146516968,0.1906972262482216,0.04289021159652481,0.3461538461538461,0.4423076923076923,0.0961538461538462,0.0874500449656377,0.1393227026603927,0.051872657694755006,0.0943151412101604,0.1073166098207344,0.01300146861057401,0.0874751491053676,0.12109375,0.033618600894632394,0.2786426325393226,0.267991916845855,-0.010650715693467594,9.6,9.6,0.0,34,34,0
Pre_T2,Pre,T2,elasticnet_then_mrmr_auto_k,elasticnet_then_mrmr,LightGBM,elasticnet_then_mrmr_auto_k_no_smote,elasticnet_then_mrmr_auto_k_smote,0.5700925925925926,0.5413117283950617,-0.028780864197530898,0.0817669662069506,0.1390689813197398,0.05730201511278919,0.5399408284023669,0.5430473372781065,0.0031065088757395998,0.6282360798581929,0.5782678176899303,-0.049968262168262556,0.146811431806535,0.1627555072725818,0.015944075466046814,0.5788652182579508,0.5724590948441535,-0.0064061234137973155,0.5221661611984192,0.508693134822167,-0.01347302637625214,0.0943200872646403,0.1011893929820928,0.006869305717452492,0.5299145299145299,0.5299145299145299,0.0,0.5405934343434343,0.518510101010101,-0.022083333333333344,0.0874214742309845,0.0821131339442498,-0.0053083402867347,0.5346153846153846,0.5307692307692308,-0.0038461538461538325,0.5601282051282052,0.5479411764705883,-0.012187028657616894,0.1333976669252179,0.1712906431451109,0.03789297621989299,0.5925925925925926,0.5862068965517241,-0.0063856960408684715,0.5256313131313132,0.5103535353535353,-0.015277777777777835,0.1673518590578831,0.1341457068118674,-0.0332061522460157,0.4923076923076923,0.5230769230769231,0.030769230769230826,0.519376026272578,0.5099385560675883,-0.00943747020498964,0.1173126505323699,0.141618130928912,0.02430548039654211,0.5378151260504201,0.5528455284552846,0.015030402404864418,0.5555555555555556,0.5266666666666666,-0.028888888888888964,0.1079551804576988,0.126803045490552,0.018847865032853198,0.5769230769230769,0.5384615384615384,-0.038461538461538436,0.0739162286988373,0.0425734430082255,-0.031342785690611795,0.1630670366981871,0.1532393392986226,-0.009827697399564489,0.0677966101694915,0.0607210626185958,-0.007075547550895699,0.2922248195824535,0.310144235510938,0.017919415928484506,9.6,9.6,0.0,34,34,0
Pre_T2,Pre,T2,elasticnet_then_mrmr_auto_k,elasticnet_then_mrmr,LogisticRegression,elasticnet_then_mrmr_auto_k_no_smote,elasticnet_then_mrmr_auto_k_smote,0.6159736251402919,0.6304166666666667,0.014443041526374878,0.0665992048427599,0.0734279692397022,0.0068287643969422995,0.5931952662721893,0.600887573964497,0.007692307692307665,0.6523823437641892,0.6626080774081075,0.010225733643918211,0.1508862094093794,0.1559056674575253,0.005019458048145881,0.6293473165381374,0.6357358586261457,0.00638854208800832,0.5867944122782832,0.5677502067824649,-0.01904420549581831,0.074710130161739,0.0929430199626035,0.018232889800864502,0.5897435897435898,0.5726495726495726,-0.017094017094017144,0.6073232323232323,0.586010101010101,-0.021313131313131284,0.0752796795289718,0.0981176591820398,0.022837979653067997,0.5961538461538461,0.5769230769230769,-0.019230769230769273,0.6352380952380952,0.6082783882783882,-0.026959706959706953,0.1346735365661983,0.1442783815825349,0.0096048450163366,0.660377358490566,0.6363636363636364,-0.02401372212692965,0.5702020202020203,0.5631313131313131,-0.007070707070707116,0.1218695345468599,0.1328412445187152,0.0109717099718553,0.5384615384615384,0.5384615384615384,0.0,0.5823509823509824,0.5676044385721805,-0.014746543778801913,0.0778390397478421,0.0962256918805646,0.01838665213272249,0.5932203389830508,0.5833333333333334,-0.00988700564971745,0.6444444444444445,0.6088888888888888,-0.035555555555555673,0.0932274531706801,0.1111999644728604,0.017972511302180305,0.6538461538461539,0.6153846153846154,-0.038461538461538436,0.1945924823698725,0.1525850717600937,-0.042007410609778806,0.1371793811904773,0.1785230302590738,0.0413436490685965,0.1879699248120301,0.150943396226415,-0.03702652858561509,0.270253686619458,0.2692489532871333,-0.0010047333323247032,9.6,9.6,0.0,34,34,0
Pre_T2,Pre,T2,elasticnet_then_mrmr_auto_k,elasticnet_then_mrmr,NaiveBayes,elasticnet_then_mrmr_auto_k_no_smote,elasticnet_then_mrmr_auto_k_smote,0.6651262626262626,0.6583052749719417,-0.006820987654320931,0.0481892292544839,0.0544502421986015,0.0062610129441176,0.6325443786982249,0.6349112426035504,0.002366863905325478,0.692787189680582,0.6874135124319047,-0.005373677248677211,0.1129375039013067,0.1200485063150939,0.00711100241378719,0.6758627820332497,0.6735971740019302,-0.002265608031319477,0.5718325521551328,0.5728995496737432,0.0010669975186103908,0.0840593025185507,0.0894164663574883,0.005357163838937598,0.5726495726495726,0.5811965811965812,0.008547008547008628,0.5832323232323232,0.576010101010101,-0.007222222222222241,0.0808274676870477,0.0618692537595137,-0.018958213927533996,0.551923076923077,0.5634615384615385,0.011538461538461497,0.5944088669950739,0.6023809523809525,0.007972085385878569,0.1339966131445076,0.1610622335741691,0.027065620429661513,0.5925925925925926,0.6025641025641025,0.009971509971509973,0.7575757575757576,0.7075757575757576,-0.04999999999999993,0.193752869583892,0.1526360056787664,-0.04111686390512562,0.7384615384615385,0.7230769230769231,-0.015384615384615441,0.6352213868003341,0.6219196008669693,-0.01330178593336484,0.0904229037180884,0.1099196044994855,0.019496700781397105,0.6575342465753424,0.6573426573426573,-0.00019158923268514094,0.4088888888888889,0.4444444444444445,0.03555555555555556,0.235429735789316,0.2409856304306837,0.005555894641367687,0.3653846153846153,0.4038461538461538,0.03846153846153849,0.1470893272042699,0.1472625396172322,0.00017321241296230916,0.1490446332666181,0.1283544902587248,-0.02069014300789329,0.1071428571428571,0.1301775147928993,0.0230346576500422,0.3594373293690795,0.3581436501087245,-0.0012936792603550074,9.6,9.6,0.0,34,34,0
Pre_T2,Pre,T2,elasticnet_then_mrmr_auto_k,elasticnet_then_mrmr,RandomForest,elasticnet_then_mrmr_auto_k_no_smote,elasticnet_then_mrmr_auto_k_smote,0.6145889450056117,0.6196899551066218,0.005101010101010162,0.0801696762321521,0.0809862819148675,0.0008166056827153961,0.599112426035503,0.6186390532544379,0.019526627218934944,0.6680769614160115,0.6679444122229204,-0.00013254919309102497,0.1489621519406899,0.158750049624886,0.009787897684196106,0.6213128685469091,0.6395532850146721,0.018240416467762977,0.6117829243635696,0.6597858652697361,0.048002940906166525,0.0519538172505555,0.0674353860896954,0.015481568839139905,0.6153846153846154,0.6581196581196581,0.042735042735042694,0.641489898989899,0.6676010101010101,0.026111111111111085,0.0691020761546627,0.0539256043688928,-0.015176471785769897,0.6153846153846154,0.6615384615384615,0.0461538461538461,0.6507720057720059,0.6922058823529411,0.041433876580935225,0.1372984661973064,0.1073424652422826,-0.029956000955023807,0.6666666666666666,0.7192982456140351,0.052631578947368474,0.6674242424242424,0.6396464646464646,-0.02777777777777779,0.1762467070464578,0.129060787296807,-0.047185919749650806,0.6153846153846154,0.6307692307692307,0.01538461538461533,0.6308811558811558,0.6515080971659919,0.02062694128483611,0.0623933548751193,0.0885155825796926,0.026122227704573293,0.64,0.6721311475409836,0.03213114754098356,0.6155555555555556,0.6955555555555555,0.07999999999999985,0.115384488762197,0.0430904876214785,-0.07229400114071849,0.6153846153846154,0.6923076923076923,0.07692307692307687,0.2475508100147275,0.3179547506899481,0.0704039406752206,0.1062889329988287,0.1044070406036014,-0.0018818923952273053,0.2285714285714286,0.3181818181818182,0.08961038961038958,0.2563795893391621,0.2525606333125703,-0.0038189560265918243,9.6,9.6,0.0,34,34,0
Pre_T2,Pre,T2,elasticnet_then_mrmr_auto_k,elasticnet_then_mrmr,SVM_Linear,elasticnet_then_mrmr_auto_k_no_smote,elasticnet_then_mrmr_auto_k_smote,0.5916105499438833,0.6503843995510662,0.058773849607182904,0.064832706534978,0.0645323229601246,-0.0003003835748534023,0.5807692307692308,0.6125739644970415,0.031804733727810675,0.6419706297997148,0.6748909870167541,0.03292035721703934,0.1441809428962474,0.1614703574506525,0.017289414554405108,0.6176663450024602,0.6348484659434865,0.017182120941026335,0.5580351070673651,0.5660251815090526,0.007990074441687423,0.0941794906461958,0.0888182698147617,-0.005361220831434102,0.5641025641025641,0.5811965811965812,0.017094017094017144,0.5687878787878787,0.5982323232323232,0.029444444444444495,0.1000562172992904,0.0735070170317281,-0.0265492002675623,0.5596153846153846,0.5884615384615385,0.028846153846153855,0.5848484848484847,0.6390476190476191,0.05419913419913436,0.1308219091726103,0.1697376927902035,0.03891578361759321,0.609375,0.6538461538461539,0.044471153846153855,0.6131313131313132,0.5520202020202021,-0.061111111111111116,0.1513147875528026,0.1306690693044475,-0.020645718248355094,0.6,0.5230769230769231,-0.07692307692307687,0.5817442442442442,0.5623931623931624,-0.01935108185108181,0.0972719849501863,0.0917998056895558,-0.005472179260630497,0.6046511627906976,0.5811965811965812,-0.023454581594116397,0.5244444444444445,0.6444444444444445,0.12,0.1155555555555555,0.1686548085423135,0.053099252986757994,0.5192307692307693,0.6538461538461539,0.13461538461538458,0.1214286657081575,0.1810490979215702,0.059620432213412705,0.1889310631069899,0.1409060774733286,-0.04802498563366131,0.1190019193857965,0.1726078799249532,0.053605960539156686,0.2691665858622377,0.2573046791726011,-0.011861906689636603,9.6,9.6,0.0,34,34,0
Pre_T2,Pre,T2,elasticnet_then_mrmr_auto_k,elasticnet_then_mrmr,SVM_RBF,elasticnet_then_mrmr_auto_k_no_smote,elasticnet_then_mrmr_auto_k_smote,0.5995679012345679,0.6206481481481482,0.021080246913580236,0.0732457805490292,0.0729059221948647,-0.00033985835416448784,0.5718934911242604,0.6041420118343195,0.032248520710059125,0.6274894449582302,0.6184849097772369,-0.009004535180993312,0.1166783453348143,0.1238851865048492,0.0072068411700348944,0.589857004200211,0.6091196701721814,0.01926266597197035,0.5676132708390773,0.6034197224519805,0.03580645161290319,0.0518401076821292,0.0350091855277363,-0.0168309221543929,0.5641025641025641,0.6068376068376068,0.042735042735042694,0.5791287878787879,0.6084722222222222,0.029343434343434338,0.0727173595586748,0.0615771372114723,-0.011140222347202494,0.55,0.5961538461538461,0.0461538461538461,0.6031592063850127,0.627158280316175,0.023999073931162296,0.1430472317259445,0.1357661803056229,-0.007281051420321594,0.5945945945945946,0.6338028169014085,0.03920822230681387,0.6827020202020202,0.7236111111111111,0.040909090909090895,0.1758741848743406,0.1624703201765528,-0.013403864697787787,0.676923076923077,0.6923076923076923,0.01538461538461533,0.6118232953155917,0.64564051447255,0.033817219156958345,0.0577249728636544,0.0579801779445703,0.0002552050809159004,0.6330935251798561,0.6617647058823529,0.028671180702496857,0.4755555555555556,0.4933333333333333,0.01777777777777767,0.2609006243811408,0.2612032934207131,0.00030266903957226754,0.4230769230769231,0.5,0.07692307692307693,0.136466598535564,0.1955098613524117,0.059043262816847686,0.1234768795483357,0.1090105850131048,-0.014466294535230892,0.1017612524461838,0.1945525291828794,0.09279127673669561,0.2746196208661962,0.2683862975919858,-0.0062333232742103895,9.6,9.6,0.0,34,34,0
Pre_T2,Pre,T2,elasticnet_then_mrmr_auto_k,elasticnet_then_mrmr,XGBoost,elasticnet_then_mrmr_auto_k_no_smote,elasticnet_then_mrmr_auto_k_smote,0.6025939955106623,0.6033193041526375,0.0007253086419751753,0.0781482346341812,0.0625892865792897,-0.015558948054891511,0.5677514792899409,0.5905325443786983,0.022781065088757435,0.6521044185729955,0.6261609357492888,-0.02594348282370673,0.1368482576763812,0.1313367733401283,-0.005511484336252898,0.6185140221859223,0.5957718529878058,-0.022742169198116557,0.5428370554177006,0.5936062861869313,0.05076923076923079,0.0908254361895682,0.0876869446810654,-0.0031384915085028026,0.5555555555555556,0.5897435897435898,0.03418803418803418,0.5634974747474748,0.621830808080808,0.05833333333333324,0.0714941135665437,0.0899710158636728,0.018476902297129102,0.5538461538461539,0.5903846153846154,0.03653846153846152,0.5794444444444445,0.625,0.04555555555555546,0.1495837846893015,0.1213860284432873,-0.0281977562460142,0.6065573770491803,0.6440677966101694,0.037510419560989106,0.5981060606060605,0.6481060606060606,0.050000000000000044,0.1493519825525537,0.2179344136013683,0.06858243104881462,0.5692307692307692,0.5846153846153846,0.015384615384615441,0.5645013681970205,0.6068648018648019,0.04236343366778139,0.1181268765420352,0.1106967482984031,-0.007430128243632095,0.5873015873015873,0.6129032258064516,0.0256016385048643,0.528888888888889,0.5955555555555556,0.06666666666666665,0.1220402686021865,0.0812251861444314,-0.0408150824577551,0.5384615384615384,0.5961538461538461,0.05769230769230771,0.1197665129116564,0.217048229722092,0.09728171681043561,0.1342029846670613,0.1513701283851269,0.017167143718065603,0.1068702290076335,0.1787072243346007,0.0718369953269672,0.2774777087232092,0.2976619228267449,0.020184214103535714,9.6,9.6,0.0,34,34,0
Pre_T2,Pre,T2,mrmr_then_elasticnet_no_corr_auto_k,mrmr_then_elasticnet_no_corr,ExtraTrees,mrmr_then_elasticnet_no_corr_auto_k_no_smote,mrmr_then_elasticnet_no_corr_auto_k_smote,0.612003367003367,0.603574635241302,-0.008428731762065045,0.1548450731484327,0.1134426697882693,-0.0414024033601634,0.5887573964497042,0.5781065088757398,-0.010650887573964374,0.6941289242984487,0.6794918455429756,-0.014637078755473154,0.0897663112199404,0.1253165630116979,0.03555025179175751,0.6526550144741523,0.6286425484419209,-0.024012466032231394,0.5693870048708758,0.5721532947339399,0.002766289863064153,0.0784488787146522,0.0731919626277162,-0.005256916086936,0.5726495726495726,0.5641025641025641,-0.008547008547008517,0.5721843434343434,0.5906565656565657,0.018472222222222223,0.0933487322772714,0.1008166471355758,0.007467914858304392,0.5634615384615385,0.5576923076923077,-0.005769230769230749,0.5884240759240759,0.5974025974025974,0.008978521478521517,0.1123036677286881,0.0740373652661778,-0.03826630246251031,0.6086956521739131,0.6060606060606061,-0.0026350461133070047,0.6577020202020203,0.6702020202020202,0.012499999999999956,0.1325399181956695,0.2058501382323176,0.07331022003664811,0.6461538461538462,0.6153846153846154,-0.03076923076923077,0.6070824972989659,0.6079700513911039,0.000887554092138032,0.0746607772523763,0.0655098267848874,-0.0091509504674889,0.6268656716417911,0.6106870229007634,-0.0161786487410277,0.4866666666666667,0.5111111111111111,0.02444444444444438,0.1217972409426197,0.0756861616263395,-0.04611107931628021,0.4807692307692308,0.5,0.019230769230769218,0.1292772131036655,0.1548314372596154,0.025554224155949906,0.1772980916406319,0.1592207707778621,-0.018077320862769808,0.127906976744186,0.1156069364161849,-0.012300040328001097,0.2469323490501109,0.248629183419936,0.0016968343698250954,12.0,12.0,0.0,40,40,0
Pre_T2,Pre,T2,mrmr_then_elasticnet_no_corr_auto_k,mrmr_then_elasticnet_no_corr,GradientBoosting,mrmr_then_elasticnet_no_corr_auto_k_no_smote,mrmr_then_elasticnet_no_corr_auto_k_smote,0.5654110549943884,0.5553647586980921,-0.010046296296296275,0.0461196221643752,0.0398950607456637,-0.0062245614187114995,0.5372781065088758,0.5292899408284023,-0.007988165680473447,0.6807797590308403,0.6372446677778444,-0.04353509125299593,0.0944809221750769,0.1521142620054027,0.0576333398303258,0.65323246665896,0.5684221759713238,-0.08481029068763613,0.4944481205771529,0.5382942744233066,0.043846153846153646,0.109076412418267,0.0964329495767243,-0.012643462841542705,0.5213675213675214,0.5299145299145299,0.008547008547008517,0.5257954545454545,0.5473232323232323,0.021527777777777812,0.0615534848468065,0.1304465969727428,0.0688931121259363,0.5076923076923077,0.5192307692307693,0.011538461538461608,0.5535184114131482,0.563003663003663,0.009485251590514832,0.143241040784477,0.0745994775356941,-0.0686415632487829,0.5616438356164384,0.5714285714285714,0.009784735812133016,0.6827020202020202,0.6702020202020202,-0.012499999999999956,0.1667534974302301,0.1859079864079654,0.019154488977735307,0.6307692307692307,0.6153846153846154,-0.01538461538461533,0.5787252134055203,0.5946200118613911,0.01589479845587083,0.0719813694605345,0.061698790753547,-0.010282578706987504,0.5942028985507246,0.5925925925925926,-0.0016103059581320522,0.3688888888888889,0.4244444444444444,0.055555555555555525,0.2029899954963419,0.113833319776584,-0.0891566757197579,0.3846153846153846,0.4230769230769231,0.03846153846153849,0.0499109517262993,0.0698496308004435,0.0199386790741442,0.1213564982516759,0.2208347821028521,0.0994782838511762,0.015625,0.0388349514563106,0.0232099514563106,0.2809166531505777,0.288056029818751,0.007139376668173325,12.0,12.0,0.0,40,40,0
Pre_T2,Pre,T2,mrmr_then_elasticnet_no_corr_auto_k,mrmr_then_elasticnet_no_corr,KNN,mrmr_then_elasticnet_no_corr_auto_k_no_smote,mrmr_then_elasticnet_no_corr_auto_k_smote,0.5337443883277216,0.5470749158249159,0.013330527497194211,0.1560511914195048,0.1558530188657031,-0.0001981725538016954,0.5057692307692307,0.5264792899408284,0.020710059171597628,0.5887967699058653,0.6235878742620748,0.03479110435620958,0.1411138276883914,0.1213080492432169,-0.01980577844517449,0.5529904852980022,0.574960431753758,0.021969946455755784,0.5175507765830346,0.5604540023894862,0.04290322580645156,0.103502289346133,0.0862822765664414,-0.017220012779691596,0.5384615384615384,0.5726495726495726,0.03418803418803418,0.5230934343434344,0.574760101010101,0.05166666666666664,0.1075620960405773,0.1067686085029536,-0.0007934875376237049,0.5134615384615384,0.5615384615384615,0.04807692307692313,0.5372370766488415,0.5857309941520467,0.0484939175032052,0.127274529763496,0.116448946036163,-0.010825583727333013,0.5647058823529412,0.6056338028169014,0.04092792046396021,0.7617424242424242,0.7006313131313131,-0.061111111111111116,0.1955528881089467,0.1878448432461482,-0.0077080448627984965,0.7384615384615385,0.6615384615384615,-0.07692307692307698,0.6104408422966217,0.6138375350140055,0.0033966927173838535,0.1098493290695133,0.0834864727588151,-0.026362856310698193,0.64,0.6323529411764706,-0.007647058823529451,0.2844444444444444,0.4488888888888889,0.1644444444444445,0.0925896295822207,0.155492050529208,0.06290242094698731,0.2884615384615384,0.4615384615384615,0.17307692307692313,0.0306129289317064,0.1264634838793365,0.0958505549476301,0.2074060784338489,0.2022503837867475,-0.005155694647101389,0.028,0.1245136186770428,0.0965136186770428,0.2885993371707658,0.2828559315464077,-0.0057434056243581,12.0,12.0,0.0,40,40,0
Pre_T2,Pre,T2,mrmr_then_elasticnet_no_corr_auto_k,mrmr_then_elasticnet_no_corr,LightGBM,mrmr_then_elasticnet_no_corr_auto_k_no_smote,mrmr_then_elasticnet_no_corr_auto_k_smote,0.59297278338945,0.6170896464646465,0.02411686307519645,0.0860543881170008,0.0683369785678417,-0.017717409549159097,0.5625739644970413,0.5853550295857989,0.022781065088757546,0.6772871988174176,0.6748015406766635,-0.0024856581407540768,0.1211223662672711,0.0819971223406432,-0.0391252439266279,0.6087486950797212,0.6483553272657434,0.03960663218602223,0.5251061483319548,0.5923527249333702,0.06724657660141542,0.0706935236391871,0.0803806675094797,0.009687143870292597,0.5299145299145299,0.5897435897435898,0.05982905982905984,0.5379671717171718,0.5939267676767676,0.055959595959595765,0.0713687653192741,0.0862908607070713,0.014922095387797207,0.525,0.5865384615384616,0.06153846153846154,0.5511904761904762,0.6126984126984126,0.0615079365079364,0.141441397526468,0.1079365079365079,-0.033504889589960105,0.578125,0.6349206349206349,0.056795634920634885,0.5781565656565657,0.6256313131313131,0.04747474747474745,0.1658181645893625,0.0987693378729803,-0.0670488267163822,0.5692307692307692,0.6153846153846154,0.04615384615384621,0.5439189189189189,0.6111821180084938,0.0672631990895749,0.118730228406281,0.072957418246172,-0.045772810160109006,0.5736434108527132,0.625,0.0513565891472868,0.4977777777777777,0.5622222222222222,0.06444444444444447,0.096966329907873,0.0898833262940297,-0.0070830036138433,0.4807692307692308,0.5576923076923077,0.07692307692307693,0.0650090941625246,0.1720620734430769,0.1070529792805523,0.1317131145741472,0.1565589749990277,0.024845860424880517,0.0499040307101726,0.1724137931034483,0.12250976239327568,0.2861737092619393,0.2668933284021066,-0.01928038085983269,12.0,12.0,0.0,40,40,0
Pre_T2,Pre,T2,mrmr_then_elasticnet_no_corr_auto_k,mrmr_then_elasticnet_no_corr,LogisticRegression,mrmr_then_elasticnet_no_corr_auto_k_no_smote,mrmr_then_elasticnet_no_corr_auto_k_smote,0.5233599887766556,0.5358740179573513,0.012514029180695774,0.0386634040033831,0.0485600460898484,0.009896642086465304,0.5136094674556213,0.5032544378698225,-0.010355029585798814,0.5996852849236317,0.6082250679610829,0.008539783037451176,0.1301760183442936,0.1223437301960641,-0.007832288148229505,0.5869161229209934,0.5827092490246398,-0.004206873896353547,0.4881702049443984,0.4792372024630089,-0.008933002481389507,0.0477129980094378,0.0445576084248703,-0.0031553895845675,0.4871794871794871,0.4871794871794871,0.0,0.5049747474747475,0.4938636363636363,-0.011111111111111183,0.0535701002162575,0.0534494975742494,-0.00012060264200810383,0.5096153846153846,0.4788461538461538,-0.03076923076923077,0.4343434343434343,0.5280454312712377,0.0937019969278034,0.2602848227621237,0.1579638389286735,-0.10232098383345023,0.5714285714285714,0.5373134328358209,-0.034115138592750505,0.3366161616161616,0.5366161616161615,0.19999999999999996,0.1754052837574851,0.2368977604866268,0.06149247672914171,0.3076923076923077,0.5538461538461539,0.24615384615384617,0.3663448275862069,0.4952423130794371,0.1288974854932302,0.1917064740064377,0.1133705050982997,-0.078335968908138,0.4,0.5454545454545454,0.1454545454545454,0.6733333333333332,0.4511111111111111,-0.22222222222222215,0.1864019286712068,0.2497999199359359,0.06339799126472909,0.7115384615384616,0.4038461538461538,-0.30769230769230776,0.003996654855816,-0.0149548450040102,-0.0189514998598262,0.1007344563392873,0.0994315165025984,-0.0013029398366889017,0.0181818181818181,-0.0424710424710423,-0.06065286065286041,0.2819904334869778,0.274654757580637,-0.007335675906340766,12.0,12.0,0.0,40,40,0
Pre_T2,Pre,T2,mrmr_then_elasticnet_no_corr_auto_k,mrmr_then_elasticnet_no_corr,NaiveBayes,mrmr_then_elasticnet_no_corr_auto_k_no_smote,mrmr_then_elasticnet_no_corr_auto_k_smote,0.5867957351290685,0.5796941638608305,-0.007101571268237961,0.048435473102618,0.053883132570625,0.005447659468007002,0.5909763313609468,0.5960059171597634,0.005029585798816516,0.6621919398100606,0.6618811977943725,-0.00031074201568814797,0.1210908244621115,0.1287095036232125,0.007618679161101011,0.6403641556258245,0.6461185674572777,0.005754411831453199,0.5545363477621542,0.5391517323775388,-0.015384615384615441,0.0624272694126654,0.0877803107235281,0.025353041310862696,0.5641025641025641,0.5555555555555556,-0.008547008547008517,0.5567045454545454,0.5476136363636364,-0.009090909090909038,0.0318843107901648,0.0438359836190661,0.011951672828901298,0.5461538461538462,0.5384615384615384,-0.007692307692307776,0.5773148148148148,0.5789814814814814,0.0016666666666665941,0.1402831254328443,0.1558648820422568,0.015581756609412495,0.5897435897435898,0.5844155844155844,-0.00532800532800537,0.6978535353535353,0.6796717171717171,-0.018181818181818188,0.1371130734046894,0.1702053921675392,0.03309231876284979,0.7076923076923077,0.6923076923076923,-0.015384615384615441,0.6097478527864085,0.5920089353570885,-0.01773891742931999,0.099335804321712,0.1191872704046936,0.019851466082981592,0.6433566433566433,0.6338028169014085,-0.009553826455234837,0.4155555555555555,0.4155555555555555,0.0,0.17744413135713,0.2263614502799439,0.048917318922813896,0.3846153846153846,0.3846153846153846,0.0,0.1084396360482952,0.0955405985585968,-0.012899037489698395,0.0661482410766134,0.0847024289714543,0.018554187894840896,0.0946745562130176,0.0787401574803149,-0.015934398732702693,0.3780482933120569,0.3765316387200723,-0.0015166545919846341,12.0,12.0,0.0,40,40,0
Pre_T2,Pre,T2,mrmr_then_elasticnet_no_corr_auto_k,mrmr_then_elasticnet_no_corr,RandomForest,mrmr_then_elasticnet_no_corr_auto_k_no_smote,mrmr_then_elasticnet_no_corr_auto_k_smote,0.5805555555555555,0.5724060044893379,-0.00814955106621762,0.101192732623457,0.0742416997690292,-0.026951032854427806,0.5644970414201184,0.5408284023668639,-0.023668639053254448,0.6660938181407466,0.6555123754366182,-0.010581442704128419,0.1284796491076241,0.1404928659307321,0.012013216823107992,0.6150621005141996,0.6162913108957493,0.0012292103815496613,0.56293539196765,0.5617571914346108,-0.0011782005330391865,0.0505953564710882,0.098526074725661,0.0479307182545728,0.5726495726495726,0.5555555555555556,-0.017094017094017033,0.5750378787878788,0.5753156565656565,0.0002777777777777102,0.0452817915260853,0.1239409915063371,0.0786591999802518,0.5673076923076923,0.5480769230769231,-0.019230769230769162,0.5899206349206348,0.5842424242424242,-0.005678210678210616,0.1222107807466797,0.1089586740641186,-0.01325210668256109,0.6153846153846154,0.5970149253731343,-0.018369690011481143,0.6256313131313131,0.6617424242424242,0.036111111111111094,0.138312624528157,0.191935970824218,0.053623346296061,0.6153846153846154,0.6153846153846154,0.0,0.5881595881595881,0.601926831338596,0.013767243179007904,0.0837945575258245,0.0868720459387154,0.0030774884128909052,0.6153846153846154,0.6060606060606061,-0.009324009324009341,0.5244444444444445,0.4888888888888889,-0.03555555555555562,0.0589622184952071,0.1032795558988644,0.04431733740365729,0.5192307692307693,0.4807692307692308,-0.03846153846153849,0.138209915192098,0.1228892524591028,-0.015320662732995191,0.0890509638417663,0.2094194864363526,0.1203685225945863,0.1346153846153845,0.0965250965250965,-0.038090288090288,0.2588808603243988,0.2670376162929113,0.008156755968512508,12.0,12.0,0.0,40,40,0
Pre_T2,Pre,T2,mrmr_then_elasticnet_no_corr_auto_k,mrmr_then_elasticnet_no_corr,SVM_Linear,mrmr_then_elasticnet_no_corr_auto_k_no_smote,mrmr_then_elasticnet_no_corr_auto_k_smote,0.6045594837261504,0.5082772166105499,-0.0962822671156005,0.1305159452268853,0.0831468928314057,-0.047369052395479616,0.5248520710059171,0.496301775147929,-0.02855029585798813,0.6766418653968523,0.5942072640850364,-0.0824346013118159,0.1893494531739848,0.1460930222213856,-0.043256430952599206,0.5957615259360254,0.5721422740985272,-0.023619251837498134,0.4889523021781086,0.4715448947707011,-0.017407407407407482,0.0632917162148934,0.0653414348632383,0.0020497186483448976,0.5042735042735043,0.4871794871794871,-0.017094017094017144,0.5276767676767676,0.4945580808080808,-0.03311868686868685,0.0474375525904945,0.0743984180250641,0.026960865434569596,0.4865384615384616,0.4788461538461538,-0.007692307692307776,0.5532258064516129,0.5376702508960574,-0.015555555555555545,0.1443265525639786,0.1875696245392462,0.04324307197526758,0.5454545454545454,0.5373134328358209,-0.008141112618724522,0.6909090909090909,0.5380050505050505,-0.15290404040404038,0.2529168680589737,0.2356374550088344,-0.017279413050139275,0.6461538461538462,0.5538461538461539,-0.09230769230769231,0.5656940222897668,0.4942328908286355,-0.07146113146113137,0.0732086316026827,0.1201172866777471,0.04690865507506439,0.5915492957746479,0.5454545454545454,-0.04609475032010246,0.3644444444444444,0.4511111111111111,0.08666666666666667,0.2646591098837227,0.2778755383527215,0.013216428468998787,0.3269230769230769,0.4038461538461538,0.07692307692307687,0.0414617940199335,-0.0123249511077145,-0.053786745127648,0.0843423124974694,0.1301507007937115,0.04580838829624209,-0.0275590551181101,-0.0424710424710423,-0.014911987352932202,0.2706254781323899,0.2702228540076625,-0.00040262412472741316,12.0,12.0,0.0,40,40,0
Pre_T2,Pre,T2,mrmr_then_elasticnet_no_corr_auto_k,mrmr_then_elasticnet_no_corr,SVM_RBF,mrmr_then_elasticnet_no_corr_auto_k_no_smote,mrmr_then_elasticnet_no_corr_auto_k_smote,0.5542045454545454,0.5161026936026936,-0.03810185185185189,0.0519297106921082,0.100535929698467,0.0486062190063588,0.4970414201183432,0.4760355029585798,-0.021005917159763354,0.5994662561495427,0.6062783186058698,0.006812062456327039,0.1014097821971984,0.0944492074761726,-0.006960574721025806,0.5798556021319261,0.5690354322573887,-0.010820169874537378,0.4838525870783935,0.4786674018932083,-0.005185185185185237,0.0502254834856842,0.069216450181748,0.018990966696063802,0.4957264957264957,0.4871794871794871,-0.008547008547008572,0.5156565656565656,0.5119191919191919,-0.003737373737373706,0.0230559842636633,0.0776519709274626,0.05459598666379929,0.475,0.4788461538461538,0.0038461538461538325,0.5405218437476502,0.5367034399292463,-0.003818403818403926,0.1201580609417941,0.1616974588155677,0.041539397873773615,0.5375,0.5373134328358209,-0.0001865671641790856,0.7090909090909091,0.5727272727272728,-0.13636363636363635,0.2381054700674326,0.2709792465597978,0.032873776492365225,0.6615384615384615,0.5538461538461539,-0.10769230769230764,0.571734981701138,0.5021810534994369,-0.06955392820170114,0.0603700479986275,0.1279730478920912,0.06760299989346372,0.593103448275862,0.5454545454545454,-0.04764890282131662,0.3222222222222222,0.4511111111111111,0.1288888888888889,0.223330569358242,0.2778755383527215,0.0545449689944795,0.2884615384615384,0.4038461538461538,0.11538461538461542,0.0220216098264879,0.0127028498187373,-0.0093187600077506,0.0321211790416192,0.1373473553149149,0.1052261762732957,-0.0514851485148515,-0.0424710424710423,0.0090141060438092,0.2713081166648523,0.2720733498526617,0.000765233187809411,12.0,12.0,0.0,40,40,0
Pre_T2,Pre,T2,mrmr_then_elasticnet_no_corr_auto_k,mrmr_then_elasticnet_no_corr,XGBoost,mrmr_then_elasticnet_no_corr_auto_k_no_smote,mrmr_then_elasticnet_no_corr_auto_k_smote,0.5669318181818183,0.584716610549944,0.01778479236812569,0.0775384164456266,0.0686386479999742,-0.008899768445652406,0.535207100591716,0.556508875739645,0.02130177514792908,0.6447849077142338,0.6402220395837505,-0.004562868130483344,0.1479411175704688,0.1360945773021316,-0.011846540268337202,0.6179657497694306,0.625296926843107,0.007331177073676365,0.5612728609502804,0.5471647826486536,-0.014108078301626747,0.0629139267351417,0.0842506721591169,0.021336745423975192,0.5726495726495726,0.5470085470085471,-0.02564102564102555,0.5796843434343434,0.5808712121212122,0.0011868686868687917,0.0530490647426934,0.0958441956287966,0.042795130886103205,0.5653846153846154,0.5461538461538462,-0.019230769230769162,0.6060606060606061,0.5856060606060606,-0.020454545454545503,0.1669034131205673,0.0794086526064031,-0.0874947605141642,0.6119402985074627,0.6,-0.011940298507462699,0.6438131313131313,0.6172979797979797,-0.026515151515151603,0.0893386378051347,0.2691243969364834,0.1797857591313487,0.6307692307692307,0.5538461538461539,-0.07692307692307687,0.5995758627337575,0.5604453441295546,-0.03913051860420291,0.0772957224009603,0.1088073064769039,0.031511584075943594,0.6212121212121212,0.576,-0.04521212121212126,0.5155555555555555,0.5444444444444445,0.028888888888888964,0.1735041892972723,0.0899931410280737,-0.0835110482691986,0.5,0.5384615384615384,0.038461538461538436,0.1463037162063652,0.1393318047428661,-0.0069719114634990975,0.0974034290313772,0.1622908178475972,0.06488738881621998,0.1312741312741313,0.0914285714285714,-0.03984555984555989,0.317261988359451,0.2896216225042047,-0.02764036585524632,12.0,12.0,0.0,40,40,0
