feature,n_valid,mean_benign,mean_malignant,median_benign,median_malignant,shapiro_p_benign,shapiro_p_malignant,normal_in_both_classes,correlation_method,correlation_coefficient,correlation_p_value,class_difference_test,class_difference_stat,class_difference_p_value,cohen_d_malignant_minus_benign,correlation_q_value_fdr,class_difference_q_value_fdr
Post2_Morph_Compacity,114,15.725971691799998,17.68138785890625,15.726982465,16.585598315,0.0004486820754049963,2.3721822041379936e-09,False,Spearman,0.33520622998652283,0.00026672507671945625,Mann_Whitney_U,976.0,0.00037023968271058345,0.6278485648416988,0.008925031413304882,0.01072017987069247
Post2_Morph_Compactness1,114,0.03633255354,0.032983710874999995,0.035873995000000006,0.034016855,0.06092036468666679,0.00033574760696588305,False,Spearman,-0.33520622998652283,0.00026672507671945625,Mann_Whitney_U,2224.0,0.00037023968271058345,-0.7061069632213604,0.008925031413304882,0.01072017987069247
Post2_Morph_Compactness2,114,0.47460927444000006,0.396167613390625,0.4572585355,0.4111410155,0.08330041721178028,0.06660176333737046,True,Pearson_point_biserial_equivalent,-0.339738010058605,0.00021725623082914975,Welch_t_test,3.868444484862775,0.00018645124558544932,-0.7215434668614537,0.008925031413304882,0.01072017987069247
Post2_Morph_SphericalDisproportion,114,1.2960647178599998,1.397361020296875,1.298014273,1.344837914,0.001356424923896451,1.4224792956642217e-08,False,Spearman,0.33520622998652283,0.00026672507671945625,Mann_Whitney_U,976.0,0.00037023968271058345,0.6449060749310773,0.008925031413304882,0.01072017987069247
Post2_Morph_Sphericity,114,0.7759094775800002,0.72620307875,0.7704076195,0.743584215,0.0387696991581766,4.282360505026885e-05,False,Spearman,-0.33520622998652283,0.00026672507671945625,Mann_Whitney_U,2224.0,0.00037023968271058345,-0.6974501184417788,0.008925031413304882,0.01072017987069247
Post2_Morph_Asphericity,114,0.29606471786,0.39736102029687503,0.298014273,0.34483791399999997,0.0013564249238965144,1.422479295664258e-08,False,Spearman,0.33520622998652283,0.00026672507671945625,Mann_Whitney_U,976.0,0.00037023968271058345,0.6449060749310768,0.008925031413304882,0.01072017987069247
Post2_IH_IntensityHistogramMode_Intensity,114,12.48,19.359375,14.0,21.0,0.0072614453505395644,0.34310351405456607,False,Spearman,0.3393495465447446,0.00022113761341078646,Mann_Whitney_U,969.0,0.0003127824653786484,0.7127692078830475,0.008925031413304882,0.01072017987069247
Pre_Morph_Compacity,114,15.725971691799998,17.68138785890625,15.726982465,16.585598315,0.0004486820754049963,2.3721822041379936e-09,False,Spearman,0.33520622998652283,0.00026672507671945625,Mann_Whitney_U,976.0,0.00037023968271058345,0.6278485648416988,0.008925031413304882,0.01072017987069247
Pre_Morph_Compactness1,114,0.03633255354,0.032983710874999995,0.035873995000000006,0.034016855,0.06092036468666679,0.00033574760696588305,False,Spearman,-0.33520622998652283,0.00026672507671945625,Mann_Whitney_U,2224.0,0.00037023968271058345,-0.7061069632213604,0.008925031413304882,0.01072017987069247
Pre_Morph_Compactness2,114,0.47460927444000006,0.396167613390625,0.4572585355,0.4111410155,0.08330041721178028,0.06660176333737046,True,Pearson_point_biserial_equivalent,-0.339738010058605,0.00021725623082914975,Welch_t_test,3.868444484862775,0.00018645124558544932,-0.7215434668614537,0.008925031413304882,0.01072017987069247
Pre_Morph_SphericalDisproportion,114,1.2960647178599998,1.397361020296875,1.298014273,1.344837914,0.001356424923896451,1.4224792956642217e-08,False,Spearman,0.33520622998652283,0.00026672507671945625,Mann_Whitney_U,976.0,0.00037023968271058345,0.6449060749310773,0.008925031413304882,0.01072017987069247
Pre_Morph_Sphericity,114,0.7759094775800002,0.72620307875,0.7704076195,0.743584215,0.0387696991581766,4.282360505026885e-05,False,Spearman,-0.33520622998652283,0.00026672507671945625,Mann_Whitney_U,2224.0,0.00037023968271058345,-0.6974501184417788,0.008925031413304882,0.01072017987069247
Pre_Morph_Asphericity,114,0.29606471786,0.39736102029687503,0.298014273,0.34483791399999997,0.0013564249238965144,1.422479295664258e-08,False,Spearman,0.33520622998652283,0.00026672507671945625,Mann_Whitney_U,976.0,0.00037023968271058345,0.6449060749310768,0.008925031413304882,0.01072017987069247
Post2_IB_MeanIntensity,114,301.20982082239993,397.86049764703125,302.1568151,413.07903905,0.10658624976161436,0.08191069285826488,True,Pearson_point_biserial_equivalent,0.31490585675213395,0.0006437685228439298,Welch_t_test,-3.5965395035516603,0.0004817218668435038,0.6627423577046907,0.011837199571307884,0.01072017987069247
Post2_IB_MedianIntensity,114,302.0866408566,407.26790213359374,312.93945314999996,433.38597104999997,0.07094549660362058,0.10263398778835846,True,Pearson_point_biserial_equivalent,0.31296767039422896,0.0006980546067930119,Welch_t_test,-3.5940512355649417,0.0004853573888882773,0.6582188596049012,0.011837199571307884,0.01072017987069247
Post2_IB_50thIntensityPercentile,114,302.0866408566,407.26790213359374,312.93945314999996,433.38597104999997,0.07094549660362058,0.10263398778835846,True,Pearson_point_biserial_equivalent,0.31296767039422896,0.0006980546067930119,Welch_t_test,-3.5940512355649417,0.0004853573888882773,0.6582188596049012,0.011837199571307884,0.01072017987069247
Post2_IB_AreaUnderCurveCIVH,114,6471.739944669999,8568.50645159375,6509.358669499999,8930.087851,0.06728165643900229,0.08812907986603265,True,Pearson_point_biserial_equivalent,0.3178902873161953,0.0005677119896564746,Welch_t_test,-3.638398645688184,0.00041672685804090495,0.6697256945076334,0.011837199571307884,0.01072017987069247
Post2_IH_IntensityHistogramMean_Intensity,114,14.451363497360001,18.91312695665625,14.489140575,19.60055336,0.11201260514421682,0.08172721400969687,True,Pearson_point_biserial_equivalent,0.3143892498042169,0.000657846106125297,Welch_t_test,-3.589881897988886,0.0004928818330435503,0.6615357620471858,0.011837199571307884,0.01072017987069247
Post2_IH_AreaUnderCurveCIVH_Intensity,114,312.28493307,408.700852815625,313.10127220000004,423.55570780000005,0.11201260486156654,0.081727213969434,True,Pearson_point_biserial_equivalent,0.3143892498000066,0.0006578461062411753,Welch_t_test,-3.5898818979347458,0.0004928818331352859,0.6615357620373553,0.011837199571307884,0.01072017987069247
Post2_GLRLM_LongRunHighGreyLevelEmphasis,114,416.10961325642,632.6475138029688,379.0349845,599.32822655,0.3208025532866676,0.13314300807921983,True,Pearson_point_biserial_equivalent,0.31753867107940653,0.000576222638269763,Welch_t_test,-3.7388518093842604,0.00029813165181383585,0.6689017951361582,0.011837199571307884,0.01072017987069247
Post2_IH_IntensityHistogramMedian_Intensity,114,14.46,19.3125,15.0,20.5,0.03212462729795714,0.0936883677889782,False,Spearman,0.3232222140254591,0.00045203334603052104,Mann_Whitney_U,999.0,0.0005968523203897725,0.6537715091959573,0.011837199571307884,0.011801398153161412
Post2_IH_IntensityHistogram50thPercentile,114,14.46,19.3125,15.0,20.5,0.03212462729795714,0.0936883677889782,False,Spearman,0.3232222140254591,0.00045203334603052104,Mann_Whitney_U,999.0,0.0005968523203897725,0.6537715091959573,0.011837199571307884,0.011801398153161412
Post2_IB_RootMeanSquareIntensity,114,331.1076834686,432.5800472115625,339.75149154999997,456.5198901,0.393506031694779,0.11789436398823112,True,Pearson_point_biserial_equivalent,0.31055248561039567,0.0007715654764046938,Welch_t_test,-3.516475489844774,0.0006353109178145452,0.6525948513943037,0.0124307771198534,0.012015663010840312
Post2_GLCM_Autocorrelation,114,296.63763341586,491.4145462226094,268.54113275,467.71566895,0.028210850406020463,0.039407395049283034,False,Spearman,0.31533021955462964,0.0006324119634989292,Mann_Whitney_U,1013.0,0.0008105960194573653,0.701861108310821,0.011837199571307884,0.01215894029186048
Post2_GLRLM_HighGreyLevelRunEmphasis,114,293.14907612732003,474.26533956029687,261.6834404,461.79937270000005,0.03633786684283512,0.0644127256105537,False,Spearman,0.31909054585255536,0.0005395228280767217,Mann_Whitney_U,1006.0,0.0007011633931910173,0.7047485191870541,0.011837199571307884,0.01215894029186048
Post2_GLRLM_ShortRunHighGreyLevelEmphasis,114,269.89414132718,440.6729947123281,234.11965179999999,419.70396335,0.018638727375330514,0.06055450618573689,False,Spearman,0.31909054585255536,0.0005395228280767217,Mann_Whitney_U,1006.0,0.0007011633931910173,0.7034349579554224,0.011837199571307884,0.01215894029186048
Post2_IH_IntensityHistogram25thPercentile,114,10.12,13.5625,11.0,14.0,0.29290146014792795,0.21437016326572533,True,Pearson_point_biserial_equivalent,0.30173869535838027,0.001104050316316557,Welch_t_test,-3.462458588148223,0.0007590861105978119,0.6321884555574934,0.01404040902123787,0.01215894029186048
Post2_GLCM_JointAverage,114,15.162643429200003,19.881837588265626,15.39721501,20.996602805000002,0.2577955668686125,0.07498739805434125,True,Pearson_point_biserial_equivalent,0.303643374169556,0.0010227397290115746,Welch_t_test,-3.4477286570066203,0.000798545739844789,0.6365829459022444,0.01404040902123787,0.01215894029186048
Post2_GLCM_SumAverage,114,30.325286857899997,39.76367517609375,30.79443001,41.993205610000004,0.2577955670090538,0.07498739795864737,True,Pearson_point_biserial_equivalent,0.3036433741838038,0.0010227397284243425,Welch_t_test,-3.447728657178133,0.0007985457393876121,0.6365829459351486,0.01404040902123787,0.01215894029186048
Post2_GLCM_JointMaximum,114,0.08254847775999999,0.03551807046875,0.034381497,0.015788542,1.7841577148795513e-11,2.9359770213209354e-14,False,Spearman,-0.3126442721989684,0.0007075107789747241,Mann_Whitney_U,2182.0,0.0008982449527152622,-0.44022329436136054,0.011837199571307884,0.012604404981649648
Post2_IB_25thIntensityPercentile,114,207.76080301359997,281.780412493125,219.67159270000002,283.01719665,0.4722735012402224,0.3071467043511382,True,Pearson_point_biserial_equivalent,0.2985101202843292,0.0012554511558334842,Welch_t_test,-3.42083957727506,0.0008722447421535523,0.624758441631849,0.014371611915462254,0.012604404981649648
Post2_IH_IntensityHistogram75thPercentile,114,18.54,24.4375,19.0,26.0,0.5128987973837035,0.09332744402735754,True,Pearson_point_biserial_equivalent,0.3019161547774537,0.0010962327693384375,Welch_t_test,-3.400685270331508,0.0009374002923954096,0.6325975383423275,0.01404040902123787,0.012742785224750098
Post2_IH_IntensityHistogramRange_Intensity,114,27.7,35.109375,26.0,37.0,0.1893003719072145,0.09465109335926385,True,Pearson_point_biserial_equivalent,0.3041921913796261,0.0010003470992837613,Welch_t_test,-3.3669499104446974,0.00106656978253039,0.6378507381033476,0.01404040902123787,0.013645819276491755
Post2_IB_75thIntensityPercentile,114,391.0530979138,516.3915317,394.5,547.6798400499999,0.48965670122685717,0.13317161817936735,True,Pearson_point_biserial_equivalent,0.29931579452362145,0.0012159952326831892,Welch_t_test,-3.367686304849811,0.001045270029485417,0.6266103436226728,0.014296160168032089,0.013645819276491755
Post2_GLSZM_HighGrayLevelZoneEmphasis,114,291.73069913980004,444.0813068625,241.87529765,421.7473148,0.023374328370543065,0.08094291819394647,False,Spearman,0.3072723774876459,0.0008827683186412469,Mann_Whitney_U,1028.0,0.0011004713545087839,0.6734576830279771,0.0137144363788908,0.01367728683460917
Post2_IB_IntensityRange,114,605.5747366420001,764.5550711078124,571.5,813.0,0.18544756103543594,0.09147595861283442,True,Pearson_point_biserial_equivalent,0.30116465057887,0.0011296880821685643,Welch_t_test,-3.3311471752912385,0.0011978851109337588,0.6308656515720075,0.01404040902123787,0.014083243871788786
Post2_IH_IntensityHistogramMaximumGreyLevel_Intensity,114,29.5,36.734375,27.5,38.0,0.2377321008130083,0.061094174371523424,True,Pearson_point_biserial_equivalent,0.3018840143682446,0.001097644881963158,Welch_t_test,-3.3333293783813542,0.001192446358666558,0.6325234423038982,0.01404040902123787,0.014083243871788786
Post2_IB_MaximumIntensity,114,626.9990557839999,781.967377653125,580.0,813.0,0.2089127626634205,0.05420159776191761,True,Pearson_point_biserial_equivalent,0.2999197521815737,0.0011871625139124732,Welch_t_test,-3.3090491643580635,0.0012900652898665864,0.627999550212168,0.014296160168032089,0.01476785266031487
ADC_GLSZM_LowGrayLevelZoneEmphasis,114,339.3310506806,557.4887213748437,175.4603213,497.99610229999996,3.372672776927316e-07,3.9247612308149807e-05,False,Spearman,0.2938432357631727,0.001507848431099289,Mann_Whitney_U,1053.0,0.0018039647506066187,0.4964066864322826,0.016818309423799763,0.019390447297597604
ADC_Morph_SurfaceToVolumeRatio_cm,114,15.733274678599999,17.40183673375,15.726860935000001,16.51097783,0.00027911823858367443,3.828345211122942e-09,False,Spearman,0.28900793546914944,0.001817218849839754,Mann_Whitney_U,1062.0,0.0021453135589838326,0.5655815048294793,0.017158324902671492,0.019390447297597604
ADC_Morph_Compacity,114,0.0363126684,0.033415557359375,0.035874272,0.0341705775,0.025598333558107252,0.0023661856475670068,False,Spearman,-0.28900793546914944,0.001817218849839754,Mann_Whitney_U,2138.0,0.0021453135589838326,-0.6211352827157746,0.017158324902671492,0.019390447297597604
ADC_Morph_Compactness1,114,0.47408010146,0.40590923462499995,0.457265593,0.41486513550000004,0.02756545501304284,0.3197362255786354,False,Spearman,-0.28900793546914944,0.001817218849839754,Mann_Whitney_U,2138.0,0.0021453135589838326,-0.6266905248875145,0.017158324902671492,0.019390447297597604
ADC_Morph_Compactness2,114,1.296482293,1.3831498234062498,1.2980075869999999,1.340801229,0.000803526059666903,3.1193514810032204e-08,False,Spearman,0.28900793546914944,0.001817218849839754,Mann_Whitney_U,1062.0,0.0021453135589838326,0.57936856811171,0.017158324902671492,0.019390447297597604
ADC_Morph_SphericalDisproportion,114,0.77563068882,0.7327092076249999,0.7704115855,0.745822745,0.017587800442603174,0.00026638358106653595,False,Spearman,-0.28900793546914944,0.001817218849839754,Mann_Whitney_U,2138.0,0.0021453135589838326,-0.6163507758581336,0.017158324902671492,0.019390447297597604
ADC_Morph_Sphericity,114,0.296482293,0.38314982340625003,0.298007587,0.340801229,0.0008035260596669541,3.1193514810032204e-08,False,Spearman,0.28900793546914944,0.001817218849839754,Mann_Whitney_U,1062.0,0.0021453135589838326,0.5793685681117112,0.017158324902671492,0.019390447297597604
ADC_GLSZM_LargeZoneEmphasis,114,0.09755403124,0.037651566765625,0.03018191,0.010716878999999999,3.914866742033275e-12,2.3475340449702974e-14,False,Spearman,-0.28954571129131645,0.001780171898971561,Mann_Whitney_U,2139.0,0.0021046167533550117,-0.40488043836745125,0.017158324902671492,0.019390447297597604
Post2_IH_Uniformity_Intensity,114,0.11011911763999999,0.065090658734375,0.063026395,0.046374039,1.9124952740645616e-10,3.5190544306363614e-13,False,Spearman,-0.2884707459980172,0.001854921838753203,Mann_Whitney_U,2137.0,0.0021866852295561743,-0.46141611029059404,0.017158324902671492,0.019390447297597604
Post2_GLSZM_SmallZoneHighGreyLevelEmphasis,114,131.96052449075998,194.06206578523438,98.65936034,156.99847445,5.828524606444208e-06,0.010187961890807024,False,Spearman,0.2879335565268849,0.0018933324030534061,Mann_Whitney_U,1064.0,0.002228787045700874,0.5248946770303392,0.017158324902671492,0.019390447297597604
Post2_IB_90thIntensityPercentile,114,470.9613761924,601.413971665625,453.0,625.7401428000001,0.4176511490842332,0.1717069923648918,True,Pearson_point_biserial_equivalent,0.28439967878899536,0.0021645011854408733,Welch_t_test,-3.1534025222611675,0.0020942452851634803,0.5925570804084306,0.01794395395883062,0.019390447297597604
Post2_IH_IntensityHistogram90thPercentile,114,22.3,28.34375,21.0,29.0,0.3240620224136447,0.18720984709776806,True,Pearson_point_biserial_equivalent,0.2858266969177594,0.0020510331488983393,Welch_t_test,-3.170311901947492,0.0019862040938882592,0.5957941207589991,0.01794395395883062,0.019390447297597604
Post2_IH_IntensityHistogramEntropyLog10_Intensity,114,1.20142729928,1.35393675484375,1.2788759075,1.4038000565,0.0004092098199215902,7.7097735040953e-06,False,Spearman,0.2847104197000915,0.0021393202540244544,Mann_Whitney_U,1070.0,0.00249738521314952,0.5666745857635921,0.01794395395883062,0.020890457101955202
Post2_IH_IntensityHistogramEntropyLog2_Intensity,114,3.9910550993599996,4.497680544359374,4.248333806,4.6633228465,0.00040920981801641785,7.709773480933979e-06,False,Spearman,0.2847104197000915,0.0021393202540244544,Mann_Whitney_U,1070.0,0.00249738521314952,0.5666745855559809,0.01794395395883062,0.020890457101955202
Post2_GLCM_JointEntropyLog2,114,7.338059951279999,8.300874369484376,7.807245114500001,8.606199846500001,0.0004111381139601647,2.175930006806077e-05,False,Spearman,0.283636040757827,0.0022275253190272497,Mann_Whitney_U,1072.0,0.002593298123001335,0.5749715054915226,0.01794395395883062,0.020890457101955202
Post2_GLCM_JointEntropyLog10,114,2.20897615524,2.4988121754062496,2.350214963,2.5907243025,0.0004111381120801668,2.1759300012599514e-05,False,Spearman,0.283636040757827,0.0022275253190272497,Mann_Whitney_U,1072.0,0.002593298123001335,0.5749715055646946,0.01794395395883062,0.020890457101955202
Post2_GLSZM_LargeZoneLowGreyLevelEmphasis,114,753.2957017248598,108.85498352889063,1.1098672514999999,0.2650304845,1.4134728831761973e-15,8.4345063080954e-17,False,Spearman,-0.28309885128669476,0.002272849270258055,Mann_Whitney_U,2127.0,0.002642507005725328,-0.19425631060803833,0.01797617150113189,0.02089982813619123
Post2_NGTDM_Complexity,114,1302.03209494358,1942.5201661009373,668.7987975,1576.6687915,4.910972292749138e-09,0.001286185222116078,False,Spearman,0.28095009340216576,0.0024625976088322654,Mann_Whitney_U,1077.0,0.0028479956727528928,0.4002228379481813,0.019129106425750633,0.022122823529419793
Post2_GLCM_SumEntropy,114,7.234147418560001,8.2188307783125,7.7316414845,8.606199846500001,0.00032011446345971253,2.026768999707579e-05,False,Spearman,0.2798757144599013,0.0025627347425297236,Mann_Whitney_U,1079.0,0.002956119405470932,0.5523948960921915,0.019220510568972927,0.02217089554103199
Post2_GLCM_AngularSecondMoment,114,0.03949717304,0.0124649391875,0.0070412105,0.004263146,4.823554450762067e-13,1.1488813528099494e-15,False,Spearman,-0.2798757144599013,0.0025627347425297236,Mann_Whitney_U,2121.0,0.002956119405470932,-0.3836846836589035,0.019220510568972927,0.02217089554103199
Post2_GLCM_ClusterProminence,114,97439.3081673415,143558.4721259841,22564.513305,82215.82475999999,1.0233925281335416e-10,3.986938682582767e-08,False,Spearman,0.2782641460465045,0.0027198370521174194,Mann_Whitney_U,1082.0,0.003125340388224098,0.2682921951016699,0.01971881862785129,0.02265871781462471
Post2_GLSZM_NormalisedGreyLevelNonUniformity,114,0.07728965510000001,0.048468663781250004,0.049850716,0.0397178185,3.1257066322591625e-13,9.859764358129086e-13,False,Spearman,-0.2782641460465045,0.0027198370521174194,Mann_Whitney_U,2118.0,0.003125340388224098,-0.36640153311816315,0.01971881862785129,0.02265871781462471
Post2_GLCM_DifferenceEntropy,114,4.8867028885999995,6.02646624653125,5.422078406500001,6.509779601,0.019570605683196702,0.00016860943883740043,False,Spearman,0.27557819869084327,0.00300105073018122,Mann_Whitney_U,1087.0,0.003427099924137737,0.5405263754010038,0.021400935534898864,0.02443915519671993
Post2_GLSZM_GreyLevelVariance,114,52.86472617391999,71.89367526689063,37.977239885,63.111294295,2.2571252378679715e-06,0.009616681983422096,False,Spearman,0.2680575460949918,0.003932870597339564,Mann_Whitney_U,1101.0,0.004418390718218845,0.41024949262468446,0.026731229841292347,0.0309999993939548
ADC_IH_IntensityHistogramStd_Intensity,114,25.36,33.171875,22.5,35.0,0.09018618652196746,0.4674529789280932,True,Pearson_point_biserial_equivalent,0.2710065853791854,0.0035403475241881925,Welch_t_test,-2.9086391717399187,0.004530238048217045,0.5623809345881289,0.024839535048739737,0.031280215094831976
ADC_IB_StandardDeviation,114,1419.991419686,1863.9245138328124,1259.5,1964.503845,0.1223596891508581,0.4801325266462715,True,Pearson_point_biserial_equivalent,0.2696480089099055,0.0037165851765914946,Welch_t_test,-2.892785343863371,0.004745483744507374,0.5593400139094824,0.025662135743131746,0.03225445982594856
Post2_GLRLM_RunEntropy,114,4.593008168680001,4.9026802781875,4.6577929575,5.0405535545,0.0013523988807144806,0.003760701808071274,False,Spearman,0.26268565138366934,0.004749207824140312,Mann_Whitney_U,1111.0,0.0052784349061199,0.5200141647492973,0.031783160053862086,0.03532491052557164
ADC_IH_MaximumHistogramGradient_Intensity,114,12.78,18.046875,9.0,16.5,1.402390921928856e-05,0.011179491503502004,False,Spearman,0.2618186632562972,0.004894277913461032,Mann_Whitney_U,1113.0,0.005430650988620539,0.455726584471365,0.0322577407932659,0.035792926970453554
Post2_GLRLM_GreyLevelVariance,114,48.56131558942,66.84153228932811,34.181564585000004,59.599811095,7.213305129293928e-07,0.002643931673293401,False,Spearman,0.25785094614347903,0.005609883772634305,Mann_Whitney_U,1120.0,0.006178815099380418,0.37413514242694257,0.0364223797178496,0.04011618758552958
ADC_GLRLM_LowGreyLevelRunEmphasis,114,352.67512029424006,555.6396099826406,169.8484262,467.1189237,5.061278684767119e-07,2.068762176882662e-05,False,Spearman,0.2562398966344303,0.005926077441089851,Mann_Whitney_U,1123.0,0.006508234827182004,0.43445654591398375,0.03682698681215172,0.040444704878729004
ADC_GLRLM_ShortRunLowGreyLevelEmphasis,114,308.5731603291,484.41887081679687,153.53240820000002,397.82474775000003,4.01975949311355e-07,2.493416095693671e-05,False,Spearman,0.2567765672012146,0.005819030527112717,Mann_Whitney_U,1122.0,0.006396784694435225,0.4298741363368439,0.03682698681215172,0.040444704878729004
Post2_GLCM_JointVariance,114,44.911831643119996,60.712046648562506,29.934287955000002,53.316719309999996,2.794052735895683e-07,0.001149664972182578,False,Spearman,0.2562393777300823,0.005926181785863495,Mann_Whitney_U,1123.0,0.006508343313818461,0.33499295281195085,0.03682698681215172,0.040444704878729004
Post2_IB_10thIntensityPercentile,114,129.65967898556,176.96728658484375,133.2296066,167.7313843,0.15334159040169756,0.21173038323633248,True,Pearson_point_biserial_equivalent,0.24979025700038907,0.007356377391361256,Welch_t_test,-2.7671002471996697,0.006638297898868132,0.5152903688942652,0.04000030206552683,0.04067126177475546
ADC_IB_MedianIntensity,114,180.4408971484,475.44299549296875,0.0,158.42926025,3.264546263882487e-11,6.109212700806206e-08,False,Spearman,0.25409055614107146,0.006372550648524383,Mann_Whitney_U,1161.0,0.0069769316749285154,0.5788065633984568,0.037814730272334,0.04076128319307681
ADC_IH_IntensityHistogramMedian_Intensity,114,3.96,9.046875,1.0,3.5,1.6673651186379515e-11,3.55448284337038e-08,False,Spearman,0.25488723020556564,0.0062036930008887835,Mann_Whitney_U,1167.5,0.006802606409886607,0.5780706607419959,0.037814730272334,0.04076128319307681
Post2_IB_IntensityVariance,114,22612.768839477394,31027.643211465624,15514.861875,27318.185655,6.832094383033443e-07,0.002335475731087551,False,Spearman,0.25301624090328884,0.0066067114958560545,Mann_Whitney_U,1129.0,0.0072152156456710675,0.36336255368469966,0.037814730272334,0.04076128319307681
Post2_IB_StandardDeviation,114,130.19952535774,163.6261275775,124.50393555,165.24537245,0.04737037288906713,0.730404663463913,False,Spearman,0.25301624090328884,0.0066067114958560545,Mann_Whitney_U,1129.0,0.0072152156456710675,0.47471680229628305,0.037814730272334,0.04076128319307681
Post2_GLCM_SumVariance,114,134.72833237512,187.6097055669375,85.243228385,164.3772955,4.475057031775581e-07,0.0006042167021232038,False,Spearman,0.2535534303744211,0.006488686857141828,Mann_Whitney_U,1128.0,0.007092816294942784,0.3620951362644836,0.037814730272334,0.04076128319307681
Post2_GLCM_ClusterTendency,114,134.72833237512,187.6097055669375,85.243228385,164.3772955,4.475057031775581e-07,0.0006042167021232038,False,Spearman,0.2535534303744211,0.006488686857141828,Mann_Whitney_U,1128.0,0.007092816294942784,0.3620951362644836,0.037814730272334,0.04076128319307681
Post2_IH_IntensityHistogramVariance_Intensity,114,48.20365667352,66.32860927057811,33.42288581,58.39640598,6.651049105240569e-07,0.0020533211457650037,False,Spearman,0.25194186196102436,0.006848487880648695,Mann_Whitney_U,1131.0,0.007465716608580663,0.36643408436172376,0.03819349010361772,0.04110869271813403
Post2_IH_IntensityHistogramStd_Intensity,114,6.016175712220001,7.566055594359375,5.778779127,7.6402951125000005,0.04283655271788341,0.7052130796726934,False,Spearman,0.25194186196102436,0.006848487880648695,Mann_Whitney_U,1131.0,0.007465716608580663,0.47712762774379885,0.03819349010361772,0.04110869271813403
ADC_GLRLM_LongRunLowGreyLevelEmphasis,114,681.0544046249202,997.402980839375,285.8804196,803.45232085,1.0955787750076608e-08,9.156357335508929e-07,False,Spearman,0.2514046724898921,0.006972291704894788,Mann_Whitney_U,1132.0,0.007593868766102158,0.32892048114161265,0.03839173280543332,0.04129166141568048
ADC_IB_IntensityBasedEnergy,114,837.30816096522,1151.6398510839063,716.0112377,1187.715142,0.007861484643208502,0.17510665799393002,False,Spearman,0.2492559146053631,0.007487564826795728,Mann_Whitney_U,1136.0,0.008126423904390792,0.49565151923434003,0.04021099629205113,0.04364190615320981
Post2_IB_IntensityBasedMeanAbsoluteDeviation,114,105.80149635232002,133.37746555671873,97.92180164999999,133.16069155,0.01473761509883042,0.7275006619098833,False,Spearman,0.2454955883074374,0.008470758258042537,Mann_Whitney_U,1143.0,0.009139307213991515,0.4428046839165558,0.04333375039066208,0.046704787591561
Post2_IB_IntensityBasedMedianAbsoluteDeviation,114,104.23064266672,131.39180908515624,97.788599165,128.2296079,0.01077083599045439,0.7306049827863199,False,Spearman,0.24656996724970184,0.008178842162741812,Mann_Whitney_U,1141.0,0.008838992684127078,0.4367650649775987,0.04333375039066208,0.046704787591561
Post2_IH_IntensityHistogram10thPercentile,114,6.46,8.609375,6.5,8.0,0.043065431011623405,0.09069512930179965,False,Spearman,0.24479243633255163,0.008666750078132416,Mann_Whitney_U,1145.5,0.0093409575183122,0.5117592712063308,0.04333375039066208,0.046704787591561
Post2_IH_IntensityHistogramMeanAbsoluteDeviation_Intensity,114,4.89446514136,6.169956335859375,4.523522505000001,6.167577128,0.012928443074764012,0.7259624133843507,False,Spearman,0.2454955883074374,0.008470758258042537,Mann_Whitney_U,1143.0,0.009139307213991515,0.44354958826659024,0.04333375039066208,0.046704787591561
Post2_IH_IntensityHistogramMedianAbsoluteDeviation_Intensity,114,4.809397043,6.072077551984375,4.5082135525,5.9325347425,0.01153570943680319,0.7594367959789932,False,Spearman,0.24495839883630513,0.008620133812510818,Mann_Whitney_U,1144.0,0.0092928532461771,0.438751098923326,0.04333375039066208,0.046704787591561
Post2_GLRLM_RunLengthVariance,114,0.36641619430000005,0.1552736416875,0.127524588,0.07967467,3.624010230204414e-12,2.1984479748500954e-14,False,Spearman,-0.2454955883074374,0.008470758258042537,Mann_Whitney_U,2057.0,0.009139307213991515,-0.4254823520769323,0.04333375039066208,0.046704787591561
Post2_GLCM_DifferenceVariance,114,14.417848348319996,18.737643804203124,9.6167062065,16.55364275,1.1630938826380286e-07,0.0021693097053001598,False,Spearman,0.2444212093651729,0.008771827365224482,Mann_Whitney_U,1145.0,0.009448696953129573,0.29627875875876997,0.043360737544007384,0.046706626984220054
ADC_IH_IntensityHistogram75thPercentile,114,20.18,26.5,18.5,28.0,0.035801036683294506,0.23087901923336865,False,Spearman,0.24295039133159246,0.009199268599658705,Mann_Whitney_U,1148.0,0.009887437487077284,0.4897456693937616,0.04466469820502012,0.04799576238519255
ADC_GLCM_Correlation,114,348.31619241384,547.1450034117812,161.84400490000002,458.6715365,2.8919232146019227e-07,1.1693513458310029e-05,False,Spearman,0.2428101326598795,0.009240972042417955,Mann_Whitney_U,1148.0,0.009930157734867424,0.41298023722004773,0.04466469820502012,0.04799576238519255
Post2_GLCM_InverseDifference,114,0.41392172674,0.34250106031250005,0.374472737,0.3045039585,0.0019047596221399314,2.7319372258182265e-06,False,Spearman,-0.24227245148064389,0.009402388061959423,Mann_Whitney_U,2051.0,0.010095637284095604,-0.5241421944168397,0.04494548139508076,0.04825936503935811
Post2_GLRLM_RunPercentage,114,0.85328041436,0.90039459065625,0.894112661,0.924132868,1.1812615159592272e-07,7.46790052148604e-10,False,Spearman,0.24173526200951165,0.009566129039512513,Mann_Whitney_U,1150.0,0.010263413425625848,0.4992161632663652,0.045231153610738505,0.048528096088556995
Post2_IH_IntensityHistogramInterquartileRange_Intensity,114,8.42,10.875,7.0,10.5,0.0007633298476751801,0.2655118733995268,False,Spearman,0.24082868307463165,0.009848156879864652,Mann_Whitney_U,1152.5,0.010552349572189243,0.4005575860726077,0.04606395959936692,0.04935776412798194
Post2_GLCM_InverseDifferenceMoment,114,0.34502292502000004,0.26404456651562497,0.294431217,0.2151987805,0.00028692764587993463,2.2155169158568958e-07,False,Spearman,-0.24012369359611488,0.01007249788235789,Mann_Whitney_U,2047.0,0.010781729731084313,-0.5301386423950942,0.046612091264103005,0.04989417481937953
Post2_GLCM_Contrast,114,43.023968744440005,53.814319691734376,29.02301979,48.84348028,3.274987059702832e-08,0.003535923799654487,False,Spearman,0.23958650412498264,0.010246443354801673,Mann_Whitney_U,1154.0,0.010959601914876783,0.24032158096442555,0.0469179248351445,0.05018344034706738
ADC_GLRLM_HighGreyLevelRunEmphasis,114,0.08007048908000002,0.047873235375,0.0299052825,0.0066007955,5.348019720436581e-07,7.795141878199779e-10,False,Spearman,-0.2379749357115859,0.010784206055862219,Mann_Whitney_U,2043.0,0.011508964227829318,-0.3849938933466217,0.04738514782121278,0.050569691304098524
Post2_IB_IntensityInterquartileRange,114,183.2922949024,234.6111192065625,151.5,226.5995636,0.0005622993586533653,0.24036112196838805,False,Spearman,0.23797734532814024,0.0107833838623435,Mann_Whitney_U,1157.0,0.011508125848526436,0.3927851016106716,0.04738514782121278,0.050569691304098524
Post2_GLCM_DifferenceAverage,114,4.11499461134,5.028872572859376,3.939889543,5.2165834955,0.001146114022792512,0.631634573115956,False,Spearman,0.23851212518271814,0.010602264225566415,Mann_Whitney_U,1156.0,0.011323186898712175,0.3719800509485755,0.04738514782121278,0.050569691304098524
Post2_GLCM_Dissimilarity,114,4.11499461134,5.028872572859376,3.939889543,5.2165834955,0.001146114022792512,0.631634573115956,False,Spearman,0.23851212518271814,0.010602264225566415,Mann_Whitney_U,1156.0,0.011323186898712175,0.3719800509485755,0.04738514782121278,0.050569691304098524
ADC_IB_75thIntensityPercentile,114,1121.48227903976,1480.310313253125,1031.5,1565.7493285,0.05298682871709014,0.2925266338409253,True,Pearson_point_biserial_equivalent,0.23754495023708888,0.010931805981815926,Welch_t_test,-2.5495177529204813,0.012327281178851011,0.48847758142375464,0.04755335602089928,0.052061818570875634
ADC_Morph_IntegratedIntensity_Intensity,114,774.3373865036799,1080.4079331515939,630.9333893,1148.5709015,0.0025538261672053875,0.05475831284529656,False,Spearman,0.2358261778270569,0.011539638515330769,Mann_Whitney_U,1161.0,0.01227940583136763,0.4712829121837261,0.04873536654532898,0.052061818570875634
ADC_IB_TotalLesionGlycolysis,114,14.15507732348,19.4975472079375,11.544136215,20.655590189999998,0.00171208343589099,0.04720035555436014,False,Spearman,0.235826655393113,0.011539465599264729,Mann_Whitney_U,1161.0,0.012279229842206286,0.4718064913386871,0.04873536654532898,0.052061818570875634
ADC_IH_IntensityHistogramEntropyLog2_Intensity,114,807.0605805378,1111.6648399907813,658.1961414,1177.691384,0.0017120834409631706,0.047200355661108646,False,Spearman,0.235826655393113,0.011539465599264729,Mann_Whitney_U,1161.0,0.012279229842206286,0.47180649126988095,0.04873536654532898,0.052061818570875634
ADC_IB_IntensityBasedQuartileCoefficientOfDispersion,114,43956.5808424896,61349.290551901555,34958.818795,65461.676315000004,0.002383274849592391,0.04857440550287066,False,Spearman,0.23528898835592466,0.011735585068081034,Mann_Whitney_U,1162.0,0.012479016588979515,0.4697696616469892,0.04902851628684852,0.05211596701533705
ADC_GLSZM_HighGrayLevelZoneEmphasis,114,0.013247622120000002,0.0080084235,0.0050293035,0.0010324969999999998,4.543391244766516e-08,1.509400279716926e-12,False,Spearman,-0.23502086955463994,0.011834469448549642,Mann_Whitney_U,2037.5,0.012579716176115838,-0.32120775960271947,0.04902851628684852,0.05211596701533705
ADC_GLCM_JointMaximum,114,14.21757688788,19.535680238703126,11.60489229,20.901313605,0.0015247690092831162,0.04537923484412121,False,Spearman,0.23314070259820288,0.012548596993459572,Mann_Whitney_U,1166.0,0.013306300572461741,0.4629987344398646,0.05101532422574686,0.05409570793477437
ADC_GLCM_DifferenceEntropy,114,28.435153776000003,39.07136047784375,23.20978458,41.802627215,0.0015247690107368789,0.04537923481094105,False,Spearman,0.23314070259820288,0.012548596993459572,Mann_Whitney_U,1166.0,0.013306300572461741,0.4629987344536595,0.05101532422574686,0.05409570793477437
Post2_GLRLM_ShortRunsEmphasis,114,0.8789209322999999,0.914506051609375,0.907118213,0.9296390864999999,2.9710253701907236e-08,2.2575901730204314e-09,False,Spearman,0.23045428311573443,0.013634168399335227,Mann_Whitney_U,1171.0,0.014408784029175451,0.47682681431718527,0.054915400497322436,0.058035380117512234
Pre_IH_IntensityHistogramSkewness_Intensity,114,0.17393143087999996,-0.16053019459375,0.0329740885,-0.24395207400000002,0.004127681389308667,2.6257119610344215e-07,False,Spearman,-0.2299170936446022,0.013860802907362222,Mann_Whitney_U,2028.0,0.014638665659749616,-0.40790584512195055,0.05531604830002354,0.05828127774822836
ADC_GLSZM_SmallZoneLowGreyLevelEmphasis,114,111.83118706048,170.05532190379688,52.421245185000004,123.97621515,1.0834849639376554e-07,5.514729376602843e-08,False,Spearman,0.22937990417346993,0.014090711737552943,Mann_Whitney_U,1173.0,0.014871774321961719,0.35251551758070965,0.055633134615843786,0.05828127774822836
Post2_GLSZM_ZonePercentage,114,0.28503780407999996,0.353894393359375,0.2737968665,0.3667577085,0.3837407734679766,0.7015419083450982,True,Pearson_point_biserial_equivalent,0.22890112037716231,0.014298414877276507,Welch_t_test,-2.4796106113210166,0.014759444386337327,0.4697003243425077,0.055633134615843786,0.05828127774822836
Post2_GLRLM_LongRunsEmphasis,114,1.9841776848000001,1.48428140290625,1.4416871745,1.3130752810000001,5.314440105226657e-12,1.14466238209545e-13,False,Spearman,-0.2288427147023377,0.014323933510286217,Mann_Whitney_U,2026.0,0.015108147608297212,-0.42370903519911307,0.055633134615843786,0.05867896615722578
Pre_IB_IntensitySkewness,114,0.17756813569999996,-0.166082295625,0.041912542000000004,-0.264065029,0.004289717673201388,3.1792560922884797e-07,False,Spearman,-0.2277683357600732,0.014800471938432763,Mann_Whitney_U,2024.0,0.015590839984289317,-0.4141435032408129,0.05697526808157745,0.06001783533775091
Post2_GLCM_ClusterShade,114,-315.23145994317997,-1158.2814460143907,-37.63535702,-517.29924525,4.8230497260232625e-06,0.00022525081305372474,False,Spearman,-0.22400800946214744,0.016578540273321007,Mann_Whitney_U,2017.0,0.017388772978281394,-0.48157404957224115,0.06326021946398805,0.06635189689081059
Post2_IB_IntensityBasedRobustMeanAbsoluteDeviation,114,77.55064360596,97.55057827696874,68.0999299,93.93950868499999,0.001901408529708112,0.45726020199721235,False,Spearman,0.2223964410487507,0.017395492634365323,Mann_Whitney_U,1186.0,0.01821337910523161,0.3873178492357151,0.06580034170390361,0.0688940861806587
Post2_IH_IntensityHistogramRobustMeanAbsoluteDeviation_Intensity,114,3.7604516736799996,4.6687528135625005,3.3467300714999997,4.4719485265,0.0011939099807025519,0.49505835352670463,False,Spearman,0.22185925157761846,0.01767544071992178,Mann_Whitney_U,1187.0,0.018495756178124982,0.37246803263381256,0.06628290269970667,0.06935908566796868
ADC_GLRLM_LongRunsEmphasis,114,0.17712644068,0.09780914596875001,0.036410652,0.007899594499999999,1.3049472968245313e-09,1.3542955336140877e-11,False,Spearman,-0.2213225103005981,0.017959037160987554,Mann_Whitney_U,2012.0,0.018781717079133873,-0.347164812956169,0.06677077918828707,0.06982946093524132
Post2_GLSZM_ZoneSizeNonUniformity,114,126.44153748506,112.04305078385937,30.420238095,43.87650787,3.0661955272011866e-15,6.36410506135159e-14,False,Spearman,0.21917330422195722,0.01913435521632641,Mann_Whitney_U,1192.0,0.019965851729475285,-0.03468878895680905,0.07053766541611854,0.07360292798577753
ADC_IB_AreaUnderCurveCIVH,114,8406508082.599719,2114106908.386672,115000000.0,507000000.0,2.428565158505141e-15,1.4430140066812598e-14,False,Spearman,0.21836973109681493,0.019590529849175413,Mann_Whitney_U,1193.5,0.020425048233748105,-0.19713121290504004,0.07161244104530509,0.07466299144269266
ADC_IH_IntensityHistogram50thPercentile,114,17.58,23.109375,16.0,24.0,0.01436878649150751,0.2441780523816321,False,Spearman,0.21715299135068056,0.020299080488629186,Mann_Whitney_U,1196.0,0.021137967455568982,0.4440736307933743,0.07358416677128081,0.07662513202643756
ADC_IB_50thIntensityPercentile,114,973.07518461508,1290.469269996875,878.5,1339.4438475,0.020288048368116846,0.26558413793066205,False,Spearman,0.21595060471077776,0.02102082911598541,Mann_Whitney_U,1198.0,0.021863484580527524,0.44467977239768847,0.07557074930126986,0.0786001305167725
Post2_IH_MinimumHistogramGradientGreyLevel_Intensity,114,11.78,17.203125,10.5,17.5,0.0013565205713134253,0.00361081875617822,False,Spearman,0.21205397926413072,0.02351338022549188,Mann_Whitney_U,1207.5,0.024366974963460863,0.4942723715137368,0.0838386917876145,0.08688224679594651
ADC_IB_IntensityKurtosis,114,772.9382132204598,1052.1048941967188,599.5,1121.455872,0.00183883710743928,0.04418459959807423,False,Spearman,0.20844471150080598,0.026043691487844516,Mann_Whitney_U,1212.0,0.026901626133599935,0.4078107097506351,0.09063204637769891,0.09361765894492777
ADC_IB_25thIntensityPercentile,114,772.9382132204598,1052.1048941967188,599.5,1121.455872,0.00183883710743928,0.04418459959807423,False,Spearman,0.20844471150080598,0.026043691487844516,Mann_Whitney_U,1212.0,0.026901626133599935,0.4078107097506351,0.09063204637769891,0.09361765894492777
Post2_IB_IntensityBasedEnergy,114,701618649.084406,297819964.3525625,43700000.0,92700000.0,1.5472627272815778e-15,3.721495764050979e-12,False,Spearman,0.20870191329409085,0.025855994539942875,Mann_Whitney_U,1211.5,0.026713664324284375,-0.1395731267679444,0.09063204637769891,0.09361765894492777
Post2_GLSZM_LargeZoneEmphasis,114,2503.2858825544404,683.5841187058281,42.040920715,15.241732805,5.2710337443162726e-14,7.674969955636322e-16,False,Spearman,-0.2068179463859155,0.027257967733383463,Mann_Whitney_U,1985.0,0.02811702417392815,-0.29026003301712744,0.09410488860334768,0.09707067869570433
ADC_GLSZM_LargeZoneLowGreyLevelEmphasis,114,4891019.43141352,143796.17677377502,15108.673535000002,43738.52505,1.513233656451081e-15,3.6242920696920066e-14,False,Spearman,0.205743567443651,0.02808607825160068,Mann_Whitney_U,1217.0,0.02894543078658116,-0.2243855628761368,0.0954487815581742,0.0983692374387719
Post2_GLSZM_ZoneSizeVariance,114,2325.28091284542,646.1374507533907,29.461250905,8.1611271535,5.130430733570852e-14,7.332075841318258e-16,False,Spearman,-0.205743567443651,0.02808607825160068,Mann_Whitney_U,1983.0,0.02894543078658116,-0.28474788401299556,0.0954487815581742,0.0983692374387719
ADC_IH_IntensityHistogramMinimumGreyLevel_Intensity,114,8.04,13.09375,4.5,13.0,3.412516164488521e-07,3.4341926471575736e-05,False,Spearman,0.20313312154962385,0.030187725309865077,Mann_Whitney_U,1227.5,0.031049615441109835,0.48606917748765693,0.10179581790535898,0.10470219160374247
Pre_Morph_MaxIntensityCoor_PerimeterCoor_2DSagittalSmallestDist_mm,114,1.3105773301199997,1.7039215944843753,0.707106781,1.58113883,1.0828042429766035e-09,9.71738063714442e-10,False,Spearman,0.20106364102412505,0.03194721904289579,Mann_Whitney_U,1251.5,0.03282073929452591,0.3287821706907933,0.10690030987430514,0.10982324302399055
ADC_IB_MinimumIntensity,114,421.1143404408,712.3213709381249,220.57295225000001,705.50268555,7.254824732733975e-07,5.6756180678382266e-05,False,Spearman,0.19960262004417004,0.0332409709682089,Mann_Whitney_U,1231.5,0.03409672294280326,0.4855509849426084,0.10872046895617196,0.11151935699337909
ADC_IH_IntensityHistogramKurtosis_Intensity,114,14.12,18.953125,11.0,20.0,0.001248091592001554,0.03505135082332902,False,Spearman,0.19983437083578634,0.03303284864196948,Mann_Whitney_U,1228.5,0.033887360029459,0.4049997896813858,0.10872046895617196,0.11151935699337909
ADC_IH_IntensityHistogram25thPercentile,114,14.12,18.953125,11.0,20.0,0.001248091592001554,0.03505135082332902,False,Spearman,0.19983437083578634,0.03303284864196948,Mann_Whitney_U,1228.5,0.033887360029459,0.4049997896813858,0.10872046895617196,0.11151935699337909
ADC_IH_IntensityHistogram10thPercentile,114,10.74,15.71875,8.0,17.0,1.8747625942979793e-05,0.000930608543329141,False,Spearman,0.19639715871583838,0.03623502112096858,Mann_Whitney_U,1236.5,0.03708212596046258,0.4444477812054172,0.11675729027867654,0.11948685031704608
ADC_GLRLM_ShortRunHighGreyLevelEmphasis,114,2.40270179926,0.9829351182031251,0.11886585399999999,0.0132748275,1.0172222922551103e-13,2.2331714112590448e-13,False,Spearman,-0.1966113464344028,0.036028123660911446,Mann_Whitney_U,1966.0,0.036874389602537,-0.26053408348585005,0.11675729027867654,0.11948685031704608
Post2_GLRLM_LongRunLowGreyLevelEmphasis,114,0.39886540654,0.08749378787499999,0.047235782000000004,0.0247522145,2.4198607810096718e-14,6.691783985755354e-16,False,Spearman,-0.1955369674921383,0.037076025031131214,Mann_Whitney_U,1964.0,0.03791881168950912,-0.31043707088963496,0.11858875653339762,0.12128443444806226
ADC_IB_10thIntensityPercentile,114,577.8377516142,860.7592624331562,405.97795105,923.75683595,3.3293793276283496e-05,0.0012405232170221959,False,Spearman,0.19446393633454262,0.03814804687318159,Mann_Whitney_U,1238.5,0.03898730746666289,0.4375778067216629,0.12112701014477364,0.12379181567882012
Post2_GLSZM_ZoneSizeEntropy,114,5.69293149628,6.118930215625,5.8438540759999995,6.1202334574999995,0.00026610107888554694,0.21483674662424532,False,Spearman,0.19392539907874157,0.038695802594957356,Mann_Whitney_U,1239.0,0.03953256626586947,0.4678944363726128,0.1219758994841047,0.12461352409893636
Post2_IH_IntensityHistogramSkewness_Intensity,114,0.23569733519999997,-0.04083075629687499,0.117654397,-0.2014827295,0.0013694457630215764,2.6310802684712397e-08,False,Spearman,-0.18801631489628684,0.04515106720881346,Mann_Whitney_U,1950.0,0.04595726038508027,-0.3387913447258985,0.1413001024160709,0.14382308106122244
ADC_IB_RootMeanSquareIntensity,114,5514.6081636628,1556.5526296289063,201.6625,403.3473066,2.1579865074952412e-15,1.8962603120898185e-14,False,Spearman,0.18479317806949336,0.04903427630908035,Mann_Whitney_U,1256.0,0.04981801823484834,-0.18563545729374079,0.15235650138892826,0.15479169951542163
ADC_Morph_SphereDiameter_mm,114,5505335.136031073,1541140.9480540361,197203.1358,398057.30004999996,2.1489212944442e-15,1.8383623086084633e-14,False,Spearman,0.18264442018496435,0.0517736558654155,Mann_Whitney_U,1260.0,0.052540118409740294,-0.18590859195980663,0.15972723618053716,0.16209185466834772
Post2_IB_IntensitySkewness,114,0.20512062318000002,-0.0469805998125,0.110056761,-0.2056820365,0.0005228912658307741,3.1108116956498205e-08,False,Spearman,-0.1788840938870386,0.05687103831921067,Mann_Whitney_U,1933.0,0.05760277383266546,-0.3097122482941599,0.1742176173863144,0.17645920152964417
Post2_GLCM_InverseVariance,114,0.25180343382,0.216456830609375,0.2363853295,0.185683137,0.11314426468874396,0.00031943295624113833,False,Spearman,-0.17619814653137736,0.06075862089662923,Mann_Whitney_U,1928.0,0.0614620483806318,-0.3768158379278683,0.18482517545478122,0.18696497234667717
Post2_NGTDM_Contrast,114,0.35613998,0.3981876201875,0.25196133099999996,0.3112608435,6.19390756709801e-08,0.0008863452265636069,False,Spearman,0.17458657811798062,0.06319364535881761,Mann_Whitney_U,1275.0,0.06387869216130623,0.12347705993895139,0.18958093607645282,0.1929668825706126
ADC_IB_IntensityBasedMedianAbsoluteDeviation,114,0.84489340324,0.539435321796875,0.42726746299999996,0.29777834599999997,9.154003298345084e-12,1.7438199305511904e-08,False,Spearman,-0.17136344129118716,0.06830239580948862,Mann_Whitney_U,1919.0,0.06894757007158316,-0.31679995421224877,0.2035037135419695,0.20684271021474945
Post2_GLCM_Correlation,114,0.49809128069999997,0.539010734796875,0.49953323549999995,0.5453257825,0.14669436438160222,0.22942901159536921,True,Pearson_point_biserial_equivalent,0.17535483645291558,0.06202308902083528,Welch_t_test,-1.8327304438685352,0.07008358344706887,0.35578377513455206,0.1873614147504399,0.2088106767087326
ADC_GLCM_ClusterTendency,114,-347.81754422330005,577.1933544501875,2.281582921,62.100732660000006,3.225021829974748e-12,4.122259514409285e-11,False,Spearman,0.16760345440239469,0.0746800360405364,Mann_Whitney_U,1288.0,0.07527354910752536,0.3126629306214432,0.22099194338526076,0.22274825756308525
Post2_Morph_MaxIntensityCoor_PerimeterCoor_2DSagittalSmallestDist_mm,114,1.8215424229600001,2.17468658796875,0.707106781,1.58113883,3.556898077499625e-08,4.867147030910519e-10,False,Spearman,0.15845595308329502,0.09220924187352833,Mann_Whitney_U,1316.5,0.09267764734062452,0.19658532987146457,0.2710204068580056,0.2723971391430518
Post2_IH_RootMeanSquare_Intensity,114,0.01678383548,0.012386666499999999,0.013317682,0.0105422325,2.017572430357564e-08,0.001981106210668392,False,Spearman,-0.15578494662835193,0.09790045164862218,Mann_Whitney_U,1890.0,0.09829800026873114,-0.3952148894594633,0.2858167548130916,0.2869773833348862
ADC_IH_RootMeanSquare_Intensity,114,258.29,23.390625,8.5,11.5,2.037833223872752e-15,9.433356895517947e-14,False,Spearman,0.1544973605196079,0.10074110518140524,Mann_Whitney_U,1312.5,0.10111473835114777,-0.20210867997184506,0.29214920502607516,0.29323274121832854
ADC_GLCM_ClusterShade,114,116672.72247741996,91602.7027731592,6099.837900500001,15166.026885,1.285537276958253e-13,3.698146362140633e-12,False,Spearman,0.15417369042784382,0.10146527555756651,Mann_Whitney_U,1313.0,0.1018325549045249,-0.09106848750784005,0.29230062826186376,0.2933586846587307
Post2_NGTDM_Busyness,114,2.7388669246199995,0.586489077,0.1629094485,0.110140031,3.202960142293471e-15,8.920969450426196e-16,False,Spearman,-0.15363618874382295,0.10267689441993348,Mann_Whitney_U,1886.0,0.10303390654088944,-0.22581188385598827,0.2938450596886254,0.2948667720084665
Post2_GLSZM_NormalisedZoneSizeNonUniformity,114,0.27950727222,0.29860970146875,0.2676078615,0.29409140300000003,0.03592746389365456,0.048238398388476954,False,Spearman,0.15148743085929398,0.10763431879301683,Mann_Whitney_U,1318.0,0.10794949079555075,0.28933848788113925,0.30601914166642036,0.30691521892852663
Pre_IB_IntensityBasedCoefficientOfVariation,114,0.45176480114,0.38832747234375,0.3919587885,0.342530644,1.0483445003941385e-05,1.2976066349802164e-11,False,Spearman,-0.14933867297476497,0.11277678013943124,Mann_Whitney_U,1878.0,0.11304890878369385,-0.24019729770563888,0.3185577880561857,0.3193264631227716
Pre_IH_IntensityHistogramCoefficientOfVariation_Intensity,114,0.42744231886,0.37025840099999996,0.3761207225,0.329131793,7.18064756999523e-05,2.2801756292556e-10,False,Spearman,-0.14880148350363273,0.11409177826293519,Mann_Whitney_U,1877.0,0.1143529706151067,-0.24945423279179726,0.32019305512501167,0.3209260788230414
ADC_IB_IntensityBasedCoefficientOfVariation,112,0.4242588075416666,0.375212354828125,0.299115456,0.2066458615,3.3498536587056e-05,3.6299677703017984e-08,False,Spearman,-0.1491464647410803,0.1165308917086024,Mann_Whitney_U,1803.0,0.11678480303353689,-0.14572851691484248,0.32494190957206437,0.325649931535824
Post2_IH_MaximumHistogramGradientGreyLevel_Intensity,114,13.38,16.59375,13.0,15.0,0.06345732415889825,0.033187398847680585,False,Spearman,0.14518382091462148,0.12325993542099262,Mann_Whitney_U,1330.0,0.12344651777193627,0.3591635447270551,0.3401317127995232,0.3406376801904333
Pre_IH_IntensityHistogramQuartileCoefficientOfDispersion_Intensity,114,0.287652067,0.22469295625000002,0.2476415095,0.2,0.000615762501836819,0.00135980458663442,False,Spearman,-0.14507582842257202,0.1235420933846544,Mann_Whitney_U,1870.0,0.12372587004618037,-0.40584224195916635,0.3401317127995232,0.3406376801904333
ADC_GLSZM_ZonePercentage,114,34.11299623682,37.97341721990625,23.345795645000003,27.57661157,4.9308331526542516e-09,3.566645162969157e-06,False,Spearman,0.14396706980718516,0.12646785075909073,Mann_Whitney_U,1332.0,0.12662784769583096,0.10209537103216539,0.3459969501899652,0.34643467765840547
Pre_IH_IntensityHistogramMode_Intensity,114,14.24,17.09375,14.0,16.0,0.018067562948592804,0.053640720608362086,False,Spearman,0.14331663986121201,0.12820878503523003,Mann_Whitney_U,1333.5,0.12835560813886088,0.32344662046587686,0.34856763431453164,0.348966809627528
Pre_IB_IntensityBasedQuartileCoefficientOfDispersion,114,0.29740202354,0.23437253153124998,0.24016673900000002,0.198334848,0.0004955812008462227,0.00022090094760129176,False,Spearman,-0.14235520985004574,0.1308157258038609,Mann_Whitney_U,1865.0,0.13094102226163556,-0.38698856293457506,0.3534462156812391,0.3537847495888911
Post2_IB_TotalLesionGlycolysis,114,1572.4329029895803,613.7479264042188,101.017,161.209,1.6508721644814367e-15,1.3534805422888415e-12,False,Spearman,0.1396692624943845,0.1383137179496461,Mann_Whitney_U,1340.0,0.1383803647154637,-0.15220541209397984,0.3676791930205926,0.37157690525448583
Post2_Morph_IntegratedIntensity_Intensity,114,1568687.2750708002,607867.1684099999,98127.61902499999,155387.48205,1.646524733212703e-15,1.2840750331335897e-12,False,Spearman,0.13913207302325226,0.13985176255558868,Mann_Whitney_U,1341.0,0.1399065751144218,-0.15257983272907413,0.3687001012829156,0.37337030782069625
Post2_GLRLM_LowGreyLevelRunEmphasis,114,0.08099984667999999,0.03684112965625,0.025880084499999997,0.019556965500000002,7.0865152832382064e-12,1.645358022160316e-13,False,Spearman,-0.13859488355212,0.141402755867617,Mann_Whitney_U,1858.0,0.14144570481071034,-0.38831047292630294,0.3705433662795987,0.375176107272311
Post2_GLSZM_LowGrayLevelZoneEmphasis,114,0.04835511853999999,0.02775980484375,0.0268770345,0.020270734999999998,1.6451101695585936e-11,1.2936880021128063e-09,False,Spearman,-0.13805769408098778,0.14296675428658054,Mann_Whitney_U,1857.0,0.14299781255266053,-0.38687451748375773,0.3723984318243266,0.37699423309337776
ADC_NGTDM_Contrast,112,0.7560986666666668,0.7228907838437499,0.187470009,0.10369393199999999,3.4659442900422722e-09,1.537138080437128e-12,False,Spearman,-0.13895643172836492,0.14396663249664696,Mann_Whitney_U,1785.0,0.1439997723716625,-0.025785611118929127,0.3727707448573894,0.37734880109441676
ADC_GLCM_SumVariance,114,5.180755455460001,4.348765753359375,6.0081134894999995,5.0438295985,0.0007002888688286161,4.4141543214169674e-05,False,Spearman,-0.13708467884844663,0.1458329289715658,Mann_Whitney_U,1855.0,0.14584297380446584,-0.26938158316726457,0.37536878167237353,0.37989038086792004
ADC_IB_MeanIntensity,114,109387.74759554675,118535.77278080936,50266.168659999996,73087.342225,9.881868702415003e-10,7.97561036659624e-08,False,Spearman,0.13483455725419427,0.15262696132233575,Mann_Whitney_U,1349.0,0.1525862420922955,0.06574586282332302,0.3793870181440917,0.3836706087291823
ADC_IB_90thIntensityPercentile,114,270.53451284362,304.66886814,224.16832955,270.2645219,0.0005862686385085554,0.0059964428915712156,False,Spearman,0.13483455725419427,0.15262696132233575,Mann_Whitney_U,1349.0,0.1525862420922955,0.19433098755668793,0.3793870181440917,0.3836706087291823
ADC_GLCM_InverseDifferenceMoment,114,0.9810455154799999,0.982924880078125,0.982360494,0.9858499860000001,0.3790792935276162,0.00023369762936308673,False,Spearman,0.1348348303044906,0.15262612270114706,Mann_Whitney_U,1349.0,0.1525854112329029,0.18360190264207857,0.3793870181440917,0.3836706087291823
ADC_GLRLM_RunPercentage,114,33.2388132619,36.00677407017187,15.05149839,23.005060115,1.1704264791421174e-09,4.272974634603849e-07,False,Spearman,0.13537202086347264,0.15098293467202148,Mann_Whitney_U,1348.0,0.15095422545303164,0.06781112093799405,0.3793870181440917,0.3836706087291823
Post2_IH_MinimumHistogramGradient_Intensity,114,-129.09,-56.25,-15.75,-9.75,1.1278958373949738e-13,1.1688065529023595e-15,False,Spearman,0.13541563002464574,0.15085012651212218,Mann_Whitney_U,1348.0,0.1508226526144914,0.25019925199398,0.3793870181440917,0.3836706087291823
Pre_IH_MaximumHistogramGradient_Intensity,114,362.36,92.703125,10.25,12.5,2.105744655905504e-15,6.767045198140042e-15,False,Spearman,0.1356821122961151,0.1500404839917318,Mann_Whitney_U,1347.5,0.15001894485612555,-0.18972785601662237,0.3793870181440917,0.3836706087291823
Pre_IB_StandardDeviation,114,88.73913052443999,77.03716981875,85.20773823,75.029126015,0.0585882580545089,0.22659342307377975,True,Pearson_point_biserial_equivalent,-0.13956217885784045,0.13861928196638434,Welch_t_test,1.4347107494059992,0.15499491937835766,-0.28153048567035066,0.3676791930205926,0.3846436760031201
Pre_IH_IntensityHistogramStd_Intensity,114,6.48025735106,5.62946108725,6.258952433,5.466876227,0.05475978300308206,0.21621820933856228,True,Pearson_point_biserial_equivalent,-0.13966989207326794,0.1383119229564806,Welch_t_test,1.4364795560064356,0.1544825627799471,-0.28175209046388033,0.3676791930205926,0.3846436760031201
Pre_IH_MinimumHistogramGradientGreyLevel_Intensity,114,13.88,16.296875,13.5,17.5,0.0014085361755824459,0.032657420733546626,False,Spearman,0.13384576866793155,0.15568657680910383,Mann_Whitney_U,1351.5,0.15562594707252675,0.2334860876905254,0.38479352790886456,0.3846436760031201
ADC_IH_IntensityHistogramInterquartileRange_Intensity,114,21.4,24.125,18.5,21.5,0.005288432380855143,0.021332894434579124,False,Spearman,0.13275706172999843,0.1591082338559109,Mann_Whitney_U,1353.0,0.1590214817343295,0.2040887703260172,0.39102871032384884,0.39081550595725045
Pre_GLSZM_GreyLevelNonUniformity,114,13.879659700619998,14.506473224734375,4.2903291345,4.807967313500001,6.363329354918916e-15,9.991012579605508e-16,False,Spearman,0.13214860989853303,0.1610448055354959,Mann_Whitney_U,1354.0,0.16094397828854268,0.01499177970201528,0.39356455285359954,0.39331814918829244
ADC_IB_IntensityInterquartileRange,114,1239.550522544,1388.481518375,1090.200531,1250.1482545,0.00592581353619045,0.016590019595944132,False,Spearman,0.13107476182857677,0.16450540479833328,Mann_Whitney_U,1356.0,0.164380553260849,0.19483442211250349,0.3997757043981842,0.3994722942372587
Post2_GLRLM_ShortRunLowGreyLevelEmphasis,114,0.05551214752,0.030437137031250002,0.0233268825,0.018733541,2.0811818377346515e-10,4.167132398681641e-12,False,Spearman,-0.12999985201400405,0.16802445543877653,Mann_Whitney_U,1842.0,0.16787558286993653,-0.39176576366338434,0.4060591006437099,0.4056993252690133
ADC_GLSZM_SmallZoneHighGreyLevelEmphasis,114,15493.527481107258,1086.1135182670623,6.2249882795,0.88007232,5.974711877852438e-15,3.671214083304736e-15,False,Spearman,-0.12946266254287178,0.16980386873187742,Mann_Whitney_U,1841.0,0.1696430129001979,-0.28543691129483706,0.40809217070920817,0.40770558348942587
Pre_Morph_RadiusSphereNorm_MaxIntensityCoor_RoiCentroidCoor_Dist,114,0.89140565822,0.9523662948125,0.8493542365,0.9501451485000001,0.2740061281914749,0.0007968248168185872,False,Spearman,0.1283882836006073,0.17340443941746847,Mann_Whitney_U,1361.0,0.17321966997592086,0.20171508013610262,0.4144556656406526,0.41401404637101963
Post2_NGTDM_Strength,114,8.450653133500001,9.950394002500001,4.2519368765,5.887158476,2.657719484894564e-07,6.7114524705272625e-06,False,Spearman,0.1273139046583428,0.17706098779775634,Mann_Whitney_U,1363.0,0.1768523939218566,0.15953876600240594,0.41859527006534786,0.418102126934824
Pre_NGTDM_Strength,114,9.23889410932,7.0478124750156255,6.276794229,5.2169973105,0.000292977195403455,1.7787001779536979e-07,False,Spearman,-0.1273139046583428,0.17706098779775634,Mann_Whitney_U,1837.0,0.1768523939218566,-0.29100053439827067,0.41859527006534786,0.418102126934824
ADC_IH_IntensityHistogramMean_Intensity,114,33.44019308514,36.06683877414063,15.256713520000002,22.714347365000002,9.627822494060202e-10,9.170141333980432e-08,False,Spearman,0.12516540024281397,0.18454261286014415,Mann_Whitney_U,1367.0,0.18428673583454336,0.061756217579423074,0.4247429967010295,0.42415405622796565
ADC_IH_IntensityHistogram90thPercentile,114,4.719688513199999,5.309834341328125,3.903869655,4.764537489,0.0006609255178837701,0.008370889464223298,False,Spearman,0.12516540024281397,0.18454261286014415,Mann_Whitney_U,1367.0,0.18428673583454336,0.19164188928334192,0.4247429967010295,0.42415405622796565
Post2_Morph_Maximum3DDiameter_mm,114,16.050699986339996,17.64325224709375,13.029657910000001,13.656193524999999,6.245203248901735e-11,6.506367609152975e-09,False,Spearman,0.12597195139291045,0.18170739570005656,Mann_Whitney_U,1365.5,0.18146921114552872,0.13932220051225663,0.4247429967010295,0.42415405622796565
Pre_Morph_Maximum3DDiameter_mm,114,16.050699986339996,17.64325224709375,13.029657910000001,13.656193524999999,6.245203248901735e-11,6.506367609152975e-09,False,Spearman,0.12597195139291045,0.18170739570005656,Mann_Whitney_U,1365.5,0.18146921114552872,0.13932220051225663,0.4247429967010295,0.42415405622796565
Pre_IH_IntensityHistogramRobustMeanAbsoluteDeviation_Intensity,114,3.8810638295399995,3.147458166109375,3.3662615815,2.8798331819999996,0.0037324957809965666,0.0036048964179938854,False,Spearman,-0.1251651467738138,0.18454350891148177,Mann_Whitney_U,1833.0,0.18428762443008162,-0.3385681465079726,0.4247429967010295,0.42415405622796565
ADC_GLCM_DifferenceVariance,114,2.9032436067200003,2.3537171777031247,3.1114571399999997,2.2238098920000002,0.0034042119400180836,0.00026820717803427375,False,Spearman,-0.1244795781077502,0.1869787377736055,Mann_Whitney_U,1831.0,0.18671087446225088,-0.26133336001445323,0.42808289963957047,0.4274696336372586
Post2_Morph_RadiusSphereNorm_MaxIntensityCoor_PerimeterCoor_2DSagittalSmallestDist,114,0.39063021076000004,0.40823469734374995,0.2154943595,0.3127197355,1.9322279997868215e-06,2.333520820746882e-06,False,Spearman,0.12221109965574269,0.19520347730872792,Mann_Whitney_U,1372.5,0.19488365258088514,0.05569154621838159,0.4439719994651931,0.44324356012928984
Pre_IH_IntensityHistogram10thPercentile,114,7.8,8.765625,8.0,8.0,0.023933115099052642,0.2739600124728242,False,Spearman,0.12200593121400198,0.1959600549363611,Mann_Whitney_U,1373.5,0.19563853688465205,0.21218847268646804,0.4439719994651931,0.44324356012928984
ADC_IB_IntensityRange,114,220.80078685913998,247.32022418190624,190.5774697,209.07102565,0.0004855236060270931,0.0006057815872782993,False,Spearman,0.12086763100475582,0.2001961710594605,Mann_Whitney_U,1375.0,0.19984778878317533,0.17643451370920016,0.4511437952224543,0.45035002808047997
Pre_Morph_RadiusSphereNorm_MaxIntensityCoor_PerimeterCoor_2DSagittalSmallestDist,114,0.29080901482,0.355206665453125,0.203419936,0.248734524,8.422685375456049e-07,8.82046917318993e-07,False,Spearman,0.12060050162510765,0.20119976154748537,Mann_Whitney_U,1375.5,0.20084575964968532,0.25002076243749155,0.4511437952224543,0.45035002808047997
ADC_IH_IntensityHistogramRange_Intensity,114,3.8539741691999994,4.310518256640625,3.311885275,3.6565993079999997,0.0005720213343242625,0.0008231663572555591,False,Spearman,0.1192563040940116,0.20630480451378858,Mann_Whitney_U,1378.0,0.20592270353605324,0.17321879787249936,0.45787035695662265,0.4593660309650418
ADC_Morph_Asphericity,114,5.26159297628,5.5443651009999995,3.9360526690000004,4.583754648499999,3.3776275304909054e-10,7.491497441167603e-07,False,Spearman,0.11764449417796233,0.21254772531938662,Mann_Whitney_U,1381.0,0.21213254252338687,0.0762083412039394,0.4645699952503628,0.4659851495906712
ADC_Morph_RadiusSphereNorm_MaxIntensityCoor_PerimeterCoor_3DSmallestDist,114,0.13534217942,0.123191775984375,0.13229104149999998,0.113755642,0.008531584468653836,0.0011639246520797149,False,Spearman,-0.11737732563512704,0.21359540011510933,Mann_Whitney_U,1818.5,0.21317481555987028,-0.20267450043914942,0.4645699952503628,0.4659851495906712
ADC_GLSZM_GreyLevelNonUniformity,114,0.12426731564000003,0.07757049465624999,0.07143682000000001,0.06251378,1.516845701781717e-12,2.1183135555786556e-12,False,Spearman,-0.11791404405434476,0.21149442814984545,Mann_Whitney_U,1819.5,0.21108473700467167,-0.3457507967590222,0.4645699952503628,0.4659851495906712
Pre_IB_IntensityBasedRobustMeanAbsoluteDeviation,114,51.18358040874,41.457922857671875,44.345684815,37.794082525,0.003980655636129349,0.0016945971483594531,False,Spearman,-0.11818168364909457,0.21045228395604954,Mann_Whitney_U,1820.0,0.21004804864251458,-0.3280308625944565,0.4645699952503628,0.4659851495906712
ADC_GLRLM_RunLengthVariance,114,4.327143423959999,4.5295017883906254,4.308651300499999,4.543088369,0.51677775916917,0.42191054526203453,True,Pearson_point_biserial_equivalent,0.12014325650031127,0.2029259999023149,Welch_t_test,-1.2451543320595595,0.21624478047906,0.24173697288165766,0.45268107670516405,0.47033239754195555
ADC_GLCM_JointAverage,114,32.04903832262001,34.04202000039062,14.598901260000002,19.901811915000003,7.198617048189637e-10,3.6637443527528524e-08,False,Spearman,0.11388439850419126,0.22763180923411633,Mann_Whitney_U,1388.0,0.2271424561454798,0.04763645716729182,0.4926360050589084,0.4915769573297697
Post2_IH_IntensityHistogramQuartileCoefficientOfDispersion_Intensity,114,0.27183614066,0.290817084765625,0.2466216215,0.28253507499999997,0.043229253887382184,0.2922047935487799,False,Spearman,0.11340141754246522,0.22962256171645892,Mann_Whitney_U,1389.0,0.2291245538955835,0.13438058745083512,0.4944842294389091,0.4934117868543506
Post2_GLRLM_RunLengthNonUniformity,114,2505.2450251339997,1252.6468167101561,265.06875045000004,288.54046005,1.7815494110571e-15,2.0612979132424635e-14,False,Spearman,0.11280978893777209,0.23207774843958467,Mann_Whitney_U,1390.0,0.2315680774342762,-0.1288935311787152,0.4948716694667615,0.4937848709995596
Post2_GLSZM_SmallZoneEmphasis,114,0.4192177013599999,0.443444218390625,0.416896639,0.425427083,0.8891871067868343,0.007471652746192445,False,Spearman,0.11280978893777209,0.23207774843958467,Mann_Whitney_U,1390.0,0.2315680774342762,0.22415015269707073,0.4948716694667615,0.4937848709995596
ADC_GLCM_InverseDifference,114,0.92301166526,0.9257551606250001,0.9179275785000001,0.9262164245,0.03981076398228497,0.3457020832077868,False,Spearman,0.11119844570928107,0.23885765627643765,Mann_Whitney_U,1393.0,0.23831835299556015,0.10101109775336187,0.501949259836187,0.5008159279600016
ADC_GLSZM_GreyLevelVariance,114,13183.667605864019,1235.0869023875,57.798014365,115.49498655,7.111944162632296e-15,3.459440422714743e-14,False,Spearman,0.11119844570928107,0.23885765627643765,Mann_Whitney_U,1393.0,0.23831835299556015,-0.28875531940350274,0.501949259836187,0.5008159279600016
Pre_IH_IntensityHistogramMedianAbsoluteDeviation_Intensity,114,5.08711837756,4.301741345359375,4.5192948515,4.0558125855,0.024966956456944384,0.022476638970781778,False,Spearman,-0.11119822052437535,0.23885861330135796,Mann_Whitney_U,1807.0,0.2383193036499318,-0.30035523685427906,0.501949259836187,0.5008159279600016
ADC_IH_IntensityHistogramMaximumGreyLevel_Intensity,114,13.38,16.84375,9.0,18.0,1.9322697613838908e-05,2.7292736189844558e-05,False,Spearman,0.10885454936923664,0.24896401924313802,Mann_Whitney_U,1401.5,0.2484079263972041,0.24778225139945173,0.5157111827179287,0.5145592761084942
Pre_IB_IntensityBasedMedianAbsoluteDeviation,114,69.75530689212,58.968513086406254,62.035768035000004,55.625459405,0.02588900860936458,0.021895735747867504,False,Spearman,-0.10904946263984637,0.24811252300797262,Mann_Whitney_U,1803.0,0.24753537188314856,-0.30030591366655,0.5157111827179287,0.5145592761084942
Pre_NGTDM_Contrast,114,0.36829202114000004,0.264617153046875,0.244619761,0.180687278,2.118850256327828e-05,2.1627115828084078e-06,False,Spearman,-0.10904946263984637,0.24811252300797262,Mann_Whitney_U,1803.0,0.24753537188314856,-0.3536726623118098,0.5157111827179287,0.5145592761084942
Post2_Morph_MaxIntensityCoor_RoiCentroidCoor_Dist_cm,114,4.8848822138,4.995808316578124,3.670276345,4.210569731,2.0964735838245102e-10,3.707645115786029e-05,False,Spearman,0.10851227316871412,0.25046415681526235,Mann_Whitney_U,1398.0,0.24987786543651647,0.027349479446103404,0.5163597545717494,0.5151510495966098
Pre_IB_IntensityVariance,114,10189.2647745786,7149.881306171876,7266.1764545,5629.527105499999,4.038808031997549e-05,1.747557161674692e-06,False,Spearman,-0.10797508369758187,0.25283109872808596,Mann_Whitney_U,1801.0,0.2522358013358641,-0.3843860319990791,0.5187807922014971,0.5175593093448154
ADC_NGTDM_Complexity,114,6.491493758019999,8.945916632765625,4.439222667,5.733878518,1.0011833046695925e-06,4.0003230403331e-12,False,Spearman,0.10636373067844278,0.26002301142377293,Mann_Whitney_U,1402.0,0.25940153814472366,0.2536325854956141,0.5212462312614794,0.5200004090333513
Pre_Morph_MaxIntensityCoor_RoiCentroidCoor_Dist_cm,114,5.200244216480001,5.69703452121875,3.9777966365,4.709791747,8.963117979126025e-12,1.5750847610233238e-08,False,Spearman,0.10636351528418513,0.2600239820315886,Mann_Whitney_U,1402.0,0.2594025028970971,0.10152593461045428,0.5212462312614794,0.5200004090333513
Pre_IB_IntensityBasedMeanAbsoluteDeviation,114,71.18919962226,60.21318870984375,65.46782707,56.051266385,0.02607005503838377,0.030146776647622685,False,Spearman,-0.10690070475531738,0.25761099129164544,Mann_Whitney_U,1799.0,0.25699809694248155,-0.3017734352846653,0.5212462312614794,0.5200004090333513
Pre_IH_IntensityHistogramVariance_Intensity,114,54.17079620204,38.13463772257813,39.213776185,29.887621279999998,4.231067232566862e-05,1.7279247650095515e-06,False,Spearman,-0.10636351528418513,0.2600239820315886,Mann_Whitney_U,1798.0,0.2594025028970971,-0.382452418053374,0.5212462312614794,0.5200004090333513
Pre_IH_IntensityHistogramMeanAbsoluteDeviation_Intensity,114,5.205447879459999,4.404646312015625,4.7842344235,4.108647423,0.023027918126411535,0.02999134998532794,False,Spearman,-0.10636351528418513,0.2600239820315886,Mann_Whitney_U,1798.0,0.2594025028970971,-0.3032817218873736,0.5212462312614794,0.5200004090333513
ADC_IB_IntensityBasedRobustMeanAbsoluteDeviation,114,216.24175777927996,240.18591177221876,190.4518199,206.9017483,0.0007030025606977812,0.0004945363963692764,False,Spearman,0.10528913634192062,0.26489614621230734,Mann_Whitney_U,1404.0,0.2642579402320009,0.1608010493971057,0.528577172487861,0.5273036880776165
ADC_IH_IntensityHistogramRobustMeanAbsoluteDeviation_Intensity,114,3.7613341313200004,4.17118625521875,3.2939980159999998,3.6354452315000003,0.0007908034709554918,0.0007790272092631694,False,Spearman,0.10475215900149668,0.267354380399409,Mann_Whitney_U,1405.0,0.2667080441399853,0.15655316571849556,0.5310463720262234,0.5297625534287379
Post2_Morph_CentreOfMassShift_mm,114,0.44900488644,0.47185614624999994,0.317279154,0.3746960815,1.8213300495720887e-09,6.506106825676687e-11,False,Spearman,0.10421475739965612,0.26983000222800296,Mann_Whitney_U,1406.0,0.269175680050059,0.05225083723528706,0.5335275044053696,0.5322337310080711
ADC_Morph_RadiusRoiNorm_MaxIntensityCoor_PerimeterCoor_2DSagittalSmallestDist,114,16.01794860666,17.148126793265625,12.638146235,13.290871379999999,6.649975871176928e-11,5.640008031697497e-09,False,Spearman,0.1028730336802143,0.2760784002080105,Mann_Whitney_U,1408.5,0.27540486118124363,0.09995841629395985,0.5414350182378594,0.5420864914653438
Pre_GLRLM_GreyLevelVariance,114,54.8135197565,39.282062021828125,40.24130732,31.50918247,5.378571038894665e-05,2.921038274598792e-06,False,Spearman,-0.10260318898625938,0.27734672914084685,Mann_Whitney_U,1791.0,0.2766694306818889,-0.3739259643979539,0.5414350182378594,0.5421225330928904
ADC_NGTDM_Busyness,114,427.18584454564007,459.11655609034375,149.93043745,194.07402655,4.400119481350427e-11,2.881575257319833e-09,False,Spearman,0.10152901564760447,0.28243435286352336,Mann_Whitney_U,1411.0,0.281742575903292,0.04878053936692267,0.5414350182378594,0.542294001784502
Pre_GLCM_SumVariance,114,147.86551805570002,101.82303357492188,91.851439515,77.26392067500001,2.705679101629556e-05,1.3739208472301043e-06,False,Spearman,-0.10152881004399489,0.28243533260343223,Mann_Whitney_U,1789.0,0.28174355035240795,-0.3862191419357209,0.5414350182378594,0.542294001784502
Pre_GLCM_InverseVariance,114,0.25690634112,0.27517337195312497,0.2409246995,0.271976653,0.003824885234157099,0.23107309272776091,False,Spearman,0.10206599951512713,0.2798832775933246,Mann_Whitney_U,1410.0,0.27919865187580295,0.1811595344412678,0.5414350182378594,0.542294001784502
Pre_GLCM_ClusterTendency,114,147.86551805570002,101.82303357492188,91.851439515,77.26392067500001,2.705679101629556e-05,1.3739208472301043e-06,False,Spearman,-0.10152881004399489,0.28243533260343223,Mann_Whitney_U,1789.0,0.28174355035240795,-0.3862191419357209,0.5414350182378594,0.542294001784502
Pre_IB_IntensityInterquartileRange,114,119.3294401524,97.5679284325,95.112594605,82.0,0.0015845261035955342,0.0008069710773615154,False,Spearman,-0.10126103555464232,0.28371325798887753,Mann_Whitney_U,1788.5,0.28301798345285734,-0.2979412159162952,0.5414350182378594,0.5423472370131848
Post2_Morph_SurfaceArea_cm2,114,9.30950677164,8.274496007390624,3.348027033,3.2746846969999996,8.220432609943448e-15,5.869912736766254e-14,False,Spearman,0.09991724163059815,0.2901846394788311,Mann_Whitney_U,1414.0,0.28947244152497875,-0.04383523918313534,0.5461672438674443,0.547480487232025
Pre_Morph_SurfaceArea_cm2,114,9.30950677164,8.274496007390624,3.348027033,3.2746846969999996,8.220432609943448e-15,5.869912736766254e-14,False,Spearman,0.09991724163059815,0.2901846394788311,Mann_Whitney_U,1414.0,0.28947244152497875,-0.04383523918313534,0.5461672438674443,0.547480487232025
Pre_IH_IntensityHistogramInterquartileRange_Intensity,114,8.74,7.109375,7.0,6.0,0.0010031814992721754,0.0006401791602047391,False,Spearman,-0.10000551314418442,0.2897565620863375,Mann_Whitney_U,1785.5,0.2890500913624505,-0.30660589686557105,0.5461672438674443,0.547480487232025
Pre_IB_10thIntensityPercentile,114,100.07269041858001,112.80304494406249,98.72944641000001,106.13463970000001,0.06039857691872132,0.413923414319201,True,Pearson_point_biserial_equivalent,0.10124568573500443,0.2837866302488091,Welch_t_test,-1.0459348790866656,0.29835555611193904,0.2032826764017453,0.5414350182378594,0.5576882789878289
ADC_GLSZM_NormalisedGreyLevelNonUniformity,114,47.875943175040014,43.88277353064062,8.630952381,11.314548595,9.247876070772766e-15,1.1097903327839942e-15,False,Spearman,0.0980392624064205,0.29939149647000385,Mann_Whitney_U,1417.5,0.29865761470001506,-0.0265762882469206,0.556679095422408,0.5576882789878289
Pre_GLCM_JointVariance,114,49.37334223886,34.406119995,34.037883185,26.490644465000003,2.625214032265162e-05,1.2945863633029352e-06,False,Spearman,-0.09776848374606915,0.3007346837339446,Mann_Whitney_U,1782.0,0.29999783283483206,-0.38086678682250713,0.556679095422408,0.5576882789878289
Pre_GLRLM_LongRunLowGreyLevelEmphasis,114,0.21117763970000003,0.07184211671875002,0.034339252,0.0250335665,2.9540296492599197e-13,1.7993921305299402e-16,False,Spearman,-0.09776848374606915,0.3007346837339446,Mann_Whitney_U,1782.0,0.29999783283483206,-0.3347023790150446,0.556679095422408,0.5576882789878289
ADC_Morph_RadiusSphereNorm_CentroidCoor_WCentroidCoor_Dist,114,0.13381772394,0.117243755875,0.0991793505,0.0716340195,4.62944398117736e-07,5.167858167166726e-07,False,Spearman,-0.09723129427493689,0.3034110983041511,Mann_Whitney_U,1781.0,0.30266856190817326,-0.14333718250773983,0.5568937880266064,0.5602588273619377
Pre_IB_90thIntensityPercentile,114,329.153466794,305.2685508734375,326.2072296,302.9760437,0.7364677197425114,0.7881078127625634,True,Pearson_point_biserial_equivalent,-0.09968987545163799,0.29128919672930365,Welch_t_test,1.0253278694844659,0.30799021399131843,-0.20012729296105086,0.5461672438674443,0.5676938266365402
Pre_GLCM_ClusterProminence,114,117805.63238013336,59453.242627873755,34394.191325,23243.864435,2.413935528032654e-08,9.861460806611915e-11,False,Spearman,-0.09508253639040791,0.3142724644257347,Mann_Whitney_U,1777.0,0.3135091814152622,-0.45332337086255786,0.5696188417716441,0.575428244369785
Pre_IB_MaximumIntensity,114,446.45836578399997,419.098017690625,437.27217099999996,423.0,0.4579410338086375,0.6158986989835536,True,Pearson_point_biserial_equivalent,-0.09742853712941263,0.30242657558082997,Welch_t_test,0.9993978034013242,0.3203550847558523,-0.1955436448305557,0.5568937880266064,0.5766215055894237
Pre_IH_IntensityHistogram90thPercentile,114,24.52,22.828125,24.0,22.5,0.7486114607730803,0.7069126615795471,True,Pearson_point_biserial_equivalent,-0.09673796505520316,0.30588270412697866,Welch_t_test,0.9942575113814107,0.3228027831542729,-0.19414449396231154,0.5590713289715786,0.5766215055894237
Pre_IH_IntensityHistogramMaximumGreyLevel_Intensity,114,33.16,31.1875,32.5,31.5,0.3828382494136914,0.5487489052561796,True,Pearson_point_biserial_equivalent,-0.09636178094009512,0.30777623158591905,Welch_t_test,0.988476859720003,0.32563990917106955,-0.19338243592028334,0.5601784968195598,0.5766215055894237
Post2_Morph_MaxIntensityCoor_PerimeterCoor_3DSmallestDist_mm,114,1.05682792712,1.0962372973906251,0.707106781,0.707106781,2.586786109300219e-10,7.701778323932759e-13,False,Spearman,0.0942540843719274,0.31852660424511536,Mann_Whitney_U,1445.0,0.31793877448223684,0.06004599781688926,0.5749339122266606,0.5766215055894237
Post2_Morph_RadiusSphereNorm_CentroidCoor_WCentroidCoor_Dist,114,0.09569632512,0.08967791482812501,0.06716143299999999,0.07257638250000001,1.869886995415582e-09,3.770879932552254e-07,False,Spearman,0.09293377850587893,0.3253829602410431,Mann_Whitney_U,1427.0,0.3246022546729431,-0.07327372853906548,0.5777207661422601,0.5766215055894237
Pre_GLCM_DifferenceAverage,114,4.3133299521,3.761622017390625,3.943500901,3.513317966,0.01841595696494167,0.02328090067612284,False,Spearman,-0.09293377850587893,0.3253829602410431,Mann_Whitney_U,1773.0,0.3246022546729431,-0.24138338740354523,0.5777207661422601,0.5766215055894237
Pre_GLCM_Dissimilarity,114,4.3133299521,3.761622017390625,3.943500901,3.513317966,0.01841595696494167,0.02328090067612284,False,Spearman,-0.09293377850587893,0.3253829602410431,Mann_Whitney_U,1773.0,0.3246022546729431,-0.24138338740354523,0.5777207661422601,0.5766215055894237
Pre_GLSZM_HighGrayLevelZoneEmphasis,114,375.58004620505994,322.3465703442188,318.34800995,293.1670168,0.009760079633564584,0.007432927671152074,False,Spearman,-0.09347096797701117,0.32258198754025946,Mann_Whitney_U,1774.0,0.3218053165708039,-0.26333324840831057,0.5777207661422601,0.5766215055894237
Pre_GLCM_DifferenceVariance,114,17.70212585564,12.757302017734375,12.62484678,9.3422168325,7.195548604840775e-06,1.1962430098938859e-06,False,Spearman,-0.09239658903474668,0.32819949159868844,Mann_Whitney_U,1772.0,0.3274149698404314,-0.34117648140962503,0.5780031532203623,0.5766215055894237
Pre_GLSZM_LargeZoneHighGreyLevelEmphasis,114,2163695.62613342,263019.6707090781,9346.850785499999,14504.06553,1.4909590402624549e-15,6.499144118451531e-17,False,Spearman,0.09239658903474668,0.32819949159868844,Mann_Whitney_U,1428.0,0.3274149698404314,-0.20222351920440107,0.5780031532203623,0.5766215055894237
Pre_GLCM_Contrast,114,47.75171704952,34.29045831053125,32.044052575,25.38908448,6.284222296575501e-06,4.067746401590266e-07,False,Spearman,-0.09132221009248218,0.33387920596317433,Mann_Whitney_U,1770.0,0.33308771736660536,-0.3346303464731652,0.5856348975563743,0.5842466010261022
ADC_IH_MinimumHistogramGradient_Intensity,114,14.76,18.109375,10.0,19.0,1.3766111908773921e-05,3.322352652851259e-06,False,Spearman,0.0907573807885939,0.3368901120539526,Mann_Whitney_U,1436.0,0.33613860438132204,0.21426753718363578,0.5885429668412425,0.587204109422809
Pre_IH_IntensityHistogramKurtosis_Intensity,114,0.92680577588,1.0482321780625,0.2842247445,0.394003151,2.201174578072061e-08,3.2645947001791223e-09,False,Spearman,0.09024783115021767,0.33962107175869416,Mann_Whitney_U,1432.0,0.33882352060948284,0.05051522780630878,0.5885863195818006,0.587204109422809
Pre_GLCM_NormalisedInverseDifferenceMoment,114,0.96785586468,0.9719476551093751,0.9724432745,0.9738863474999999,0.026714708516164403,0.026379902530827178,False,Spearman,0.09024783115021767,0.33962107175869416,Mann_Whitney_U,1432.0,0.33882352060948284,0.23952896079125147,0.5885863195818006,0.587204109422809
ADC_IH_IntensityHistogramMeanAbsoluteDeviation_Intensity,114,3.0145779008799996,3.35744476075,2.6462936385,2.5768814725,0.00035155062860985965,3.178598493633187e-05,False,Spearman,0.08917706407770264,0.34540539792682357,Mann_Whitney_U,1434.0,0.3446027830913678,0.15353848718439433,0.5962355083260645,0.5948500422410515
Post2_IB_IntensityKurtosis,114,0.6303023972200001,0.26382754828125,-0.1505996665,-0.241172803,1.3773997449802929e-09,2.9351053469791637e-13,False,Spearman,-0.08809907326568868,0.35129093963341895,Mann_Whitney_U,1764.0,0.3504840550809689,-0.16213619797568146,0.6039982558914515,0.6026109247439584
Pre_GLSZM_LargeZoneLowGreyLevelEmphasis,114,436.83293323006,58.05566045892188,0.8879542275000001,0.54406276,3.9143737713909486e-15,2.357287716627125e-17,False,Spearman,-0.08756188379455643,0.3542471133618895,Mann_Whitney_U,1763.0,0.3534384910042072,-0.2416007730070143,0.606683048474102,0.6052982030977565
ADC_IB_IntensityBasedMeanAbsoluteDeviation,114,164.30000674720003,182.90067687460936,142.69462805,142.33208150000002,0.0005473371596906517,2.2948161452883724e-05,False,Spearman,0.08648750485229194,0.3602058064343494,Mann_Whitney_U,1439.0,0.3593944393053917,0.15133976297909518,0.6120684601521171,0.6106897699134586
Post2_IH_IntensityHistogramKurtosis_Intensity,114,0.57979472894,0.243999709625,-0.15180893750000002,-0.225637725,1.2691362463826172e-09,2.294431369401427e-13,False,Spearman,-0.08648750485229194,0.3602058064343494,Mann_Whitney_U,1761.0,0.3593944393053917,-0.1507364751093642,0.6120684601521171,0.6106897699134586
Pre_Morph_RadiusRoiNorm_MaxIntensityCoor_PerimeterCoor_2DSagittalSmallestDist,114,0.2038191214,0.23337497912500002,0.1437294535,0.158454641,4.5685733760725354e-07,3.2193019240167576e-07,False,Spearman,0.08568206767072949,0.3647133625876239,Mann_Whitney_U,1440.5,0.36390059176209744,0.1659117969281735,0.615444763762127,0.615940690336624
Pre_GLRLM_LongRunHighGreyLevelEmphasis,114,535.8670934786,484.46955697640624,533.0613305500001,448.90190625,0.3220446735302106,0.0188553068793306,False,Spearman,-0.08541312591002745,0.3662261801680865,Mann_Whitney_U,1759.0,0.3654130575902532,-0.1800183140101245,0.615444763762127,0.616103411053334
ADC_IH_IntensityHistogramMedianAbsoluteDeviation_Intensity,114,0.43248799338000005,0.432462561796875,0.3930166095,0.2853804775,0.08663714659716086,1.9043670577699898e-06,False,Spearman,-0.08433891776017938,0.3723071117291217,Mann_Whitney_U,1757.0,0.3714932434713265,-7.767957857861941e-05,0.6205118528818695,0.623936528610143
Pre_IB_IntensityRange,114,428.32708330599996,402.43841048203126,424.66430805,407.5025797,0.9735612469308311,0.15355080959270329,True,Pearson_point_biserial_equivalent,-0.08520228680755096,0.36741486220258773,Welch_t_test,0.8784595551622056,0.38200941104300246,-0.1708125648200521,0.615444763762127,0.6374629786660742
Pre_IH_IntensityHistogramRange_Intensity,114,31.04,29.171875,30.5,29.5,0.9392451196117594,0.09974728349047339,True,Pearson_point_biserial_equivalent,-0.08512484864897202,0.3678520427083977,Welch_t_test,0.877593604943679,0.38247778719964454,-0.17065618400187885,0.615444763762127,0.6374629786660742
Pre_GLRLM_RunEntropy,114,4.66187192762,4.61314745878125,4.8047742895,4.6881568045,0.015172491383870277,0.017485814234252172,False,Spearman,-0.08165279961210171,0.38778088650529896,Mann_Whitney_U,1752.0,0.3869696550183481,-0.08493656919679578,0.6438346779763552,0.6424877860037459
Post2_Morph_RadiusRoiNorm_MaxIntensityCoor_PerimeterCoor_2DSagittalSmallestDist,114,0.274346655,0.268729884171875,0.1516831525,0.2176024015,2.473683284755905e-06,3.798812527327753e-06,False,Spearman,0.0805787470257644,0.39407478278650476,Mann_Whitney_U,1450.0,0.39326645816507033,-0.02598448825316899,0.6517966939624699,0.6504597311855725
Pre_Morph_RadiusRoiNorm_MaxIntensityCoor_PerimeterCoor_3DSmallestDist,114,0.13837718038,0.12976036303125,0.1329503165,0.120459803,0.0010852522822095065,0.001276703710659955,False,Spearman,-0.07950452473581215,0.40043028685574933,Mann_Whitney_U,1748.0,0.3996259425047961,-0.12352237473216267,0.6597999044782233,0.6584745643544936
Post2_GLSZM_GreyLevelNonUniformity,114,23.753487504720002,16.056528214671875,5.881570193,5.26185567,2.7221394305139995e-15,1.524759642581689e-14,False,Spearman,0.07896685225644048,0.4036340469646338,Mann_Whitney_U,1453.0,0.4028320918665117,-0.09974155031506526,0.6625690959608139,0.6612526791016324
ADC_GLCM_DifferenceAverage,114,4.15217178302,4.941886859125001,2.7518280529999997,2.6373051700000003,1.204367535569752e-08,1.4113845566377011e-08,False,Spearman,0.07843029809537283,0.4068461886360535,Mann_Whitney_U,1454.0,0.40604691436299234,0.15357718297691608,0.6628455070619328,0.661543302762072
Pre_GLRLM_GreyLevelNonUniformity,114,345.79366213686,118.62455923070313,19.40022344,22.5372655,2.084781510461493e-15,2.2524705623634033e-14,False,Spearman,0.07842966278530823,0.40685000088628975,Mann_Whitney_U,1454.0,0.4060507168677545,-0.17136788964293065,0.6628455070619328,0.661543302762072
ADC_IH_IntensityHistogramSkewness_Intensity,112,4.113931925395833,1.9817047675781247,-0.4406424485,-0.085335673,9.469429371288284e-15,2.1561067406288925e-16,False,Spearman,0.07757005626603504,0.41625205278052335,Mann_Whitney_U,1397.0,0.4154665223452444,-0.12045517323284484,0.6756329961176406,0.6743579747021691
Pre_GLSZM_SmallZoneHighGreyLevelEmphasis,114,162.55026600216001,139.189260678125,119.4797233,121.86230535,3.7377450586620036e-05,0.00012040696168232119,False,Spearman,-0.07520652595851472,0.42646013275643024,Mann_Whitney_U,1740.0,0.42568271756636133,-0.22313541309632282,0.6896288392157887,0.6883716808229263
Pre_Morph_RadiusRoiNorm_CentroidCoor_WCentroidCoor_Dist,114,0.07647316296,0.0547891628125,0.055719329,0.0501696175,1.0188680179967975e-07,2.865443778323265e-09,False,Spearman,-0.07466933648738248,0.42978053984195597,Mann_Whitney_U,1739.0,0.42900775634116395,-0.3680364926704178,0.6924242030787068,0.6911791629940974
ADC_Morph_CentreOfMassShift_mm,114,0.1962835115,0.17514837225,0.1377163335,0.1132849265,3.3430459296033414e-07,1.8952436982787674e-06,False,Spearman,-0.07413214701625023,0.4331157123107324,Mann_Whitney_U,1738.0,0.43234784592357445,-0.1251603330711593,0.6952226378419506,0.6939900847850734
ADC_Morph_voxelsCounting_vx,114,9.27799202206,7.961947111984374,3.2878245885,3.2075008955,8.191984200064949e-15,4.147261211392236e-14,False,Spearman,0.07359495754511798,0.43646560770294474,Mann_Whitney_U,1463.0,0.43570294503426976,-0.05587228823461343,0.6980240417308123,0.6968043422423065
Pre_GLRLM_LowGreyLevelRunEmphasis,114,0.07123479994000001,0.032845751468750004,0.0181808975,0.018031408999999998,9.176358969430476e-11,1.0529705795649305e-13,False,Spearman,-0.07252057860285348,0.443209391848444,Mann_Whitney_U,1735.0,0.44245800088935094,-0.41982303180942304,0.7062127672310371,0.7050154959225922
ADC_IB_MaximumIntensity,114,395.23743304308005,429.71000755781256,336.5,336.37493895,0.0003613360446043638,8.787917815420528e-06,False,Spearman,0.07198353490359258,0.4466022671940607,Mann_Whitney_U,1466.0,0.4458569480849879,0.11405716241973378,0.7085264716073966,0.7078385854633932
ADC_Morph_MaxIntensityCoor_RoiCentroidCoor_Dist_cm,114,0.9737834299399999,1.015395245296875,1.0091327845,1.057537556,0.23025877815234666,0.13305525679065663,True,Pearson_point_biserial_equivalent,0.07177572729706883,0.4479190337747909,Welch_t_test,-0.7571283962470506,0.45070215638959277,0.14374264454085234,0.7085264716073966,0.7083647295113905
ADC_GLSZM_ZoneSizeVariance,114,5.124108294,5.483312242078124,5.284999233000001,5.3821995645000005,0.009790232861157657,0.1092334571237746,False,Spearman,0.07090958457937817,0.45343069683508685,Mann_Whitney_U,1468.0,0.45269839608257145,0.2383647658083218,0.7095106062031729,0.7083647295113905
Pre_GLRLM_ShortRunLowGreyLevelEmphasis,114,0.054102942120000004,0.027737685031250004,0.017029763,0.017145730999999997,1.0252386423840952e-09,3.87377339569881e-12,False,Spearman,-0.07090901018945675,0.4534343644240967,Mann_Whitney_U,1732.0,0.4527020570210726,-0.43415055463751295,0.7095106062031729,0.7083647295113905
Pre_GLSZM_GreyLevelVariance,114,62.3771068501,49.297645253640624,53.701525565,41.417549815,0.0004138956237125057,5.0084902601751224e-05,False,Spearman,-0.07090901018945675,0.4534343644240967,Mann_Whitney_U,1732.0,0.4527020570210726,-0.3244970387193534,0.7095106062031729,0.7083647295113905
ADC_Morph_RadiusRoiNorm_MaxIntensityCoor_PerimeterCoor_2DAxialSmallestDist,114,1.4273901083599998,1.7899970970781252,0.707106781,0.707106781,2.8228914356380526e-10,6.5657285305357965e-12,False,Spearman,0.06829292448012028,0.470308914455037,Mann_Whitney_U,1489.5,0.46987721774061253,0.20688271861220436,0.7174298459828269,0.7201365720991616
ADC_GLCM_InverseVariance,114,0.7227109377400001,0.762529623296875,0.7578638945,0.778745393,5.725994790069926e-05,1.751099262427845e-07,False,Spearman,0.06876039154970039,0.46726873627551024,Mann_Whitney_U,1472.0,0.4665659740586676,0.2612009821217931,0.7174298459828269,0.7201365720991616
ADC_GLRLM_GreyLevelVariance,114,0.8277593414000001,0.611049822046875,0.2178492305,0.2836479005,3.7485930326641454e-13,8.131173027937791e-13,False,Spearman,0.06607430494926651,0.4848836200435658,Mann_Whitney_U,1477.0,0.4842244354918739,-0.150520718265804,0.7174298459828269,0.7201365720991616
Post2_Morph_Volume_cm3,114,4.0741883339200005,1.83687304696875,0.37675000000000003,0.35520833350000003,2.160502425520823e-15,5.981071978061918e-15,False,Spearman,0.06607430494926651,0.4848836200435658,Mann_Whitney_U,1477.0,0.4842244354918739,-0.14603547555190355,0.7174298459828269,0.7201365720991616
Post2_Morph_ApproximateVolume_cm3,114,4.0880399999999995,1.852234375,0.3875,0.365,2.1674614004536117e-15,6.100337267662365e-15,False,Spearman,0.06715004374094015,0.4777868281220998,Mann_Whitney_U,1475.0,0.4771093349011567,-0.1458392988259887,0.7174298459828269,0.7201365720991616
Post2_Morph_voxelsCounting_vx,114,4088.04,1852.234375,387.5,365.0,2.1674614004536117e-15,6.100337267662409e-15,False,Spearman,0.06715004374094015,0.4777868281220998,Mann_Whitney_U,1475.0,0.4771093349011567,-0.14583929882598876,0.7174298459828269,0.7201365720991616
Post2_Morph_SphereDiameter_mm,114,11.14190464772,11.480381706109377,9.0432775045,8.866755794,8.101212471929794e-12,2.698349925131042e-08,False,Spearman,0.06715004374094015,0.4777868281220998,Mann_Whitney_U,1475.0,0.4771093349011567,0.04312323626929871,0.7174298459828269,0.7201365720991616
Pre_Morph_Volume_cm3,114,4.0741883339200005,1.83687304696875,0.37675000000000003,0.35520833350000003,2.160502425520823e-15,5.981071978061918e-15,False,Spearman,0.06607430494926651,0.4848836200435658,Mann_Whitney_U,1477.0,0.4842244354918739,-0.14603547555190355,0.7174298459828269,0.7201365720991616
Pre_Morph_ApproximateVolume_cm3,114,4.0880399999999995,1.852234375,0.3875,0.365,2.1674614004536117e-15,6.100337267662365e-15,False,Spearman,0.06715004374094015,0.4777868281220998,Mann_Whitney_U,1475.0,0.4771093349011567,-0.1458392988259887,0.7174298459828269,0.7201365720991616
Pre_Morph_voxelsCounting_vx,114,4088.04,1852.234375,387.5,365.0,2.1674614004536117e-15,6.100337267662409e-15,False,Spearman,0.06715004374094015,0.4777868281220998,Mann_Whitney_U,1475.0,0.4771093349011567,-0.14583929882598876,0.7174298459828269,0.7201365720991616
Pre_Morph_SphereDiameter_mm,114,11.14190464772,11.480381706109377,9.0432775045,8.866755794,8.101212471929794e-12,2.698349925131042e-08,False,Spearman,0.06715004374094015,0.4777868281220998,Mann_Whitney_U,1475.0,0.4771093349011567,0.04312323626929871,0.7174298459828269,0.7201365720991616
Pre_IH_IntensityHistogram25thPercentile,114,11.94,12.671875,12.0,13.0,0.14743582955243734,0.670034358692515,True,Pearson_point_biserial_equivalent,0.06752062606687946,0.4753550898482591,Welch_t_test,-0.6930725464367151,0.4900629307796206,0.13518084404767866,0.7174298459828269,0.7201365720991616
Pre_GLCM_JointEntropyLog2,114,7.50138848038,7.4574737103281254,8.165644761,7.7413928384999995,0.008388026923059013,0.0021030090880853596,False,Spearman,-0.0682230628337955,0.47076418438131173,Mann_Whitney_U,1727.0,0.4700695435428919,-0.02797693200417119,0.7174298459828269,0.7201365720991616
Pre_GLCM_JointEntropyLog10,114,2.2581429418199996,2.24492327878125,2.458104007,2.3303914525,0.008388026995337153,0.0021030090948539588,False,Spearman,-0.0682230628337955,0.47076418438131173,Mann_Whitney_U,1727.0,0.4700695435428919,-0.027976931999848714,0.7174298459828269,0.7201365720991616
Pre_GLCM_SumEntropy,114,7.25721990428,7.166505461640625,8.165644761,7.7413928384999995,0.0005720342726035703,5.19696309798039e-07,False,Spearman,-0.06661149442039875,0.48133268613941915,Mann_Whitney_U,1724.0,0.4806641918687151,-0.0442263451567176,0.7174298459828269,0.7201365720991616
Pre_GLCM_NormalisedInverseDifference,114,0.8963862958000002,0.90082144440625,0.896280316,0.902891515,0.6507646698550977,0.6457726554253798,True,Pearson_point_biserial_equivalent,0.06654825999003353,0.48174995238873886,Welch_t_test,-0.6940340711409084,0.4893079476541139,0.1332253782426683,0.7174298459828269,0.7201365720991616
Pre_Morph_RadiusRoiNorm_MaxIntensityCoor_PerimeterCoor_2DCoronalSmallestDist,114,0.28067803488,0.24676048362500003,0.1697349725,0.154639849,1.1737281484916085e-06,1.0343999122557031e-08,False,Spearman,-0.06553724819580818,0.4884476238066445,Mann_Whitney_U,1722.0,0.48779804790356185,-0.14257118511026529,0.7178212845422414,0.7201365720991616
Pre_GLRLM_RunLengthNonUniformity,114,1352.4166914943999,1137.1120660953125,272.66476209999996,267.90298805,3.6639838757608935e-15,2.2992843707153617e-15,False,Spearman,0.06553711547813428,0.48844850626322633,Mann_Whitney_U,1478.0,0.487798929144039,-0.04687755475271496,0.7178212845422414,0.7201365720991616
Pre_Morph_MaxIntensityCoor_PerimeterCoor_2DAxialSmallestDist_mm,114,1.25474963754,1.3802039205781251,0.707106781,0.707106781,9.598036056733792e-10,2.844582136147651e-10,False,Spearman,0.06456059603112976,0.4949644025119788,Mann_Whitney_U,1495.0,0.494593883234391,0.12525172682392394,0.718648845534858,0.7201365720991616
Pre_IH_IntensityHistogramEntropyLog10_Intensity,114,1.2313770067999998,1.2211850885625,1.314995278,1.2713581280000001,0.00743098568735932,0.0017914351991906601,False,Spearman,-0.06446273653586976,0.49561989347231583,Mann_Whitney_U,1720.0,0.4949904254198835,-0.04032936385116876,0.718648845534858,0.7201365720991616
Pre_IH_IntensityHistogramEntropyLog2_Intensity,114,4.09054587416,4.056689054984376,4.368319759,4.223360285,0.0074309856685065455,0.0017914352005716796,False,Spearman,-0.06446273653586976,0.49561989347231583,Mann_Whitney_U,1720.0,0.4949904254198835,-0.04032936342220527,0.718648845534858,0.7201365720991616
Pre_IB_IntensityKurtosis,114,1.0042474665799999,1.072093533625,0.370629096,0.3981438095,2.6342165269989487e-08,3.6401558243862397e-09,False,Spearman,0.06392554706473752,0.4992262706109841,Mann_Whitney_U,1481.0,0.4986073045737087,0.027877155017854083,0.7214731817799936,0.7229805916318777
Pre_IB_25thIntensityPercentile,114,156.82031016795997,166.46399021171874,159.0,171.0324936,0.15974171669077702,0.9212366409077796,True,Pearson_point_biserial_equivalent,0.06528212522289771,0.49014553347612766,Welch_t_test,-0.6709318895762775,0.5039814334855319,0.1306797028159152,0.7178899227680657,0.7283452610172969
Pre_GLRLM_ShortRunHighGreyLevelEmphasis,114,339.46355751822006,296.7286127671875,272.78126284999996,258.93495965,0.008190806402917484,0.0012795944558434118,False,Spearman,-0.06285116812247303,0.5064800740615786,Mann_Whitney_U,1717.0,0.5058830075178875,-0.20415064485130072,0.7295325570092275,0.728672543941328
ADC_Morph_MaxIntensityCoor_PerimeterCoor_3DSmallestDist_mm,114,0.19560104663999997,0.1845115624375,0.1969752045,0.1753970555,0.008267428370441964,0.02548811052766106,False,Spearman,-0.0612405918491775,0.5174556171869478,Mann_Whitney_U,1714.0,0.5168936457032879,-0.1321332846363947,0.7336578067646028,0.7328839759119863
ADC_GLCM_NormalisedInverseDifferenceMoment,114,0.29224855621999996,0.31152452792187496,0.3048770845,0.327638445,0.0017114906605099453,0.10399144967577591,False,Spearman,0.060702533164969874,0.5211491828795014,Mann_Whitney_U,1487.0,0.5205994970421557,0.17962452638699483,0.7336578067646028,0.7328839759119863
ADC_GLRLM_ShortRunsEmphasis,114,3.96649378556,2.6149365438750003,1.7253426150000002,1.918667054,1.5591505331642504e-13,5.0162934460346514e-12,False,Spearman,0.06070241023794404,0.5211500282534764,Mann_Whitney_U,1487.0,0.5206003415098936,-0.2614027501024447,0.7336578067646028,0.7328839759119863
ADC_GLRLM_GreyLevelNonUniformity,114,1279.4912418102,957.4613775335938,216.5089564,221.76998064999998,4.078076277922517e-15,8.992903904125999e-15,False,Spearman,0.06123959970907628,0.5174624155240968,Mann_Whitney_U,1486.0,0.5169004365518566,-0.07548859977192762,0.7336578067646028,0.7328839759119863
Post2_Morph_RadiusRoiNorm_CentroidCoor_WCentroidCoor_Dist,114,0.06630306904000001,0.058641452390625,0.0417216745,0.049629399000000005,8.60434885783464e-09,2.6559485447847635e-06,False,Spearman,0.06123959970907628,0.5174624155240968,Mann_Whitney_U,1486.0,0.5169004365518566,-0.14265466756147224,0.7336578067646028,0.7328839759119863
Pre_NGTDM_Complexity,114,1682.5375462536601,1132.2683009089062,989.8327122999999,785.29485615,5.361122059799154e-07,8.589173196136085e-08,False,Spearman,-0.06070241023794404,0.5211500282534764,Mann_Whitney_U,1713.0,0.5206003415098936,-0.3664445485695303,0.7336578067646028,0.7328839759119863
Pre_GLSZM_ZoneSizeNonUniformity,114,68.57111003142,87.21025285467186,32.37371004,33.592756115,3.2154593109572723e-14,1.5441622697040129e-15,False,Spearman,0.061776789180208534,0.5137881730595825,Mann_Whitney_U,1485.0,0.5132141999172286,0.09227109667889118,0.7336578067646028,0.7328839759119863
ADC_IH_IntensityHistogramMode_Intensity,114,6.84,7.390625,6.0,6.0,0.00035289898901250783,1.1860448965775947e-05,False,Spearman,0.059833764044782696,0.5271410829014653,Mann_Whitney_U,1489.0,0.5266183352631153,0.1044931757050088,0.7396979711681853,0.7389644381917908
ADC_IH_IntensityHistogramQuartileCoefficientOfDispersion_Intensity,114,1.0401154468800002,1.1208494999531249,1.116365855,1.1549320425,0.00020672213269963606,0.006262041118640567,False,Spearman,0.058553770929041724,0.5360319356049679,Mann_Whitney_U,1491.0,0.5355343928614424,0.23340121311882203,0.740235719877683,0.7395486359376703
ADC_IH_IntensityHistogramEntropyLog10_Intensity,114,3.45518872504,3.723381443921875,3.708487098,3.8366012009999997,0.0002067221348372668,0.006262041014676144,False,Spearman,0.058553770929041724,0.5360319356049679,Mann_Whitney_U,1491.0,0.5355343928614424,0.23340121291811,0.740235719877683,0.7395486359376703
Pre_GLCM_DifferenceEntropy,114,4.903664699760001,4.8119915119375,5.747711735999999,5.3274053595,0.005936915926719608,0.0022237825708710914,False,Spearman,-0.058553770929041724,0.5360319356049679,Mann_Whitney_U,1709.0,0.5355343928614424,-0.040803400354321014,0.740235719877683,0.7395486359376703
Pre_GLCM_ClusterShade,114,-471.4869724878401,-332.6252571895468,-40.640346685,-148.03451145,0.0003110050136841477,3.1499321660352077e-08,False,Spearman,-0.05909084182454728,0.5322923811624305,Mann_Whitney_U,1710.0,0.5317813564623581,0.07803704984086955,0.740235719877683,0.7395486359376703
Pre_GLSZM_NormalisedGreyLevelNonUniformity,114,0.060119727199999994,0.057501866171875006,0.0445067055,0.048433135,1.3700552223971747e-10,4.5586084789570415e-10,False,Spearman,0.05855365235341504,0.5360327626700463,Mann_Whitney_U,1491.0,0.5355352191272784,-0.06559568990686039,0.740235719877683,0.7395486359376703
ADC_Morph_RadiusSphereNorm_MaxIntensityCoor_PerimeterCoor_2DSagittalSmallestDist,114,0.23548426613999995,0.22377897648437498,0.157143676,0.143566306,1.2598567998162907e-05,2.820789574709507e-09,False,Spearman,-0.05828552974895858,0.5379045375713446,Mann_Whitney_U,1708.5,0.5374138488261732,-0.05999277820954804,0.740469853935237,0.739794380504384
ADC_GLCM_AngularSecondMoment,114,11.145559902959999,11.813730223140624,7.831413126,7.49179172,1.6188538424180714e-07,7.875792193179747e-08,False,Spearman,0.05747938981107766,0.5435516588201744,Mann_Whitney_U,1493.0,0.5430819660441195,0.05793311780116379,0.7412079222470792,0.7405674310708645
Post2_GLSZM_SmallZoneLowGreyLevelEmphasis,114,0.013129069319999999,0.010885550015625,0.009325320500000001,0.0072359395,1.366639408202552e-06,5.832713912482559e-07,False,Spearman,-0.05747927341115055,0.5435524763145247,Mann_Whitney_U,1707.0,0.5430827827853006,-0.21503609684791097,0.7412079222470792,0.7405674310708645
Pre_GLRLM_HighGreyLevelRunEmphasis,114,369.99950775886,325.9612819495312,304.82691450000004,285.37652825,0.013289427126278354,0.0026614623557488313,False,Spearman,-0.05747927341115055,0.5435524763145247,Mann_Whitney_U,1707.0,0.5430827827853006,-0.19962587193245795,0.7412079222470792,0.7405674310708645
ADC_Morph_RadiusSphereNorm_MaxIntensityCoor_PerimeterCoor_2DAxialSmallestDist,114,0.24065565979999998,0.190644993703125,0.133038021,0.125389684,4.5670074402195963e-10,6.558921298317789e-10,False,Spearman,-0.056942660507410536,0.547327593234729,Mann_Whitney_U,1706.0,0.5468722709967504,-0.2181055172476558,0.742750151725544,0.7434044933862076
Pre_GLCM_InverseDifference,114,0.40310171266000006,0.40689372331249996,0.36957923800000003,0.39125003950000004,0.0032007618789982517,0.007459928401903381,False,Spearman,0.056404894468886045,0.5511236152051495,Mann_Whitney_U,1495.0,0.5506829510988014,0.02893137337408385,0.742750151725544,0.7462525972834225
Post2_IB_IntensityBasedQuartileCoefficientOfDispersion,114,0.31013922067999994,0.304837415109375,0.2693911615,0.2813387125,0.00040723515069550126,0.02385596394129924,False,Spearman,0.0558677049977538,0.5549282742777053,Mann_Whitney_U,1496.0,0.5545025653535203,-0.0344972269196784,0.742750151725544,0.7467759007083012
Pre_GLSZM_ZoneSizeVariance,114,15308.849906839163,1300.6105690044844,24.268552720000002,36.05040698,1.6458595871001802e-15,1.2998805293493493e-16,False,Spearman,0.0558677049977538,0.5549282742777053,Mann_Whitney_U,1496.0,0.5545025653535203,-0.21647206191143858,0.742750151725544,0.7467759007083012
Post2_Morph_RadiusRoiNorm_MaxIntensityCoor_RoiCentroidCoor_Dist,114,0.57299914052,0.5594093449375,0.6127693089999999,0.5719358375000001,0.021465538314316454,0.4808647343234698,False,Spearman,-0.05533051552662155,0.5587455537351849,Mann_Whitney_U,1703.0,0.5583350925495904,-0.07380865236734807,0.745565386119035,0.7496165594415797
Pre_IH_IntensityHistogram75thPercentile,114,20.68,19.78125,20.5,20.0,0.5364289706411312,0.5219696627930152,True,Pearson_point_biserial_equivalent,-0.05669289282818521,0.5490890835257837,Welch_t_test,0.5826602764256895,0.5615737845735288,-0.11342639241524041,0.742750151725544,0.751644911659954
Pre_IB_75thIntensityPercentile,114,276.1497503316,264.03191864375003,273.0612793,261.5,0.6042113513037973,0.6487730763365789,True,Pearson_point_biserial_equivalent,-0.055870962526287225,0.5549051646288006,Welch_t_test,0.5732212982938502,0.5679336426461312,-0.1117767557716633,0.742750151725544,0.7517255337459574
Post2_IB_MinimumIntensity,114,21.424319148160002,17.412306551437503,0.0,0.0876409935,2.781312195498616e-10,1.5476993716032085e-12,False,Spearman,0.05420623688945622,0.5667751890623528,Mann_Whitney_U,1508.0,0.5665847255450087,-0.1065696032152128,0.7516683147625716,0.7517255337459574
Pre_IH_Uniformity_Intensity,114,0.0957740313,0.089068459671875,0.062026361,0.0682422345,6.174829890127603e-09,6.028808325716999e-09,False,Spearman,0.05425613658435706,0.5664176493891115,Mann_Whitney_U,1499.0,0.5660385576973577,-0.08945587815242613,0.7516683147625716,0.7517255337459574
Post2_Morph_MaxIntensityCoor_PerimeterCoor_2DCoronalSmallestDist_mm,114,1.8941299585799996,2.24078398803125,1.58113883,1.58113883,4.28356112150797e-06,5.071665155196974e-12,False,Spearman,0.05367644043745523,0.5705778370922723,Mann_Whitney_U,1503.0,0.5702745428417608,0.17425082245895987,0.7521253307125407,0.7517255337459574
Pre_Morph_RadiusSphereNorm_CentroidCoor_WCentroidCoor_Dist,114,0.10961450026,0.08396872089062499,0.07815625300000001,0.076583011,2.4688728013387345e-08,6.299061116108552e-10,False,Spearman,-0.05371894711322481,0.5702723007611146,Mann_Whitney_U,1700.0,0.569909328839598,-0.28794055295408966,0.7521253307125407,0.7517255337459574
Pre_Morph_CentreOfMassShift_mm,114,0.4903103581999999,0.44883678629687507,0.38133963699999995,0.361645962,7.995627968238e-06,5.138902947804662e-12,False,Spearman,-0.05210737869982806,0.581909658285247,Mann_Whitney_U,1697.0,0.5815967725237287,-0.09628488296926105,0.7601522563185659,0.7597435316751411
Pre_Morph_IntegratedIntensity_Intensity,114,686329.61894826,328456.6339082812,70423.32079,76984.54072,2.4898972109215077e-15,2.1282161139456635e-13,False,Spearman,0.05210737869982806,0.581909658285247,Mann_Whitney_U,1503.0,0.5815967725237287,-0.14746522940588305,0.7601522563185659,0.7597435316751411
Pre_IB_TotalLesionGlycolysis,114,689.35603975396,331.5543512995313,72.96632312,79.52366399499999,2.503258142216006e-15,2.2073527355754946e-13,False,Spearman,0.05210737869982806,0.581909658285247,Mann_Whitney_U,1503.0,0.5815967725237287,-0.1473105037699056,0.7601522563185659,0.7597435316751411
ADC_GLSZM_SmallZoneEmphasis,114,23137.668104351396,1426.2744677114374,107.58484849999999,156.00735294999998,2.584751066503487e-14,4.153372264608469e-14,False,Spearman,0.051570189228695815,0.5858129584747092,Mann_Whitney_U,1504.0,0.5855173396668807,-0.363171493082871,0.7629599908278397,0.762574978308662
Post2_Morph_RadiusRoiNorm_MaxIntensityCoor_PerimeterCoor_3DSmallestDist,114,0.15522298318000002,0.14462181542187502,0.1355255665,0.12988761100000001,0.019233332044509003,0.008523331153690828,False,Spearman,-0.051033206449650786,0.5897266944808693,Mann_Whitney_U,1695.0,0.5894486273961813,-0.14043951314359737,0.7657645137288901,0.7654034415442951
Pre_GLCM_InverseDifferenceMoment,114,0.33380150186,0.33501326279687504,0.29122598450000003,0.311950784,0.0004763552597089651,0.0009449373560879843,False,Spearman,0.050495810286431325,0.5936553034200416,Mann_Whitney_U,1506.0,0.5933950679147928,0.00812656421225629,0.7685715981777325,0.7682346861396872
ADC_GLRLM_RunLengthNonUniformity,114,0.7700797951,0.79261418825,0.8557727989999999,0.8317989155000001,9.112666363184341e-08,4.62059604919691e-07,False,Spearman,-0.049958620815299074,0.5975941689743137,Mann_Whitney_U,1693.0,0.5973520469443546,0.15629414306029585,0.7690930872894274,0.7687814805348943
Post2_GLRLM_GreyLevelNonUniformity,114,197.52003764262,97.81590862728126,22.31558103,15.875891515,4.143272420671416e-15,1.196855049131661e-15,False,Spearman,-0.049958620815299074,0.5975941689743137,Mann_Whitney_U,1693.0,0.5973520469443546,-0.15143995147315573,0.7690930872894274,0.7687814805348943
Post2_Morph_RadiusSphereNorm_MaxIntensityCoor_RoiCentroidCoor_Dist,114,0.8292443482599999,0.85800325253125,0.8304435185,0.8950588595,0.4807376301052272,0.24285997058053713,True,Pearson_point_biserial_equivalent,0.04949623764091991,0.6009938802809309,Welch_t_test,-0.5241510104445567,0.6012762695499538,0.09898998828467617,0.7711868375286283,0.7715491954402063
Pre_GLCM_Autocorrelation,114,366.0771149697401,324.81876750843753,299.54016965,280.07775155,0.010245132115626873,0.0012110743305040722,False,Spearman,-0.048347052401902325,0.6094804416874603,Mann_Whitney_U,1690.0,0.6092943288104675,-0.17884498991554865,0.7753731397665748,0.7772522962831476
Pre_GLSZM_LargeZoneEmphasis,114,15542.94487749096,1348.3632284111404,36.051903655000004,53.115079365,1.7331082198537174e-15,1.4324778013811943e-16,False,Spearman,0.048347052401902325,0.6094804416874603,Mann_Whitney_U,1510.0,0.6092943288104675,-0.21906150307832295,0.7753731397665748,0.7772522962831476
Post2_GLCM_NormalisedInverseDifference,114,0.89262531532,0.88960542196875,0.8937873679999999,0.8901141555000001,0.6382203108068399,0.4188126243492409,True,Pearson_point_biserial_equivalent,-0.04833041253090907,0.6096037098854451,Welch_t_test,0.50059168288474,0.6178200194341434,-0.09665287169466094,0.7753731397665748,0.785823708929393
ADC_GLCM_Dissimilarity,114,0.54630576036,0.527677659109375,0.482713362,0.511383401,1.6417416688340203e-05,0.000590907798823089,False,Spearman,0.04673557863143698,0.6214685561123301,Mann_Whitney_U,1513.0,0.6213409205864202,-0.1256366354974774,0.7858686683397197,0.7879979605104745
Pre_IB_RootMeanSquareIntensity,114,237.7000128446,229.54545780859377,231.7221443,224.66462245,0.8367479979457222,0.8491165221066794,True,Pearson_point_biserial_equivalent,-0.04793990592964053,0.6124997158474385,Welch_t_test,0.49066235271122893,0.6248819045761158,-0.09587011647270637,0.7767853539173053,0.7885229563634397
ADC_IH_Uniformity_Intensity,114,0.023227268479999997,0.018728332703125,0.0168402195,0.0151022225,7.358552261957777e-08,8.06359944433347e-05,False,Spearman,-0.04619829451737334,0.6254878796895543,Mann_Whitney_U,1686.0,0.6253802757365212,-0.24178638180146572,0.7886586309129163,0.7885229563634397
ADC_GLCM_NormalisedInverseDifference,114,0.4888608286,0.467827256046875,0.4176925885,0.450260347,2.2032740688563264e-05,0.0012466311691301105,False,Spearman,0.04512400695449087,0.63355735230441,Mann_Whitney_U,1516.0,0.633490611362636,-0.12408304731643564,0.7965244169145039,0.7964405085050481
Post2_IH_MaximumHistogramGradient_Intensity,114,106.43,68.4609375,11.5,9.0,1.5534989415831872e-13,9.452635790228744e-17,False,Spearman,-0.044345080129232516,0.6394353164719854,Mann_Whitney_U,1682.5,0.6394000956919716,-0.11572166365096641,0.8015975869317395,0.8015534340807138
ADC_Morph_RadiusSphereNorm_MaxIntensityCoor_RoiCentroidCoor_Dist,114,0.6710588377000001,0.6669071292187501,0.723189685,0.7039113084999999,0.00354419485574243,0.0007714213740103789,False,Spearman,-0.04404953663284434,0.6416714409235349,Mann_Whitney_U,1682.0,0.641646612094687,-0.023387337029293066,0.8020893011544187,0.8020582651183588
ADC_Morph_Volume_cm3,114,4.08006,1.81921875,0.3875,0.3595,2.1610965391446805e-15,5.465406645186278e-15,False,Spearman,0.04163294280641452,0.660074654838853,Mann_Whitney_U,1522.5,0.6601478837461352,-0.1474392197669079,0.8136450887014826,0.8137488385039157
ADC_Morph_ApproximateVolume_cm3,114,4080.06,1819.21875,387.5,359.5,2.1610965391446805e-15,5.465406645186278e-15,False,Spearman,0.04163294280641452,0.660074654838853,Mann_Whitney_U,1522.5,0.6601478837461352,-0.14743921976690794,0.8136450887014826,0.8137488385039157
ADC_Morph_Maximum3DDiameter_mm,114,11.093612995900001,11.279344819312499,9.0432775045,8.821764537,7.811087861780898e-12,1.4703104268562372e-08,False,Spearman,0.04163294280641452,0.660074654838853,Mann_Whitney_U,1522.5,0.6601478837461352,0.023596015500755147,0.8136450887014826,0.8137488385039157
ADC_IB_IntensitySkewness,114,5.914185012800001,1.07551939465625,-0.4048996485,-0.1011554845,2.0238071828593618e-14,7.406448511371316e-14,False,Spearman,0.041900778748315354,0.6580247048677901,Mann_Whitney_U,1522.0,0.6580867814457259,-0.26889250012305616,0.8136450887014826,0.8137488385039157
Post2_NGTDM_Coarseness,114,0.02497885612,0.02396655596875,0.0182258325,0.020151001,0.0029818351781499865,0.00011342650883079268,False,Spearman,-0.0413635892771831,0.6621387618398271,Mann_Whitney_U,1677.0,0.6622231927135314,-0.051104748410806984,0.8136450887014826,0.8137488385039157
Pre_GLCM_AngularSecondMoment,114,0.025751871819999998,0.018069847109375002,0.00727207,0.008315479,3.2047301225128172e-12,4.777500596393596e-12,False,Spearman,0.0413635892771831,0.6621387618398271,Mann_Whitney_U,1523.0,0.6622231927135314,-0.1928322864965595,0.8136450887014826,0.8137488385039157
ADC_GLCM_ClusterProminence,114,0.80047045156,0.835181027875,0.8734591935,0.8589374320000001,3.2371515925282506e-09,4.870883093850648e-09,False,Spearman,-0.04082639980605086,0.6662629039781909,Mann_Whitney_U,1676.0,0.6663699353817544,0.2602014968329925,0.8148145900886046,0.8165378081438399
ADC_FEATURE_RESULTS,114,4.06627250058,1.80448697921875,0.37675000000000003,0.34929166700000003,2.1541890512115477e-15,5.368940033168393e-15,False,Spearman,0.0402892103349186,0.670397024107779,Mann_Whitney_U,1525.0,0.6705268996998229,-0.14759911327548478,0.816870323492672,0.8193235993523117
Post2_GLCM_NormalisedInverseDifferenceMoment,114,0.9662018440400001,0.967518719375,0.9712916025,0.96984779,0.15166935922571698,0.08483648530146887,True,Pearson_point_biserial_equivalent,0.04075175440759091,0.6668367679805591,Welch_t_test,-0.4212025717344169,0.6745711702762803,0.08146924199271809,0.8148145900886046,0.8219564679837028
ADC_Morph_RadiusRoiNorm_MaxIntensityCoor_RoiCentroidCoor_Dist,114,0.9460027436599999,1.073026258515625,0.7009629454999999,0.583366394,3.822037764808669e-08,4.584973356801757e-11,False,Spearman,-0.03652888403699287,0.6996060634762304,Mann_Whitney_U,1668.0,0.6999024422828459,0.10346206160095249,0.8500799933300566,0.8504401184163072
Pre_IH_IntensityHistogramMinimumGreyLevel_Intensity,114,2.12,2.015625,1.0,1.0,3.0163213993886195e-11,6.897751368430322e-13,False,Spearman,0.03522713610441908,0.709823378745609,Mann_Whitney_U,1546.0,0.7106358318027782,-0.04585561746381702,0.8600923948588856,0.8610768435493273
Pre_Morph_RadiusSphereNorm_MaxIntensityCoor_PerimeterCoor_2DCoronalSmallestDist,114,0.39889124284000005,0.37756204587500003,0.24357655849999998,0.2443269845,1.4814278051996182e-06,9.131207689253601e-09,False,Spearman,-0.0341119458939614,0.7186176233548314,Mann_Whitney_U,1663.5,0.7190268256361071,-0.06113980766552314,0.8683296282204213,0.8688240809769627
ADC_IH_AreaUnderCurveCIVH_Intensity,114,0.19292551994,0.132263685875,0.0991872385,0.0859553555,1.1448648954925838e-10,5.5472199569982055e-12,False,Spearman,-0.03223143353892205,0.733530167788423,Mann_Whitney_U,1660.0,0.7340300194837486,-0.2933503417080524,0.8817225183128834,0.8844960068571486
Pre_Morph_RadiusSphereNorm_MaxIntensityCoor_PerimeterCoor_3DSmallestDist,114,0.19821138501999996,0.19698005321875,0.1980349585,0.1850004255,0.013122274249518857,0.00765587865734576,False,Spearman,-0.03169462808695296,0.7378056059487378,Mann_Whitney_U,1659.0,0.7383318109167145,-0.012622582514950747,0.8817225183128834,0.8847820720705916
Pre_GLSZM_LowGrayLevelZoneEmphasis,114,0.0426495609,0.02738293121875,0.023016772499999998,0.022559694999999998,1.1897079898254272e-11,5.311577464839741e-06,False,Spearman,-0.031694178796802634,0.7378091877376771,Mann_Whitney_U,1659.0,0.7383353842795971,-0.3180875334745845,0.8817225183128834,0.8847820720705916
Pre_GLCM_Correlation,114,0.5069785963399999,0.5004956704375,0.5196815785,0.5079774275,0.5872335244969915,0.27649015835824015,True,Pearson_point_biserial_equivalent,-0.03175533932665187,0.7373216611610427,Welch_t_test,0.3304694830895696,0.7417544966897525,-0.0634632469150781,0.8817225183128834,0.8850723835979707
ADC_GLSZM_ZoneSizeNonUniformity,114,0.24042008924000002,0.212821920984375,0.1985003015,0.192743764,5.245751621123574e-11,6.31806916583079e-07,False,Spearman,-0.031157178612683144,0.7420942049866885,Mann_Whitney_U,1658.0,0.7426469425592168,-0.21749219265285105,0.8844136415594782,0.8850723835979707
Pre_GLSZM_SmallZoneLowGreyLevelEmphasis,114,0.014452033060000001,0.011294422156250001,0.0077127255,0.009007507500000001,1.8531017307266534e-12,1.3627206550084696e-08,False,Spearman,0.03061979985453814,0.7463901527143613,Mann_Whitney_U,1543.0,0.7469696115920368,-0.1761746671828205,0.8871030503572326,0.8877917514823388
ADC_GLSZM_LargeZoneHighGreyLevelEmphasis,114,9.12328045584,9.108417699296876,3.748979592,3.793650794,2.87754751463646e-14,5.560679156572292e-15,False,Spearman,0.030352864764897545,0.7485270058316622,Mann_Whitney_U,1543.5,0.7491199317282278,-0.000703458176031544,0.8872186581383462,0.8879214449639757
Pre_GLRLM_RunLengthVariance,114,0.28190271324,0.221454726453125,0.1266599015,0.143519617,4.969429337357506e-11,7.0367362194003286e-12,False,Spearman,0.030082610383405893,0.7506923730733285,Mann_Whitney_U,1544.0,0.7512987411161814,-0.17614975075609174,0.8873673431709181,0.8880841097433122
ADC_Morph_MaxIntensityCoor_PerimeterCoor_2DCoronalSmallestDist_mm,114,0.29283255917999995,0.34435410557812496,0.20576819899999998,0.2174881535,1.0757692746593852e-07,4.084075530161431e-13,False,Spearman,0.029545720074599803,0.7549998525153898,Mann_Whitney_U,1545.0,0.755633317042555,0.14372649348932995,0.8876550413859404,0.8884140847917796
ADC_IH_IntensityHistogramCoefficientOfVariation_Intensity,114,0.2918131179,0.293393062171875,0.237335835,0.17914438500000002,0.0016598383404787722,2.404948313541726e-06,False,Spearman,-0.029289581348675642,0.7570575180555952,Mann_Whitney_U,1654.5,0.7577048861097706,0.006391720550958784,0.8876550413859404,0.8884140847917796
Post2_IH_IntensityHistogramMinimumGreyLevel_Intensity,114,1.8,1.625,1.0,1.0,4.253659682112097e-11,1.0805840525646104e-13,False,Spearman,-0.029513287492816228,0.755260302028187,Mann_Whitney_U,1642.0,0.7565642552262146,-0.10970454739571306,0.8876550413859404,0.8884140847917796
Pre_GLCM_JointAverage,114,16.98863065594,16.627210091562496,16.93453137,16.479942705,0.8118943388113282,0.9070008942738197,True,Pearson_point_biserial_equivalent,-0.028257639803264078,0.7653646054098914,Welch_t_test,0.28991832816094354,0.7725452443992694,-0.0564671401435129,0.8925833871742932,0.9009575908182457
Pre_GLCM_SumAverage,114,33.9772613115,33.254420183140624,33.869062735,32.959885405,0.8118943393573779,0.9070008950870854,True,Pearson_point_biserial_equivalent,-0.028257639785385407,0.7653646055540491,Welch_t_test,0.28991832797551137,0.7725452445407026,-0.05646714010775703,0.8925833871742932,0.9009575908182457
ADC_GLSZM_NormalisedZoneSizeNonUniformity,114,0.16549231862000002,0.168054199203125,0.171271009,0.1495453435,0.06849231364703226,2.272895009709339e-05,False,Spearman,-0.026859473556612404,0.7766622284240196,Mann_Whitney_U,1650.0,0.7774337104063647,0.026906639110714378,0.9009281849718627,0.901823104071383
Pre_GLSZM_NormalisedZoneSizeNonUniformity,114,0.28271998299999995,0.2848616114375,0.269498,0.26196648349999996,0.17188142733258882,0.0007754111666907098,False,Spearman,-0.026859473556612404,0.7766622284240196,Mann_Whitney_U,1650.0,0.7774337104063647,0.030704840099720465,0.9009281849718627,0.901823104071383
Post2_Morph_RadiusRoiNorm_MaxIntensityCoor_PerimeterCoor_2DAxialSmallestDist,114,0.24671763423999996,0.207236561734375,0.1507743985,0.1507442065,2.853870456637798e-07,1.298506814449975e-06,False,Spearman,-0.02632239069508304,0.7810145910442354,Mann_Whitney_U,1649.0,0.7818141695335448,-0.20871059890527824,0.903567412511283,0.9044924567741808
ADC_GLCM_JointEntropyLog10,114,2.02845747472,2.090044176484375,2.021021528,1.9891278835,0.27810161368622627,0.012304858370463316,False,Spearman,0.023636384595209503,0.8028803398714468,Mann_Whitney_U,1556.0,0.8038226066536804,0.05718702203685582,0.9166748502858064,0.9177506645223615
ADC_GLCM_Contrast,114,2.02845747472,2.090044176484375,2.021021528,1.9891278835,0.27810161368622627,0.012304858370463316,False,Spearman,0.023636384595209503,0.8028803398714468,Mann_Whitney_U,1556.0,0.8038226066536804,0.05718702203685582,0.9166748502858064,0.9177506645223615
Post2_Morph_RadiusSphereNorm_MaxIntensityCoor_PerimeterCoor_2DCoronalSmallestDist,114,0.41424231584,0.40003945615625003,0.322277357,0.310511543,0.00024118149600284856,3.283619269380244e-06,False,Spearman,0.024173770970127115,0.7984928911306292,Mann_Whitney_U,1555.0,0.7994063444039746,-0.048500551931013186,0.9166748502858064,0.9177506645223615
Pre_IH_RootMeanSquare_Intensity,114,0.01598011462,0.014541007343750002,0.013184392999999999,0.0138627305,8.753331985136462e-07,0.0035590662058587945,False,Spearman,-0.02363633672981891,0.8028807309399821,Mann_Whitney_U,1644.0,0.8038229958230338,-0.1358839626575218,0.9166748502858064,0.9177506645223615
Pre_GLRLM_LongRunsEmphasis,114,1.7844043622399999,1.654716010890625,1.4497023625,1.465765824,1.7521871717422297e-10,9.988933893827037e-11,False,Spearman,0.024173526200951163,0.7984948881122144,Mann_Whitney_U,1555.0,0.7994083321524781,-0.16280110207015852,0.9166748502858064,0.9177506645223615
Post2_Morph_MaxIntensityCoor_PerimeterCoor_2DAxialSmallestDist_mm,114,1.5439380535799998,1.585054301484375,0.707106781,1.58113883,7.565681931791476e-08,3.20494298060034e-12,False,Spearman,0.022617620211903885,0.8112147014366216,Mann_Whitney_U,1561.0,0.8123882367565607,0.031159009082318053,0.9213535120755362,0.9226863785616289
Pre_Morph_RadiusSphereNorm_MaxIntensityCoor_PerimeterCoor_2DAxialSmallestDist,114,0.28427192386,0.29566857312500006,0.201507536,0.205374039,1.546400697693446e-09,1.070299184222167e-06,False,Spearman,0.02283078369400894,0.8094690616350844,Mann_Whitney_U,1557.5,0.8104548160600422,0.045318985249490205,0.9213535120755362,0.9226863785616289
ADC_IB_IntensityVariance,114,0.6858010107,0.28753029496875004,0.205448818,0.1504651115,5.0740878270126835e-11,0.0001233118636091768,False,Spearman,-0.020950389374157677,0.8248993121262203,Mann_Whitney_U,1639.0,0.82598759404496,-0.22544218241749148,0.9326314697733152,0.9356890713790563
Pre_IB_MeanIntensity,114,217.44741764460002,214.108013605625,222.86084365,214.15246605,0.6792885592102429,0.8761902761484077,True,Pearson_point_biserial_equivalent,-0.020528521597234353,0.8283705105029799,Welch_t_test,0.2105273474318527,0.8337324524043105,-0.04101433281933654,0.9326314697733152,0.9386426634735647
Pre_IH_IntensityHistogramMean_Intensity,114,16.39676323588,16.154704648874997,16.797405734999998,16.150662,0.6614885203660834,0.8746225919039714,True,Pearson_point_biserial_equivalent,-0.020364572132780347,0.8297204106599491,Welch_t_test,0.20881131747539747,0.8350683002397905,-0.040686638546527445,0.9326314697733152,0.9386426634735647
Pre_IH_AreaUnderCurveCIVH_Intensity,114,224.43069679119995,221.1175198890625,229.914491,221.06218610000002,0.661488521283101,0.8746225914480104,True,Pearson_point_biserial_equivalent,-0.020364572086665825,0.8297204110397081,Welch_t_test,0.20881131700292888,0.8350683006075161,-0.04068663845435505,0.9326314697733152,0.9386426634735647
ADC_NGTDM_Coarseness,112,0.13996785891666666,0.15157342896874998,0.1241812155,0.10190405550000001,0.0007636361896310984,4.6001515742200705e-12,False,Spearman,-0.019532028556195874,0.8380345893972903,Mann_Whitney_U,1571.0,0.8392577964217017,0.08248311995563974,0.9395490886284054,0.9409204676377326
Pre_IB_AreaUnderCurveCIVH,114,2966.8923472159995,2925.5254590046875,3055.8110699999997,2925.1505125000003,0.6342475325662726,0.802140012337675,True,Pearson_point_biserial_equivalent,-0.01864291409917955,0.8439251402268427,Welch_t_test,0.1911885617090612,0.8488088289399596,-0.03724566482855209,0.943720915163693,0.9467483092022625
Pre_GLRLM_ShortRunsEmphasis,114,0.8861054612800001,0.8917961155,0.9079312635000001,0.9038421245,5.944714148862054e-07,6.77330479000142e-06,False,Spearman,-0.018264442018496436,0.8470546600219038,Mann_Whitney_U,1634.0,0.8482917513835412,0.08367652111059609,0.9447917361782774,0.9467483092022625
Pre_IB_MinimumIntensity,114,18.13128247786,16.659607209921873,0.0,0.0,1.3766855712353636e-10,6.6301749663596565e-12,False,Spearman,0.01746730421940719,0.8536537860380479,Mann_Whitney_U,1570.5,0.855164559285884,-0.04428429854505372,0.9497171276893883,0.9513979112259835
Pre_GLRLM_RunPercentage,114,0.86232057942,0.8700040300937499,0.891805034,0.884985479,3.7185022117305454e-07,2.386519741788134e-06,False,Spearman,-0.016115716769461025,0.8648658230936612,Mann_Whitney_U,1630.0,0.8662236023277539,0.08671668008408921,0.9597363087901598,0.9612430280932983
ADC_Morph_SurfaceArea_cm2,114,8.8432790776,9.170047057281248,8.738018517,9.4167125605,0.8200034632886442,0.0045297087446843215,False,Spearman,0.015578494662835193,0.869329920711222,Mann_Whitney_U,1571.0,0.8707180580447302,0.09339047842386437,0.9597931865720345,0.9613257747448164
Pre_NGTDM_Coarseness,114,0.02412215956,0.024607777906249996,0.017094030500000003,0.020900576,0.0009540751504100559,0.00012379866031039916,False,Spearman,-0.015578494662835193,0.869329920711222,Mann_Whitney_U,1629.0,0.8707180580447302,0.024025272213145845,0.9597931865720345,0.9613257747448164
Post2_Morph_RadiusRoiNorm_MaxIntensityCoor_PerimeterCoor_2DCoronalSmallestDist,114,0.29311384970000004,0.26647905153125,0.2235865075,0.21462842,0.00011514123805184499,2.957690967713702e-07,False,Spearman,-0.015041366111476022,0.8737973523952838,Mann_Whitney_U,1628.0,0.8752159227476497,-0.12561857708180107,0.9622831602327808,0.9638453832790573
ADC_Morph_MaxIntensityCoor_PerimeterCoor_2DAxialSmallestDist_mm,114,0.33955264082,0.28124754753125003,0.20422690300000002,0.209113179,1.1666248206291253e-09,4.311788976457347e-09,False,Spearman,-0.013161328612378774,0.8894644702261505,Mann_Whitney_U,1624.5,0.8909900085297684,-0.19054915026481248,0.9624814137485791,0.9641321663077097
ADC_Morph_MaxIntensityCoor_PerimeterCoor_2DSagittalSmallestDist_mm,114,0.34721304768000005,0.34536829190624996,0.220066822,0.222495094,2.1305164468986947e-06,4.2291334265388774e-11,False,Spearman,-0.013429845564276168,0.8872240553535438,Mann_Whitney_U,1625.0,0.8887342667203642,-0.005617286333467358,0.9624814137485791,0.9641321663077097
ADC_GLCM_SumEntropy,114,0.1259207809,0.0653007740625,0.017081883,0.016419285,5.782711189388186e-12,3.23351386987458e-14,False,Spearman,0.01396695453353289,0.8827452834333218,Mann_Whitney_U,1574.0,0.884224886764138,-0.2879629667456471,0.9624814137485791,0.9641321663077097
ADC_NGTDM_Strength,114,0.29683078186,0.29709016946875,0.3194456685,0.32598512749999997,0.028435769398317393,0.011074008828971282,False,Spearman,-0.01396692624943845,0.8827455191888539,Mann_Whitney_U,1626.0,0.884225119564707,0.00193076713834979,0.9624814137485791,0.9641321663077097
Post2_GLSZM_LargeZoneHighGreyLevelEmphasis,114,269516.19854192203,58976.4216083125,7497.469132,7729.0532045,6.148032126421781e-15,1.0770249886329232e-16,False,Spearman,-0.01396692624943845,0.8827455191888539,Mann_Whitney_U,1626.0,0.884225119564707,-0.23956534382040023,0.9624814137485791,0.9641321663077097
Pre_Morph_RadiusRoiNorm_MaxIntensityCoor_PerimeterCoor_2DAxialSmallestDist,114,0.19955608116,0.19652552740625,0.1382753955,0.135592238,3.2622399566651887e-10,9.391583070573755e-08,False,Spearman,-0.01316119534754152,0.8894655823607558,Mann_Whitney_U,1624.5,0.8909911054154007,-0.016428795005020435,0.9624814137485791,0.9641321663077097
Pre_GLSZM_SmallZoneEmphasis,114,0.42403616794,0.425947584953125,0.42690549,0.39729155699999996,0.8404774143541229,0.003169219157347238,False,Spearman,-0.013429736778306202,0.8872249628482091,Mann_Whitney_U,1625.0,0.8887351621426717,0.01863162223975614,0.9624814137485791,0.9641321663077097
ADC_GLRLM_LongRunHighGreyLevelEmphasis,114,197.75758513012,72.63793691835937,27.138821985,28.23879088,2.554970296513288e-15,3.6940352925279795e-13,False,Spearman,0.012355357836041705,0.8961943809502197,Mann_Whitney_U,1577.0,0.8977659165656608,-0.18492967546350939,0.9673562176509816,0.9690525402135546
ADC_LOCAL_INTENSITY_HISTOGRAM_LocalIntensityPeak_Intensity,114,0.18292395368000006,0.134840866578125,0.058001398999999995,0.056105826,1.8629291575264556e-10,1.6911253519903842e-11,False,Spearman,0.011818192297604752,0.9006838756528777,Mann_Whitney_U,1578.0,0.9022861423526171,-0.2027159114296584,0.9697957572004995,0.971520970107397
ADC_Morph_RadiusSphereNorm_MaxIntensityCoor_PerimeterCoor_2DCoronalSmallestDist,114,0.20202880353999997,0.22295736318749998,0.14532034049999998,0.1357785785,6.443220232049142e-08,1.7085541695569698e-12,False,Spearman,-0.011281047428730104,0.9051763340357467,Mann_Whitney_U,1621.0,0.9068093686493104,0.09467028444418953,0.9711996603701597,0.9731260057742558
ADC_IH_IntensityHistogramVariance_Intensity,112,0.5168885081458333,0.38324041189062497,0.2221739145,0.150071986,4.219941471899366e-11,1.2794621354756848e-09,False,Spearman,0.011161159174969069,0.9070208202231882,Mann_Whitney_U,1516.0,0.9087222646511575,-0.07606029058056002,0.9711996603701597,0.9731260057742558
Pre_Morph_MaxIntensityCoor_PerimeterCoor_2DCoronalSmallestDist_mm,114,1.87811859294,1.7602857884062502,1.224744871,1.4029418505,1.234581474699165e-08,1.0725220843856303e-08,False,Spearman,-0.010861701606255008,0.908685659242885,Mann_Whitney_U,1619.0,0.9104880100002808,-0.07598689765190393,0.9711996603701597,0.9731260057742558
ADC_IH_MaximumHistogramGradientGreyLevel_Intensity,114,-253.15,-260.71875,-20.75,-19.0,1.943954074334569e-14,1.2875958318000096e-16,False,Spearman,0.008596006414398932,0.92767500914956,Mann_Whitney_U,1584.0,0.9294623744824262,-0.007448043570124677,0.9747395830204024,0.9750993548598518
ADC_GLCM_JointVariance,114,6.1357043226000005,6.4572761616562495,6.548540853,6.677878349,0.00010759576293374912,0.005607477221477974,False,Spearman,0.009669430061676617,0.9186726524777615,Mann_Whitney_U,1582.0,0.9203981170679234,0.1572070481335554,0.9747395830204024,0.9750993548598518
ADC_GLCM_JointEntropyLog2,114,1.8470310456599999,1.943833814984375,1.9713072244999998,2.0102416905,0.00010759576264765334,0.005607477196855957,False,Spearman,0.009669430061676617,0.9186726524777615,Mann_Whitney_U,1582.0,0.9203981170679234,0.15720704814952888,0.9747395830204024,0.9750993548598518
Post2_IB_IntensityBasedCoefficientOfVariation,114,0.4625842855599999,0.448863802109375,0.422635967,0.401931201,1.123484779653961e-06,2.9763690381739444e-10,False,Spearman,-0.00859503153811597,0.9276831893573485,Mann_Whitney_U,1616.0,0.9294703533108708,-0.05972687623278546,0.9747395830204024,0.9750993548598518
Pre_IH_IntensityHistogramMedian_Intensity,114,16.4,16.515625,17.0,16.0,0.6179282452823471,0.5171439557228907,True,Pearson_point_biserial_equivalent,0.008623532604635206,0.9274440394129231,Welch_t_test,-0.08827644193392645,0.9298552262735886,0.01722613341194371,0.9747395830204024,0.9750993548598518
Pre_IH_IntensityHistogram50thPercentile,114,16.4,16.515625,17.0,16.0,0.6179282452823471,0.5171439557228907,True,Pearson_point_biserial_equivalent,0.008623532604635206,0.9274440394129231,Welch_t_test,-0.08827644193392645,0.9298552262735886,0.01722613341194371,0.9747395830204024,0.9750993548598518
Pre_GLCM_JointMaximum,114,0.06443737638,0.05041965071875,0.0322626455,0.030461850999999998,1.6912126587583973e-10,1.8664685445802687e-10,False,Spearman,-0.00859503153811597,0.9276831893573485,Mann_Whitney_U,1616.0,0.9294703533108708,-0.19371308652364425,0.9747395830204024,0.9750993548598518
Post2_Morph_RadiusSphereNorm_MaxIntensityCoor_PerimeterCoor_2DAxialSmallestDist,114,0.3485640685,0.30832934715625,0.22505647099999998,0.229229372,7.435429272181472e-07,1.0521261810863231e-05,False,Spearman,0.008326521111932671,0.9299365501917104,Mann_Whitney_U,1584.5,0.9317391622474106,-0.15755134244054014,0.974752769478058,0.9750993548598518
Pre_GLSZM_ZonePercentage,114,0.2880983625,0.28574269124999996,0.2822789855,0.262245979,0.25580814233996246,0.12737709369297154,True,Pearson_point_biserial_equivalent,-0.008013132581601827,0.9325672313789222,Welch_t_test,0.08489055299040776,0.9325088083257432,-0.016006733702341323,0.9748006906832251,0.9750993548598518
ADC_GLCM_SumAverage,114,109.57877638094001,104.104808081125,44.831089975,43.691558845,3.052354171506698e-10,1.5326924727239496e-09,False,Spearman,0.006453596440794992,0.9456687160191286,Mann_Whitney_U,1588.0,0.9475814608623386,-0.034112878777211086,0.9748006906832251,0.9767723589457755
ADC_GLCM_Autocorrelation,114,109.57877638094001,104.104808081125,44.831089975,43.691558845,3.052354171506698e-10,1.5326924727239496e-09,False,Spearman,0.006453596440794992,0.9456687160191286,Mann_Whitney_U,1588.0,0.9475814608623386,-0.034112878777211086,0.9748006906832251,0.9767723589457755
Pre_Morph_MaxIntensityCoor_PerimeterCoor_3DSmallestDist_mm,114,0.8856726462399999,0.9198533146250001,0.707106781,0.707106781,4.5101636809301277e-10,8.920878410611192e-12,False,Spearman,0.006945121560434883,0.9415377383520811,Mann_Whitney_U,1589.5,0.9439452899324978,0.10179857538430366,0.9748006906832251,0.9767723589457755
Pre_IB_IntensityBasedEnergy,114,130170406.76055399,78034175.82509375,24750000.0,20650000.0,3.715191833938312e-15,5.361679859920241e-13,False,Spearman,0.006983632834956548,0.9412141379909229,Mann_Whitney_U,1587.0,0.9430939222070369,-0.12833649963192484,0.9748006906832251,0.9767723589457755
Pre_IH_MinimumHistogramGradient_Intensity,114,-342.57,-78.8515625,-16.25,-14.75,2.0800292246738756e-15,2.2004621249001053e-14,False,Spearman,0.006716500753917402,0.9434589746000304,Mann_Whitney_U,1587.5,0.9453545958013168,0.19971939148707518,0.9748006906832251,0.9767723589457755
Pre_NGTDM_Busyness,114,1.15273873908,0.5321419104999999,0.104970861,0.137010234,2.6973529402677406e-14,7.450699029016699e-16,False,Spearman,0.006983463124719225,0.9412155640015509,Mann_Whitney_U,1587.0,0.9430953027425057,-0.2068606544987147,0.9748006906832251,0.9767723589457755
ADC_Morph_RadiusRoiNorm_CentroidCoor_WCentroidCoor_Dist,114,0.90692109876,0.9278480855468751,0.707106781,0.707106781,6.699492274510464e-12,8.738794115511745e-15,False,Spearman,-0.005958111208101681,0.9498344350022764,Mann_Whitney_U,1608.0,0.9526517392991158,0.03755517751421778,0.9767800927328374,0.9796773205558283
ADC_GLRLM_RunEntropy,112,0.03916256079166667,0.05396527259375,0.0310661955,0.0341856845,0.00020817712113047247,6.468922681403458e-14,False,Spearman,-0.005022521628736082,0.9580845592085887,Mann_Whitney_U,1545.0,0.9601416761020283,0.19964191259842745,0.9829405265465473,0.9850510120386375
ADC_Morph_RadiusRoiNorm_MaxIntensityCoor_PerimeterCoor_3DSmallestDist,114,1.4748947163799997,1.4037810201406251,0.707106781,0.707106781,5.614476751836611e-10,7.463199136509747e-12,False,Spearman,-0.0034748982812352635,0.9707298032639609,Mann_Whitney_U,1605.5,0.9732115813257474,-0.05320121717632546,0.9845665284777035,0.9854388531902336
ADC_Morph_RadiusRoiNorm_MaxIntensityCoor_PerimeterCoor_2DCoronalSmallestDist,114,1.6324131035199998,1.7667585961249999,0.707106781,0.707106781,2.8259475661705822e-08,1.769303496699288e-11,False,Spearman,0.0036167289416037265,0.9695356792139325,Mann_Whitney_U,1594.0,0.9718863787367038,0.08208789213134825,0.9845665284777035,0.9854388531902336
Post2_IH_IntensityHistogramCoefficientOfVariation_Intensity,114,0.42812285335999994,0.42853439234374996,0.410399144,0.393854859,0.00021918811673316628,1.711673311874789e-08,False,Spearman,0.004297515769057985,0.9638048710770548,Mann_Whitney_U,1592.0,0.9658386292978394,0.0022159008684365547,0.9845665284777035,0.9854388531902336
Pre_IB_MedianIntensity,114,218.07306850659998,218.6567386378125,223.87575529999998,216.0,0.7024121056800046,0.5982524088039571,True,Pearson_point_biserial_equivalent,0.0031756287464191203,0.9732496718285346,Welch_t_test,-0.03254227844482705,0.9741119698202308,0.006343345438028689,0.9845665284777035,0.9854388531902336
Pre_IB_50thIntensityPercentile,114,218.07306850659998,218.6567386378125,223.87575529999998,216.0,0.7024121056800046,0.5982524088039571,True,Pearson_point_biserial_equivalent,0.0031756287464191203,0.9732496718285346,Welch_t_test,-0.03254227844482705,0.9741119698202308,0.006343345438028689,0.9845665284777035,0.9854388531902336
Pre_IH_MaximumHistogramGradientGreyLevel_Intensity,114,14.9,14.84375,14.0,14.0,0.08717276638627565,0.30208193276870504,True,Pearson_point_biserial_equivalent,-0.003450212183073027,0.9709376512154488,Welch_t_test,0.0354752868238339,0.9717780941889838,-0.006891834458179729,0.9845665284777035,0.9854388531902336
Post2_Morph_RadiusSphereNorm_MaxIntensityCoor_PerimeterCoor_3DSmallestDist,114,0.22251561277999998,0.21686259175,0.2007813865,0.2142907565,0.015700231230559632,0.08514270003124233,False,Spearman,0.0024173868879879385,0.9796352391665981,Mann_Whitney_U,1595.5,0.9817763587030688,-0.054523531771290705,0.9887269815254529,0.9908879722409163
Pre_GLSZM_ZoneSizeEntropy,114,5.78285158166,5.859180436375,6.0040640465,5.8337751375,0.00046249512471889325,0.20282214961572967,False,Spearman,0.0016115684133967442,0.9864228771792224,Mann_Whitney_U,1597.0,0.9886097821056081,0.08278178206093603,0.9932730360485225,0.9953926653164838
Pre_Morph_RadiusRoiNorm_MaxIntensityCoor_RoiCentroidCoor_Dist,114,0.6178741761400001,0.6182613972187501,0.6184031835,0.632626967,0.8738914202936866,0.08387237721552891,True,Pearson_point_biserial_equivalent,0.0010860692047157444,0.9908498590013133,Welch_t_test,-0.011537470321591409,0.9908161473150288,0.0021694228167797158,0.9954265327149452,0.9953926653164838
Post2_Morph_SurfaceToVolumeRatio_cm,114,8.795826420780001,9.04468965509375,8.738018517,9.263991788999999,0.8766475271162958,0.0035970706138450507,False,Spearman,-0.0005371894711322481,0.9954741008469921,Mann_Whitney_U,1601.0,0.9977218821369305,0.07148477643519181,0.995474100846992,0.9977218821369304
Pre_Morph_SurfaceToVolumeRatio_cm,114,8.795826420780001,9.04468965509375,8.738018517,9.263991788999999,0.8766475271162958,0.0035970706138450507,False,Spearman,-0.0005371894711322481,0.9954741008469921,Mann_Whitney_U,1601.0,0.9977218821369305,0.07148477643519181,0.995474100846992,0.9977218821369304
