feature,n_valid,mean_benign,mean_malignant,median_benign,median_malignant,shapiro_p_benign,shapiro_p_malignant,normal_in_both_classes,correlation_method,correlation_coefficient,correlation_p_value,class_difference_test,class_difference_stat,class_difference_p_value,cohen_d_malignant_minus_benign,correlation_q_value_fdr,class_difference_q_value_fdr
Post1_Morph_Compacity,113,15.721567458999997,17.73115889825397,15.726982465,16.5978999,0.00044230825815566875,2.918994187644891e-09,False,Spearman,0.347400968432565,0.0001632583448752355,Mann_Whitney_U,939.0,0.00023910467553420368,0.6451523332167705,0.005386164058368283,0.007867147378633444
Post1_Morph_Compactness1,113,0.0363445694,0.03289159390476191,0.035873995000000006,0.033991625,0.0587632068655891,0.00035935746465764595,False,Spearman,-0.347400968432565,0.0001632583448752355,Mann_Whitney_U,2211.0,0.00023910467553420368,-0.7292680203011069,0.005386164058368283,0.007867147378633444
Post1_Morph_Compactness2,113,0.47494428242000003,0.3939713005079365,0.4572585355,0.410531127,0.08104169770253336,0.06437580002156365,True,Pearson_point_biserial_equivalent,-0.3503044828013372,0.00014258579355646967,Welch_t_test,3.9813975129899664,0.0001240353678291465,-0.746311853326847,0.005386164058368283,0.007867147378633444
Post1_Morph_SphericalDisproportion,113,1.29581504624,1.3999829243968251,1.298014273,1.345502894,0.0013300341966999347,1.7152705591341838e-08,False,Spearman,0.347400968432565,0.0001632583448752355,Mann_Whitney_U,939.0,0.00023910467553420368,0.6633359314718528,0.005386164058368283,0.007867147378633444
Post1_Morph_Sphericity,113,0.7760764497000001,0.7248480635238094,0.7704076195,0.743216536,0.037416169834816514,4.709697243546706e-05,False,Spearman,-0.347400968432565,0.0001632583448752355,Mann_Whitney_U,2211.0,0.00023910467553420368,-0.7198444032577933,0.005386164058368283,0.007867147378633444
Post1_Morph_Asphericity,113,0.29581504624,0.3999829243968255,0.298014273,0.345502894,0.0013300341966999026,1.7152705591341838e-08,False,Spearman,0.347400968432565,0.0001632583448752355,Mann_Whitney_U,939.0,0.00023910467553420368,0.6633359314718551,0.005386164058368283,0.007867147378633444
Post2_Morph_Compacity,113,15.725971691799998,17.73115889825397,15.726982465,16.5978999,0.0004486820754049963,2.918994187644891e-09,False,Spearman,0.3468547404947779,0.00016744551476792588,Mann_Whitney_U,940.0,0.00024457452990570293,0.6439152546197775,0.005386164058368283,0.007867147378633444
Post2_Morph_Compactness1,113,0.03633255354,0.03289159390476191,0.035873995000000006,0.033991625,0.06092036468666679,0.00035935746465764595,False,Spearman,-0.3468547404947779,0.00016744551476792588,Mann_Whitney_U,2210.0,0.00024457452990570293,-0.7272389022238462,0.005386164058368283,0.007867147378633444
Post2_Morph_Compactness2,113,0.47460927444000006,0.3939713005079365,0.4572585355,0.410531127,0.08330041721178028,0.06437580002156365,True,Pearson_point_biserial_equivalent,-0.34931606597421794,0.00014933330232111064,Welch_t_test,3.9696651168305706,0.00012944107548970457,-0.7439129297144583,0.005386164058368283,0.007867147378633444
Post2_Morph_SphericalDisproportion,113,1.2960647178599998,1.3999829243968251,1.298014273,1.345502894,0.001356424923896451,1.7152705591341838e-08,False,Spearman,0.3468547404947779,0.00016744551476792588,Mann_Whitney_U,940.0,0.00024457452990570293,0.6619667662314678,0.005386164058368283,0.007867147378633444
Post2_Morph_Sphericity,113,0.7759094775800002,0.7248480635238094,0.7704076195,0.743216536,0.0387696991581766,4.709697243546706e-05,False,Spearman,-0.3468547404947779,0.00016744551476792588,Mann_Whitney_U,2210.0,0.00024457452990570293,-0.7179439686690512,0.005386164058368283,0.007867147378633444
Post2_Morph_Asphericity,113,0.29606471786,0.3999829243968255,0.298014273,0.345502894,0.0013564249238965144,1.7152705591341838e-08,False,Spearman,0.3468547404947779,0.00016744551476792588,Mann_Whitney_U,940.0,0.00024457452990570293,0.6619667662314687,0.005386164058368283,0.007867147378633444
Pre_Morph_Compacity,113,15.725971691799998,17.73115889825397,15.726982465,16.5978999,0.0004486820754049963,2.918994187644891e-09,False,Spearman,0.3468547404947779,0.00016744551476792588,Mann_Whitney_U,940.0,0.00024457452990570293,0.6439152546197775,0.005386164058368283,0.007867147378633444
Pre_Morph_Compactness1,113,0.03633255354,0.03289159390476191,0.035873995000000006,0.033991625,0.06092036468666679,0.00035935746465764595,False,Spearman,-0.3468547404947779,0.00016744551476792588,Mann_Whitney_U,2210.0,0.00024457452990570293,-0.7272389022238462,0.005386164058368283,0.007867147378633444
Pre_Morph_Compactness2,113,0.47460927444000006,0.3939713005079365,0.4572585355,0.410531127,0.08330041721178028,0.06437580002156365,True,Pearson_point_biserial_equivalent,-0.34931606597421794,0.00014933330232111064,Welch_t_test,3.9696651168305706,0.00012944107548970457,-0.7439129297144583,0.005386164058368283,0.007867147378633444
Pre_Morph_SphericalDisproportion,113,1.2960647178599998,1.3999829243968251,1.298014273,1.345502894,0.001356424923896451,1.7152705591341838e-08,False,Spearman,0.3468547404947779,0.00016744551476792588,Mann_Whitney_U,940.0,0.00024457452990570293,0.6619667662314678,0.005386164058368283,0.007867147378633444
Pre_Morph_Sphericity,113,0.7759094775800002,0.7248480635238094,0.7704076195,0.743216536,0.0387696991581766,4.709697243546706e-05,False,Spearman,-0.3468547404947779,0.00016744551476792588,Mann_Whitney_U,2210.0,0.00024457452990570293,-0.7179439686690512,0.005386164058368283,0.007867147378633444
Pre_Morph_Asphericity,113,0.29606471786,0.3999829243968255,0.298014273,0.345502894,0.0013564249238965144,1.7152705591341838e-08,False,Spearman,0.3468547404947779,0.00016744551476792588,Mann_Whitney_U,940.0,0.00024457452990570293,0.6619667662314687,0.005386164058368283,0.007867147378633444
Post2_IH_IntensityHistogramMode_Intensity,113,12.48,19.047619047619047,14.0,21.0,0.0072614453505395644,0.36032602343789494,False,Spearman,0.3319450324019244,0.00032841205811863673,Mann_Whitney_U,968.0,0.00044796802001715187,0.6905158768574913,0.010007925350036351,0.01365123597841742
Post2_GLRLM_LongRunHighGreyLevelEmphasis,113,416.10961325642,623.3598600538095,379.0349845,586.9982205,0.3208025532866676,0.12467520153180081,True,Pearson_point_biserial_equivalent,0.30842946776969954,0.000888597586138675,Welch_t_test,-3.5877414329195947,0.0005056642839276756,0.6470053928315449,0.017023924718725103,0.01463898101970621
Post2_IB_MeanIntensity,113,301.20982082239993,394.6382857287302,302.1568151,411.4774011,0.10658624976161436,0.09382302944481577,True,Pearson_point_biserial_equivalent,0.3068990900690124,0.0009454544017640738,Welch_t_test,-3.4723706476412697,0.0007367228051746624,0.6434603231426241,0.017023924718725103,0.016770328732246334
Post2_IB_MedianIntensity,113,302.0866408566,403.8118370880953,312.93945314999996,431.7719421,0.07094549660362058,0.1214759810633956,True,Pearson_point_biserial_equivalent,0.3050338520903308,0.0010192386867734265,Welch_t_test,-3.4694825107140352,0.0007434759900872622,0.6391470070925171,0.017023924718725103,0.016770328732246334
Post2_IB_50thIntensityPercentile,113,302.0866408566,403.8118370880953,312.93945314999996,431.7719421,0.07094549660362058,0.1214759810633956,True,Pearson_point_biserial_equivalent,0.3050338520903308,0.0010192386867734265,Welch_t_test,-3.4694825107140352,0.0007434759900872622,0.6391470070925171,0.017023924718725103,0.016770328732246334
Post2_IB_AreaUnderCurveCIVH,113,6471.739944669999,8499.454098603177,6509.358669499999,8887.992804,0.06728165643900229,0.10017130472146843,True,Pearson_point_biserial_equivalent,0.30993270764298964,0.000835809328552155,Welch_t_test,-3.5139673506200992,0.00064019435601828,0.6504930036503033,0.017023924718725103,0.016770328732246334
Post2_IH_IntensityHistogramMean_Intensity,113,14.451363497360001,18.764321371999998,14.489140575,19.53672316,0.11201260514421682,0.09386145709423467,True,Pearson_point_biserial_equivalent,0.30638206739297513,0.000965401629700134,Welch_t_test,-3.465829351520892,0.0007530717564077672,0.6422639044051135,0.017023924718725103,0.016770328732246334
Post2_IH_AreaUnderCurveCIVH_Intensity,113,312.28493307,405.4852571349207,313.10127220000004,422.1763771,0.11201260486156654,0.09386145704879587,True,Pearson_point_biserial_equivalent,0.30638206738873736,0.0009654016298651933,Welch_t_test,-3.4658293514673337,0.0007530717565430134,0.6422639043953101,0.017023924718725103,0.016770328732246334
Post2_IH_IntensityHistogramMedian_Intensity,113,14.46,19.158730158730158,15.0,20.0,0.03212462729795714,0.11271586184391531,False,Spearman,0.31499822925946713,0.0006783452685120652,Mann_Whitney_U,999.0,0.0008661728578851459,0.6351478513861671,0.017023924718725103,0.017911217311267835
Post2_IH_IntensityHistogram50thPercentile,113,14.46,19.158730158730158,15.0,20.0,0.03212462729795714,0.11271586184391531,False,Spearman,0.31499822925946713,0.0006783452685120652,Mann_Whitney_U,999.0,0.0008661728578851459,0.6351478513861671,0.017023924718725103,0.017911217311267835
ADC_Morph_SurfaceToVolumeRatio_cm,113,15.733274678599999,17.447170453650795,15.726860935000001,16.51665418,0.00027911823858367443,4.843618517710724e-09,False,Spearman,0.3009715937206655,0.0011984464224971865,Mann_Whitney_U,1024.0,0.0014611362366316316,0.5808225912592531,0.017023924718725103,0.018491315221060397
ADC_Morph_Compacity,113,0.0363126684,0.033330295095238084,0.035874272,0.03415883,0.025598333558107252,0.0027696456561302047,False,Spearman,-0.3009715937206655,0.0011984464224971865,Mann_Whitney_U,2126.0,0.0014611362366316316,-0.6404181277371055,0.017023924718725103,0.018491315221060397
ADC_Morph_Compactness1,113,0.47408010146,0.4038675506507937,0.457265593,0.41457988,0.02756545501304284,0.3362724032595336,False,Spearman,-0.3009715937206655,0.0011984464224971865,Mann_Whitney_U,2126.0,0.0014611362366316316,-0.6466853412187941,0.017023924718725103,0.018491315221060397
ADC_Morph_Compactness2,113,1.296482293,1.3855461529523807,1.2980075869999999,1.341108534,0.000803526059666903,3.900350600152033e-08,False,Spearman,0.3009715937206655,0.0011984464224971865,Mann_Whitney_U,1024.0,0.0014611362366316316,0.5954809843216622,0.017023924718725103,0.018491315221060397
ADC_Morph_SphericalDisproportion,113,0.77563068882,0.7314574642857143,0.7704115855,0.745651806,0.017587800442603174,0.00031740902989723356,False,Spearman,-0.3009715937206655,0.0011984464224971865,Mann_Whitney_U,2126.0,0.0014611362366316316,-0.6351925589953669,0.017023924718725103,0.018491315221060397
ADC_Morph_Sphericity,113,0.296482293,0.3855461529523809,0.298007587,0.341108534,0.0008035260596669541,3.900350600152033e-08,False,Spearman,0.3009715937206655,0.0011984464224971865,Mann_Whitney_U,1024.0,0.0014611362366316316,0.5954809843216634,0.017023924718725103,0.018491315221060397
Post1_IH_IntensityHistogramMode_Intensity,113,10.9,16.174603174603174,12.0,16.0,0.009223580309961633,0.2942848638369158,False,Spearman,0.3008234511301131,0.0012054938056437466,Mann_Whitney_U,1025.0,0.0014690854925194787,0.6589739558980985,0.017023924718725103,0.018491315221060397
Post1_IH_MinimumHistogramGradientGreyLevel_Intensity,113,11.22,17.26984126984127,11.0,18.0,0.0011824090186873422,0.10342454738647683,False,Spearman,0.30263787163014677,0.0011217245601519135,Mann_Whitney_U,1022.5,0.0013746587877509755,0.6488801379095028,0.017023924718725103,0.018491315221060397
Post2_IB_RootMeanSquareIntensity,113,331.1076834686,428.9509299752381,339.75149154999997,455.6253753,0.393506031694779,0.13319973636085902,True,Pearson_point_biserial_equivalent,0.3022280636864487,0.0011401666329710488,Welch_t_test,-3.390666974959818,0.000969712382361735,0.6326739434291347,0.017023924718725103,0.018491315221060397
Post2_GLCM_JointMaximum,113,0.08254847775999999,0.03592954258730159,0.034381497,0.016461108,1.7841577148795513e-11,4.162512817524234e-14,False,Spearman,-0.30588764516074907,0.000984835764628672,Mann_Whitney_U,2135.0,0.0012193267390471884,-0.43453534038353825,0.017023924718725103,0.018491315221060397
Post2_GLCM_Autocorrelation,113,296.63763341586,483.54928254836506,268.54113275,459.7808564,0.028210850406020463,0.04144991176401407,False,Spearman,0.3069801010363231,0.0009423632717565285,Mann_Whitney_U,1013.0,0.001170875033693495,0.6804158468280153,0.017023924718725103,0.018491315221060397
Post2_GLRLM_HighGreyLevelRunEmphasis,113,293.14907612732003,466.530995024746,261.6834404,456.9057136,0.03633786684283512,0.06299834013075653,False,Spearman,0.3108036966008325,0.0008065521598415449,Mann_Whitney_U,1006.0,0.0010149597233697256,0.6828595736653889,0.017023924718725103,0.018491315221060397
Post2_GLRLM_ShortRunHighGreyLevelEmphasis,113,269.89414132718,433.3046661664921,234.11965179999999,414.4766159,0.018638727375330514,0.05744535560758237,False,Spearman,0.3108036966008325,0.0008065521598415449,Mann_Whitney_U,1006.0,0.0010149597233697256,0.6814675003524656,0.017023924718725103,0.018491315221060397
Post2_IB_25thIntensityPercentile,113,207.76080301359997,280.2054984057143,219.67159270000002,281.3911438,0.4722735012402224,0.33522479926353116,True,Pearson_point_biserial_equivalent,0.2926338932860175,0.001659133748150962,Welch_t_test,-3.326431746233848,0.001193884268510326,0.6106750358817217,0.0181252535882907,0.018491315221060397
Post2_IH_IntensityHistogram25thPercentile,113,10.12,13.492063492063492,11.0,14.0,0.29290146014792795,0.2334495232511883,True,Pearson_point_biserial_equivalent,0.29599032610753506,0.0014571853539523715,Welch_t_test,-3.3691697882081155,0.0010380807210080322,0.6183477119192524,0.0181252535882907,0.018491315221060397
Post2_IH_IntensityHistogram75thPercentile,113,18.54,24.206349206349206,19.0,26.0,0.5128987973837035,0.09476819864726216,True,Pearson_point_biserial_equivalent,0.29316721540851076,0.0016254356977939521,Welch_t_test,-3.2711582024875203,0.0014335094523669576,0.6118925293227669,0.0181252535882907,0.018491315221060397
Post2_GLCM_JointAverage,113,15.162643429200003,19.727198288396824,15.39721501,20.97768421,0.2577955668686125,0.10182262818054658,True,Pearson_point_biserial_equivalent,0.29576263889431503,0.0014701434763365166,Welch_t_test,-3.3283404636522893,0.0011870246840085912,0.6178264387243876,0.0181252535882907,0.018491315221060397
Post2_GLCM_SumAverage,113,30.325286857899997,39.45439657650794,30.79443001,41.95536842,0.2577955670090538,0.10182262806361728,True,Pearson_point_biserial_equivalent,0.2957626389108989,0.0014701434753888855,Welch_t_test,-3.3283404638548277,0.0011870246832250504,0.6178264387623517,0.0181252535882907,0.018491315221060397
Post2_IH_IntensityHistogramRange_Intensity,113,27.7,34.888888888888886,26.0,37.0,0.1893003719072145,0.12731839551527296,True,Pearson_point_biserial_equivalent,0.2967708105262095,0.0014135505220777326,Welch_t_test,-3.261357892033064,0.0015014686812063794,0.6201354513500954,0.0181252535882907,0.01849681630677646
Post2_GLSZM_HighGrayLevelZoneEmphasis,113,291.73069913980004,437.29356425873016,241.87529765,417.3731343,0.023374328370543065,0.07813605095241442,False,Spearman,0.29878668196951735,0.0013062909122942927,Mann_Whitney_U,1028.0,0.0015821881375766233,0.6512138318410987,0.01800815329091418,0.018960573874133132
Post2_IB_75thIntensityPercentile,113,391.0530979138,511.28663537777777,394.5,545.9759521,0.48965670122685717,0.12239615193292586,True,Pearson_point_biserial_equivalent,0.2903820068883165,0.0018085215501459754,Welch_t_test,-3.23604932495617,0.0016046081516969317,0.6055411731243542,0.01939136995434296,0.018960573874133132
Post2_IB_IntensityRange,113,605.5747366420001,759.8337230301588,571.5,809.0,0.18544756103543594,0.12283188222614283,True,Pearson_point_biserial_equivalent,0.29377407969143593,0.0015878474474967012,Welch_t_test,-3.2263937953699378,0.0016775933889003351,0.6132786685810264,0.0181252535882907,0.01904561906222145
Post2_IH_IntensityHistogramMaximumGreyLevel_Intensity,113,29.5,36.523809523809526,27.5,38.0,0.2377321008130083,0.08608497636156864,True,Pearson_point_biserial_equivalent,0.29458394065496835,0.0015389154397599568,Welch_t_test,-3.2302574954825594,0.0016607249052580145,0.6151297374446208,0.0181252535882907,0.01904561906222145
Post1_IH_Uniformity_Intensity,113,0.12829960925999997,0.07810227749206346,0.0854964055,0.058784142,6.756405165413453e-10,2.928240142494805e-11,False,Spearman,-0.29496308640500796,0.0015164815570945713,Mann_Whitney_U,2115.0,0.0018164740692907342,-0.4899055718299435,0.0181252535882907,0.019844122379610096
Post2_IB_MaximumIntensity,113,626.9990557839999,777.5224153936508,580.0,809.0,0.2089127626634205,0.07749802486296861,True,Pearson_point_biserial_equivalent,0.29270413334976575,0.001654659658935254,Welch_t_test,-3.207485829128027,0.0017849778409107554,0.6108353476107001,0.0181252535882907,0.019844122379610096
Post1_GLCM_JointMaximum,113,0.10064048414000001,0.04519726628571429,0.044179607,0.022023277,2.1343564596930283e-10,5.767901556662564e-12,False,Spearman,-0.29277817465385975,0.001649955298829934,Mann_Whitney_U,2111.0,0.0019642666031672003,-0.5006080826277621,0.0181252535882907,0.020390457644869908
Post1_IB_MaximumIntensity,113,523.259881896,645.1746445984127,506.0,631.0,0.1698123768843238,0.8986769816179726,True,Pearson_point_biserial_equivalent,0.2871329461280435,0.0020455908454096636,Welch_t_test,-3.1726446736319285,0.001972134072733532,0.5981532765158627,0.02052532170584783,0.020390457644869908
Post1_IB_IntensityRange,113,503.01460298000006,628.868538236508,498.000473,627.1200542,0.2273750520617893,0.9360655236140848,True,Pearson_point_biserial_equivalent,0.28699725491696193,0.002056077131155741,Welch_t_test,-3.172696708662905,0.0019709677765042456,0.5978452262621099,0.02052532170584783,0.020390457644869908
Post1_IH_IntensityHistogramMaximumGreyLevel_Intensity,113,24.74,30.317460317460316,24.0,30.0,0.13649237087957505,0.8490933746229862,True,Pearson_point_biserial_equivalent,0.28396093250829335,0.002303817726260392,Welch_t_test,-3.1333865526176727,0.002230693258943538,0.5909622833394496,0.022608651923809613,0.022659147314531728
Post1_GLCM_AngularSecondMoment,113,0.048942300019999996,0.01599383473015873,0.012647176,0.005766469,2.6373378689320055e-12,5.737022129682018e-14,False,Spearman,-0.2884083511515634,0.0019493666984316265,Mann_Whitney_U,2103.0,0.002293472608109997,-0.4408222776821179,0.02052151487985294,0.022895183449925662
ADC_GLSZM_LowGrayLevelZoneEmphasis,113,339.3310506806,549.7096823173017,175.4603213,493.4606061,3.372672776927316e-07,2.327109371011365e-05,False,Spearman,0.2878627217711925,0.0019900190259299296,Mann_Whitney_U,1048.0,0.002337950098735724,0.4792746543857928,0.02052532170584783,0.022943611985898036
Post1_IH_IntensityHistogramRange_Intensity,113,23.04,28.714285714285715,23.0,29.0,0.18590053581007476,0.8447730359468433,True,Pearson_point_biserial_equivalent,0.282026284253501,0.0024754235422101696,Welch_t_test,-3.1121264375189677,0.002382029217200236,0.586586795438361,0.02278237931560479,0.022986581945982278
Post2_GLSZM_LargeZoneLowGreyLevelEmphasis,113,753.2957017248598,110.57520219363492,1.1098672514999999,0.258429606,1.4134728831761973e-15,1.188478970823037e-16,False,Spearman,-0.2834922997114799,0.002344369431308219,Mann_Whitney_U,2094.0,0.002723734702365614,-0.19287187171402526,0.022623165012124313,0.0248168021730264
ADC_GLSZM_LargeZoneEmphasis,113,0.09755403124,0.03823072565079366,0.03018191,0.013143895,3.914866742033275e-12,3.3090530292080774e-14,False,Spearman,-0.2829466601090659,0.002392396229773778,Mann_Whitney_U,2093.0,0.002775781575255112,-0.3992820134283966,0.02270815437768881,0.0248168021730264
Post1_IH_IntensityHistogramMedian_Intensity,113,12.22,15.65079365079365,13.0,17.0,0.0033927546732412275,0.25261494612826985,False,Spearman,0.2799164130410952,0.00267565076590868,Mann_Whitney_U,1063.5,0.0030817759377149124,0.5649898617940307,0.02278237931560479,0.0248168021730264
Post1_IH_IntensityHistogram50thPercentile,113,12.22,15.65079365079365,13.0,17.0,0.0033927546732412275,0.25261494612826985,False,Spearman,0.2799164130410952,0.00267565076590868,Mann_Whitney_U,1063.5,0.0030817759377149124,0.5649898617940307,0.02278237931560479,0.0248168021730264
Post1_GLCM_JointEntropyLog2,113,6.851036966800001,7.80768978842857,7.2557944945,7.9841104,0.0009504578118844598,0.00034753997071852613,False,Spearman,0.2802149320847576,0.002646461930692766,Mann_Whitney_U,1062.0,0.003050272080383417,0.5697674939883103,0.02278237931560479,0.0248168021730264
Post1_GLCM_JointEntropyLog10,113,2.0623676283799997,2.350348823142857,2.184211785,2.403456719,0.0009504578123461071,0.00034753997108301956,False,Spearman,0.2802149320847576,0.002646461930692766,Mann_Whitney_U,1062.0,0.003050272080383417,0.5697674939988011,0.02278237931560479,0.0248168021730264
Post2_IH_Uniformity_Intensity,113,0.11011911763999999,0.0656624295079365,0.063026395,0.046380075,1.9124952740645616e-10,4.753673377153309e-13,False,Spearman,-0.28076116002254464,0.0025937946884785723,Mann_Whitney_U,2089.0,0.002993481956492515,-0.453799253239616,0.02278237931560479,0.0248168021730264
Post2_GLSZM_SmallZoneHighGreyLevelEmphasis,113,131.96052449075998,191.25418588976194,98.65936034,155.8208747,5.828524606444208e-06,0.008879203406426369,False,Spearman,0.2802149320847576,0.002646461930692766,Mann_Whitney_U,1062.0,0.003050272080383417,0.5040560566226885,0.02278237931560479,0.0248168021730264
Post1_IB_AreaUnderCurveCIVH,113,5447.963085356001,6929.182816617461,5770.712585,7439.964941,0.028114272438761436,0.4957683183787946,False,Spearman,0.2763913365202482,0.003042947632007678,Mann_Whitney_U,1069.0,0.0034761225094276284,0.5791521347798237,0.023182456301742704,0.0248168021730264
Post1_IH_IntensityHistogramEntropyLog10_Intensity,113,1.1203280412,1.2707563656190477,1.1976187944999999,1.291644898,0.0005201373781899522,0.00014706824060840365,False,Spearman,0.2774837923958223,0.002924541236903893,Mann_Whitney_U,1067.0,0.0033492397406611942,0.5704985486442771,0.023182456301742704,0.0248168021730264
Post1_IH_IntensityHistogramEntropyLog2_Intensity,113,3.72164919558,4.221361272746032,3.9784035214999998,4.290751476,0.0005201373860959316,0.00014706823791556858,False,Spearman,0.2774837923958223,0.002924541236903893,Mann_Whitney_U,1067.0,0.0033492397406611942,0.5704985486868627,0.023182456301742704,0.0248168021730264
Post2_IH_IntensityHistogram90thPercentile,113,22.3,28.095238095238095,21.0,29.0,0.3240620224136447,0.19287926556159526,True,Pearson_point_biserial_equivalent,0.2768798959758463,0.0029894718540557797,Welch_t_test,-3.044270918208359,0.0029400479221000633,0.5749851320074091,0.023182456301742704,0.0248168021730264
Post2_IH_IntensityHistogramEntropyLog10_Intensity,113,1.20142729928,1.3501436932698407,1.2788759075,1.40201717,0.0004092098199215902,9.666145761587898e-06,False,Spearman,0.2769375644580353,0.002983215820006087,Mann_Whitney_U,1068.0,0.0034121442461033857,0.5520858929735167,0.023182456301742704,0.0248168021730264
Post2_IH_IntensityHistogramEntropyLog2_Intensity,113,3.9910550993599996,4.485080266523809,4.248333806,4.657400226,0.00040920981801641785,9.666145701386356e-06,False,Spearman,0.2769375644580353,0.002983215820006087,Mann_Whitney_U,1068.0,0.0034121442461033857,0.5520858927442267,0.023182456301742704,0.0248168021730264
Post2_GLCM_JointEntropyLog2,113,7.338059951279999,8.283317505603174,7.807245114500001,8.598610031,0.0004111381139601647,3.122533020140537e-05,False,Spearman,0.2763913365202482,0.003042947632007678,Mann_Whitney_U,1069.0,0.0034761225094276284,0.563076501168722,0.023182456301742704,0.0248168021730264
Post2_GLCM_JointEntropyLog10,113,2.20897615524,2.493527032746032,2.350214963,2.58843954,0.0004111381120801668,3.1225330118013214e-05,False,Spearman,0.2763913365202482,0.003042947632007678,Mann_Whitney_U,1069.0,0.0034761225094276284,0.5630765012380862,0.023182456301742704,0.0248168021730264
Post1_IB_RootMeanSquareIntensity,113,278.0230205578,349.6531683884127,292.9106471,369.2023396,0.28987880409604994,0.6028133776836568,True,Pearson_point_biserial_equivalent,0.2748962177670658,0.0032119855288223016,Welch_t_test,-3.0656898739699128,0.002731220538857423,0.570527650407798,0.023248341923063146,0.0248168021730264
Post1_GLCM_SumEntropy,113,6.6315436308,7.72777486379365,7.2557944945,7.942881321,0.00019480992212230462,8.401320280234081e-05,False,Spearman,0.2758451085824612,0.0031037532261526,Mann_Whitney_U,1070.0,0.0035411906848995967,0.5785248895635299,0.023248341923063146,0.0248168021730264
Post2_IB_90thIntensityPercentile,113,470.9613761924,596.0872093111111,453.0,625.4802856,0.4176511490842332,0.18152130690257895,True,Pearson_point_biserial_equivalent,0.2754969425972398,0.0031430787695177938,Welch_t_test,-3.0282684823275665,0.0030866952223619105,0.5718766909069547,0.023248341923063146,0.0248168021730264
Post1_IB_75thIntensityPercentile,113,326.657144967,415.8596990714285,336.1931305,444.7147827,0.4248016588316893,0.6249764396398438,True,Pearson_point_biserial_equivalent,0.2680185547082565,0.004103368466608075,Welch_t_test,-2.9790961048532822,0.0035575035930245098,0.5551335238784336,0.02506954481720076,0.0248168021730264
Post1_GLCM_JointAverage,113,12.74802927992,16.091346010936505,13.564092745,16.77924621,0.07237128624223871,0.4312956867052981,True,Pearson_point_biserial_equivalent,0.2685535475232599,0.004026823471505855,Welch_t_test,-2.993899947188793,0.0033991703305766693,0.5563276648009179,0.02506954481720076,0.0248168021730264
Post1_GLCM_SumAverage,113,25.496058561319998,32.18269202001587,27.12818549,33.55849241,0.07237128598578535,0.4312956857964865,True,Pearson_point_biserial_equivalent,0.26855354741116233,0.0040268234874094935,Welch_t_test,-2.9938999457803344,0.003399170345090946,0.556327664550651,0.02506954481720076,0.0248168021730264
Post1_GLRLM_LongRunHighGreyLevelEmphasis,113,315.35424928246,437.58040458396823,309.86321755,431.4965957,0.11385658113052546,0.0520629451947625,True,Pearson_point_biserial_equivalent,0.26248910361099465,0.0049741972382838515,Welch_t_test,-3.0142273878962964,0.0032245583298747037,0.5428235415572383,0.0283486917482243,0.0248168021730264
Post1_IB_MedianIntensity,113,253.07247131379998,326.89657919666666,279.2001953,353.0,0.004405239871613052,0.41190562785816504,False,Spearman,0.27420870544184756,0.0032925112913491845,Mann_Whitney_U,1073.0,0.003742811412679903,0.5601180987191237,0.023248341923063146,0.025198695441182136
Post1_IB_50thIntensityPercentile,113,253.07247131379998,326.89657919666666,279.2001953,353.0,0.004405239871613052,0.41190562785816504,False,Spearman,0.27420870544184756,0.0032925112913491845,Mann_Whitney_U,1073.0,0.003742811412679903,0.5601180987191237,0.023248341923063146,0.025198695441182136
Post2_NGTDM_Complexity,113,1302.03209494358,1910.0487334200002,668.7987975,1571.590856,4.910972292749138e-09,0.0010384712703799207,False,Spearman,0.27475265270688704,0.0032286530306057637,Mann_Whitney_U,1072.0,0.003674662399812466,0.3810669311065951,0.023248341923063146,0.025198695441182136
Post2_GLCM_SumEntropy,113,7.234147418560001,8.19997163520635,7.7316414845,8.598610031,0.00032011446345971253,3.001296132243455e-05,False,Spearman,0.2725677409557389,0.0034920900120438024,Mann_Whitney_U,1076.0,0.003955418175001559,0.5404809511905003,0.024070477583016208,0.026024853674157987
Post2_GLCM_AngularSecondMoment,113,0.03949717304,0.01262903873015873,0.0070412105,0.004265071,4.823554450762067e-13,1.616438507816838e-15,False,Spearman,-0.2725677409557389,0.0034920900120438024,Mann_Whitney_U,2074.0,0.003955418175001559,-0.3796863015176908,0.024070477583016208,0.026024853674157987
Post1_IB_MeanIntensity,113,253.174750465,321.434541012381,268.0578553,343.8062661,0.035692454520822155,0.47379040156210805,False,Spearman,0.27092905714237775,0.003702160939736012,Mann_Whitney_U,1079.0,0.0041786170362059765,0.5747931298190443,0.024358536183035805,0.02629803547786153
Post1_IH_IntensityHistogramMean_Intensity,113,12.222183514480001,15.38054331852381,12.93056582,16.45454545,0.03774627377332257,0.470809361866624,False,Spearman,0.27147528508016483,0.0036309109949072675,Mann_Whitney_U,1078.0,0.004102978834414181,0.5755189032161064,0.024358536183035805,0.02629803547786153
Post1_IH_AreaUnderCurveCIVH_Intensity,113,264.1137468808,332.36392826539685,279.4214457,355.5724432,0.0377462738814921,0.4708093611193506,False,Spearman,0.27147528508016483,0.0036309109949072675,Mann_Whitney_U,1078.0,0.004102978834414181,0.5755189031913194,0.024358536183035805,0.02629803547786153
Post2_GLCM_ClusterProminence,113,97439.3081673415,136226.5625327457,22564.513305,82014.30342,1.0233925281335416e-10,5.924908215058442e-08,False,Spearman,0.27092905714237775,0.003702160939736012,Mann_Whitney_U,1079.0,0.0041786170362059765,0.2323681905621413,0.024358536183035805,0.02629803547786153
Post2_GLSZM_NormalisedGreyLevelNonUniformity,113,0.07728965510000001,0.048828719968253956,0.049850716,0.040235637,3.1257066322591625e-13,1.264039854928021e-12,False,Spearman,-0.26983660126680364,0.003848433464496414,Mann_Whitney_U,2069.0,0.004333700445771007,-0.3603411543312136,0.025036437931948582,0.026693750618100143
Post1_IH_IntensityHistogram75thPercentile,113,15.62,19.6984126984127,16.0,21.0,0.4479117726949385,0.6340524145850353,True,Pearson_point_biserial_equivalent,0.263133396401036,0.004864877900273579,Welch_t_test,-2.914985749864804,0.004313025077144441,0.5442549152367457,0.028167643042584022,0.026693750618100143
Post1_GLCM_Autocorrelation,113,206.7232157433,321.6979933687937,192.27896420000002,313.5280382,0.09547060085679913,0.010101313290849654,False,Spearman,0.26765168951565543,0.004156608467100644,Mann_Whitney_U,1085.0,0.0046596202821317725,0.6109773259069028,0.02506954481720076,0.026979201433542963
Post1_GLRLM_HighGreyLevelRunEmphasis,113,205.96900272093998,313.4204657772064,195.8173344,304.6016647,0.19481475096712622,0.017655446621452867,False,Spearman,0.26765168951565543,0.004156608467100644,Mann_Whitney_U,1085.0,0.0046596202821317725,0.6138839502927221,0.02506954481720076,0.026979201433542963
Post1_GLRLM_ShortRunHighGreyLevelEmphasis,113,186.76137360858,288.3035141949365,170.81444929999998,276.3258999,0.08711883562541417,0.012993746481268163,False,Spearman,0.26874414539122954,0.0039998638234928635,Mann_Whitney_U,1083.0,0.004493984116449073,0.6157636379927132,0.02506954481720076,0.026979201433542963
Post2_GLCM_DifferenceEntropy,113,4.8867028885999995,5.9989834177142844,5.422078406500001,6.462809401,0.019570605683196702,0.0002511349230925637,False,Spearman,0.26819791745344246,0.004077561934431067,Mann_Whitney_U,1084.0,0.004576123481712057,0.5267457581919623,0.02506954481720076,0.026979201433542963
Post1_IH_IntensityHistogram90thPercentile,113,18.6,23.047619047619047,19.0,24.0,0.7128907067970134,0.7528322405729345,True,Pearson_point_biserial_equivalent,0.2623733386910693,0.004994070048909981,Welch_t_test,-2.9024945887670723,0.00447772931655797,0.5425664386225,0.0283486917482243,0.026979201433542963
Post1_IB_90thIntensityPercentile,113,391.1221978796,487.39640009206346,400.482666,504.6595154,0.8612469278094573,0.7090762653104198,True,Pearson_point_biserial_equivalent,0.2620740877990518,0.005045769528042281,Welch_t_test,-2.89608541029634,0.00456518991591516,0.5419019472383043,0.028364083075111464,0.026979201433542963
Post1_GLSZM_LargeZoneLowGreyLevelEmphasis,113,1240.7668900979202,144.70473616663497,2.3439606255000003,0.464058036,1.4201235323328126e-15,7.2589411714915e-17,False,Spearman,-0.2643743218889331,0.004660349718967507,Mann_Whitney_U,2059.0,0.005190220867338161,-0.2010842423087697,0.02753410701308354,0.029753840417710845
ADC_IH_IntensityHistogramStd_Intensity,113,25.36,32.98412698412698,22.5,35.0,0.09018618652196746,0.5409122761869724,True,Pearson_point_biserial_equivalent,0.2649139710916115,0.004573826944654099,Welch_t_test,-2.830131785017732,0.005686796792349693,0.548214752235173,0.027301503102626017,0.032280934733043845
Post2_GLSZM_GreyLevelVariance,113,52.86472617391999,70.53703545366666,37.977239885,62.39652211,2.2571252378679715e-06,0.013750927884921108,False,Spearman,0.2605507263244237,0.005316420285900119,Mann_Whitney_U,1098.0,0.005877841658778753,0.38527558746316626,0.029598147553232392,0.033041459421678625
ADC_IB_StandardDeviation,113,1419.991419686,1853.0820457984125,1259.5,1949.0,0.1223596891508581,0.5528906048634136,True,Pearson_point_biserial_equivalent,0.26350079688408146,0.0048035042844209435,Welch_t_test,-2.81374018359238,0.005961212874610081,0.5450714895628058,0.028093222027067943,0.033187906292300354
Post1_GLCM_DifferenceEntropy,113,4.23054386384,5.359546377857143,4.692281505,5.689338808,0.06667093150989369,0.004919089161681823,False,Spearman,0.25973678521548504,0.005466268342071,Mann_Whitney_U,1099.5,0.006034417331517363,0.549529080904013,0.03014256542913437,0.03325890536017336
Post1_GLSZM_SmallZoneHighGreyLevelEmphasis,113,84.87656285285999,125.80223790660318,60.6574752,107.6623755,3.610855531572188e-05,0.0001641434890303692,False,Spearman,0.2594582704488496,0.0055184003209837705,Mann_Whitney_U,1100.0,0.006088849685973017,0.5240953323740166,0.03014296024386418,0.03325890536017336
ADC_IH_MaximumHistogramGradient_Intensity,113,12.78,17.984126984126984,9.0,16.0,1.402390921928856e-05,0.00881790558867637,False,Spearman,0.2588462271782154,0.0056345194943378425,Mann_Whitney_U,1101.5,0.006210069125268948,0.4485204804443592,0.030489596142258046,0.03360401891150207
Post1_NGTDM_Complexity,113,723.7019385012401,1128.3109929026987,430.15283984999996,722.5228451,1.0464175600615933e-07,8.141687457294174e-05,False,Spearman,0.2583658145732755,0.00572718304302342,Mann_Whitney_U,1102.0,0.006306656487420171,0.44591451133560644,0.030704064647320003,0.03381068616866925
Post1_GLSZM_HighGrayLevelZoneEmphasis,113,203.0022553448,297.2571258838095,181.82962980000002,263.0377358,0.0634039273004805,0.008864054388571161,False,Spearman,0.2556346748843403,0.00628018997262961,Mann_Whitney_U,1107.0,0.006882168773499216,0.6089407290587603,0.03335990820323435,0.03655757541152336
Post1_IB_25thIntensityPercentile,113,178.3135500494,226.7977253138095,193.0,232.5686951,0.01991712825076349,0.31078257733152004,False,Spearman,0.25481957181076975,0.0064541746924748665,Mann_Whitney_U,1108.5,0.0070628458161895525,0.49463073798620444,0.03397242860857225,0.03716703871055502
Post2_GLRLM_RunEntropy,113,4.593008168680001,4.893494668158731,4.6577929575,5.033964931,0.0013523988807144806,0.005246141611838803,False,Spearman,0.25454221900876617,0.006514343843547241,Mann_Whitney_U,1109.0,0.007125287213940599,0.5044968687241098,0.03398022599471939,0.03716703871055502
Post2_IB_10thIntensityPercentile,113,129.65967898556,176.64930700682538,133.2296066,167.4627686,0.15334159040169756,0.17590170524674753,True,Pearson_point_biserial_equivalent,0.24745838896996428,0.008229580502678597,Welch_t_test,-2.7273885891016216,0.007436914432424854,0.5096468239379853,0.04054798523069495,0.03844619157476777
Post1_GLSZM_NormalisedGreyLevelNonUniformity,113,0.08223529442000001,0.05609814368253969,0.055847897,0.049537875,6.2930437262087146e-12,1.0297872833104983e-09,False,Spearman,-0.25126589630527046,0.0072636967134902305,Mann_Whitney_U,2035.0,0.007901315743265771,-0.4224701298648517,0.03755071783134682,0.04048550279071576
Post2_GLRLM_GreyLevelVariance,113,48.56131558942,65.34568243836507,34.181564585000004,58.02893264,7.213305129293928e-07,0.003102926843236505,False,Spearman,0.25017239550646975,0.007530259611371595,Mann_Whitney_U,1117.0,0.00817668975478812,0.3479029318185314,0.03858425057508101,0.04151548053501392
ADC_GLRLM_LowGreyLevelRunEmphasis,113,352.67512029424006,548.0374420617302,169.8484262,455.4058242,5.061278684767119e-07,1.2980624427883599e-05,False,Spearman,0.2496266866213187,0.007666495241491115,Mann_Whitney_U,1118.0,0.008317301895256061,0.4183112712092186,0.03859979451167329,0.04151548053501392
ADC_GLRLM_ShortRunLowGreyLevelEmphasis,113,308.5731603291,477.0234494662698,153.53240820000002,392.6646501,4.01975949311355e-07,1.5242235734799408e-05,False,Spearman,0.24962616756868267,0.0076666258529230185,Mann_Whitney_U,1118.0,0.0083174365147869,0.41238607408688377,0.03859979451167329,0.04151548053501392
Post2_GLCM_JointVariance,113,44.911831643119996,59.202643025523805,29.934287955000002,52.92907236,2.794052735895683e-07,0.001513536963628096,False,Spearman,0.2485337116931086,0.007945923521154988,Mann_Whitney_U,1120.0,0.008605448997530343,0.3073543091433972,0.039661118265075325,0.04258593991085528
ADC_IB_MedianIntensity,113,180.4408971484,467.78336050079366,0.0,142.8585205,3.264546263882487e-11,4.789551596607406e-08,False,Spearman,0.24594858943985637,0.008642921750946974,Mann_Whitney_U,1158.0,0.00932905398254377,0.5635512752273498,0.04054798523069495,0.04372782375756952
ADC_IH_IntensityHistogramMedian_Intensity,113,3.96,8.920634920634921,1.0,3.0,1.6673651186379515e-11,2.7751148244623726e-08,False,Spearman,0.24666572057278574,0.008444362519923506,Mann_Whitney_U,1164.5,0.009126336421159783,0.5632930969911497,0.04054798523069495,0.04372782375756952
ADC_GLRLM_LongRunLowGreyLevelEmphasis,113,681.0544046249202,990.8828700114286,285.8804196,801.7481737,1.0955787750076608e-08,7.897664102019528e-07,False,Spearman,0.24634879994196038,0.008531609797742484,Mann_Whitney_U,1124.0,0.009208355354445205,0.3209655276433681,0.04054798523069495,0.04372782375756952
Post1_GLCM_InverseDifference,113,0.45217239982,0.3800509256825397,0.4225645905,0.361367996,0.015815168940391203,8.339393172357932e-05,False,Spearman,-0.24689502787974743,0.00838172661696454,Mann_Whitney_U,2027.0,0.009054195579744137,-0.5278077635143847,0.04054798523069495,0.04372782375756952
Post1_GLRLM_RunPercentage,113,0.8337418175200001,0.8838818185079366,0.8667485255,0.90516333,1.5347927831518564e-06,1.55119105367829e-08,False,Spearman,0.24662242671668577,0.008456234580246037,Mann_Whitney_U,1123.5,0.009130840485993979,0.5131760751214234,0.04054798523069495,0.04372782375756952
Post2_GLCM_SumVariance,113,134.72833237512,182.17041412038097,85.243228385,164.1721278,4.475057031775581e-07,0.0011688603556571434,False,Spearman,0.24580257200417335,0.008683851759250733,Mann_Whitney_U,1125.0,0.00936485344721696,0.33178756289792993,0.04054798523069495,0.04372782375756952
Post2_GLCM_ClusterTendency,113,134.72833237512,182.17041412038097,85.243228385,164.1721278,4.475057031775581e-07,0.0011688603556571434,False,Spearman,0.24580257200417335,0.008683851759250733,Mann_Whitney_U,1125.0,0.00936485344721696,0.33178756289792993,0.04054798523069495,0.04372782375756952
Post2_IB_IntensityVariance,113,22612.768839477394,30311.066611806345,15514.861875,26166.07923,6.832094383033443e-07,0.002796540570654902,False,Spearman,0.24525634406638627,0.008838483579494034,Mann_Whitney_U,1126.0,0.009523720017112502,0.3367877773701276,0.04061493644862734,0.04376376103101697
Post2_IB_StandardDeviation,113,130.19952535774,161.8425312311111,124.50393555,161.759325,0.04737037288906713,0.7933736705419763,False,Spearman,0.24525634406638627,0.008838483579494034,Mann_Whitney_U,1126.0,0.009523720017112502,0.45263397779020964,0.04061493644862734,0.04376376103101697
Post2_IH_IntensityHistogramVariance_Intensity,113,48.20365667352,64.78343320185714,33.42288581,56.11470236,6.651049105240569e-07,0.0024868388669096095,False,Spearman,0.24416388819081217,0.009155042632790265,Mann_Whitney_U,1128.0,0.009848680710624792,0.3397160497353716,0.04141226315926221,0.04454989165196683
Post2_IH_IntensityHistogramStd_Intensity,113,6.016175712220001,7.483079629190475,5.778779127,7.490974727,0.04283655271788341,0.7708586877254264,False,Spearman,0.24416388819081217,0.009155042632790265,Mann_Whitney_U,1128.0,0.009848680710624792,0.4549380778361395,0.04141226315926221,0.04454989165196683
Post1_GLCM_InverseDifferenceMoment,113,0.38706906869999996,0.30359559982539686,0.3472916705,0.278696344,0.0038432374051162164,8.548364496987748e-06,False,Spearman,-0.24361766025302514,0.009317033550283797,Mann_Whitney_U,2021.0,0.010014836642704573,-0.5347590266221187,0.04149663404318706,0.04460454166250729
Post1_GLRLM_ShortRunsEmphasis,113,0.8645975158600001,0.90224682,0.8908276625,0.915337519,1.175532853289013e-06,2.5606415715713377e-08,False,Spearman,0.24361766025302514,0.009317033550283797,Mann_Whitney_U,1129.0,0.010014836642704573,0.5003417701340512,0.04149663404318706,0.04460454166250729
ADC_IB_IntensityBasedEnergy,113,837.30816096522,1141.2576297360317,716.0112377,1186.682563,0.007861484643208502,0.1562606429457429,False,Spearman,0.242525204377451,0.009648599689614982,Mann_Whitney_U,1131.0,0.01035465645503372,0.4794545649774879,0.04179971485807549,0.04482304639464022
Post1_GLCM_SumVariance,113,87.64350249886002,123.39396990223813,54.895858175,106.1795269,3.176137674119754e-06,0.00044221488243848043,False,Spearman,0.24197897643966398,0.009818240450256073,Mann_Whitney_U,1132.0,0.01052838395452689,0.3809416754117564,0.04179971485807549,0.04482304639464022
Post1_GLCM_ClusterTendency,113,87.64350249886002,123.39396990223813,54.895858175,106.1795269,3.176137674119754e-06,0.00044221488243848043,False,Spearman,0.24197897643966398,0.009818240450256073,Mann_Whitney_U,1132.0,0.01052838395452689,0.3809416754117564,0.04179971485807549,0.04482304639464022
Post1_GLCM_ClusterProminence,113,40440.38054775604,64857.948447029674,10422.4781325,31528.43605,2.9339412918772296e-10,2.311146694459226e-08,False,Spearman,0.242525204377451,0.009648599689614982,Mann_Whitney_U,1131.0,0.01035465645503372,0.32732226239620377,0.04179971485807549,0.04482304639464022
Post1_GLRLM_LongRunsEmphasis,113,2.1183821376200003,1.575391298571429,1.5705384740000001,1.405753415,2.2363682307747132e-11,3.0502215633147996e-12,False,Spearman,-0.242525204377451,0.009648599689614982,Mann_Whitney_U,2019.0,0.01035465645503372,-0.44956559662979045,0.04179971485807549,0.04482304639464022
Post1_GLRLM_RunLengthVariance,113,0.42747254583999994,0.19046650719047623,0.181493114,0.107767181,9.167111123097135e-12,7.361116423840653e-13,False,Spearman,-0.24197897643966398,0.009818240450256073,Mann_Whitney_U,2018.0,0.01052838395452689,-0.44456210313207767,0.04179971485807549,0.04482304639464022
Post2_GLRLM_RunLengthVariance,113,0.36641619430000005,0.1567226533015873,0.127524588,0.079845906,3.624010230204414e-12,3.1099038922046416e-14,False,Spearman,-0.24088652056408988,0.010165403539044405,Mann_Whitney_U,2016.0,0.010883635474751645,-0.4207362941103431,0.042961814956983285,0.045997262334899286
Post2_IH_IntensityHistogram10thPercentile,113,6.46,8.587301587301587,6.5,8.0,0.043065431011623405,0.07631687806308625,False,Spearman,0.2404318253064798,0.01031304554752637,Mann_Whitney_U,1136.0,0.011034851766800165,0.504488302369342,0.04326995197114324,0.04629839980418331
Post2_IB_IntensityBasedMedianAbsoluteDeviation,113,104.23064266672,129.75559201031746,97.788599165,127.9179717,0.01077083599045439,0.7584989986322753,False,Spearman,0.23870160881294164,0.010892206412103964,Mann_Whitney_U,1138.0,0.011626247441523943,0.41380636863222336,0.045047053661487105,0.048082837633159736
Post2_GLCM_DifferenceVariance,113,14.417848348319996,18.534084112841267,9.6167062065,16.54490948,1.1630938826380286e-07,0.0015094306753374756,False,Spearman,0.23870160881294164,0.010892206412103964,Mann_Whitney_U,1138.0,0.011626247441523943,0.2820455026653746,0.045047053661487105,0.048082837633159736
Post1_IH_IntensityHistogram25thPercentile,113,8.8,10.952380952380953,9.5,11.0,0.01572724737471422,0.2759199991072452,False,Spearman,0.23730453302672894,0.011380465038502065,Mann_Whitney_U,1142.0,0.012124664182538533,0.4713228902723815,0.04578819784351887,0.04876523426165478
Post2_IB_IntensityBasedMeanAbsoluteDeviation,113,105.80149635232002,131.76041933698414,97.92180164999999,132.4428869,0.01473761509883042,0.7496493434503233,False,Spearman,0.23760915293736756,0.011272400688508911,Mann_Whitney_U,1140.0,0.012014146391097578,0.4201034446663117,0.04578819784351887,0.04876523426165478
Post2_IH_IntensityHistogramMeanAbsoluteDeviation_Intensity,113,4.89446514136,6.094784814682541,4.523522505000001,6.139350597,0.012928443074764012,0.7500174751865685,False,Spearman,0.23760915293736756,0.011272400688508911,Mann_Whitney_U,1140.0,0.012014146391097578,0.42074870364333034,0.04578819784351887,0.04876523426165478
Post2_IH_IntensityHistogramMedianAbsoluteDeviation_Intensity,113,4.809397043,5.995780562650793,4.5082135525,5.912005966,0.01153570943680319,0.7905195751115928,False,Spearman,0.2370629249995805,0.011466819839914051,Mann_Whitney_U,1141.0,0.012212364366044805,0.41568795565373,0.04578819784351887,0.04876523426165478
Post2_GLRLM_RunPercentage,113,0.85328041436,0.8997709283650794,0.894112661,0.923525454,1.1812615159592272e-07,1.0689196990297198e-09,False,Spearman,0.2370629249995805,0.011466819839914051,Mann_Whitney_U,1141.0,0.012212364366044805,0.4907897720316741,0.04578819784351887,0.04876523426165478
ADC_GLCM_Correlation,113,348.31619241384,539.242947084984,161.84400490000002,454.0616242,2.8919232146019227e-07,7.486745452698983e-06,False,Spearman,0.2365171888556477,0.011663989340800826,Mann_Whitney_U,1142.0,0.012413292490448804,0.39672118895687464,0.045942540648057306,0.04889388998752754
Post1_GLRLM_RunEntropy,113,4.408443152039999,4.7016232528730155,4.580908608,4.79520178,0.0002464609663542026,0.04368729783265316,False,Spearman,0.23651669706179343,0.011664168351061183,Mann_Whitney_U,1142.0,0.012413474660045852,0.5084194567434258,0.045942540648057306,0.04889388998752754
Post1_GLCM_JointVariance,113,29.38362566548,40.4236936013016,18.12713667,32.32371969,7.897745372414435e-07,0.0007517303374113836,False,Spearman,0.2359704691240064,0.011864482637748554,Mann_Whitney_U,1143.0,0.01261751265828018,0.3593038125174805,0.046104264746687336,0.049030468651974655
Post2_GLCM_InverseDifference,113,0.41392172674,0.343928664,0.374472737,0.308626134,0.0019047596221399314,3.99953381894973e-06,False,Spearman,-0.2359704691240064,0.011864482637748554,Mann_Whitney_U,2007.0,0.01261751265828018,-0.5123803542902116,0.046104264746687336,0.049030468651974655
ADC_IH_IntensityHistogram75thPercentile,113,20.18,26.285714285714285,18.5,28.0,0.035801036683294506,0.24271092295103647,False,Spearman,0.2355614268171065,0.012016451870198619,Mann_Whitney_U,1144.0,0.012772305365807606,0.4733787548536461,0.04638350421896666,0.049301098712017356
Post1_GLSZM_GreyLevelVariance,113,35.93672782934,48.729107002825394,29.841099375,36.90423638,4.1002957999384646e-05,0.0028955918106248176,False,Spearman,0.2337855573728582,0.012696137181929924,Mann_Whitney_U,1147.0,0.013463660549646721,0.43070557591053127,0.04804616619828383,0.050950715413368965
Post2_GLCM_Contrast,113,43.023968744440005,53.19339091366666,29.02301979,48.78959265,3.274987059702832e-08,0.002593119443134767,False,Spearman,0.2337855573728582,0.012696137181929924,Mann_Whitney_U,1147.0,0.013463660549646721,0.22625916211091085,0.04804616619828383,0.050950715413368965
Post2_GLCM_InverseDifferenceMoment,113,0.34502292502000004,0.2655437284603175,0.294431217,0.217077526,0.00028692764587993463,3.252585180022347e-07,False,Spearman,-0.2337855573728582,0.012696137181929924,Mann_Whitney_U,2003.0,0.013463660549646721,-0.5188965071746945,0.04804616619828383,0.050950715413368965
Post2_IH_IntensityHistogramInterquartileRange_Intensity,113,8.42,10.714285714285714,7.0,10.0,0.0007633298476751801,0.2573718891576305,False,Spearman,0.2328532429110186,0.01306622280703889,Mann_Whitney_U,1149.5,0.013839931483129266,0.377360350046921,0.0491256039303605,0.052034547589167826
Post1_IH_IntensityHistogramVariance_Intensity,113,31.7743065862,43.840728694031746,21.416352535,32.73240008,2.1552502649963927e-06,0.0006795550142218553,False,Spearman,0.23214687355949706,0.01335285134193725,Mann_Whitney_U,1150.0,0.014130793758208592,0.373162613942202,0.04924395494892782,0.052112927299380725
Post2_GLCM_DifferenceAverage,113,4.11499461134,4.992836837428571,3.939889543,5.209386282,0.001146114022792512,0.6641311493998712,False,Spearman,0.23214687355949706,0.01335285134193725,Mann_Whitney_U,1150.0,0.014130793758208592,0.3570991239695903,0.04924395494892782,0.052112927299380725
Post2_GLCM_Dissimilarity,113,4.11499461134,4.992836837428571,3.939889543,5.209386282,0.001146114022792512,0.6641311493998712,False,Spearman,0.23214687355949706,0.01335285134193725,Mann_Whitney_U,1150.0,0.014130793758208592,0.3570991239695903,0.04924395494892782,0.052112927299380725
Post1_IB_IntensityBasedMedianAbsoluteDeviation,113,84.79530701654,106.29148512031747,74.021261475,101.9873192,0.016291381331333215,0.42958146687932414,False,Spearman,0.2310544176839229,0.013806940289548613,Mann_Whitney_U,1152.0,0.014591598096700159,0.42915426632111753,0.04996386517280404,0.0528033456124337
Post1_IH_IntensityHistogramMedianAbsoluteDeviation_Intensity,113,3.9103935786200004,4.909009650984129,3.4344697725,4.696428571,0.017010123407565216,0.4447766398447585,False,Spearman,0.2310544176839229,0.013806940289548613,Mann_Whitney_U,1152.0,0.014591598096700159,0.4310778252161066,0.04996386517280404,0.0528033456124337
Post1_GLRLM_GreyLevelVariance,113,32.26496109198,44.332000883031746,22.658804885000002,33.05462129,2.640849143364632e-06,0.0006974979222648421,False,Spearman,0.2310544176839229,0.013806940289548613,Mann_Whitney_U,1152.0,0.014591598096700159,0.37784089260295395,0.04996386517280404,0.0528033456124337
ADC_GLRLM_HighGreyLevelRunEmphasis,113,0.08007048908000002,0.048615822555555556,0.0299052825,0.008731238,5.348019720436581e-07,1.2167270873940207e-09,False,Spearman,-0.23050818974613588,0.014038986668773972,Mann_Whitney_U,1997.0,0.014826929772034793,-0.3749641893996479,0.050488032802609495,0.05332169154042326
Post2_IB_IntensityInterquartileRange,113,183.2922949024,231.08113697174602,151.5,223.1991272,0.0005622993586533653,0.24667726455523784,False,Spearman,0.22996435266049398,0.014273382947207034,Mann_Whitney_U,1154.0,0.015064548844636297,0.36901155248607376,0.050701157830876524,0.05384181346323714
ADC_IB_75thIntensityPercentile,113,1121.48227903976,1467.823175368254,1031.5,1559.442261,0.05298682871709014,0.3013644485621202,True,Pearson_point_biserial_equivalent,0.23010531096652814,0.014212304647301804,Welch_t_test,-2.455729793844121,0.015809712254502464,0.47182969287483173,0.050701157830876524,0.05384601997268781
ADC_Morph_IntegratedIntensity_Intensity,113,774.3373865036799,1069.6203366143172,630.9333893,1145.724893,0.0025538261672053875,0.04970961662428531,False,Spearman,0.22886950593277472,0.014755614541124128,Mann_Whitney_U,1156.0,0.01555311102508037,0.4549028622739052,0.051093193059362184,0.05384601997268781
ADC_IB_IntensityBasedQuartileCoefficientOfDispersion,113,43956.5808424896,60738.077064947625,34958.818795,65352.83508,0.002383274849592391,0.043896104226340875,False,Spearman,0.22832327799498767,0.015001455647826548,Mann_Whitney_U,1157.0,0.015802032154761725,0.45346302255856996,0.051093193059362184,0.05384601997268781
ADC_IB_TotalLesionGlycolysis,113,14.15507732348,19.30949721171428,11.544136215,20.60078193,0.00171208343589099,0.04257801744197222,False,Spearman,0.22886998182567295,0.014755401892011029,Mann_Whitney_U,1156.0,0.015552895926290571,0.45542919531182946,0.051093193059362184,0.05384601997268781
ADC_IH_IntensityHistogramEntropyLog2_Intensity,113,807.0605805378,1100.9430519271427,658.1961414,1174.566457,0.0017120834409631706,0.042578017532655554,False,Spearman,0.22886998182567295,0.014755401892011029,Mann_Whitney_U,1156.0,0.015552895926290571,0.45542919524520536,0.051093193059362184,0.05384601997268781
ADC_GLSZM_HighGrayLevelZoneEmphasis,113,0.013247622120000002,0.008129112761904764,0.0050293035,0.001061446,4.543391244766516e-08,2.2262754092645556e-12,False,Spearman,-0.22914309636245778,0.014633801376975977,Mann_Whitney_U,1994.5,0.015429735451519658,-0.3127127292818288,0.051093193059362184,0.05384601997268781
Post1_GLCM_DifferenceAverage,113,3.3188650664200003,4.096183753714286,2.7937364395,4.01274607,0.0030396607932094955,0.13184548345651578,False,Spearman,0.22832327799498767,0.015001455647826548,Mann_Whitney_U,1157.0,0.015802032154761725,0.38589883636961997,0.051093193059362184,0.05384601997268781
Post1_GLCM_Dissimilarity,113,3.3188650664200003,4.096183753714286,2.7937364395,4.01274607,0.0030396607932094955,0.13184548345651578,False,Spearman,0.22832327799498767,0.015001455647826548,Mann_Whitney_U,1157.0,0.015802032154761725,0.38589883636961997,0.051093193059362184,0.05384601997268781
ADC_GLCM_JointMaximum,113,14.21757688788,19.34216139265079,11.60489229,20.77995621,0.0015247690092831162,0.04096018711172025,False,Spearman,0.22668506553139445,0.015760230072132685,Mann_Whitney_U,1160.0,0.016569715932174354,0.4464414838338979,0.05244426632721178,0.05513790769333332
ADC_GLCM_DifferenceEntropy,113,28.435153776000003,38.684322785587305,23.20978458,41.55991242,0.0015247690107368789,0.0409601870994159,False,Spearman,0.22668506553139445,0.015760230072132685,Mann_Whitney_U,1160.0,0.016569715932174354,0.4464414838427609,0.05244426632721178,0.05513790769333332
Post1_IB_IntensityVariance,113,14888.4633896494,20521.60076221587,10023.4270495,15128.18136,2.204308850719126e-06,0.0007022700843371623,False,Spearman,0.2266845941816265,0.015760453093151727,Mann_Whitney_U,1160.0,0.016569941172089805,0.37166170196032494,0.05244426632721178,0.05513790769333332
Post1_IH_IntensityHistogramInterquartileRange_Intensity,113,6.82,8.746031746031745,5.0,8.0,0.00047318860862302994,0.06226789266326671,False,Spearman,0.22671516527624908,0.01574599392711801,Mann_Whitney_U,1161.0,0.016555653415900384,0.39364368419249945,0.05244426632721178,0.05513790769333332
Post1_IH_IntensityHistogramMeanAbsoluteDeviation_Intensity,113,4.00794680538,4.98385316563492,3.43529337,4.730867347,0.01910980113327978,0.3918753131085357,False,Spearman,0.22613836624383948,0.016020750276891448,Mann_Whitney_U,1161.0,0.01683309575416171,0.42187116411922215,0.052704627331364474,0.05516192109229994
Post2_GLRLM_ShortRunsEmphasis,113,0.8789209322999999,0.9140373085555555,0.907118213,0.92962474,2.9710253701907236e-08,3.191892488197698e-09,False,Spearman,0.22613836624383948,0.016020750276891448,Mann_Whitney_U,1161.0,0.01683309575416171,0.4687734777178838,0.052704627331364474,0.05516192109229994
Post2_GLSZM_ZonePercentage,113,0.28503780407999996,0.3528980080634921,0.2737968665,0.366168478,0.3837407734679766,0.6784688425501351,True,Pearson_point_biserial_equivalent,0.22519453679842893,0.01647931024936709,Welch_t_test,-2.4287653638963222,0.016862970696609827,0.461216060213164,0.05324402675197891,0.05516192109229994
Post1_IB_IntensityInterquartileRange,113,148.34359491126,189.0619737573016,115.14199065,182.0,0.000445492921812523,0.19370643173389668,False,Spearman,0.22559870566717827,0.016281570737063898,Mann_Whitney_U,1162.0,0.017096685841467507,0.3888934075620782,0.052971237473439556,0.0553120052160527
Post1_IB_IntensityBasedMeanAbsoluteDeviation,113,86.60049204724001,107.69281513555558,74.33437193500001,102.6822917,0.022439593179241886,0.39627689143892725,False,Spearman,0.22559213830605243,0.016284767306169675,Mann_Whitney_U,1162.0,0.01709991180254479,0.42008505337273516,0.052971237473439556,0.0553120052160527
Post2_GLRLM_LongRunsEmphasis,113,1.9841776848000001,1.4878137030158733,1.4416871745,1.313395525,5.314440105226657e-12,1.6137008681007866e-13,False,Spearman,-0.22504591036826535,0.016552547176781007,Mann_Whitney_U,1987.0,0.017370431221915738,-0.4189002698032763,0.05324402675197891,0.05587488709716229
Pre_IH_IntensityHistogramSkewness_Intensity,113,0.17393143087999996,-0.1515708221428571,0.0329740885,-0.231613626,0.004127681389308667,3.458678397391341e-07,False,Spearman,-0.22286099861711714,0.017662166640917944,Mann_Whitney_U,1983.0,0.018490392344059494,-0.3960549629843816,0.05649941704470436,0.059148824128234516
ADC_GLSZM_SmallZoneLowGreyLevelEmphasis,113,111.83118706048,166.55471651496822,52.421245185000004,122.3264602,1.0834849639376554e-07,3.486641750568028e-08,False,Spearman,0.2223147706793301,0.017949417308010352,Mann_Whitney_U,1168.0,0.01878006883402828,0.33253853738933403,0.056790779351573735,0.05941890631094194
Post2_GLSZM_ZoneSizeNonUniformity,113,126.44153748506,113.31963600550795,30.420238095,45.32835821,3.0661955272011866e-15,9.129654525348794e-14,False,Spearman,0.2223147706793301,0.017949417308010352,Mann_Whitney_U,1168.0,0.01878006883402828,-0.03147715666526384,0.056790779351573735,0.05941890631094194
Post1_GLSZM_ZoneSizeNonUniformity,113,78.3531722231,92.17462602039683,27.231666665,37.51162791,4.520203356459732e-15,6.181170355737777e-14,False,Spearman,0.22122231480375598,0.018536047391927917,Mann_Whitney_U,1170.0,0.019371351422129507,0.055926908206056454,0.058328105651773175,0.0609565895294184
Pre_IB_IntensitySkewness,113,0.17756813569999996,-0.1570498156825397,0.041912542000000004,-0.249453803,0.004289717673201388,4.2207186867307225e-07,False,Spearman,-0.22067608686596896,0.018835517793333867,Mann_Whitney_U,1979.0,0.019673046328921882,-0.4023128712862021,0.05895008001265032,0.061571317969977134
Post1_IH_IntensityHistogramStd_Intensity,113,4.94972177596,6.126146168444444,4.6275547495,5.721223652,0.10181461804811076,0.4203781127659791,True,Pearson_point_biserial_equivalent,0.21961446223961,0.019429510274445363,Welch_t_test,-2.3516650352235735,0.020620307266408143,0.44920075910064905,0.06048218520916057,0.06418902100672212
Post1_GLCM_Contrast,113,28.372486737019997,36.5250986341746,15.50587237,29.90017287,9.957276428082588e-08,0.0003330538677784325,False,Spearman,0.21849117511482075,0.02007551211597718,Mann_Whitney_U,1175.0,0.02092123506182769,0.27250634116357086,0.06182830593165312,0.06477751390801194
Post1_IB_StandardDeviation,113,107.08025628954002,132.48697106444445,100.11323933,122.9966721,0.11592137745993224,0.4309171069805389,True,Pearson_point_biserial_equivalent,0.21871985452733864,0.01994252006649513,Welch_t_test,-2.341593757698971,0.02115495705058817,0.44727879115913316,0.061747161061500966,0.06515276666111995
Post1_GLSZM_ZonePercentage,113,0.24733809540000004,0.31026169477777776,0.23839615549999998,0.290410959,0.08014521692313321,0.219633995707184,True,Pearson_point_biserial_equivalent,0.2158942340524961,0.021640171057513116,Welch_t_test,-2.324494307558403,0.022035604893930458,0.44121600165300834,0.06629449228730208,0.06750590070680283
ADC_IB_AreaUnderCurveCIVH,113,8406508082.599719,2133997494.2340796,115000000.0,474000000.0,2.428565158505141e-15,2.0338290271566266e-14,False,Spearman,0.2154891618160686,0.021893431095406774,Mann_Whitney_U,1180.5,0.022748480493368764,-0.19563020376790274,0.06671735054863433,0.06932300108242376
Post1_IB_IntensityBasedRobustMeanAbsoluteDeviation,113,63.212144569559996,78.65661512166665,47.780220695,75.4087486,0.0014416489363616373,0.38545808505306123,False,Spearman,0.2152138074880984,0.02206703735847308,Mann_Whitney_U,1181.0,0.02292282277591085,0.3701313632801087,0.06689431743746552,0.06948855700132137
Post2_IB_IntensityBasedRobustMeanAbsoluteDeviation,113,77.55064360596,96.14359637025396,68.0999299,93.71991295,0.001901408529708112,0.44506929127282846,False,Spearman,0.21466757955031138,0.02241492268776662,Mann_Whitney_U,1182.0,0.023272111451247073,0.36334780365367275,0.0675950012302962,0.07015108060712062
ADC_GLRLM_LongRunsEmphasis,113,0.17712644068,0.09934270377777775,0.036410652,0.010789125,1.3049472968245313e-09,2.037203298945464e-11,False,Spearman,-0.21412179683929308,0.022767211199521128,Mann_Whitney_U,1967.0,0.023625721621006096,-0.33920447875127374,0.06760196304606993,0.07015108060712062
Post2_IH_IntensityHistogramRobustMeanAbsoluteDeviation_Intensity,113,3.7604516736799996,4.603304114190476,3.3467300714999997,4.452282496,0.0011939099807025519,0.4726705626188859,False,Spearman,0.21412135161252432,0.022767500507743756,Mann_Whitney_U,1183.0,0.023626011603434405,0.3486328924023663,0.06760196304606993,0.07015108060712062
Post2_GLCM_ClusterShade,113,-315.23145994317997,-1071.4060933638254,-37.63535702,-497.5122007,4.8230497260232625e-06,0.0005178455268871733,False,Spearman,-0.21412135161252432,0.022767500507743756,Mann_Whitney_U,1967.0,0.023626011603434405,-0.4504467997611291,0.06760196304606993,0.07015108060712062
Post1_IB_10thIntensityPercentile,113,111.22837824284,143.87815993015872,118.87189864999999,139.0,0.12698739446763102,0.22018989602579722,True,Pearson_point_biserial_equivalent,0.2116020524326684,0.024455815266570154,Welch_t_test,-2.276158963259002,0.024878121790084598,0.43202866925018857,0.07187775146875187,0.07349200263499481
Post1_IH_IntensityHistogramRobustMeanAbsoluteDeviation_Intensity,113,3.05936475564,3.8031290701269844,2.3759823585,3.618655693,0.0018937887558734161,0.30037354617718554,False,Spearman,0.2119364398613761,0.024225740371013153,Mann_Whitney_U,1187.0,0.025088709949380023,0.3809885028294212,0.07156481466743171,0.07373788355680727
Pre_Morph_MaxIntensityCoor_PerimeterCoor_2DSagittalSmallestDist_mm,113,1.3105773301199997,1.7197440518412694,0.707106781,1.58113883,1.0828042429766035e-09,1.3940432170558249e-09,False,Spearman,0.21028991808183686,0.025376758662945115,Mann_Whitney_U,1216.0,0.026256303935107743,0.34155439596995035,0.07420779427194556,0.07677979787084536
Post1_IH_IntensityHistogram10thPercentile,113,5.72,7.190476190476191,6.0,7.0,0.03632755499207934,0.0776350338890094,False,Spearman,0.20979155954806455,0.02573421482283484,Mann_Whitney_U,1192.5,0.026601032764677436,0.42516165474942424,0.07487492654483102,0.07739697472737807
ADC_GLSZM_LargeZoneLowGreyLevelEmphasis,113,4891019.43141352,145826.07550320003,15108.673535000002,46125.84375,1.513233656451081e-15,5.1953771307993504e-14,False,Spearman,0.20920530017244085,0.026160209815367687,Mann_Whitney_U,1192.0,0.027026806795932293,-0.22328611527491088,0.07573380741548945,0.07824260567422399
ADC_IH_IntensityHistogram50thPercentile,113,17.58,22.88888888888889,16.0,24.0,0.01436878649150751,0.2464327376120176,False,Spearman,0.208785442410997,0.026468973813676654,Mann_Whitney_U,1193.0,0.027336051894308627,0.4268744737813392,0.07624644695581484,0.07874414948659053
ADC_IB_50thIntensityPercentile,113,973.07518461508,1277.524337774603,878.5,1323.887695,0.020288048368116846,0.2696172423109916,False,Spearman,0.20756704795645758,0.02738262147648145,Mann_Whitney_U,1195.0,0.028250309792998165,0.4271716703961012,0.07848781106377604,0.0809748978720096
Post2_IB_IntensityBasedEnergy,113,701618649.084406,300721868.5486349,43700000.0,88100000.0,1.5472627272815778e-15,5.357507270568253e-12,False,Spearman,0.20401995279185153,0.03019672730036702,Mann_Whitney_U,1201.5,0.03106385188987066,-0.13795257761107302,0.086127611364101,0.08860083864155227
Post2_GLSZM_LargeZoneEmphasis,113,2503.2858825544404,694.2831451210793,42.040920715,15.75132275,5.2710337443162726e-14,1.0941164958184157e-15,False,Spearman,-0.20265056491899625,0.031346880931516184,Mann_Whitney_U,1946.0,0.03221266893970411,-0.2872774223123664,0.0889698238203327,0.0914271339023955
Post2_IH_MinimumHistogramGradientGreyLevel_Intensity,113,11.78,16.746031746031747,10.5,17.0,0.0013565205713134253,0.001965456298975772,False,Spearman,0.20191906475821061,0.03197631656660386,Mann_Whitney_U,1207.5,0.03284252214812692,0.46535948571236624,0.09031359654665187,0.09273674010301507
Post1_GLRLM_LongRunLowGreyLevelEmphasis,113,0.4566590384,0.09977233504761905,0.0542392305,0.032405148,5.981088455607942e-14,5.23608418958015e-16,False,Spearman,-0.20155810904342214,0.03229082592824407,Mann_Whitney_U,1944.0,0.03315509199458064,-0.3441825213136248,0.09032071600218992,0.09273674010301507
Post2_GLSZM_ZoneSizeVariance,113,2325.28091284542,656.33351418527,29.461250905,8.340828924,5.130430733570852e-14,1.0448075050340963e-15,False,Spearman,-0.20155810904342214,0.03229082592824407,Mann_Whitney_U,1944.0,0.03315509199458064,-0.2817676963772629,0.09032071600218992,0.09273674010301507
ADC_IB_IntensityKurtosis,113,772.9382132204598,1040.4716385490476,599.5,1113.877686,0.00183883710743928,0.04285552128732628,False,Spearman,0.20102692959594637,0.032758407431488404,Mann_Whitney_U,1207.0,0.03362180218129076,0.3911064716083665,0.09035636068878333,0.09273674010301507
ADC_IB_25thIntensityPercentile,113,772.9382132204598,1040.4716385490476,599.5,1113.877686,0.00183883710743928,0.04285552128732628,False,Spearman,0.20102692959594637,0.032758407431488404,Mann_Whitney_U,1207.0,0.03362180218129076,0.3911064716083665,0.09035636068878333,0.09273674010301507
Post1_GLCM_DifferenceVariance,113,9.71531437574,12.449116725555555,6.491580891,10.13358287,8.862346535824753e-07,0.000224298559925782,False,Spearman,0.2010118811056351,0.03277173703738256,Mann_Whitney_U,1207.0,0.033635087083995104,0.28422486146745524,0.09035636068878333,0.09273674010301507
Post2_GLRLM_LongRunLowGreyLevelEmphasis,113,0.39886540654,0.08809393515873018,0.047235782000000004,0.023981228,2.4198607810096718e-14,9.277691540330212e-16,False,Spearman,-0.19937319729227393,0.034250913838065736,Mann_Whitney_U,1940.0,0.03511088606288409,-0.3084544026950116,0.09398710479734626,0.09634693379341178
Post1_GLSZM_LargeZoneEmphasis,113,4978.258579496241,952.950938688492,87.090007215,25.91836735,6.02324347978731e-14,8.985383775488621e-16,False,Spearman,-0.1988269693544869,0.0347563136494387,Mann_Whitney_U,1939.0,0.035614947441181245,-0.3385714527346973,0.09492408303313683,0.09726912532284879
ADC_IH_IntensityHistogramMinimumGreyLevel_Intensity,113,8.04,12.952380952380953,4.5,12.0,3.412516164488521e-07,3.0032008013545275e-05,False,Spearman,0.19581572100589872,0.03765659403957374,Mann_Whitney_U,1222.0,0.03851011299896746,0.4719314241568083,0.10236229083996805,0.10468241984226367
ADC_IB_MinimumIntensity,113,421.1143404408,703.8820276196826,220.57295225000001,654.7225952,7.254824732733975e-07,4.9459996104519895e-05,False,Spearman,0.1925394074856401,0.04104019714033342,Mann_Whitney_U,1225.5,0.04187800028530375,0.4710518075530693,0.11080895329207198,0.11304545425435947
ADC_IH_IntensityHistogramKurtosis_Intensity,113,14.12,18.746031746031747,11.0,20.0,0.001248091592001554,0.034408600735961505,False,Spearman,0.19226195053575393,0.04133805511414084,Mann_Whitney_U,1223.5,0.04217239744204084,0.3880207095625912,0.11080895329207198,0.11304545425435947
ADC_IH_IntensityHistogram25thPercentile,113,14.12,18.746031746031747,11.0,20.0,0.001248091592001554,0.034408600735961505,False,Spearman,0.19226195053575393,0.04133805511414084,Mann_Whitney_U,1223.5,0.04217239744204084,0.3880207095625912,0.11080895329207198,0.11304545425435947
Post1_GLSZM_ZoneSizeEntropy,113,5.48990174476,5.946804900936507,5.7362043975,6.003747569,4.563358497710292e-05,0.1522589256385832,False,Spearman,0.19172600616325522,0.04191852121894596,Mann_Whitney_U,1224.0,0.04274972683604401,0.45488475836725234,0.11184711422013692,0.11406493934594229
Post2_GLSZM_ZoneSizeEntropy,113,5.69293149628,6.116354790698413,5.8438540759999995,6.118174526,0.00026610107888554694,0.19402871373351946,False,Spearman,0.19063355028768109,0.0431228147519839,Mann_Whitney_U,1226.0,0.043948098461326454,0.46305158216440534,0.11453261349265448,0.11672453673902759
ADC_IH_IntensityHistogram10thPercentile,113,10.74,15.571428571428571,8.0,17.0,1.8747625942979793e-05,0.0008300310770310655,False,Spearman,0.18984217687938754,0.044013103016361826,Mann_Whitney_U,1229.5,0.04483563621412263,0.4307097776690158,0.11636340934462784,0.11853805190857078
ADC_GLRLM_ShortRunHighGreyLevelEmphasis,113,2.40270179926,0.998510934698413,0.11886585399999999,0.018793549,1.0172222922551103e-13,3.2987975749043656e-13,False,Spearman,-0.18844863853653288,0.04561801816790836,Mann_Whitney_U,1920.0,0.0464300570229991,-0.256560658033692,0.12005832963281335,0.122195468255984
ADC_IB_10thIntensityPercentile,113,577.8377516142,852.326869773365,405.97795105,917.1096802,3.3293793276283496e-05,0.0011175517240363554,False,Spearman,0.1878971149247071,0.04626649322947276,Mann_Whitney_U,1231.5,0.04707534949326739,0.42393635889911246,0.12121402524825668,0.12333315545973673
Post1_GLCM_ClusterShade,113,-178.63481676618002,-563.8752422822857,-0.211436632,-224.5011496,0.003887925056773109,8.076931022972808e-06,False,Spearman,-0.18462504297202353,0.05027304900344295,Mann_Whitney_U,1913.0,0.051057351335797155,-0.39228466307565196,0.1311175467251958,0.1331630919974169
ADC_IB_RootMeanSquareIntensity,113,5514.6081636628,1573.8844650198414,201.6625,397.817,2.1579865074952412e-15,2.7145552670813234e-14,False,Spearman,0.18407881503423648,0.0509690412599956,Mann_Whitney_U,1238.0,0.051748902932436135,-0.1839978202132223,0.13233665869747738,0.1343615013357871
Post2_IH_IntensityHistogramSkewness_Intensity,113,0.23569733519999997,-0.03504696457142857,0.117654397,-0.198607055,0.0013694457630215764,3.790477548369987e-08,False,Spearman,-0.18353258709644943,0.05167297395096172,Mann_Whitney_U,1911.0,0.052448274737757525,-0.33051999020432155,0.1335654103464591,0.13556942443375716
ADC_Morph_SphereDiameter_mm,113,5505335.136031073,1558502.8667120365,197203.1358,393008.6849,2.1489212944442e-15,2.6326115146968477e-14,False,Spearman,0.18189390328308827,0.0538330650143666,Mann_Whitney_U,1242.0,0.05459396038356363,-0.18426840307391346,0.13853042063697005,0.14048845805370375
Post1_GLSZM_ZoneSizeVariance,113,4540.71504805738,908.8874597115715,56.696937805000005,16.34113564,5.3221110199775914e-14,7.969959987704012e-16,False,Spearman,-0.18134767534530125,0.054569410681377266,Mann_Whitney_U,1907.0,0.05532526298717702,-0.3248918092435586,0.1398039326748559,0.14174038614856413
Post1_GLSZM_LowGrayLevelZoneEmphasis,113,0.058932904620000004,0.034413435063492065,0.036664433499999996,0.028471603,1.8246252367804508e-12,1.2611660489212628e-13,False,Spearman,-0.17916276359415298,0.05759812079015194,Mann_Whitney_U,1903.0,0.05833259347155757,-0.3323880290738571,0.14691326844712763,0.14878665911908298
ADC_GLCM_ClusterTendency,113,-347.81754422330005,588.3511852430474,2.281582921,67.87682707,3.225021829974748e-12,6.136851889193556e-11,False,Spearman,0.17643199076298893,0.061575906436553134,Mann_Whitney_U,1252.0,0.062280946727103534,0.31509925329009636,0.15637039397703623,0.15816082524119712
Post2_IB_IntensitySkewness,113,0.20512062318000002,-0.04115190480952382,0.110056761,-0.198815115,0.0005228912658307741,4.471781502312309e-08,False,Spearman,-0.17424671215406956,0.06491827531500645,Mann_Whitney_U,1894.0,0.06559760213356405,-0.30147623360332987,0.16413834675715605,0.1658559460058235
Post1_IB_IntensityBasedEnergy,113,335784784.953134,204236185.097,31450000.0,61400000.0,1.824879036526191e-15,2.6171588676150796e-12,False,Spearman,0.1709707665404348,0.07020395720917894,Mann_Whitney_U,1262.0,0.07084119048698292,-0.10018054632762335,0.1767308314091939,0.17833499692157875
Post1_GLCM_InverseVariance,113,0.28053272454,0.2464452587936508,0.28321507199999996,0.239573478,0.47225787914194384,0.0012646780327658814,False,Spearman,-0.16987688865177314,0.07204458608051786,Mann_Whitney_U,1886.0,0.07266682347436543,-0.35603726353701615,0.1805792871888305,0.18213892117600686
Post2_GLCM_InverseVariance,113,0.25180343382,0.2177755877301587,0.2363853295,0.187138826,0.11314426468874396,0.0004970887706494593,False,Spearman,-0.16933066071398606,0.07297819200750871,Mann_Whitney_U,1885.0,0.0735927701527895,-0.3624257104411557,0.18213091884632562,0.18366471516579794
Post2_NGTDM_Contrast,113,0.35613998,0.39371024655555564,0.25196133099999996,0.303908509,6.19390756709801e-08,0.0006996061849261834,False,Spearman,0.16823820483841198,0.07487469370032249,Mann_Whitney_U,1267.0,0.0754736108745644,0.1101785513384698,0.18606200709221768,0.187550303417909
ADC_IB_IntensityBasedMedianAbsoluteDeviation,113,0.84489340324,0.5443574498730158,0.42726746299999996,0.303672544,9.154003298345084e-12,2.6420285251605925e-08,False,Spearman,-0.16550706514947672,0.07978997259000534,Mann_Whitney_U,1878.0,0.0803477721564558,-0.31044610597563804,0.19658891118984295,0.19880923110507653
Post1_IH_RootMeanSquare_Intensity,113,0.018492886400000002,0.013685220158730162,0.014291440499999999,0.011530964,5.146726035806345e-08,0.0012441813373769864,False,Spearman,-0.16277592546054145,0.08496064698697602,Mann_Whitney_U,1873.0,0.0854746022394818,-0.3917537044125671,0.20844158731126744,0.21059487104961686
ADC_IH_RootMeanSquare_Intensity,113,258.29,23.674603174603174,8.5,12.0,2.037833223872752e-15,1.3423607350582166e-13,False,Spearman,0.16173594084926282,0.08699848758640011,Mann_Whitney_U,1279.0,0.08749522856341828,-0.20096135888515645,0.2125406089136104,0.214659903975505
Post2_GLCM_Correlation,113,0.49809128069999997,0.5364273407777778,0.49953323549999995,0.544893892,0.14669436438160222,0.26652269396440087,True,Pearson_point_biserial_equivalent,0.16550834868301553,0.07978760327234376,Welch_t_test,-1.7197573829452528,0.08886532994542898,0.3348857342038425,0.19658891118984295,0.21710137568946575
Post2_Morph_MaxIntensityCoor_PerimeterCoor_2DSagittalSmallestDist_mm,113,1.8215424229600001,2.189765027920635,0.707106781,1.58113883,3.556898077499625e-08,6.654879876717612e-10,False,Spearman,0.15959003797745155,0.09132628957155316,Mann_Whitney_U,1294.5,0.09180897141141388,0.20432121449439167,0.22217614143667763,0.22335039683701108
Post2_IH_RootMeanSquare_Intensity,113,0.01678383548,0.01241671926984127,0.013317682,0.01055328,2.017572430357564e-08,0.0023015875222291244,False,Spearman,-0.15458250639373566,0.10208962750639786,Mann_Whitney_U,1858.0,0.10245698613610066,-0.3908088702003824,0.24732173358244502,0.24821169444687147
Post1_NGTDM_Busyness,113,1.64253696412,0.7505401444444444,0.2112269325,0.154712302,1.2801023451764441e-13,1.8846130911775002e-15,False,Spearman,-0.15294382258037453,0.10582037320526094,Mann_Whitney_U,1855.0,0.10615596585310538,-0.24624293221076712,0.255291650357692,0.25610126762061675
Pre_IB_IntensityBasedCoefficientOfVariation,113,0.45176480114,0.38821563542857146,0.3919587885,0.341236066,1.0483445003941385e-05,1.6962030748492796e-11,False,Spearman,-0.1518513667048004,0.10836622188701196,Mann_Whitney_U,1853.0,0.10868023400743125,-0.23954491866869973,0.2592729027792559,0.2600241962409202
Pre_IH_IntensityHistogramCoefficientOfVariation_Intensity,113,0.42744231886,0.3700093138412698,0.3761207225,0.329005948,7.18064756999523e-05,2.8841233231060753e-10,False,Spearman,-0.1518513667048004,0.10836622188701196,Mann_Whitney_U,1853.0,0.10868023400743125,-0.24942513659012625,0.2592729027792559,0.2600241962409202
Post2_GLSZM_NormalisedZoneSizeNonUniformity,113,0.27950727222,0.2987870297936508,0.2676078615,0.294403699,0.03592746389365456,0.05054318711286963,False,Spearman,0.15021268289143927,0.11227433098393366,Mann_Whitney_U,1300.0,0.11255540140952887,0.29075557969149723,0.2675178503691259,0.26818756138319844
ADC_GLCM_ClusterShade,113,116672.72247741996,92191.83357813001,6099.837900500001,13308.48896,1.285537276958253e-13,4.887765789736016e-12,False,Spearman,0.1491205370845077,0.1149392883976498,Mann_Whitney_U,1302.0,0.11519804562835706,-0.08853783833528223,0.2727452786157346,0.2733592967984374
Pre_IH_IntensityHistogramQuartileCoefficientOfDispersion_Intensity,113,0.287652067,0.22429125714285708,0.2476415095,0.2,0.000615762501836819,0.0010939012546878452,False,Spearman,-0.14779000109532092,0.1182519692577151,Mann_Whitney_U,1845.5,0.11848333901478696,-0.406653282421568,0.2794607763274165,0.2800075644471904
Post1_GLRLM_LowGreyLevelRunEmphasis,113,0.09586927295999999,0.04204600987301586,0.0305974405,0.023047953,5.2362077558557067e-11,1.969394267754948e-13,False,Spearman,-0.14748154320250398,0.1190303928275504,Mann_Whitney_U,1845.0,0.1192551584357346,-0.44122752808045274,0.2801569001916735,0.28068592168410705
Pre_IB_IntensityBasedQuartileCoefficientOfDispersion,113,0.29740202354,0.23390937485714286,0.24016673900000002,0.197080292,0.0004955812008462227,0.0001760792056842802,False,Spearman,-0.14584285938914285,0.1232323735447461,Mann_Whitney_U,1842.0,0.1234225993639813,-0.3881445300566115,0.28770783984841936,0.28931856288155944
ADC_IB_IntensityBasedCoefficientOfVariation,111,0.4242588075416666,0.37792815985714284,0.299115456,0.209175085,3.3498536587056e-05,4.775548298041322e-08,False,Spearman,-0.14657098590042486,0.12477318437047435,Mann_Whitney_U,1770.0,0.12496316832986892,-0.13719589165189852,0.2901352359458018,0.2917486873507827
Pre_IH_MaximumHistogramGradient_Intensity,113,362.36,94.07936507936508,10.25,12.5,2.105744655905504e-15,9.674806866130636e-15,False,Spearman,0.14342718859213263,0.12963390991630871,Mann_Whitney_U,1312.5,0.12977253866981361,-0.187918152972361,0.2978493406410427,0.3017602405213738
Post2_NGTDM_Busyness,113,2.7388669246199995,0.5954015301428572,0.1629094485,0.110490428,3.202960142293471e-15,1.2552252075966577e-15,False,Spearman,-0.14256549176242053,0.13197802757079505,Mann_Whitney_U,1836.0,0.13209772989163784,-0.2238742115501059,0.3020366717924519,0.3059383424290332
Post1_GLCM_Correlation,113,0.5031298576000001,0.5364820078888888,0.5094954655,0.538610574,0.15399345208284104,0.45034290330250226,True,Pearson_point_biserial_equivalent,0.14584338427133403,0.12323100956440627,Welch_t_test,-1.5107672211837924,0.13430043903579592,0.2941716269588534,0.28770783984841936,0.3091634053871083
ADC_GLCM_InverseDifferenceMoment,113,0.9810455154799999,0.9829998767777778,0.982360494,0.985948241,0.3790792935276162,0.00017702275158588583,False,Spearman,0.14147333005453294,0.13499547652923005,Mann_Whitney_U,1316.0,0.1350913153134411,0.190258255398378,0.3065210021569555,0.3091634053871083
Post2_GLRLM_LowGreyLevelRunEmphasis,113,0.08099984667999999,0.036962704841269844,0.025880084499999997,0.019400467,7.0865152832382064e-12,2.210247324388462e-13,False,Spearman,-0.14147303588684645,0.13499629628674206,Mann_Whitney_U,1834.0,0.13509212705170706,-0.38551669808232053,0.3065210021569555,0.3091634053871083
Pre_IH_IntensityHistogramStd_Intensity,113,6.48025735106,5.596896858190477,6.258952433,5.437117247,0.05475978300308206,0.1570308249910646,True,Pearson_point_biserial_equivalent,-0.14471114507234178,0.1262004273067659,Welch_t_test,1.4867957452064484,0.14069453622904574,-0.29183881433966286,0.2921691113969007,0.32071707274258854
Pre_IB_StandardDeviation,113,88.73913052443999,76.59393282222224,85.20773823,74.63244562,0.0585882580545089,0.16440324908637086,True,Pearson_point_biserial_equivalent,-0.14453884692850572,0.1266570759250813,Welch_t_test,1.484381802968028,0.14134212871004675,-0.2914839222136053,0.2921691113969007,0.3209297746004591
ADC_GLSZM_ZonePercentage,113,34.11299623682,37.834762291809525,23.345795645000003,26.94444444,4.9308331526542516e-09,2.975018794273414e-06,False,Spearman,0.13874218468668478,0.14277112578513498,Mann_Whitney_U,1321.0,0.1428066652521803,0.09801173442721083,0.321653570183051,0.3217336195679839
Post2_IB_TotalLesionGlycolysis,113,1572.4329029895803,620.9720680931746,101.017,163.791,1.6508721644814367e-15,1.9797752911351825e-12,False,Spearman,0.13874189619791116,0.14277196465810726,Mann_Whitney_U,1321.0,0.1428074960776716,-0.1503861535355981,0.321653570183051,0.3217336195679839
Post2_Morph_IntegratedIntensity_Intensity,113,1568687.2750708002,615091.7497371428,98127.61902499999,158056.4193,1.646524733212703e-15,1.8787950028551827e-12,False,Spearman,0.1381956682601241,0.14436699850005144,Mann_Whitney_U,1322.0,0.14439038301348928,-0.1507585750610414,0.3235228831719616,0.3235711629528404
Pre_IH_IntensityHistogramMode_Intensity,113,14.24,17.015873015873016,14.0,16.0,0.018067562948592804,0.046206081316262276,False,Spearman,0.13807566485241018,0.14471921717018663,Mann_Whitney_U,1322.5,0.14474081382519113,0.31365243674199705,0.3235228831719616,0.3235711629528404
Post1_NGTDM_Contrast,113,0.28525461322,0.3061039676825396,0.166762821,0.252590259,1.486734864955824e-08,0.0005203810450593984,False,Spearman,0.13655698444676295,0.14923294314249974,Mann_Whitney_U,1325.0,0.1492197577874504,0.07536430293751291,0.33233028492118216,0.33230092214974527
Post1_IH_MinimumHistogramGradient_Intensity,113,-164.07,-69.03174603174604,-18.0,-13.5,3.530636984588377e-14,1.7137171993228097e-15,False,Spearman,0.13632724783958602,0.14992488068577917,Mann_Whitney_U,1325.5,0.14990681594932595,0.23111312487227711,0.33259197669373997,0.3325519020485047
Post2_GLSZM_LowGrayLevelZoneEmphasis,113,0.04835511853999999,0.0279066073968254,0.0268770345,0.020353143,1.6451101695585936e-11,1.8259958717920027e-09,False,Spearman,-0.1360107565089759,0.15088206202052828,Mann_Whitney_U,1824.0,0.15085665221345673,-0.3824505931263911,0.3334378393507094,0.33338168561676124
Post1_Morph_Maximum3DDiameter_mm,113,16.033142202219995,17.759112117206353,13.029657910000001,13.74772708,6.358879369667646e-11,9.451841270917976e-09,False,Spearman,0.13573848927127277,0.15170916384247216,Mann_Whitney_U,1326.5,0.15167766092388094,0.15054418723175406,0.33399089682430183,0.333921542490217
Pre_GLSZM_GreyLevelNonUniformity,113,13.879659700619998,14.674715395047617,4.2903291345,4.818181818,6.363329354918916e-15,1.406366440782397e-15,False,Spearman,0.13491830063340182,0.1542213424839327,Mann_Whitney_U,1328.0,0.1541714477127189,0.01893614098750046,0.3382354443113524,0.33812601600630393
Post2_Morph_Maximum3DDiameter_mm,113,16.050699986339996,17.759112117206353,13.029657910000001,13.74772708,6.245203248901735e-11,9.451841270917976e-09,False,Spearman,0.13410007407564453,0.15675845322379917,Mann_Whitney_U,1329.5,0.1566902057352256,0.14906523113707956,0.33993687047408133,0.3397888731112195
Post2_IH_MaximumHistogramGradientGreyLevel_Intensity,113,13.38,16.253968253968253,13.0,15.0,0.06345732415889825,0.04741837740901687,False,Spearman,0.13423355897948427,0.15634243343635737,Mann_Whitney_U,1329.5,0.15627802226218868,0.32839016838163043,0.33993687047408133,0.3397888731112195
Pre_Morph_Maximum3DDiameter_mm,113,16.050699986339996,17.759112117206353,13.029657910000001,13.74772708,6.245203248901735e-11,9.451841270917976e-09,False,Spearman,0.13410007407564453,0.15675845322379917,Mann_Whitney_U,1329.5,0.1566902057352256,0.14906523113707956,0.33993687047408133,0.3397888731112195
Post1_GLRLM_ShortRunLowGreyLevelEmphasis,113,0.06629827944,0.03459870482539682,0.028120363000000002,0.022017271,1.0217826440820095e-09,9.719346735921886e-12,False,Spearman,-0.13382584475782772,0.1576157146073136,Mann_Whitney_U,1820.0,0.15754130457157867,-0.4404811928219051,0.3405205177523678,0.3403597587572539
ADC_GLCM_SumVariance,113,5.180755455460001,4.3678862286984135,6.0081134894999995,5.427930403,0.0007002888688286161,3.424979379400126e-05,False,Spearman,-0.1333808846008058,0.1590141408458021,Mann_Whitney_U,1819.0,0.15893039164834954,-0.2621941067872939,0.34168225982487616,0.3414963959639497
Pre_NGTDM_Strength,113,9.23889410932,6.988063013349206,6.276794229,5.14923171,0.000292977195403455,1.529407516207857e-07,False,Spearman,-0.13327961682004064,0.15933369629139305,Mann_Whitney_U,1819.0,0.15924702402463975,-0.29793630822485156,0.34168225982487616,0.3414963959639497
Post2_GLRLM_ShortRunLowGreyLevelEmphasis,113,0.05551214752,0.030529442444444447,0.0233268825,0.018686679,2.0811818377346515e-10,5.515196386419196e-12,False,Spearman,-0.13218716094446656,0.1628115191505974,Mann_Whitney_U,1817.0,0.1627003269708316,-0.3885917314683108,0.3478519172996159,0.3476143517199686
Pre_IH_IntensityHistogramRobustMeanAbsoluteDeviation_Intensity,113,3.8810638295399995,3.126345603666666,3.3662615815,2.861203275,0.0037324957809965666,0.002593004728598429,False,Spearman,-0.13164093300667948,0.1645714661226225,Mann_Whitney_U,1816.0,0.16444802183223461,-0.3473475032688859,0.3503194076654354,0.35005663470905823
Post2_IH_MinimumHistogramGradient_Intensity,113,-129.09,-57.03174603174603,-15.75,-10.0,1.1278958373949738e-13,1.658211801197925e-15,False,Spearman,0.13086241306104887,0.16710422875318034,Mann_Whitney_U,1335.5,0.16696361509463586,0.24643855647331434,0.35440786977322863,0.3541096452007112
ADC_GLRLM_RunPercentage,113,33.2388132619,35.800627013031736,15.05149839,22.07010759,1.1704264791421174e-09,3.50918688831431e-07,False,Spearman,0.12945629043600118,0.171751802308593,Mann_Whitney_U,1338.0,0.17157947585726685,0.06250870393201455,0.3616175051355756,0.36125466301271403
Post1_IB_TotalLesionGlycolysis,113,1099.1238894955798,513.5291003626985,83.89918722,136.159,1.8692670096315904e-15,9.58345533312383e-13,False,Spearman,0.1294560212555313,0.1717527010574841,Mann_Whitney_U,1338.0,0.17158036671588317,-0.13770739588302397,0.3616175051355756,0.36125466301271403
ADC_IH_IntensityHistogramInterquartileRange_Intensity,113,21.4,24.063492063492063,18.5,21.0,0.005288432380855143,0.01574645676844071,False,Spearman,0.1289800782467475,0.17334723132302735,Mann_Whitney_U,1339.0,0.17316478151770598,0.19866549442640058,0.363645711440002,0.36326959600997016
ADC_NGTDM_Contrast,111,0.7560986666666668,0.7338170401269842,0.187470009,0.107142617,3.4659442900422722e-09,2.2671746485972335e-12,False,Spearman,-0.12996603151026226,0.17397212792552774,Mann_Whitney_U,1741.0,0.17379225437464285,-0.01724541776733583,0.363645711440002,0.3632697302632426
ADC_IB_MeanIntensity,113,109387.74759554675,117831.09223764762,50266.168659999996,69484.38384,9.881868702415003e-10,6.881017380745156e-08,False,Spearman,0.1283635653799572,0.17542889590838984,Mann_Whitney_U,1340.0,0.17523222792806237,0.060437803084347305,0.36406211731526067,0.36365397838834446
ADC_IB_90thIntensityPercentile,113,270.53451284362,303.0977916676191,224.16832955,263.5989071,0.0005862686385085554,0.004265806517562972,False,Spearman,0.1283635653799572,0.17542889590838984,Mann_Whitney_U,1340.0,0.17523222792806237,0.18482352675854805,0.36406211731526067,0.36365397838834446
ADC_Morph_Asphericity,113,5.26159297628,5.585042275936509,3.9360526690000004,4.585056474,3.3776275304909054e-10,1.0237091104024555e-06,False,Spearman,0.12727110950438308,0.17916266930300603,Mann_Whitney_U,1342.0,0.1789417731922961,0.08696933127498413,0.36916436130405866,0.36870920526099443
ADC_IB_IntensityInterquartileRange,113,1239.550522544,1385.2986853333334,1090.200531,1240.358765,0.00592581353619045,0.012307065346151289,False,Spearman,0.1272716387807131,0.1791608463497113,Mann_Whitney_U,1342.0,0.17893996583451532,0.18987672696749752,0.36916436130405866,0.36870920526099443
Post1_Morph_IntegratedIntensity_Intensity,113,1094920.3301339399,508746.45518793655,81148.671695,132424.8843,1.8637941100886146e-15,9.175490539785256e-13,False,Spearman,0.12672488156659603,0.18105126822810752,Mann_Whitney_U,1343.0,0.1808183050545319,-0.13803474482598596,0.3717329230640931,0.37125460505877295
Pre_Morph_RadiusSphereNorm_MaxIntensityCoor_RoiCentroidCoor_Dist,113,0.89140565822,0.9524483832698412,0.8493542365,0.9512823,0.2740061281914749,0.0010216778137389694,False,Spearman,0.12617865362880898,0.18295440493304901,Mann_Whitney_U,1344.0,0.18270941003540642,0.20108322476936713,0.37299507202899784,0.3724955929947194
Pre_IH_MinimumHistogramGradientGreyLevel_Intensity,113,13.88,16.158730158730158,13.5,17.0,0.0014085361755824459,0.024319335076563184,False,Spearman,0.1262485817340548,0.18270995229895065,Mann_Whitney_U,1344.5,0.18246907928910872,0.21986140666562945,0.37299507202899784,0.3724955929947194
Pre_Morph_RadiusSphereNorm_MaxIntensityCoor_PerimeterCoor_2DSagittalSmallestDist,113,0.29080901482,0.35802449696825406,0.203419936,0.249808189,8.422685375456049e-07,1.3786389515928244e-06,False,Spearman,0.12590711047171116,0.1839059246882556,Mann_Whitney_U,1344.5,0.18365497450352708,0.2603547396262891,0.3736194048929824,0.37310957978084974
Pre_IH_IntensityHistogram10thPercentile,113,7.8,8.793650793650794,8.0,8.0,0.023933115099052642,0.3026121670100835,False,Spearman,0.12514896312299567,0.1865816910047325,Mann_Whitney_U,1346.5,0.18631671353678947,0.21751851652757717,0.377730066754336,0.37719362635594794
ADC_GLSZM_GreyLevelVariance,113,13183.667605864019,1254.5774592796508,57.798014365,118.5196922,7.111944162632296e-15,5.009011810480859e-14,False,Spearman,0.1239939997003049,0.1907123201246362,Mann_Whitney_U,1348.0,0.19041962010475766,-0.28699557794291947,0.3847471545371581,0.3841566551939188
Pre_IB_IntensityBasedRobustMeanAbsoluteDeviation,113,51.18358040874,41.1964403833492,44.345684815,37.07450797,0.003980655636129349,0.0012473962158300216,False,Spearman,-0.12344751393987372,0.19268975968845958,Mann_Whitney_U,1801.0,0.192385242735865,-0.33581357186617067,0.38738670437367395,0.38677449841689526
Post2_Morph_RadiusSphereNorm_MaxIntensityCoor_PerimeterCoor_2DSagittalSmallestDist,113,0.39063021076000004,0.4098295898571428,0.2154943595,0.313787102,1.9322279997868215e-06,3.1524287300298375e-06,False,Spearman,0.1220824517917999,0.19769403092093246,Mann_Whitney_U,1351.5,0.19736024762029303,0.06049293615986891,0.3960721242325948,0.39540340267179813
ADC_Morph_RadiusSphereNorm_MaxIntensityCoor_PerimeterCoor_3DSmallestDist,113,0.13534217942,0.12297708695238095,0.13229104149999998,0.11286653,0.008531584468653836,0.0010401135007760574,False,Spearman,-0.12153723245100102,0.19971877793105092,Mann_Whitney_U,1797.5,0.19937341684845533,-0.20538018213265866,0.39737859938858583,0.3966914376469266
ADC_GLCM_DifferenceVariance,113,2.9032436067200003,2.3736189104761904,3.1114571399999997,2.239484467,0.0034042119400180836,0.00026562964418560864,False,Spearman,-0.12165277742228306,0.1992884430655351,Mann_Whitney_U,1797.0,0.19894877120268428,-0.25114720673732116,0.39737859938858583,0.3966914376469266
Post1_GLRLM_RunLengthNonUniformity,113,2197.2222838256,1208.8970391323808,245.5521109,289.4276181,1.8388683675270873e-15,1.9882487146520535e-14,False,Spearman,0.1201701463131514,0.20486123944101073,Mann_Whitney_U,1355.0,0.2044871047829966,-0.11642013020405288,0.40621458094638774,0.4054727180457364
ADC_IH_IntensityHistogramMean_Intensity,113,33.44019308514,35.84666157722222,15.256713520000002,21.60594439,9.627822494060202e-10,7.861109610259527e-08,False,Spearman,0.11853170896460867,0.21114869060704575,Mann_Whitney_U,1358.0,0.21074069236634163,0.05635357102270537,0.4130258290840631,0.41222773729780465
ADC_IH_IntensityHistogram90thPercentile,113,4.719688513199999,5.281947861920635,3.903869655,4.648219486,0.0006609255178837701,0.0059530282664421305,False,Spearman,0.11853170896460867,0.21114869060704575,Mann_Whitney_U,1358.0,0.21074069236634163,0.18203809630150447,0.4130258290840631,0.41222773729780465
ADC_GLCM_InverseDifference,113,0.92301166526,0.9261060222380952,0.9179275785000001,0.926503082,0.03981076398228497,0.3473165004066097,False,Spearman,0.11907793803817829,0.2090374408888532,Mann_Whitney_U,1357.0,0.2086406549930313,0.11376174087437532,0.4130258290840631,0.41222773729780465
ADC_GLSZM_SmallZoneHighGreyLevelEmphasis,113,15493.527481107258,1103.3530889343654,6.2249882795,0.88545754,5.974711877852438e-15,5.292236103743539e-15,False,Spearman,-0.11853146249979025,0.21114964664746577,Mann_Whitney_U,1792.0,0.21074164117469807,-0.2838203593315863,0.4130258290840631,0.41222773729780465
Pre_IH_IntensityHistogramMedianAbsoluteDeviation_Intensity,113,5.08711837756,4.2769493609365075,4.5192948515,4.033812342,0.024966956456944384,0.016090190897253734,False,Spearman,-0.11743900662421615,0.21541768553264234,Mann_Whitney_U,1790.0,0.21498750541253753,-0.3089505680183925,0.4199556899777775,0.41911705600626004
Post2_Morph_MaxIntensityCoor_RoiCentroidCoor_Dist_cm,113,4.8848822138,5.037434012809523,3.670276345,4.227488702,2.0964735838245102e-10,5.369491221361581e-05,False,Spearman,0.1168927786864291,0.21757454409760077,Mann_Whitney_U,1361.0,0.2171334080714633,0.037515443554071146,0.42132328104518674,0.42046904104808447
Post2_NGTDM_Strength,113,8.450653133500001,9.647500927142856,4.2519368765,5.853066035,2.657719484894564e-07,8.974505499553732e-06,False,Spearman,0.1168927786864291,0.21757454409760077,Mann_Whitney_U,1361.0,0.2171334080714633,0.1291852218417704,0.42132328104518674,0.42046904104808447
Post2_GLRLM_RunLengthNonUniformity,113,2505.2450251339997,1268.9449721579365,265.06875045000004,300.7111787,1.7815494110571e-15,2.9617334439734385e-14,False,Spearman,0.11634655074864204,0.21974667539636591,Mann_Whitney_U,1362.0,0.21929467538079583,-0.1266536441214524,0.4227020765930095,0.42323872348493596
Post1_IH_IntensityHistogramQuartileCoefficientOfDispersion_Intensity,113,0.27866373372,0.2920263087460318,0.217647059,0.272727273,0.0014320393788302404,0.01969827314747134,False,Spearman,0.11586707797764613,0.22166596190811053,Mann_Whitney_U,1363.0,0.221205132985555,0.08523625425694087,0.4240919197900954,0.42460896864515457
Pre_NGTDM_Contrast,113,0.36829202114000004,0.26222101558730154,0.244619761,0.180344899,2.118850256327828e-05,1.6130425997899316e-06,False,Spearman,-0.11580032281085499,0.2219341134652831,Mann_Whitney_U,1787.0,0.221471344612844,-0.3606617726655216,0.4240919197900954,0.42460896864515457
Pre_IB_IntensityBasedMedianAbsoluteDeviation,113,69.75530689212,58.63077183190477,62.035768035000004,55.39222316,0.02588900860936458,0.015535720838234318,False,Spearman,-0.11525409487306794,0.2241368915683314,Mann_Whitney_U,1786.0,0.22366345227251572,-0.30881479587763183,0.4268923033488943,0.4273964979068865
Pre_IB_IntensityVariance,113,10189.2647745786,7088.50112642857,7266.1764545,5570.001939,4.038808031997549e-05,1.2500363496003892e-06,False,Spearman,-0.11416163899749383,0.22858859702073944,Mann_Whitney_U,1784.0,0.22809412500262838,-0.390818231894614,0.4339435989344529,0.43442927097540074
ADC_GLRLM_RunLengthVariance,113,4.327143423959999,4.523757838333333,4.308651300499999,4.526109101,0.51677775916917,0.39241180868482,True,Pearson_point_biserial_equivalent,0.11647867618312803,0.21921986290272288,Welch_t_test,-1.204197281623575,0.23158856056698374,0.2340227756816521,0.4227020765930095,0.43865751003796527
ADC_IB_IntensityRange,113,220.80078685913998,245.6685770165397,190.5774697,207.612874,0.0004855236060270931,0.0004313357768426264,False,Spearman,0.11306918312191974,0.23310204210122967,Mann_Whitney_U,1368.0,0.23258696991650318,0.16506495488911757,0.4396289328228403,0.43865751003796527
Pre_IB_IntensityBasedMeanAbsoluteDeviation,113,71.18919962226,59.84159725428571,65.46782707,56.00007384,0.02607005503838377,0.020481192434043064,False,Spearman,-0.11306918312191974,0.23310204210122967,Mann_Whitney_U,1782.0,0.23258696991650318,-0.31117919026461993,0.4396289328228403,0.43865751003796527
Pre_IH_IntensityHistogramVariance_Intensity,113,54.17079620204,37.80347520246032,39.213776185,29.56224396,4.231067232566862e-05,1.2347086030924905e-06,False,Spearman,-0.11252295518413268,0.235381991718576,Mann_Whitney_U,1781.0,0.2348567897921583,-0.3890409626231076,0.4410555767153899,0.44007146048433543
Pre_IH_IntensityHistogramMeanAbsoluteDeviation_Intensity,113,5.205447879459999,4.377093144460318,4.7842344235,4.107503101,0.023027918126411535,0.020532800564275148,False,Spearman,-0.11252295518413268,0.235381991718576,Mann_Whitney_U,1781.0,0.2348567897921583,-0.31292701246765336,0.4410555767153899,0.44007146048433543
ADC_GLSZM_GreyLevelNonUniformity,113,0.12426731564000003,0.07811306711111111,0.07143682000000001,0.063870535,1.516845701781717e-12,2.8643304432154263e-12,False,Spearman,-0.11225077483725034,0.23652386244518006,Mann_Whitney_U,1780.5,0.23599366627435514,-0.3403033571638558,0.4417655366314815,0.4407752670091988
ADC_IH_IntensityHistogramRange_Intensity,113,3.8539741691999994,4.281240058079366,3.311885275,3.642921318,0.0005720213343242625,0.0005865829134782334,False,Spearman,0.11143073100820353,0.23998750378465913,Mann_Whitney_U,1371.0,0.23944240589994037,0.16174460265575444,0.4467934555990921,0.4457786270613038
ADC_Morph_RadiusRoiNorm_MaxIntensityCoor_PerimeterCoor_2DSagittalSmallestDist,113,16.01794860666,17.25612752919048,12.638146235,13.56465997,6.649975871176928e-11,8.069120750326358e-09,False,Spearman,0.11115877215181441,0.24114393186849736,Mann_Whitney_U,1371.5,0.24059396776854847,0.10920003478069552,0.44750748894826914,0.4464868824935563
Post2_GLSZM_SmallZoneEmphasis,113,0.4192177013599999,0.44295474260317463,0.416896639,0.425176587,0.8891871067868343,0.0062631798142377074,False,Spearman,0.10979181549519741,0.247015123697838,Mann_Whitney_U,1374.0,0.24644110662631968,0.21871950252872874,0.45403732260650226,0.45298222456075904
Pre_Morph_MaxIntensityCoor_RoiCentroidCoor_Dist_cm,113,5.200244216480001,5.727631139285713,3.9777966365,4.734847671,8.963117979126025e-12,2.2383569295309235e-08,False,Spearman,0.10979181549519741,0.247015123697838,Mann_Whitney_U,1374.0,0.24644110662631968,0.1073721317127457,0.45403732260650226,0.45298222456075904
Pre_GLCM_InverseVariance,113,0.25690634112,0.2767509291746032,0.2409246995,0.272246533,0.003824885234157099,0.28805631449458996,False,Spearman,0.10979181549519741,0.247015123697838,Mann_Whitney_U,1374.0,0.24644110662631968,0.19679303087200264,0.45403732260650226,0.45298222456075904
Post2_IH_IntensityHistogramQuartileCoefficientOfDispersion_Intensity,113,0.27183614066,0.28958527574603177,0.2466216215,0.282051282,0.043229253887382184,0.21323052901906867,False,Spearman,0.10902598773059904,0.25034723630840966,Mann_Whitney_U,1375.5,0.2497606997436137,0.12526904113910908,0.45870585386888985,0.4576311555428872
Pre_GLRLM_GreyLevelVariance,113,54.8135197565,38.96351459074603,40.24130732,31.20021603,5.378571038894665e-05,2.138891691800741e-06,False,Spearman,-0.10869935961962332,0.2517777691051271,Mann_Whitney_U,1774.0,0.2511851422913022,-0.3802905720112234,0.45987169814469586,0.45878926620398724
Pre_IB_IntensityInterquartileRange,113,119.3294401524,96.8785304711111,95.112594605,81.0,0.0015845261035955342,0.0006020905568928031,False,Spearman,-0.10842714747053134,0.2529742646030943,Mann_Whitney_U,1773.5,0.2523770972132625,-0.3064964849327976,0.460604085550917,0.4595167902090535
Post1_IH_IntensityHistogramSkewness_Intensity,113,0.18917347548,0.0018306143809523833,-0.054482915,-0.118579166,0.003949911934662057,4.666869650586373e-08,False,Spearman,-0.10815313168183628,0.25418262822895443,Mann_Whitney_U,1773.0,0.2535809058623901,-0.22420375845546497,0.4613534223967543,0.46026126800728495
ADC_GLCM_JointAverage,113,32.04903832262001,33.81782697642857,14.598901260000002,19.81781657,7.198617048189637e-10,3.133875512057448e-08,False,Spearman,0.10706089841964654,0.25903853116239267,Mann_Whitney_U,1379.0,0.2584190585563855,0.04211038035102089,0.4657884667648149,0.4646745594202148
Pre_GLCM_SumVariance,113,147.86551805570002,100.99943161738092,91.851439515,77.19145306,2.705679101629556e-05,9.94266640922516e-07,False,Spearman,-0.10706067580626216,0.2590395272854411,Mann_Whitney_U,1771.0,0.2584200485894804,-0.39170547918051696,0.4657884667648149,0.4646745594202148
Pre_GLCM_ClusterTendency,113,147.86551805570002,100.99943161738092,91.851439515,77.19145306,2.705679101629556e-05,9.94266640922516e-07,False,Spearman,-0.10706067580626216,0.2590395272854411,Mann_Whitney_U,1771.0,0.2584200485894804,-0.39170547918051696,0.4657884667648149,0.4646745594202148
Pre_IH_IntensityHistogramInterquartileRange_Intensity,113,8.74,7.063492063492063,7.0,6.0,0.0010031814992721754,0.0004825760170245632,False,Spearman,-0.1063545978360669,0.26221217675423464,Mann_Whitney_U,1769.0,0.2615860175840853,-0.31424409883669097,0.4700335923860739,0.4689111584556823
Post1_GLSZM_GreyLevelNonUniformity,113,19.26853654362,16.408179769904763,4.962237762,5.149253731,3.4740549099446342e-15,1.034432245192419e-14,False,Spearman,0.10542221119893766,0.2664421250088417,Mann_Whitney_U,1382.0,0.26579715284944583,-0.04733157789609209,0.4761419456176523,0.47498935648095414
Post1_Morph_SurfaceArea_cm2,113,9.307321130980002,8.367885578,3.348027033,3.289221526,8.225005448370155e-15,8.36177577296976e-14,False,Spearman,0.10378330817953986,0.2739890472203083,Mann_Whitney_U,1385.0,0.2733200085596448,-0.03962002185999808,0.48163616359933636,0.4824764785244949
Post2_Morph_SurfaceArea_cm2,113,9.30950677164,8.367885578,3.348027033,3.289221526,8.220432609943448e-15,8.36177577296976e-14,False,Spearman,0.10378330817953986,0.2739890472203083,Mann_Whitney_U,1385.0,0.2733200085596448,-0.039712712065437604,0.48163616359933636,0.4824764785244949
Pre_Morph_SurfaceArea_cm2,113,9.30950677164,8.367885578,3.348027033,3.289221526,8.220432609943448e-15,8.36177577296976e-14,False,Spearman,0.10378330817953986,0.2739890472203083,Mann_Whitney_U,1385.0,0.2733200085596448,-0.039712712065437604,0.48163616359933636,0.4824764785244949
Pre_GLCM_JointVariance,113,49.37334223886,34.104974899206354,34.037883185,26.21157193,2.625214032265162e-05,9.182989959070892e-07,False,Spearman,-0.10378330817953986,0.2739890472203083,Mann_Whitney_U,1765.0,0.2733200085596448,-0.387201045701041,0.48163616359933636,0.4824764785244949
ADC_IH_IntensityHistogramMaximumGreyLevel_Intensity,113,13.38,16.714285714285715,9.0,18.0,1.9322697613838908e-05,2.522928105041367e-05,False,Spearman,0.10349326831455621,0.2753394993978935,Mann_Whitney_U,1389.5,0.2746935307219248,0.23782115896012768,0.48163616359933636,0.48342721668083427
Post1_NGTDM_Strength,113,5.863945562259999,6.677775721222223,3.4983563195,5.212981014,2.9973705664160393e-06,8.955241711586446e-05,False,Spearman,0.10214462436617869,0.2816777043055985,Mann_Whitney_U,1388.0,0.28098612912934195,0.13771220900699135,0.49123912889440224,0.49300293565420905
Pre_GLCM_ClusterProminence,113,117805.63238013336,59072.126548633656,34394.191325,22791.59724,2.413935528032654e-08,9.344614123447237e-11,False,Spearman,-0.10159839642839165,0.28427236865259264,Mann_Whitney_U,1761.0,0.28357363458142915,-0.4543142978264283,0.49427537972928276,0.49603968103518875
Pre_IB_10thIntensityPercentile,113,100.07269041858001,113.13325200666665,98.72944641000001,106.3538284,0.06039857691872132,0.45302767125372023,True,Pearson_point_biserial_equivalent,0.10353942398394222,0.2751242951064905,Welch_t_test,-1.0678760754791898,0.2883741090179616,0.20772638091191822,0.48163616359933636,0.49914453746554605
Pre_IB_90thIntensityPercentile,113,329.153466794,304.0982104111111,326.2072296,301.0,0.7364677197425114,0.7322650985667423,True,Pearson_point_biserial_equivalent,-0.10434324735947129,0.2713945668869009,Welch_t_test,1.071619093654637,0.28677445236880145,-0.20935673690763654,0.48163616359933636,0.49914453746554605
Pre_GLCM_DifferenceAverage,113,4.3133299521,3.7313236151269837,3.943500901,3.512312312,0.01841595696494167,0.016868916648773172,False,Spearman,-0.10050594055281754,0.28950942921747075,Mann_Whitney_U,1759.0,0.2887969258220344,-0.2543058815251992,0.497406408062064,0.49914453746554605
Pre_GLCM_Dissimilarity,113,4.3133299521,3.7313236151269837,3.943500901,3.512312312,0.01841595696494167,0.016868916648773172,False,Spearman,-0.10050594055281754,0.28950942921747075,Mann_Whitney_U,1759.0,0.2887969258220344,-0.2543058815251992,0.497406408062064,0.49914453746554605
Pre_GLCM_DifferenceVariance,113,17.70212585564,12.614624717698412,12.62484678,9.296723453,7.195548604840775e-06,8.283542307793836e-07,False,Spearman,-0.09941348467724345,0.29481019021929245,Mann_Whitney_U,1757.0,0.29408466916583553,-0.35006134276123857,0.5020444121675598,0.5052671318902634
Pre_GLSZM_HighGrayLevelZoneEmphasis,113,375.58004620505994,320.71044161317457,318.34800995,292.9642857,0.009760079633564584,0.0053207336456442674,False,Spearman,-0.09941348467724345,0.29481019021929245,Mann_Whitney_U,1757.0,0.29408466916583553,-0.2705315124765535,0.5020444121675598,0.5052671318902634
Pre_GLCM_Contrast,113,47.75171704952,33.88549594736508,32.044052575,25.33774834,6.284222296575501e-06,2.8322101516755725e-07,False,Spearman,-0.09832102880166933,0.3001747073045926,Mann_Whitney_U,1755.0,0.2994369444458208,-0.34378262085110173,0.5081905132437402,0.5114277015756055
Pre_GLRLM_LongRunLowGreyLevelEmphasis,113,0.21117763970000003,0.07258637482539683,0.034339252,0.025113277,2.9540296492599197e-13,2.513718936356443e-16,False,Spearman,-0.09832102880166933,0.3001747073045926,Mann_Whitney_U,1755.0,0.2994369444458208,-0.33144408371453327,0.5081905132437402,0.5114277015756055
Pre_IH_IntensityHistogram90thPercentile,113,24.52,22.746031746031747,24.0,22.0,0.7486114607730803,0.6613443374595305,True,Pearson_point_biserial_equivalent,-0.10119738132184557,0.2861873759794772,Welch_t_test,1.0385947139584155,0.3017995287400339,-0.202978462793119,0.49611524159316556,0.5130114833873163
ADC_NGTDM_Busyness,113,427.18584454564007,458.63087366003174,149.93043745,184.6810531,4.400119481350427e-11,3.0135902622749486e-09,False,Spearman,0.09777500416896291,0.3028798771819151,Mann_Whitney_U,1396.0,0.3021362967790585,0.047824097649059566,0.5112753611904631,0.5130114833873163
Pre_IB_MaximumIntensity,113,446.45836578399997,418.0837005111111,437.27217099999996,413.0,0.4579410338086375,0.6815634334545511,True,Pearson_point_biserial_equivalent,-0.10075243413167571,0.2883222153656584,Welch_t_test,1.0321836881201016,0.3048069704161896,-0.20207682924501563,0.497406408062064,0.5131115085780039
ADC_IB_IntensityBasedRobustMeanAbsoluteDeviation,113,216.24175777927996,238.42978386860315,190.4518199,206.310211,0.0007030025606977812,0.000342729844348858,False,Spearman,0.09722857292609523,0.30560302007004064,Mann_Whitney_U,1397.0,0.3048538151137018,0.14871355483982263,0.512881590204503,0.5131115085780039
Pre_GLSZM_LargeZoneHighGreyLevelEmphasis,113,2163695.62613342,267090.9219050794,9346.850785499999,14675.70513,1.4909590402624549e-15,9.118858413580288e-17,False,Spearman,0.09722857292609523,0.30560302007004064,Mann_Whitney_U,1397.0,0.3048538151137018,-0.2008881648883963,0.512881590204503,0.5131115085780039
ADC_IH_IntensityHistogramRobustMeanAbsoluteDeviation_Intensity,113,3.7613341313200004,4.139932838396825,3.2939980159999998,3.614583333,0.0007908034709554918,0.0005357885337113729,False,Spearman,0.09668254602182366,0.30834009710972504,Mann_Whitney_U,1398.0,0.3075854831560042,0.1443388459724793,0.5144942403417897,0.5147184310347964
Pre_GLCM_NormalisedInverseDifferenceMoment,113,0.96785586468,0.9721300726031744,0.9724432745,0.974261914,0.026714708516164403,0.01975563883157185,False,Spearman,0.09668234498830817,0.30834110776960455,Mann_Whitney_U,1398.0,0.3075864890121581,0.24960082651791238,0.5144942403417897,0.5147184310347964
Pre_IH_IntensityHistogramMaximumGreyLevel_Intensity,113,33.16,31.11111111111111,32.5,31.0,0.3828382494136914,0.6206300917509762,True,Pearson_point_biserial_equivalent,-0.09981369168197257,0.2928609279658419,Welch_t_test,1.0225739851394235,0.3093028933330522,-0.20017497838959097,0.5016759683201848,0.5148526430201813
ADC_NGTDM_Complexity,113,6.491493758019999,8.855955626301585,4.439222667,5.699286957,1.0011833046695925e-06,4.05720689148018e-12,False,Spearman,0.09613631694825403,0.31109414107623434,Mann_Whitney_U,1399.0,0.310334321958624,0.24362232562737568,0.5161132025304862,0.5148526430201813
Post1_IH_MaximumHistogramGradientGreyLevel_Intensity,113,10.2,11.920634920634921,10.0,11.0,0.19667515643319092,0.043228236004135424,False,Spearman,0.09630929497120679,0.31022027303682237,Mann_Whitney_U,1399.0,0.3094645551817018,0.2622953797338598,0.5161132025304862,0.5148526430201813
Post2_Morph_CentreOfMassShift_mm,113,0.44900488644,0.46874305120634924,0.317279154,0.370790876,1.8213300495720887e-09,6.234014335543486e-11,False,Spearman,0.09558988911273408,0.31386515270732884,Mann_Whitney_U,1400.0,0.3131003353490962,0.044971649585679514,0.5192226383358383,0.5179574119060764
ADC_Morph_RadiusSphereNorm_CentroidCoor_WCentroidCoor_Dist,113,0.13381772394,0.11802466974603175,0.0991793505,0.072410846,4.62944398117736e-07,7.364602233610648e-07,False,Spearman,-0.09449743323715998,0.3194530208229344,Mann_Whitney_U,1748.0,0.31867886257787703,-0.1360842357632088,0.5210233776238846,0.5197607364298332
ADC_GLSZM_NormalisedGreyLevelNonUniformity,113,47.875943175040014,44.25356791573015,8.630952381,10.87234043,9.247876070772766e-15,1.5451694808551693e-15,False,Spearman,0.0947727149147055,0.3180389517976289,Mann_Whitney_U,1401.5,0.31726709722402513,-0.024003252536816917,0.5210233776238846,0.5197607364298332
Post1_Morph_MaxIntensityCoor_PerimeterCoor_2DSagittalSmallestDist_mm,113,1.8566547585799997,2.190871788539683,1.58113883,1.58113883,1.0769214060033828e-06,1.2795491853610938e-08,False,Spearman,0.09458273740401375,0.3190143964966199,Mann_Whitney_U,1407.5,0.3182882631197399,0.20237195296528215,0.5210233776238846,0.5197607364298332
Post1_IB_IntensitySkewness,113,0.16542431307999997,-0.002772071412698389,-0.051489756,-0.111009044,0.0014264667752847426,4.587316429207747e-08,False,Spearman,-0.09449743323715998,0.3194530208229344,Mann_Whitney_U,1748.0,0.31867886257787703,-0.20076295805471353,0.5210233776238846,0.5197607364298332
Post1_GLSZM_SmallZoneEmphasis,113,0.3994328175000001,0.421653165031746,0.393210409,0.401624016,0.17652791061731546,0.017060187703068327,False,Spearman,0.09504366117494703,0.3166511096045381,Mann_Whitney_U,1401.0,0.31588151317344726,0.19756637276541616,0.5210233776238846,0.5197607364298332
Pre_IH_IntensityHistogramKurtosis_Intensity,113,0.92680577588,1.0674858875714281,0.2842247445,0.466175579,2.201174578072061e-08,4.686273203949954e-09,False,Spearman,0.09340497736158586,0.3251046940303369,Mann_Whitney_U,1404.0,0.3243220750899847,0.05833060614196307,0.5287517355156323,0.5274788805536549
Post1_IH_IntensityHistogramKurtosis_Intensity,113,0.59902213176,0.3363158564761904,0.101104818,-0.184340219,2.3493798808199964e-08,1.2354962669479572e-12,False,Spearman,-0.09231252148601177,0.3308201373581917,Mann_Whitney_U,1744.0,0.3300299599362828,-0.11509119783778164,0.5365402227742101,0.5352586745185091
Post1_IB_IntensityKurtosis,113,0.6535375895,0.3562040245396825,0.08710486,-0.172582553,6.83051774793366e-09,1.2493468636447517e-12,False,Spearman,-0.09176629354822471,0.33370175723032647,Mann_Whitney_U,1743.0,0.33290814564851823,-0.1276808120897791,0.539702004012176,0.5384184813700895
Post1_GLSZM_SmallZoneLowGreyLevelEmphasis,113,0.013615937679999999,0.013136221746031743,0.010056313,0.010487482,0.0008999663027971147,2.125433159962382e-12,False,Spearman,-0.09012760973486356,0.34244210906580896,Mann_Whitney_U,1740.0,0.3416396069709735,-0.03635572389701421,0.5522952121144941,0.5510009260061105
ADC_IH_IntensityHistogramSkewness_Intensity,111,4.113931925395833,2.031420258555556,-0.4406424485,-0.061980782,9.469429371288284e-15,2.9717477030717424e-16,False,Spearman,0.08967088636952594,0.3493071131068385,Mann_Whitney_U,1354.0,0.34850142376108484,-0.1171275687600302,0.557159279583635,0.5589538070849532
Pre_GLRLM_LongRunHighGreyLevelEmphasis,113,535.8670934786,482.85388699031745,533.0613305500001,444.0675408,0.3220446735302106,0.013683750294345579,False,Spearman,-0.08903515385928945,0.348348481604586,Mann_Whitney_U,1738.0,0.3475412548421487,-0.18495301306646614,0.557159279583635,0.5589538070849532
Post2_GLSZM_GreyLevelNonUniformity,113,23.753487504720002,16.266372096873017,5.881570193,5.4,2.7221394305139995e-15,2.162413703738145e-14,False,Spearman,0.0884889259215024,0.3513254718713672,Mann_Whitney_U,1413.0,0.35051625100515216,-0.09660102680969203,0.5588391434437406,0.5606323462209477
Post2_Morph_MaxIntensityCoor_PerimeterCoor_3DSmallestDist_mm,113,1.05682792712,1.0941974946349204,0.707106781,0.707106781,2.586786109300219e-10,9.587278297997814e-13,False,Spearman,0.0879773787725197,0.35412782165761936,Mann_Whitney_U,1433.0,0.3535182436841505,0.056693157225180715,0.5617534486020866,0.5638762068681079
Pre_Morph_RadiusRoiNorm_MaxIntensityCoor_PerimeterCoor_2DSagittalSmallestDist,113,0.2038191214,0.23490922982539686,0.1437294535,0.160128154,4.5685733760725354e-07,4.86409822134278e-07,False,Spearman,0.08766994860216502,0.3558186632282567,Mann_Whitney_U,1414.5,0.35500692561031955,0.17397587988137786,0.5628934590414225,0.5646950822208106
Pre_IB_IntensityRange,113,428.32708330599996,401.1596550928572,424.66430805,403.0109272,0.9735612469308311,0.1909998716385153,True,Pearson_point_biserial_equivalent,-0.08918436689924264,0.34753801565651904,Welch_t_test,0.9179567210836133,0.3610542573239086,-0.17867682646118255,0.557159279583635,0.5718272352607388
Pre_IH_IntensityHistogramRange_Intensity,113,31.04,29.07936507936508,30.5,29.0,0.9392451196117594,0.12693014079551712,True,Pearson_point_biserial_equivalent,-0.08911433334629053,0.347918262644953,Welch_t_test,0.9171683914247537,0.36146592073476747,-0.17853539381067557,0.557159279583635,0.5718272352607388
Pre_GLRLM_GreyLevelNonUniformity,113,345.79366213686,120.32083847515872,19.40022344,23.8688014,2.084781510461493e-15,3.232909011818552e-14,False,Spearman,0.08521155829478008,0.36951967545076203,Mann_Whitney_U,1419.0,0.36870379627542893,-0.1693322455491858,0.5829751827956163,0.5816880055680472
Post2_Morph_RadiusSphereNorm_CentroidCoor_WCentroidCoor_Dist,113,0.09569632512,0.088437061015873,0.06716143299999999,0.07095762,1.869886995415582e-09,1.9697793757311894e-07,False,Spearman,0.08466533035699303,0.3726072464506407,Mann_Whitney_U,1420.0,0.3717911634152611,-0.08834929605610725,0.5846601509347451,0.583379630399556
Pre_GLRLM_RunEntropy,113,4.66187192762,4.60850581777778,4.8047742895,4.673856162,0.015172491383870277,0.02373009413024953,False,Spearman,-0.08466533035699303,0.3726072464506407,Mann_Whitney_U,1730.0,0.3717911634152611,-0.09272098212495679,0.5846601509347451,0.583379630399556
Pre_GLSZM_LargeZoneLowGreyLevelEmphasis,113,436.83293323006,58.974288393999984,0.8879542275000001,0.554985999,3.9143737713909486e-15,3.290447562695996e-17,False,Spearman,-0.08248041860584483,0.38511445103187547,Mann_Whitney_U,1726.0,0.3843002205384147,-0.23993794302934968,0.6026520733715024,0.6013779126803841
Pre_Morph_RadiusRoiNorm_MaxIntensityCoor_PerimeterCoor_3DSmallestDist,113,0.13837718038,0.12964993728571428,0.1329503165,0.119477467,0.0010852522822095065,0.0013713093061398372,False,Spearman,-0.08193470177340406,0.38827738600691186,Mann_Whitney_U,1725.0,0.3874643045867404,-0.1245511912342623,0.6059638989164473,0.60469496591839
ADC_IH_IntensityHistogramMeanAbsoluteDeviation_Intensity,113,3.0145779008799996,3.3288776826031747,2.6462936385,2.560115172,0.00035155062860985965,2.177127662774758e-05,False,Spearman,0.08084509690814343,0.3946391697879623,Mann_Whitney_U,1427.0,0.3938292421757318,0.14053075730928555,0.6126206449584849,0.6113633254614995
Post2_IB_IntensityKurtosis,113,0.6303023972200001,0.2823116446666667,-0.1505996665,-0.192477321,1.3773997449802929e-09,3.950894938717406e-13,False,Spearman,-0.08084173479248367,0.39465889562955936,Mann_Whitney_U,1723.0,0.39384891260300403,-0.1534544224543718,0.6126206449584849,0.6113633254614995
Pre_GLSZM_SmallZoneHighGreyLevelEmphasis,113,162.55026600216001,138.92891015238098,119.4797233,118.5131359,3.7377450586620036e-05,0.00011051581269576619,False,Spearman,-0.08029550685469662,0.3978714711942679,Mann_Whitney_U,1722.0,0.39706345862858605,-0.22463768807850204,0.6159561011269549,0.6147051939731318
ADC_IH_MinimumHistogramGradient_Intensity,113,14.76,17.746031746031747,10.0,19.0,1.3766111908773921e-05,3.6361342108803684e-06,False,Spearman,0.0799699063739342,0.3997938254874406,Mann_Whitney_U,1433.0,0.3990372378569602,0.19204572892267846,0.6172816665526082,0.6161134952511466
Post2_Morph_RadiusRoiNorm_MaxIntensityCoor_PerimeterCoor_2DSagittalSmallestDist,113,0.274346655,0.26923669009523804,0.1516831525,0.215626046,2.473683284755905e-06,4.646616148748793e-06,False,Spearman,0.07974961056645541,0.40109757733657525,Mann_Whitney_U,1429.0,0.40029182085688775,-0.02353644336005873,0.61764759914329,0.6164068198833458
Post2_IH_IntensityHistogramKurtosis_Intensity,113,0.57979472894,0.2621378396825397,-0.15180893750000002,-0.218741173,1.2691362463826172e-09,3.089248844892658e-13,False,Spearman,-0.07865682304133548,0.4076020369738055,Mann_Whitney_U,1719.0,0.4068016247711873,-0.1421260611233428,0.6243428026662258,0.6247696040915582
ADC_Morph_MaxIntensityCoor_RoiCentroidCoor_Dist_cm,113,0.9737834299399999,1.0196197948253969,1.0091327845,1.066508627,0.23025877815234666,0.091124030358391,True,Pearson_point_biserial_equivalent,0.07904896998406748,0.405260808516187,Welch_t_test,-0.8309649577563306,0.4079164200621175,0.158235091825896,0.6224032045911732,0.6248243577141959
ADC_IH_IntensityHistogramMedianAbsoluteDeviation_Intensity,113,0.43248799338000005,0.4357484650317461,0.3930166095,0.285672033,0.08663714659716086,2.8258211021038443e-06,False,Spearman,-0.07811075752045639,0.41087541619197954,Mann_Whitney_U,1718.0,0.41007810852722215,0.009932424475092067,0.6260458710933419,0.6248310222596617
ADC_GLRLM_GreyLevelVariance,113,0.8277593414000001,0.6191041005396825,0.2178492305,0.287286954,3.7485930326641454e-13,1.1286518770679036e-12,False,Spearman,0.0781105951035484,0.410876392081986,Mann_Whitney_U,1432.0,0.41007908196661735,-0.1443593299034238,0.6260458710933419,0.6248310222596617
ADC_IB_IntensityBasedMeanAbsoluteDeviation,113,164.30000674720003,181.31222677579368,142.69462805,140.5953948,0.0005473371596906517,1.579205189588867e-05,False,Spearman,0.07756436716576136,0.41416610429401934,Mann_Whitney_U,1433.0,0.41337218327583647,0.1382125875730679,0.6277543832100451,0.6265510317191343
Pre_GLSZM_GreyLevelVariance,113,62.3771068501,48.9646704830635,53.701525565,40.85361203,0.0004138956237125057,3.633484718313648e-05,False,Spearman,-0.07756436716576136,0.41416610429401934,Mann_Whitney_U,1717.0,0.41337218327583647,-0.3316768526271561,0.6277543832100451,0.6265510317191343
Post1_Morph_RadiusRoiNorm_MaxIntensityCoor_RoiCentroidCoor_Dist,113,0.5846566572199999,0.5563642167777778,0.6069771385,0.581398771,0.18435704405844822,0.09340484437012882,True,Pearson_point_biserial_equivalent,-0.07616624249156827,0.4226561476269484,Welch_t_test,0.8188464572729593,0.4146406575976075,-0.1524303227146987,0.6360816695236376,0.6268327434700124
ADC_Morph_voxelsCounting_vx,113,9.27799202206,8.050375589015873,3.2878245885,3.260147868,8.191984200064949e-15,5.905576619253394e-14,False,Spearman,0.0770181392279743,0.41747113617589515,Mann_Whitney_U,1434.0,0.4166808928037953,-0.05189806015036894,0.6311117176131679,0.6282766586807226
Pre_Morph_RadiusRoiNorm_CentroidCoor_WCentroidCoor_Dist,113,0.07647316296,0.0547707616984127,0.055719329,0.047294948,1.0188680179967975e-07,3.630495098728564e-09,False,Spearman,-0.0759256833524002,0.4241270033947476,Mann_Whitney_U,1714.0,0.4233449868550291,-0.36670135211570387,0.6361905050921215,0.6366668763352256
Post1_GLCM_NormalisedInverseDifference,113,0.8958072938000001,0.8909172887460317,0.8947033904999999,0.896481669,0.7243007051307238,0.2349305730274987,True,Pearson_point_biserial_equivalent,-0.07611718527686914,0.42295585970051897,Welch_t_test,0.7903055438536183,0.4312788601223394,-0.1523315729465664,0.6360816695236376,0.6426798089860168
Pre_GLCM_JointEntropyLog2,113,7.50138848038,7.439626855222223,8.165644761,7.684016304,0.008388026923059013,0.002928626461894912,False,Spearman,-0.07483322747682611,0.43084367097469034,Mann_Whitney_U,1712.0,0.4300710526100048,-0.03926210494057134,0.6429342409648084,0.6426798089860168
Pre_GLCM_JointEntropyLog10,113,2.2581429418199996,2.239550840063491,2.458104007,2.313119395,0.008388026995337153,0.0029286264715973095,False,Spearman,-0.07483322747682611,0.43084367097469034,Mann_Whitney_U,1712.0,0.4300710526100048,-0.039262104939693794,0.6429342409648084,0.6426798089860168
ADC_Morph_RadiusRoiNorm_MaxIntensityCoor_PerimeterCoor_2DAxialSmallestDist,113,1.4273901083599998,1.8071858322539676,0.707106781,0.707106781,2.8228914356380526e-10,9.872775807236735e-12,False,Spearman,0.07459705482267644,0.43230367429684524,Mann_Whitney_U,1456.0,0.4317831531874966,0.2160945080257199,0.643454569197618,0.6426798089860168
Pre_GLRLM_LowGreyLevelRunEmphasis,113,0.07123479994000001,0.03306312515873016,0.0181808975,0.017517633,9.176358969430476e-11,1.45636644551002e-13,False,Spearman,-0.07428699953903906,0.43422469893146975,Mann_Whitney_U,1711.0,0.4334572221878682,-0.415620333783498,0.6446566684136436,0.6435172606327582
Pre_GLCM_SumEntropy,113,7.25721990428,7.144040062904762,8.165644761,7.684016304,0.0005720342726035703,7.422431468522663e-07,False,Spearman,-0.07374077160125199,0.4376207974795162,Mann_Whitney_U,1710.0,0.4368587590186265,-0.05505109601342964,0.648036935398056,0.6469084948127487
ADC_GLCM_DifferenceAverage,113,4.15217178302,4.928461567365078,2.7518280529999997,2.617216446,1.204367535569752e-08,1.3285597282845941e-08,False,Spearman,0.07101022252478123,0.45482195131940406,Mann_Whitney_U,1445.0,0.45409159961926393,0.1503093200782412,0.6519822618765273,0.6509535746827347
ADC_GLRLM_ShortRunsEmphasis,113,3.96649378556,2.634731527015873,1.7253426150000002,1.930330959,1.5591505331642504e-13,6.710729650901901e-12,False,Spearman,0.0726483157256779,0.4444580227728099,Mann_Whitney_U,1442.0,0.44370775544398555,-0.25648944768015897,0.6519822618765273,0.6509535746827347
Post1_Morph_Volume_cm3,113,4.07392833392,1.8619953704603176,0.37675000000000003,0.356125,2.160631000545656e-15,8.521385371591798e-15,False,Spearman,0.07100963191231674,0.45482571207463085,Mann_Whitney_U,1445.0,0.45409535354554187,-0.14373939237318759,0.6519822618765273,0.6509535746827347
Post1_Morph_ApproximateVolume_cm3,113,4.0877799999999995,1.8774444444444445,0.3875,0.365,2.1675929371244447e-15,8.691354978211739e-15,False,Spearman,0.07210313727062861,0.4478924291708275,Mann_Whitney_U,1443.0,0.4471485095245793,-0.1435395288002031,0.6519822618765273,0.6509535746827347
Post1_Morph_voxelsCounting_vx,113,4087.78,1877.4444444444443,387.5,365.0,2.1675929371244447e-15,8.691354978211739e-15,False,Spearman,0.07210313727062861,0.4478924291708275,Mann_Whitney_U,1443.0,0.4471485095245793,-0.14353952880020318,0.6519822618765273,0.6509535746827347
Post1_Morph_SphereDiameter_mm,113,11.13871180896,11.536273765174602,9.0432775045,8.866755794,8.111726202244575e-12,4.009813721817943e-08,False,Spearman,0.07210313727062861,0.4478924291708275,Mann_Whitney_U,1443.0,0.4471485095245793,0.05046572240179136,0.6519822618765273,0.6509535746827347
Post2_Morph_ApproximateVolume_cm3,113,4.0880399999999995,1.8774444444444445,0.3875,0.365,2.1674614004536117e-15,8.691354978211739e-15,False,Spearman,0.07046486917517891,0.45830186629317204,Mann_Whitney_U,1446.0,0.4575787649324232,-0.14355668922744394,0.6519822618765273,0.6509535746827347
Post2_Morph_voxelsCounting_vx,113,4088.04,1877.4444444444443,387.5,365.0,2.1674614004536117e-15,8.691354978211739e-15,False,Spearman,0.07046486917517891,0.45830186629317204,Mann_Whitney_U,1446.0,0.4575787649324232,-0.143556689227444,0.6519822618765273,0.6509535746827347
Post2_Morph_SphereDiameter_mm,113,11.14190464772,11.536273765174602,9.0432775045,8.866755794,8.101212471929794e-12,4.009813721817943e-08,False,Spearman,0.07046486917517891,0.45830186629317204,Mann_Whitney_U,1446.0,0.4575787649324232,0.050065001719705904,0.6519822618765273,0.6509535746827347
Pre_Morph_ApproximateVolume_cm3,113,4.0880399999999995,1.8774444444444445,0.3875,0.365,2.1674614004536117e-15,8.691354978211739e-15,False,Spearman,0.07046486917517891,0.45830186629317204,Mann_Whitney_U,1446.0,0.4575787649324232,-0.14355668922744394,0.6519822618765273,0.6509535746827347
Pre_Morph_voxelsCounting_vx,113,4088.04,1877.4444444444443,387.5,365.0,2.1674614004536117e-15,8.691354978211739e-15,False,Spearman,0.07046486917517891,0.45830186629317204,Mann_Whitney_U,1446.0,0.4575787649324232,-0.143556689227444,0.6519822618765273,0.6509535746827347
Pre_Morph_SphereDiameter_mm,113,11.14190464772,11.536273765174602,9.0432775045,8.866755794,8.101212471929794e-12,4.009813721817943e-08,False,Spearman,0.07046486917517891,0.45830186629317204,Mann_Whitney_U,1446.0,0.4575787649324232,0.050065001719705904,0.6519822618765273,0.6509535746827347
Pre_IH_IntensityHistogramEntropyLog10_Intensity,113,1.2313770067999998,1.2184296374761907,1.314995278,1.264305268,0.00743098568735932,0.002411119196147851,False,Spearman,-0.07100963191231674,0.45482571207463085,Mann_Whitney_U,1705.0,0.45409535354554187,-0.051112931060378494,0.6519822618765273,0.6509535746827347
Pre_IH_IntensityHistogramEntropyLog2_Intensity,113,4.09054587416,4.047535644603174,4.368319759,4.199931191,0.0074309856685065455,0.0024111191996680757,False,Spearman,-0.07100963191231674,0.45482571207463085,Mann_Whitney_U,1705.0,0.45409535354554187,-0.05111293063607531,0.6519822618765273,0.6509535746827347
Pre_GLCM_NormalisedInverseDifference,113,0.8963862958000002,0.9012134755714287,0.896280316,0.904127095,0.6507646698550977,0.6386403043577171,True,Pearson_point_biserial_equivalent,0.07233142519322625,0.44645249957928673,Welch_t_test,-0.7523268035900446,0.45365778528925504,0.1447143230705369,0.6519822618765273,0.6509535746827347
Pre_GLRLM_ShortRunLowGreyLevelEmphasis,113,0.054102942120000004,0.027896839015873018,0.017029763,0.016580478,1.0252386423840952e-09,5.281887682401162e-12,False,Spearman,-0.07210208778789085,0.44789905480441106,Mann_Whitney_U,1707.0,0.4471551224738385,-0.4296521324204498,0.6519822618765273,0.6509535746827347
ADC_Morph_CentreOfMassShift_mm,113,0.1962835115,0.17652476517460322,0.1377163335,0.114218762,3.3430459296033414e-07,2.8068017224832197e-06,False,Spearman,-0.06937094809895558,0.4653264091930035,Mann_Whitney_U,1702.0,0.4646186839449493,-0.11662547832916766,0.6539417255406529,0.652947131077975
Post1_Morph_RadiusRoiNorm_MaxIntensityCoor_PerimeterCoor_3DSmallestDist,113,0.15063691892,0.14152773880952382,0.1454394865,0.12878226,0.02942041967219499,0.01705196682708844,False,Spearman,-0.06937109234334239,0.4653254790624387,Mann_Whitney_U,1702.0,0.46461775537181615,-0.12496265711672905,0.6539417255406529,0.652947131077975
Post2_Morph_Volume_cm3,113,4.0741883339200005,1.8619953704603176,0.37675000000000003,0.356125,2.160502425520823e-15,8.521385371591798e-15,False,Spearman,0.06937094809895558,0.4653264091930035,Mann_Whitney_U,1448.0,0.4646186839449493,-0.14375656440237802,0.6539417255406529,0.652947131077975
Pre_Morph_Volume_cm3,113,4.0741883339200005,1.8619953704603176,0.37675000000000003,0.356125,2.160502425520823e-15,8.521385371591798e-15,False,Spearman,0.06937094809895558,0.4653264091930035,Mann_Whitney_U,1448.0,0.4646186839449493,-0.14375656440237802,0.6539417255406529,0.652947131077975
Pre_GLRLM_ShortRunHighGreyLevelEmphasis,113,339.46355751822006,294.7057412888889,272.78126284999996,258.3788748,0.008190806402917484,0.0008739046784099435,False,Spearman,-0.06937094809895558,0.4653264091930035,Mann_Whitney_U,1702.0,0.4646186839449493,-0.21321620816883952,0.6539417255406529,0.652947131077975
Pre_GLRLM_RunLengthNonUniformity,113,1352.4166914943999,1151.7030915619048,272.66476209999996,272.4988438,3.6639838757608935e-15,3.2558673883739568e-15,False,Spearman,0.06827849222338148,0.4724000538214048,Mann_Whitney_U,1450.0,0.471708941253969,-0.04351307527297839,0.6622751359869089,0.661306239675661
ADC_GLSZM_ZoneSizeVariance,113,5.124108294,5.478375521269842,5.284999233000001,5.367634486,0.009790232861157657,0.09573261680443568,False,Spearman,0.0677328276390221,0.4759549840749151,Mann_Whitney_U,1451.0,0.47527264255779755,0.23408216528710882,0.6624520796330433,0.6615023704497871
Post1_Morph_RadiusRoiNorm_MaxIntensityCoor_PerimeterCoor_2DCoronalSmallestDist,113,0.31638717902,0.26880100285714287,0.2068139865,0.18835187,2.212567888448796e-05,2.0361511400786e-07,False,Spearman,-0.06773240512263352,0.4759577423048368,Mann_Whitney_U,1699.0,0.4752753965366203,-0.196362485479763,0.6624520796330433,0.6615023704497871
Pre_NGTDM_Complexity,113,1682.5375462536601,1121.671071685238,989.8327122999999,771.2920019,5.361122059799154e-07,6.728111890441473e-08,False,Spearman,-0.06773226428559444,0.4759586617052608,Mann_Whitney_U,1699.0,0.47527631452005437,-0.3721642511313467,0.6624520796330433,0.6615023704497871
ADC_GLCM_NormalisedInverseDifferenceMoment,113,0.29224855621999996,0.31203931544444446,0.3048770845,0.327700422,0.0017114906605099453,0.0841332316928909,False,Spearman,0.06663994697549427,0.4831182444090788,Mann_Whitney_U,1453.0,0.48245434994474534,0.18367255005648112,0.6660142654424287,0.6650990376704814
Post1_Morph_CentreOfMassShift_mm,113,0.49839638826,0.488446636,0.3432181785,0.395690852,1.2422801033406587e-08,7.189830074870399e-10,False,Spearman,0.06663980841002032,0.4831191562794819,Mann_Whitney_U,1453.0,0.48245526048635956,-0.021742167905799463,0.6660142654424287,0.6650990376704814
Pre_IB_IntensityKurtosis,113,1.0042474665799999,1.0912579216825395,0.370629096,0.472161492,2.6342165269989487e-08,5.2260225081339834e-09,False,Spearman,0.06663980841002032,0.4831191562794819,Mann_Whitney_U,1453.0,0.48245526048635956,0.0356314057487338,0.6660142654424287,0.6650990376704814
Pre_GLCM_DifferenceEntropy,113,4.903664699760001,4.780363410920636,5.747711735999999,5.28440363,0.005936915926719608,0.0031791256440823774,False,Spearman,-0.06663994697549427,0.4831182444090788,Mann_Whitney_U,1697.0,0.48245434994474534,-0.05483134293342297,0.6660142654424287,0.6650990376704814
ADC_GLCM_InverseVariance,113,0.7227109377400001,0.7619955724761902,0.7578638945,0.774297101,5.725994790069926e-05,2.194981722628466e-07,False,Spearman,0.06609371790192466,0.48672001454774305,Mann_Whitney_U,1454.0,0.48606580688222567,0.25660141346376214,0.6662208372361171,0.6653253597345998
ADC_GLSZM_SmallZoneEmphasis,113,23137.668104351396,1448.656890719873,107.58484849999999,162.75,2.584751066503487e-14,5.999335719697702e-14,False,Spearman,0.06609358047223328,0.4867209225403758,Mann_Whitney_U,1454.0,0.4860667135884901,-0.36117474703514485,0.6662208372361171,0.6653253597345998
Pre_GLSZM_ZoneSizeNonUniformity,113,68.57111003142,88.18528059601587,32.37371004,33.62650602,3.2154593109572723e-14,2.178320243098646e-15,False,Spearman,0.06609358047223328,0.4867209225403758,Mann_Whitney_U,1454.0,0.4860667135884901,0.09670398559382513,0.6662208372361171,0.6653253597345998
Post1_IB_IntensityBasedQuartileCoefficientOfDispersion,113,0.31550080121999996,0.3029298271428571,0.2395149405,0.278704078,6.560939759850217e-05,0.04029218613278962,False,Spearman,0.06390866872108507,0.5012699881438276,Mann_Whitney_U,1458.0,0.5006576076254721,-0.07519365164011461,0.6765392147675435,0.6772914832129634
Pre_Morph_RadiusRoiNorm_MaxIntensityCoor_PerimeterCoor_2DCoronalSmallestDist,113,0.28067803488,0.24850720265079368,0.1697349725,0.156781128,1.1737281484916085e-06,1.577031573952942e-08,False,Spearman,-0.06390880160764616,0.5012690964117219,Mann_Whitney_U,1692.0,0.5006567170216403,-0.13475468565357934,0.6765392147675435,0.6772914832129634
Pre_GLCM_InverseDifference,113,0.40310171266000006,0.4086806835714286,0.36957923800000003,0.39125004,0.0032007618789982517,0.010729097765831403,False,Spearman,0.06390866872108507,0.5012699881438276,Mann_Whitney_U,1458.0,0.5006576076254721,0.04251713840805313,0.6765392147675435,0.6772914832129634
Pre_GLRLM_HighGreyLevelRunEmphasis,113,369.99950775886,323.93627106460315,304.82691450000004,285.3197435,0.013289427126278354,0.0018331405095993337,False,Spearman,-0.06390866872108507,0.5012699881438276,Mann_Whitney_U,1692.0,0.5006576076254721,-0.20818701533880601,0.6765392147675435,0.6772914832129634
Pre_GLSZM_ZoneSizeVariance,113,15308.849906839163,1321.1649366460158,24.268552720000002,37.19924554,1.6458595871001802e-15,1.828647592596887e-16,False,Spearman,0.06390866872108507,0.5012699881438276,Mann_Whitney_U,1458.0,0.5006576076254721,-0.21518768325947227,0.6765392147675435,0.6772914832129634
Post1_GLSZM_NormalisedZoneSizeNonUniformity,113,0.27227380706000004,0.2784920856825397,0.25689217750000004,0.264570085,0.02608904208651261,0.2734644823140952,False,Spearman,0.06336244078329802,0.5049424303895802,Mann_Whitney_U,1459.0,0.5043412780619777,0.09135566154874282,0.679910853943179,0.6806843822794524
ADC_GLRLM_GreyLevelNonUniformity,113,1279.4912418102,969.461332313492,216.5089564,234.0150938,4.078076277922517e-15,1.2853905407112816e-14,False,Spearman,0.06281621284551096,0.5086288092092339,Mann_Whitney_U,1460.0,0.5080391936070596,-0.07236076637476489,0.6817038901207093,0.6824934874674885
Post1_Morph_RadiusSphereNorm_MaxIntensityCoor_PerimeterCoor_2DSagittalSmallestDist,113,0.42689161066000003,0.4391576987619048,0.2828225815,0.361859801,2.4032200808923337e-06,1.232305714929203e-07,False,Spearman,0.0628163434605069,0.5086279260553708,Mann_Whitney_U,1460.0,0.5080383115095899,0.03328548731945895,0.6817038901207093,0.6824934874674885
ADC_IB_MaximumIntensity,113,395.23743304308005,425.19746799523807,336.5,331.0,0.0003613360446043638,6.25576084124177e-06,False,Spearman,0.062270114386937275,0.5123281769507206,Mann_Whitney_U,1461.0,0.511750407568748,0.09908165737268684,0.6850762458532731,0.6858876990331138
Pre_IH_IntensityHistogram25thPercentile,113,11.94,12.634920634920634,12.0,13.0,0.14743582955243734,0.7056590599908101,True,Pearson_point_biserial_equivalent,0.06395800561263643,0.500938971087244,Welch_t_test,-0.6551976571117041,0.5140127640250651,0.12788818887764802,0.6765392147675435,0.6873288461212765
ADC_GLRLM_RunLengthNonUniformity,113,0.7700797951,0.7908439764920636,0.8557727989999999,0.83158853,9.112666363184341e-08,5.402640378186883e-07,False,Spearman,-0.06172375696993686,0.5160430998263973,Mann_Whitney_U,1688.0,0.5154774829652427,0.143762547589067,0.6852957678887248,0.6876992226656117
Post2_Morph_RadiusRoiNorm_MaxIntensityCoor_PerimeterCoor_3DSmallestDist,113,0.15522298318000002,0.14315865200000003,0.1355255665,0.128178834,0.019233332044509003,0.005369894633995692,False,Spearman,-0.06117778344823978,0.519769130919012,Mann_Whitney_U,1687.0,0.5192159776692992,-0.16019481184319004,0.6855292345146774,0.6895115988787957
Pre_GLSZM_NormalisedGreyLevelNonUniformity,113,0.060119727199999994,0.057775219888888875,0.0445067055,0.048443091,1.3700552223971747e-10,6.601668073484463e-10,False,Spearman,0.06117752903214982,0.5197708703833219,Mann_Whitney_U,1463.0,0.5192177152178841,-0.058532872926070754,0.6855292345146774,0.6895115988787957
ADC_Morph_MaxIntensityCoor_PerimeterCoor_3DSmallestDist_mm,113,0.19560104663999997,0.18461994787301586,0.1969752045,0.173831826,0.008267428370441964,0.031115361989993484,False,Spearman,-0.060632309691308554,0.5235053740487314,Mann_Whitney_U,1686.0,0.5229649958941387,-0.13026033726996553,0.6873233822544569,0.6913167411477313
Post2_IB_MinimumIntensity,113,21.424319148160002,17.688692369714285,0.0,0.175281987,2.781312195498616e-10,2.300749825929097e-12,False,Spearman,0.060678529104907265,0.5231882662325542,Mann_Whitney_U,1473.5,0.5228243395906615,-0.09888007017969279,0.6873233822544569,0.6913167411477313
Pre_IB_25thIntensityPercentile,113,156.82031016795997,165.9792916436508,159.0,168.0,0.15974171669077702,0.9398149799357967,True,Pearson_point_biserial_equivalent,0.06184788456057016,0.5151978939252266,Welch_t_test,-0.6343406914537543,0.5274552576378624,0.12365238564950821,0.6852957678887248,0.6927592310369652
Pre_IH_IntensityHistogram75thPercentile,113,20.68,19.6984126984127,20.5,20.0,0.5364289706411312,0.45350773589845705,True,Pearson_point_biserial_equivalent,-0.061806786540150635,0.5154776587986155,Welch_t_test,0.6340445583954277,0.5276456319297093,-0.12356990324300018,0.6852957678887248,0.6927592310369652
Pre_IH_Uniformity_Intensity,113,0.0957740313,0.08970654036507936,0.062026361,0.06841166,6.174829890127603e-09,8.881287235882621e-09,False,Spearman,0.0600850731565757,0.527267300315666,Mann_Whitney_U,1465.0,0.5267399919008756,-0.08068668483935054,0.6906963051646395,0.6927592310369652
Pre_IB_75thIntensityPercentile,113,276.1497503316,262.85782211428574,273.0612793,261.0,0.6042113513037973,0.5569705587791678,True,Pearson_point_biserial_equivalent,-0.06118233950638581,0.5197379812658971,Welch_t_test,0.626596557685094,0.5325118055651616,-0.12231673548575818,0.6855292345146774,0.6967778199043531
ADC_Morph_RadiusSphereNorm_MaxIntensityCoor_PerimeterCoor_2DAxialSmallestDist,113,0.24065565979999998,0.19150099066666665,0.133038021,0.124514561,4.5670074402195963e-10,9.263871752030227e-10,False,Spearman,-0.05899323061124311,0.5348134991062532,Mann_Whitney_U,1683.0,0.5343132703190377,-0.21346675133514156,0.6974301496866634,0.6967778199043531
ADC_GLCM_Dissimilarity,113,0.54630576036,0.5300355633809523,0.482713362,0.511655479,1.6417416688340203e-05,0.0005438335543960368,False,Spearman,0.05899273994551952,0.5348169023503948,Mann_Whitney_U,1467.0,0.5343166701857215,-0.10974355937695829,0.6974301496866634,0.6967778199043531
Post1_Morph_RadiusRoiNorm_MaxIntensityCoor_PerimeterCoor_2DAxialSmallestDist,113,0.23205532735999998,0.18921745168253967,0.153203176,0.149906338,6.531838032998475e-09,3.3060084248073726e-05,False,Spearman,-0.05790028179838027,0.5424207775029002,Mann_Whitney_U,1681.0,0.5419488454339163,-0.23806277407441054,0.7041751503428005,0.7035624841354183
Pre_GLCM_InverseDifferenceMoment,113,0.33380150186,0.33702344288888886,0.29122598450000003,0.312484523,0.0004763552597089651,0.001377003396628622,False,Spearman,0.057900161405427496,0.5424216183987721,Mann_Whitney_U,1469.0,0.5419496855343637,0.021581691035872038,0.7041751503428005,0.7035624841354183
ADC_GLCM_NormalisedInverseDifference,113,0.4888608286,0.47051129942857145,0.4176925885,0.451027364,2.2032740688563264e-05,0.0011878419042270238,False,Spearman,0.057354052724810645,0.5462425491348468,Mann_Whitney_U,1470.0,0.5457852248777563,-0.10825441360512805,0.70754907371158,0.7069567006805836
ADC_Morph_RadiusSphereNorm_MaxIntensityCoor_PerimeterCoor_2DSagittalSmallestDist,113,0.23548426613999995,0.2251609096825397,0.157143676,0.143769601,1.2598567998162907e-05,4.1977660719218e-09,False,Spearman,-0.05653506177934506,0.5519972895023962,Mann_Whitney_U,1678.5,0.5515624493840987,-0.05272088916615263,0.7118183310064308,0.7112575906311652
Post2_Morph_RadiusSphereNorm_MaxIntensityCoor_RoiCentroidCoor_Dist,113,0.8292443482599999,0.8621558391269841,0.8304435185,0.901333751,0.4807376301052272,0.22571016760165077,True,Pearson_point_biserial_equivalent,0.05663422143988401,0.5512989722301271,Welch_t_test,-0.5974024794246577,0.5515237592653761,0.11319362643701858,0.7118183310064308,0.7112575906311652
Post2_GLSZM_SmallZoneLowGreyLevelEmphasis,113,0.013129069319999999,0.010962372238095236,0.009325320500000001,0.007427503,1.366639408202552e-06,8.702264639168801e-07,False,Spearman,-0.05626147759206634,0.5539261847864076,Mann_Whitney_U,1678.0,0.5534989873345291,-0.20694573497753502,0.7127183577585112,0.7121686970370941
Pre_GLSZM_LargeZoneEmphasis,113,15542.94487749096,1369.5579973778254,36.051903655000004,54.61904762,1.7331082198537174e-15,2.015570035175109e-16,False,Spearman,0.055715249654279285,0.5577870542015825,Mann_Whitney_U,1473.0,0.5573753748467046,-0.21775614640290894,0.7160946882100139,0.7155661685947715
Pre_Morph_RadiusSphereNorm_CentroidCoor_WCentroidCoor_Dist,113,0.10961450026,0.08414738493650795,0.07815625300000001,0.080453136,2.4688728013387345e-08,8.277362078577461e-10,False,Spearman,-0.05407656584091814,0.5694465342696948,Mann_Whitney_U,1674.0,0.5690832151462188,-0.2846758486439331,0.7294458923498968,0.7289804901983644
ADC_IB_IntensitySkewness,113,5.914185012800001,1.1109837582222222,-0.4048996485,-0.067427316,2.0238071828593618e-14,1.0004739381261455e-13,False,Spearman,0.05353033790313108,0.5733583656558847,Mann_Whitney_U,1477.0,0.5730117650609761,-0.2657459813832058,0.7296142719005654,0.7291732131215497
Pre_Morph_IntegratedIntensity_Intensity,113,686329.61894826,332599.2072920635,70423.32079,77721.63614,2.4898972109215077e-15,3.0936189399395233e-13,False,Spearman,0.05353033790313108,0.5733583656558847,Mann_Whitney_U,1477.0,0.5730117650609761,-0.14511368540814454,0.7296142719005654,0.7291732131215497
Pre_GLCM_Autocorrelation,113,366.0771149697401,323.26759299587303,299.54016965,278.7417347,0.010245132115626873,0.0009082328978431627,False,Spearman,-0.05353033790313108,0.5733583656558847,Mann_Whitney_U,1673.0,0.5730117650609761,-0.1848891933438696,0.7296142719005654,0.7291732131215497
Pre_IB_TotalLesionGlycolysis,113,689.35603975396,335.70465846301585,72.96632312,80.5053123,2.503258142216006e-15,3.2083693560906943e-13,False,Spearman,0.05298410996534403,0.5772827203743081,Mann_Whitney_U,1478.0,0.5769531356011097,-0.1449579342651982,0.7313932059009286,0.7325786524408827
ADC_GLCM_ClusterProminence,113,0.80047045156,0.8338860633174603,0.8734591935,0.858607313,3.2371515925282506e-09,5.448810171716115e-09,False,Spearman,-0.052437882027556976,0.5812195093893797,Mann_Whitney_U,1671.0,0.580907236470551,0.2497973203663768,0.7347731352324255,0.7359853171038272
Post2_Morph_RadiusRoiNorm_CentroidCoor_WCentroidCoor_Dist,113,0.06630306904000001,0.05752223184126984,0.0417216745,0.049450288,8.60434885783464e-09,1.2902763912014496e-06,False,Spearman,0.05189165408976993,0.5851686425889548,Mann_Whitney_U,1480.0,0.584873976229408,-0.16404977084251957,0.736549226215228,0.7377822053089917
Pre_GLCM_ClusterShade,113,-471.4869724878401,-309.8035920814443,-40.640346685,-129.8054896,0.0003110050136841477,2.102876508093219e-08,False,Spearman,-0.05189165408976993,0.5851686425889548,Mann_Whitney_U,1670.0,0.584873976229408,0.09072476280988709,0.736549226215228,0.7377822053089917
Pre_IB_RootMeanSquareIntensity,113,237.7000128446,228.65776991825396,231.7221443,223.8996927,0.8367479979457222,0.7925641874096726,True,Pearson_point_biserial_equivalent,-0.0530648536684664,0.57670183485147,Welch_t_test,0.5422025271865593,0.5890365310661347,-0.10603878136044079,0.7313932059009286,0.7398094392349067
Post2_IB_IntensityBasedQuartileCoefficientOfDispersion,113,0.31013922067999994,0.30372535095238096,0.2693911615,0.280068729,0.00040723515069550126,0.016740667177313408,False,Spearman,0.05134542615198287,0.5891300287897909,Mann_Whitney_U,1481.0,0.5888532622994722,-0.04158557234833833,0.7399268691307785,0.7398094392349067
ADC_IH_IntensityHistogramMode_Intensity,113,6.84,7.317460317460317,6.0,6.0,0.00035289898901250783,8.577509780089902e-06,False,Spearman,0.0507044701208848,0.593793907787467,Mann_Whitney_U,1482.5,0.5935455787384869,0.0905178132227953,0.7402883106882555,0.7399906368230349
ADC_IH_IntensityHistogramQuartileCoefficientOfDispersion_Intensity,113,1.0401154468800002,1.1167831477460317,1.116365855,1.153393128,0.00020672213269963606,0.008116785990676657,False,Spearman,0.05025307476840552,0.5970884265548353,Mann_Whitney_U,1483.0,0.596848334423315,0.22120467688663292,0.7402883106882555,0.7399906368230349
ADC_IH_IntensityHistogramEntropyLog10_Intensity,113,3.45518872504,3.7098733143015865,3.708487098,3.831489038,0.0002067221348372668,0.008116785854852844,False,Spearman,0.05025307476840552,0.5970884265548353,Mann_Whitney_U,1483.0,0.596848334423315,0.22120467670197286,0.7402883106882555,0.7399906368230349
Post1_Morph_MaxIntensityCoor_RoiCentroidCoor_Dist_cm,113,4.91448349188,5.034577880666668,4.0112253415,3.806760094,1.0905542976583358e-10,1.507211216789601e-06,False,Spearman,0.05025297027640877,0.5970891901406137,Mann_Whitney_U,1483.0,0.596849097403035,0.02891638471239557,0.7402883106882555,0.7399906368230349
Post2_Morph_RadiusRoiNorm_MaxIntensityCoor_RoiCentroidCoor_Dist,113,0.57299914052,0.5610049148888888,0.6127693089999999,0.575256685,0.021465538314316454,0.43392647411523483,False,Spearman,-0.05025297027640877,0.5970891901406137,Mann_Whitney_U,1667.0,0.596849097403035,-0.06493919369613124,0.7402883106882555,0.7399906368230349
Pre_Morph_MaxIntensityCoor_PerimeterCoor_2DAxialSmallestDist_mm,113,1.25474963754,1.3302437833015865,0.707106781,0.707106781,9.598036056733792e-10,3.0077821871873487e-10,False,Spearman,0.05085335784507023,0.5927090498636762,Mann_Whitney_U,1494.0,0.5927471914432445,0.07863934681123938,0.7402883106882555,0.7399906368230349
Pre_Morph_CentreOfMassShift_mm,113,0.4903103581999999,0.45136804404761904,0.38133963699999995,0.362242995,7.995627968238e-06,7.179623583336143e-12,False,Spearman,-0.049706742338621726,0.6010867776198977,Mann_Whitney_U,1666.0,0.600865455640468,-0.09005981085108497,0.7436522312861554,0.743378416273143
Post1_IH_MaximumHistogramGradient_Intensity,113,125.47,89.45238095238095,11.25,11.0,8.16881981578934e-14,1.808125535566581e-16,False,Spearman,0.049187317975454566,0.6048992214091691,Mann_Whitney_U,1485.0,0.6046971151181408,-0.0928118638570878,0.7454270735413187,0.7451779013078994
Pre_GLCM_AngularSecondMoment,113,0.025751871819999998,0.018295929428571438,0.00727207,0.00837261,3.2047301225128172e-12,6.904511753230172e-12,False,Spearman,0.049160514400834666,0.6050962427710186,Mann_Whitney_U,1485.0,0.6048939786091757,-0.18642793350264078,0.7454270735413187,0.7451779013078994
ADC_GLCM_AngularSecondMoment,113,11.145559902959999,11.689583712873016,7.831413126,7.137683758,1.6188538424180714e-07,5.8417152841860383e-08,False,Spearman,0.04861438754769664,0.6091167438888481,Mann_Whitney_U,1486.0,0.6089338234754399,0.04705629660477482,0.7487868252901125,0.7485619613424197
Post1_Morph_RadiusSphereNorm_CentroidCoor_WCentroidCoor_Dist,113,0.10855542228000001,0.09059925392063492,0.074582961,0.082218211,5.70241380233225e-09,6.161254685262955e-07,False,Spearman,0.047521830587473515,0.6171949345709501,Mann_Whitney_U,1488.0,0.6170515485883785,-0.19803859986747746,0.7571098879588561,0.7569339971031169
Post2_Morph_MaxIntensityCoor_PerimeterCoor_2DCoronalSmallestDist_mm,113,1.8941299585799996,2.2300745918571425,1.58113883,1.58113883,4.28356112150797e-06,5.761409643917421e-12,False,Spearman,0.046174396297361996,0.6272208408400025,Mann_Whitney_U,1493.0,0.6271910732038946,0.1681997815162433,0.7661621663425346,0.7677455208986362
Post2_GLCM_NormalisedInverseDifference,113,0.89262531532,0.889722394,0.8937873679999999,0.890682902,0.6382203108068399,0.3923287851214604,True,Pearson_point_biserial_equivalent,-0.04631362616264112,0.6261816743519063,Welch_t_test,0.47859670702909096,0.6333210967767009,-0.09251677609855831,0.7661621663425346,0.7721127932779407
Post2_NGTDM_Coarseness,113,0.02497885612,0.023866687111111114,0.0182258325,0.019645222,0.0029818351781499865,9.47614721402941e-05,False,Spearman,-0.04533691883632531,0.6334868421160487,Mann_Whitney_U,1658.0,0.6334258666787942,-0.055920883146441565,0.7721871191267204,0.7721127932779407
ADC_Morph_Volume_cm3,113,4.08006,1.843904761904762,0.3875,0.365,2.1610965391446805e-15,7.795710166133026e-15,False,Spearman,0.0445184100469502,0.6396360842205088,Mann_Whitney_U,1493.5,0.6396071453263947,-0.14518362791640638,0.7731718011767736,0.7731368207598801
ADC_Morph_ApproximateVolume_cm3,113,4080.06,1843.904761904762,387.5,365.0,2.1610965391446805e-15,7.795710166133026e-15,False,Spearman,0.0445184100469502,0.6396360842205088,Mann_Whitney_U,1493.5,0.6396071453263947,-0.14518362791640635,0.7731718011767736,0.7731368207598801
ADC_Morph_Maximum3DDiameter_mm,113,11.093612995900001,11.332045816682536,9.0432775045,8.866755794,7.811087861780898e-12,2.1723966110648316e-08,False,Spearman,0.0445184100469502,0.6396360842205088,Mann_Whitney_U,1493.5,0.6396071453263947,0.030180162688762224,0.7731718011767736,0.7731368207598801
ADC_IH_Uniformity_Intensity,113,0.023227268479999997,0.018816148444444444,0.0168402195,0.015267624,7.358552261957777e-08,0.00010216768157985373,False,Spearman,-0.044790690898538245,0.6375877702732963,Mann_Whitney_U,1657.0,0.6375480812907042,-0.23610086892716056,0.7731718011767736,0.7731368207598801
Post1_GLSZM_LargeZoneHighGreyLevelEmphasis,113,488602.03264859004,78404.12859630158,8551.7147465,7601.024,3.851676113829658e-15,3.130202946179719e-17,False,Spearman,-0.043152007085177094,0.6499559691388243,Mann_Whitney_U,1654.0,0.649981744844033,-0.23556409049340624,0.7840093877737068,0.7840404797181149
Post1_IH_IntensityHistogramCoefficientOfVariation_Intensity,113,0.4308768498200001,0.422880262079365,0.3858916645,0.396029232,8.419046888872862e-05,3.576118867326106e-08,False,Spearman,0.042059551209602995,0.6582548797395019,Mann_Whitney_U,1498.0,0.6583256123261956,-0.04001293363636476,0.7923691795616874,0.7924543233614704
Post2_GLRLM_GreyLevelNonUniformity,113,197.52003764262,99.25552112168253,22.31558103,16.18811264,4.143272420671416e-15,1.6898929163410012e-15,False,Spearman,-0.04151332327181594,0.6624200432228714,Mann_Whitney_U,1651.0,0.6625136408381471,-0.14859831936531698,0.7957286411328683,0.7958410747827536
ADC_GLSZM_NormalisedZoneSizeNonUniformity,113,0.16549231862000002,0.16543072088888888,0.171271009,0.1492891,0.06849231364703226,1.0393177793583289e-05,False,Spearman,-0.04096709533402888,0.6665955320776288,Mann_Whitney_U,1650.0,0.6667122489485258,-0.0006530332150928988,0.7978518087693955,0.7992264847643819
Pre_IH_IntensityHistogramMinimumGreyLevel_Intensity,113,2.12,2.0317460317460316,1.0,1.0,3.0163213993886195e-11,1.0225135364059556e-12,False,Spearman,0.04034831395041193,0.6713379690618514,Mann_Whitney_U,1514.0,0.6719258552455083,-0.038634497329282924,0.8014529568800246,0.8038121284858456
Post2_GLCM_NormalisedInverseDifferenceMoment,113,0.9662018440400001,0.967528804079365,0.9712916025,0.970211345,0.15166935922571698,0.07579969957970661,True,Pearson_point_biserial_equivalent,0.04092163788881556,0.6669434809056778,Welch_t_test,-0.42209696613846187,0.6739132414430934,0.08172640163215349,0.7978518087693955,0.8045273542176311
Post2_Morph_RadiusRoiNorm_MaxIntensityCoor_PerimeterCoor_2DAxialSmallestDist,113,0.24671763423999996,0.19883960914285714,0.1507743985,0.149906338,2.853870456637798e-07,7.999222790966417e-06,False,Spearman,-0.03878234486450914,0.6833972566761326,Mann_Whitney_U,1646.0,0.6836089395464748,-0.2614093297282959,0.8141708057931704,0.8144229958794423
Pre_GLRLM_RunLengthVariance,113,0.28190271324,0.22382248396825397,0.1266599015,0.145748848,4.969429337357506e-11,9.919277097416394e-12,False,Spearman,0.03823595564509363,0.6876239318289934,Mann_Whitney_U,1505.0,0.6878599616550845,-0.16863723498129554,0.8175241407166062,0.8178047593394125
ADC_Morph_RadiusSphereNorm_MaxIntensityCoor_RoiCentroidCoor_Dist,113,0.6710588377000001,0.6683420958253969,0.723189685,0.704434175,0.00354419485574243,0.0005667440054650784,False,Spearman,-0.03768972770730658,0.691859005140985,Mann_Whitney_U,1644.0,0.6921196206890274,-0.015253383045299305,0.8208736966734228,0.8211829106125961
Post1_NGTDM_Coarseness,113,0.02496780634,0.024786609507936506,0.017824875,0.020893488,0.0011157058195882276,2.8875656215497015e-05,False,Spearman,-0.03714349976951953,0.6961036061655155,Mann_Whitney_U,1643.0,0.6963890414620633,-0.008722728087322195,0.8225387509588438,0.8228760306255809
Post2_IH_MaximumHistogramGradient_Intensity,113,106.43,69.47619047619048,11.5,9.0,1.5534989415831872e-13,1.3249819198265502e-16,False,Spearman,-0.03716390607894092,0.69594486388357,Mann_Whitney_U,1643.0,0.6962305417996812,-0.11214278788711853,0.8225387509588438,0.8228760306255809
Post1_GLRLM_GreyLevelNonUniformity,113,256.79560782976,111.99637269236507,29.987030185000002,17.791949,3.0804003931548386e-15,2.3063864309037907e-15,False,Spearman,-0.03550481595615837,0.7088933962525192,Mann_Whitney_U,1640.0,0.709254663396877,-0.1609300677561511,0.8359455731776143,0.8363715888122033
ADC_GLSZM_ZoneSizeNonUniformity,113,0.24042008924000002,0.21249825607936515,0.1985003015,0.192743764,5.245751621123574e-11,6.155854761581548e-07,False,Spearman,-0.03495880608998574,0.7131732134965908,Mann_Whitney_U,1639.0,0.7135602077830103,-0.21908401189657428,0.8392831110051342,0.8397385372080548
ADC_Morph_MaxIntensityCoor_PerimeterCoor_2DCoronalSmallestDist_mm,113,0.29283255917999995,0.3469996742380952,0.20576819899999998,0.218998682,1.0757692746593852e-07,5.858185573735734e-13,False,Spearman,0.03386648423978771,0.7217618807153252,Mann_Whitney_U,1513.0,0.7222009754886062,0.15057827845145536,0.8476676043289519,0.8481832957563955
Pre_GLRLM_LongRunsEmphasis,113,1.7844043622399999,1.6607032006349203,1.4497023625,1.484194186,1.7521871717422297e-10,1.4016954547841997e-10,False,Spearman,0.032227448329436054,0.7347140963885941,Mann_Whitney_U,1516.0,0.735232905680849,-0.15474786394123993,0.8576602052600725,0.861740591880995
Pre_GLCM_JointAverage,113,16.98863065594,16.574044577777784,16.93453137,16.46052946,0.8118943388113282,0.8800811602779222,True,Pearson_point_biserial_equivalent,-0.03233832511229065,0.7338355116963023,Welch_t_test,0.33118310883630847,0.7412705922425288,-0.06456396024540052,0.8576602052600725,0.8618387007281446
Pre_GLCM_SumAverage,113,33.9772613115,33.148089155412706,33.869062735,32.92105892,0.8118943393573779,0.8800811610997666,True,Pearson_point_biserial_equivalent,-0.03233832510038998,0.7338355117905841,Welch_t_test,0.33118310871202133,0.7412705923361244,-0.06456396022161624,0.8576602052600725,0.8618387007281446
Post1_Morph_RadiusSphereNorm_MaxIntensityCoor_PerimeterCoor_2DCoronalSmallestDist,113,0.44547301414,0.4040548966031746,0.31659873299999997,0.275271821,3.895044248792691e-05,4.844491218770168e-07,False,Spearman,-0.03168135214283845,0.7390463274846936,Mann_Whitney_U,1633.0,0.7395921179045167,-0.12223350841606145,0.85925387420866,0.8618387007281446
Pre_GLSZM_LowGrayLevelZoneEmphasis,113,0.0426495609,0.027473856888888887,0.023016772499999998,0.022715766,1.1897079898254272e-11,6.702374426909546e-06,False,Spearman,-0.03168122039164901,0.7390473736716971,Mann_Whitney_U,1633.0,0.7395931615474934,-0.31479865010279084,0.85925387420866,0.8618387007281446
Pre_GLSZM_SmallZoneLowGreyLevelEmphasis,113,0.014452033060000001,0.011351224444444447,0.0077127255,0.009025194,1.8531017307266534e-12,1.9415881610209998e-08,False,Spearman,0.03113499245386196,0.743388840576976,Mann_Whitney_U,1518.0,0.7439618035473913,-0.17226252825525917,0.8625694162205794,0.8632342369818428
ADC_GLSZM_LargeZoneHighGreyLevelEmphasis,113,9.12328045584,9.192389697412699,3.748979592,3.793650794,2.87754751463646e-14,7.876657429813842e-15,False,Spearman,0.030863611261802405,0.7455488078525182,Mann_Whitney_U,1518.5,0.746135466950989,0.003257249602543835,0.8633455194932161,0.8640248707292452
Post1_IB_MinimumIntensity,113,20.24527891712,16.30610636377778,0.0,0.0,4.817510808553861e-11,3.1149960945528574e-11,False,Spearman,-0.030520255413956397,0.7482844610087966,Mann_Whitney_U,1625.0,0.7491456758158765,-0.11147434903319285,0.8647838381718428,0.8657791343261327
Pre_Morph_RadiusSphereNorm_MaxIntensityCoor_PerimeterCoor_3DSmallestDist,113,0.19821138501999996,0.19728635120634924,0.1980349585,0.186581934,0.013122274249518857,0.009384155826903893,False,Spearman,-0.03004297386276192,0.7520923453927034,Mann_Whitney_U,1630.0,0.752720242892029,-0.009441919499991113,0.8674531234708671,0.8681773319412047
ADC_Morph_RadiusRoiNorm_MaxIntensityCoor_RoiCentroidCoor_Dist,113,0.9460027436599999,1.084472110444444,0.7009629454999999,0.594626555,3.822037764808669e-08,6.591574259689458e-11,False,Spearman,-0.0294963086405008,0.7564611113244517,Mann_Whitney_U,1629.0,0.7571167410157325,0.11245627275534059,0.8707574223794384,0.8715121134157238
ADC_NGTDM_Coarseness,111,0.13996785891666666,0.15044231757142856,0.1241812155,0.099972106,0.0007636361896310984,4.626967187163964e-12,False,Spearman,-0.028376862775166437,0.7675019624222068,Mann_Whitney_U,1562.0,0.7682667194681008,0.07419285667128696,0.8799675965197182,0.8808444169743175
Pre_Morph_RadiusSphereNorm_MaxIntensityCoor_PerimeterCoor_2DCoronalSmallestDist,113,0.39889124284000005,0.38073472469841274,0.24357655849999998,0.247660859,1.4814278051996182e-06,1.3930005574142822e-08,False,Spearman,-0.028131089758321584,0.7674047931614405,Mann_Whitney_U,1626.5,0.7681305715981511,-0.05188981626210133,0.8799675965197182,0.8808444169743175
Post1_Morph_RadiusRoiNorm_MaxIntensityCoor_PerimeterCoor_2DSagittalSmallestDist,113,0.299583842,0.2895717454761905,0.201315791,0.251218532,3.4916055967807494e-06,6.01536855911641e-07,False,Spearman,0.02785768275205088,0.7696020284282088,Mann_Whitney_U,1524.0,0.7703419574374515,-0.0401287099904889,0.8806315700789188,0.8814782477396925
ADC_IH_IntensityHistogramCoefficientOfVariation_Intensity,113,0.2918131179,0.29497789828571425,0.237335835,0.176470588,0.0016598383404787722,3.0381714065661312e-06,False,Spearman,-0.027596850854628128,0.771699906318602,Mann_Whitney_U,1625.5,0.7724543813321575,0.012755387428633642,0.8812904255591134,0.8821520449532924
Pre_GLCM_Correlation,113,0.5069785963399999,0.5014588088253967,0.5196815785,0.511016356,0.5872335244969915,0.2908970585250495,True,Pearson_point_biserial_equivalent,-0.026990965420600317,0.7765793944224554,Welch_t_test,0.28004887069662804,0.7800308860775885,-0.05387931989705246,0.8851170656901608,0.8871351349578678
Pre_GLSZM_NormalisedZoneSizeNonUniformity,113,0.28271998299999995,0.2851640285873016,0.269498,0.261678201,0.17188142733258882,0.000975873355823831,False,Spearman,-0.02676516895156554,0.7784000804288504,Mann_Whitney_U,1624.0,0.7791970594604615,0.03489566699252819,0.8854492074033485,0.8871351349578678
Pre_Morph_RadiusRoiNorm_MaxIntensityCoor_PerimeterCoor_2DAxialSmallestDist,113,0.19955608116,0.18574947031746036,0.1382753955,0.134839972,3.2622399566651887e-10,9.0354318427685e-07,False,Spearman,-0.026492165153925256,0.7806030202489198,Mann_Whitney_U,1623.5,0.781414367579469,-0.07955864276367797,0.8862140171061266,0.8871351349578678
Post2_IH_IntensityHistogramMinimumGreyLevel_Intensity,113,1.8,1.6349206349206349,1.0,1.0,4.253659682112097e-11,1.5912479721593362e-13,False,Spearman,-0.02528525122005733,0.7903625331819889,Mann_Whitney_U,1610.5,0.7919147562082139,-0.10309424184716791,0.8883036201567768,0.8908452290998924
Pre_IB_MeanIntensity,113,217.44741764460002,213.29268866603172,222.86084365,212.1796875,0.6792885592102429,0.8558354653672476,True,Pearson_point_biserial_equivalent,-0.0254953239154185,0.7886614349954342,Welch_t_test,0.2609530471199763,0.7947220584642539,-0.05089172389894672,0.8883036201567768,0.8908452290998924
Pre_IH_IntensityHistogramMean_Intensity,113,16.39676323588,16.09523146631746,16.797405734999998,16.0234375,0.6614885203660834,0.854082742483695,True,Pearson_point_biserial_equivalent,-0.025322976616815394,0.7900569727372193,Welch_t_test,0.259148532558999,0.7961101994181229,-0.05054747652236438,0.8883036201567768,0.8908452290998924
Pre_IH_AreaUnderCurveCIVH_Intensity,113,224.43069679119995,220.3034807031746,229.914491,219.3208008,0.661488521283101,0.8540827419252895,True,Pearson_point_biserial_equivalent,-0.025322976568474168,0.7900569731287438,Welch_t_test,0.259148532064749,0.7961101997982538,-0.050547476425807064,0.8883036201567768,0.8908452290998924
Pre_IH_RootMeanSquare_Intensity,113,0.01598011462,0.014555855714285717,0.013184392999999999,0.01406893,8.753331985136462e-07,0.0037772476350453606,False,Spearman,-0.025126485138204386,0.7916488221086301,Mann_Whitney_U,1621.0,0.7925325761604547,-0.1338849691160654,0.8883036201567768,0.8908452290998924
Pre_GLRLM_ShortRunsEmphasis,113,0.8861054612800001,0.8910824376666666,0.9079312635000001,0.901666278,5.944714148862054e-07,9.56324295621795e-06,False,Spearman,-0.025126485138204386,0.7916488221086301,Mann_Whitney_U,1621.0,0.7925325761604547,0.07299986729415354,0.8883036201567768,0.8908452290998924
ADC_GLCM_SumEntropy,113,0.1259207809,0.06625646512698412,0.017081883,0.016825178,5.782711189388186e-12,4.5924099357384713e-14,False,Spearman,0.024580308310633132,0.7960780850258415,Mann_Whitney_U,1530.0,0.7969910685211472,-0.2822597643212572,0.8896693706144845,0.8908452290998924
Post2_Morph_RadiusRoiNorm_MaxIntensityCoor_PerimeterCoor_2DCoronalSmallestDist,113,0.29311384970000004,0.26176126828571433,0.2235865075,0.213325709,0.00011514123805184499,1.9236427015529477e-07,False,Spearman,-0.024580359421167767,0.7960776702352892,Mann_Whitney_U,1620.0,0.7969906556282109,-0.14853726452123503,0.8896693706144845,0.8908452290998924
Post1_Morph_RadiusSphereNorm_MaxIntensityCoor_PerimeterCoor_2DAxialSmallestDist,113,0.32437761896,0.2843692096984128,0.22505647099999998,0.216469603,2.256329227037087e-08,6.88549978752102e-05,False,Spearman,-0.024307244316488123,0.7982949604201404,Mann_Whitney_U,1619.5,0.7992226139612811,-0.16660847022568978,0.8896693706144845,0.8909647319620678
Pre_IB_MinimumIntensity,113,18.13128247786,16.924045419603175,0.0,0.0,1.3766855712353636e-10,9.966804925216893e-12,False,Spearman,0.024029832522818425,0.8005487773577658,Mann_Whitney_U,1535.0,0.8017143788466966,-0.03620581701052644,0.8896693706144845,0.8909647319620678
Pre_GLRLM_RunPercentage,113,0.86232057942,0.8690598531269841,0.891805034,0.883667018,3.7185022117305454e-07,3.472553831619305e-06,False,Spearman,-0.02403402926263028,0.8005146689186406,Mann_Whitney_U,1619.0,0.8014570221959995,0.07587547228103991,0.8896693706144845,0.8909647319620678
ADC_GLRLM_LongRunHighGreyLevelEmphasis,113,197.75758513012,73.61952206134922,27.138821985,28.77342915,2.554970296513288e-15,5.264200258644596e-13,False,Spearman,0.023487801324843228,0.8049571941985078,Mann_Whitney_U,1532.0,0.8059290589448714,-0.18266485247814618,0.8911476394664168,0.8939328067606908
Pre_IB_AreaUnderCurveCIVH,113,2966.8923472159995,2914.4661476555557,3055.8110699999997,2898.488525,0.6342475325662726,0.7830999255519067,True,Pearson_point_biserial_equivalent,-0.023584895997223763,0.8041670552430865,Welch_t_test,0.24139607705295293,0.8097945468943154,-0.04707607226899182,0.8911476394664168,0.8954688749628587
ADC_IH_AreaUnderCurveCIVH_Intensity,113,0.19292551994,0.13363340987301586,0.0991872385,0.086030985,1.1448648954925838e-10,7.659731615170246e-12,False,Spearman,-0.02294162108992426,0.8094055510492728,Mann_Whitney_U,1617.0,0.8104070647332261,-0.28566938123606495,0.8943622405678034,0.8954688749628587
ADC_LOCAL_INTENSITY_HISTOGRAM_LocalIntensityPeak_Intensity,113,0.18292395368000006,0.13665009607936504,0.058001398999999995,0.056750978,1.8629291575264556e-10,2.4016083543528544e-11,False,Spearman,0.021302933869215383,0.8227877695069508,Mann_Whitney_U,1536.0,0.8238789919672569,-0.19441911927391267,0.9074173686562371,0.9086208311410319
Post1_Morph_MaxIntensityCoor_PerimeterCoor_3DSmallestDist_mm,113,1.0076747026200001,1.0683129803174602,0.707106781,0.707106781,8.173862942103218e-10,3.323071080592692e-11,False,Spearman,0.020542558350349453,0.829014883261468,Mann_Whitney_U,1542.5,0.830502329539739,0.10673237148445325,0.9125468011566349,0.9141841232005872
Pre_NGTDM_Coarseness,113,0.02412215956,0.024603416968253963,0.017094030500000003,0.020542253,0.0009540751504100559,0.00011656158378727293,False,Spearman,-0.019117977822546817,0.8407098005566794,Mann_Whitney_U,1610.0,0.8419222551400583,0.023703010081468127,0.9236640882776421,0.9249961778483752
ADC_IB_IntensityVariance,113,0.6858010107,0.2922004891587302,0.205448818,0.159666856,5.0740878270126835e-11,0.0001685529542567985,False,Spearman,-0.018571749884759764,0.8452033519177078,Mann_Whitney_U,1609.0,0.8464463741691347,-0.22182964632238944,0.9268423120461228,0.9282053989468352
ADC_NGTDM_Strength,113,0.29683078186,0.29601606861904756,0.3194456685,0.324575103,0.028435769398317393,0.015054651647597632,False,Spearman,-0.01802552194697271,0.8497018764321993,Mann_Whitney_U,1608.0,0.8509755606143707,-0.006044191285296453,0.9300139630514999,0.9314080332622319
Post2_GLSZM_LargeZoneHighGreyLevelEmphasis,113,269516.19854192203,59751.54172034921,7497.469132,7450.339286,6.148032126421781e-15,1.5105181706116484e-16,False,Spearman,-0.016386838133611557,0.8632258755967103,Mann_Whitney_U,1605.0,0.8645920636045523,-0.23761875090518725,0.9430335508877269,0.9445260468434638
Post1_IH_IntensityHistogramMinimumGreyLevel_Intensity,113,1.7,1.6031746031746033,1.0,1.0,4.33163425012627e-12,1.0273453345196069e-12,False,Spearman,0.015940448398053343,0.8669169481129255,Mann_Whitney_U,1553.5,0.8691213630002265,-0.06457232696571567,0.9444028890543794,0.9459235189309685
Post2_Morph_RadiusSphereNorm_MaxIntensityCoor_PerimeterCoor_2DCoronalSmallestDist,113,0.41424231584,0.3947606073333334,0.322277357,0.310093646,0.00024118149600284856,1.9877167828529615e-06,False,Spearman,0.015840774886352316,0.8677415146406388,Mann_Whitney_U,1546.0,0.8691387082405444,-0.06662015395461747,0.9444028890543794,0.9459235189309685
Pre_NGTDM_Busyness,113,1.15273873908,0.5397407217301589,0.104970861,0.163241809,2.6973529402677406e-14,1.04432802984883e-15,False,Spearman,0.015294382258037455,0.8722641419782717,Mann_Whitney_U,1547.0,0.8736923828499282,-0.20343704918857014,0.9475439741189856,0.9490954778050815
ADC_Morph_SurfaceArea_cm2,113,8.8432790776,9.16628544820635,8.738018517,9.426396692,0.8200034632886442,0.0050134404640850005,False,Spearman,0.0147481543202504,0.8767895267040513,Mann_Whitney_U,1548.0,0.8782488945446232,0.09190427395328055,0.9506762845723702,0.9522586328489454
ADC_GLCM_JointEntropyLog10,113,2.02845747472,2.0702498296507934,2.021021528,1.973015716,0.27810161368622627,0.007163048151110394,False,Spearman,0.014201955912810255,0.8813186427437736,Mann_Whitney_U,1549.0,0.8828092011045989,0.03887021997296457,0.9520214443071733,0.9536315810439604
ADC_GLCM_Contrast,113,2.02845747472,2.0702498296507934,2.021021528,1.973015716,0.27810161368622627,0.007163048151110394,False,Spearman,0.014201955912810255,0.8813186427437736,Mann_Whitney_U,1549.0,0.8828092011045989,0.03887021997296457,0.9520214443071733,0.9536315810439604
ADC_IH_IntensityHistogramVariance_Intensity,111,0.5168885081458333,0.3891823319365079,0.2221739145,0.156932543,4.219941471899366e-11,1.782132832417506e-09,False,Spearman,0.012485819621073233,0.89651719814166,Mann_Whitney_U,1490.0,0.8981678153317556,-0.0723627475116034,0.9630490866864957,0.9649767523490111
Pre_Morph_MaxIntensityCoor_PerimeterCoor_3DSmallestDist_mm,113,0.8856726462399999,0.9232302437301588,0.707106781,0.707106781,4.5101636809301277e-10,1.3279590062039582e-11,False,Spearman,0.01241086332377614,0.8961966246412993,Mann_Whitney_U,1556.5,0.8983116917376806,0.11155873844602962,0.9630490866864957,0.9649767523490111
Pre_GLSZM_ZonePercentage,113,0.2880983625,0.28444615869841267,0.2822789855,0.261077324,0.25580814233996246,0.10611659391148412,True,Pearson_point_biserial_equivalent,-0.012397219630772529,0.8963101030810494,Welch_t_test,0.13082913462434906,0.8961587662104524,-0.024740194276948575,0.9630490866864957,0.9649767523490111
Pre_GLSZM_SmallZoneEmphasis,113,0.42403616794,0.4262151316825396,0.42690549,0.395124151,0.8404774143541229,0.00407013996963256,False,Spearman,-0.01201701463131514,0.8994732086764332,Mann_Whitney_U,1597.0,0.9010890199332183,0.02114710291286579,0.964435162636398,0.9661676713728397
ADC_Morph_RadiusSphereNorm_MaxIntensityCoor_PerimeterCoor_2DCoronalSmallestDist,113,0.20202880353999997,0.2243262549047619,0.14532034049999998,0.134839972,6.443220232049142e-08,2.4368673881827972e-12,False,Spearman,-0.010924626903120543,0.908569897592315,Mann_Whitney_U,1595.0,0.9102485810647425,0.10048054720709305,0.9667250856336448,0.9670353233541927
ADC_GLRLM_RunEntropy,111,0.03916256079166667,0.053998310111111114,0.0310661955,0.034103886,0.00020817712113047247,8.570086914451685e-14,False,Spearman,-0.011350745110066575,0.9058794112814765,Mann_Whitney_U,1532.0,0.9075959324298924,0.1991766442370658,0.9667250856336448,0.9670353233541927
Post1_Morph_RadiusSphereNorm_MaxIntensityCoor_RoiCentroidCoor_Dist,113,0.84471616832,0.8508144591746031,0.8329437975,0.907621115,0.907871501607511,0.11711038666969333,True,Pearson_point_biserial_equivalent,0.010758169001783469,0.9099571186016173,Welch_t_test,-0.11577264469984648,0.9080424189578316,0.021468857349646826,0.9667250856336448,0.9670353233541927
Post1_Morph_RadiusRoiNorm_CentroidCoor_WCentroidCoor_Dist,113,0.07605423604,0.05918608701587301,0.048307755499999994,0.049332757,1.1621266394003937e-08,1.2627193070038579e-06,False,Spearman,0.010924558755741037,0.9085704654605703,Mann_Whitney_U,1555.0,0.9102491385631002,-0.27364419673634444,0.9667250856336448,0.9670353233541927
Post2_IB_IntensityBasedCoefficientOfVariation,113,0.4625842855599999,0.4486976787619048,0.422635967,0.401364803,1.123484779653961e-06,3.7602840165968977e-10,False,Spearman,-0.01147078669352809,0.9040202836084437,Mann_Whitney_U,1596.0,0.9056675104770511,-0.06018012587330253,0.9667250856336448,0.9670353233541927
ADC_Morph_MaxIntensityCoor_PerimeterCoor_2DAxialSmallestDist_mm,113,0.33955264082,0.2828914247936507,0.20422690300000002,0.214053446,1.1666248206291253e-09,6.395245970304408e-09,False,Spearman,-0.010105363935656283,0.9154000174210634,Mann_Whitney_U,1593.5,0.917125931158204,-0.18444404494788116,0.9689521262163556,0.9707789999522781
Pre_Morph_RadiusSphereNorm_MaxIntensityCoor_PerimeterCoor_2DAxialSmallestDist,113,0.28427192386,0.2823025486031746,0.201507536,0.204172912,1.546400697693446e-09,4.4348705429707215e-06,False,Spearman,0.010105321910259236,0.9154003679453308,Mann_Whitney_U,1556.5,0.9171262745663147,-0.008225698723476053,0.9689521262163556,0.9707789999522781
ADC_Morph_RadiusRoiNorm_MaxIntensityCoor_PerimeterCoor_2DCoronalSmallestDist,113,1.6324131035199998,1.7835784662063487,0.707106781,0.707106781,2.8259475661705822e-08,2.6592861465017585e-11,False,Spearman,0.009784231172991294,0.918078981414856,Mann_Whitney_U,1559.0,0.9200976316041317,0.09212723362902404,0.9700141062759154,0.972146950180278
Pre_IH_MaximumHistogramGradientGreyLevel_Intensity,113,14.9,14.746031746031745,14.0,14.0,0.08717276638627565,0.2486318026280671,True,Pearson_point_biserial_equivalent,-0.009435277160246423,0.9209910762014719,Welch_t_test,0.09678298268494409,0.9231096816205807,-0.01882866066570996,0.971318457414667,0.9735528336217054
Post2_Morph_MaxIntensityCoor_PerimeterCoor_2DAxialSmallestDist_mm,113,1.5439380535799998,1.5497712498730158,0.707106781,1.58113883,7.565681931791476e-08,1.8026916314042136e-12,False,Spearman,0.009160603336628945,0.9232840243359604,Mann_Whitney_U,1559.5,0.9252526208248384,0.004458526510320494,0.9719662728918563,0.9740386681046935
ADC_Morph_MaxIntensityCoor_PerimeterCoor_2DSagittalSmallestDist_mm,113,0.34721304768000005,0.3480299587619048,0.220066822,0.224415922,2.1305164468986947e-06,6.150403536145662e-11,False,Spearman,-0.008739719695357692,0.9267987305453813,Mann_Whitney_U,1591.0,0.928603408598313,0.0024792998631604415,0.9738955807364352,0.9757919665670113
Pre_IB_IntensityBasedEnergy,113,130170406.76055399,78931543.69533333,24750000.0,19800000.0,3.715191833938312e-15,7.732744685167652e-13,False,Spearman,0.008193623514683378,0.9313611500302968,Mann_Whitney_U,1560.0,0.9331973821000266,-0.12557427154811682,0.9769168584556918,0.9788429062244844
Post1_Morph_RadiusSphereNorm_MaxIntensityCoor_PerimeterCoor_3DSmallestDist,113,0.21410006471999996,0.21396688415873014,0.20447639299999998,0.214053446,0.26449314349677294,0.030668010741231985,False,Spearman,-0.007920354504762393,0.9336450502826844,Mann_Whitney_U,1589.5,0.9354970103603213,-0.0013382858365989553,0.9775415625925394,0.9794805949342242
Post1_IB_IntensityBasedCoefficientOfVariation,113,0.47002343846,0.4465480099047619,0.413365173,0.405616405,4.120216955426467e-06,3.4263681783826383e-10,False,Spearman,0.007647191129018727,0.93592860627704,Mann_Whitney_U,1561.0,0.9377963163279056,-0.09578455705049894,0.9781636516866536,0.980115644682053
Post2_Morph_RadiusSphereNorm_MaxIntensityCoor_PerimeterCoor_3DSmallestDist,113,0.22251561277999998,0.21541983179365082,0.2007813865,0.214053446,0.015700231230559632,0.06600846902793432,False,Spearman,-0.005735476828345459,0.951923429976357,Mann_Whitney_U,1585.5,0.9539014281811139,-0.0683714989491258,0.9930876864077671,0.995151219670027
ADC_Morph_RadiusRoiNorm_CentroidCoor_WCentroidCoor_Dist,113,0.90692109876,0.9313519157777779,0.707106781,0.707106781,6.699492274510464e-12,1.2586829403568062e-14,False,Spearman,-0.0018870181354247962,0.984173991150865,Mann_Whitney_U,1577.5,0.9872533324433919,0.043678014381166086,0.9954186341047941,0.9976938243537113
ADC_Morph_RadiusRoiNorm_MaxIntensityCoor_PerimeterCoor_3DSmallestDist,113,1.4748947163799997,1.4148393413968248,0.707106781,0.707106781,5.614476751836611e-10,1.1240679224656891e-11,False,Spearman,0.0019222301825723308,0.9838787146852733,Mann_Whitney_U,1572.0,0.9864745283746099,-0.04478250259504999,0.9954186341047941,0.9976938243537113
ADC_IH_MaximumHistogramGradientGreyLevel_Intensity,113,-253.15,-264.75396825396825,-20.75,-19.0,1.943954074334569e-14,1.8044262961327393e-16,False,Spearman,-0.001365726040879349,0.9885456012404271,Mann_Whitney_U,1577.5,0.9907744350044341,-0.011371044378263478,0.9954186341047941,0.9976938243537113
ADC_GLCM_JointVariance,113,6.1357043226000005,6.430839237619049,6.548540853,6.639196752,0.00010759576293374912,0.006622396489454542,False,Spearman,0.0005462290735696253,0.9954186245787726,Mann_Whitney_U,1574.0,0.9976938195584479,0.14407107074997844,0.9954186341047941,0.9976938243537113
ADC_GLCM_JointEntropyLog2,113,1.8470310456599999,1.9358755078571428,1.9713072244999998,1.99859737,0.00010759576264765334,0.006622396458097519,False,Spearman,0.0005462290735696253,0.9954186245787726,Mann_Whitney_U,1574.0,0.9976938195584479,0.14407107076724793,0.9954186341047941,0.9976938243537113
ADC_GLCM_SumAverage,113,109.57877638094001,104.3668148935238,44.831089975,42.91745083,3.052354171506698e-10,1.8480097203832908e-09,False,Spearman,0.002187460348481603,0.981654655903225,Mann_Whitney_U,1571.0,0.9838390228325601,-0.032336321245067155,0.9954186341047941,0.9976938243537113
ADC_GLCM_Autocorrelation,113,109.57877638094001,104.3668148935238,44.831089975,42.91745083,3.052354171506698e-10,1.8480097203832908e-09,False,Spearman,0.002187460348481603,0.981654655903225,Mann_Whitney_U,1571.0,0.9838390228325601,-0.032336321245067155,0.9954186341047941,0.9976938243537113
Post1_Morph_SurfaceToVolumeRatio_cm,113,8.79847991438,9.038938245984125,8.738018517,9.244046541,0.8679302959074378,0.00402783820752553,False,Spearman,-0.0021849117511482078,0.9816760262477318,Mann_Whitney_U,1579.0,0.9838578493224669,0.06875457723392674,0.9954186341047941,0.9976938243537113
Post1_Morph_MaxIntensityCoor_PerimeterCoor_2DAxialSmallestDist_mm,113,1.4868686223399998,1.4769852285079361,0.707106781,0.707106781,2.364962840205866e-08,8.588765742437945e-11,False,Spearman,-0.0018175378913590882,0.9847566355045394,Mann_Whitney_U,1578.0,0.9872111143799195,-0.00824422434904222,0.9954186341047941,0.9976938243537113
Post1_Morph_MaxIntensityCoor_PerimeterCoor_2DCoronalSmallestDist_mm,113,1.9733080837599997,2.0717453585873016,1.58113883,1.58113883,1.2044221361103135e-05,2.7958929251786932e-08,False,Spearman,-0.002820527530952924,0.9763467400531032,Mann_Whitney_U,1580.0,0.9785676551396187,0.0634222245792723,0.9954186341047941,0.9976938243537113
Post1_GLCM_NormalisedInverseDifferenceMoment,113,0.9670252265799999,0.9677749478095238,0.969823032,0.972415083,0.030325318333581448,0.010148944925358045,False,Spearman,0.0005462279377870519,0.9954186341047941,Mann_Whitney_U,1574.0,0.9976938243537113,0.04340285795603868,0.9954186341047941,0.9976938243537113
Post2_Morph_SurfaceToVolumeRatio_cm,113,8.795826420780001,9.038938245984125,8.738018517,9.244046541,0.8766475271162958,0.00402783820752553,False,Spearman,-0.0016386838133611555,0.9862564982657807,Mann_Whitney_U,1578.0,0.9884695070824615,0.06952367506075387,0.9954186341047941,0.9976938243537113
Post2_Morph_RadiusSphereNorm_MaxIntensityCoor_PerimeterCoor_2DAxialSmallestDist,113,0.3485640685,0.29803530906349207,0.22505647099999998,0.22736539,7.435429272181472e-07,3.6573678104197783e-05,False,Spearman,-0.0030042848922392324,0.9748062200623263,Mann_Whitney_U,1580.5,0.9769411824110656,-0.203002240632903,0.9954186341047941,0.9976938243537113
Post2_IH_IntensityHistogramCoefficientOfVariation_Intensity,113,0.42812285335999994,0.42815775873015866,0.410399144,0.392181695,0.00021918811673316628,2.0307968213090254e-08,False,Spearman,0.0005462279377870519,0.9954186341047941,Mann_Whitney_U,1574.0,0.9976938243537113,0.00018711828341476267,0.9954186341047941,0.9976938243537113
Pre_Morph_SurfaceToVolumeRatio_cm,113,8.795826420780001,9.038938245984125,8.738018517,9.244046541,0.8766475271162958,0.00402783820752553,False,Spearman,-0.0016386838133611555,0.9862564982657807,Mann_Whitney_U,1578.0,0.9884695070824615,0.06952367506075387,0.9954186341047941,0.9976938243537113
Pre_Morph_RadiusRoiNorm_MaxIntensityCoor_RoiCentroidCoor_Dist,113,0.6178741761400001,0.6165066177460319,0.6184031835,0.629911193,0.8738914202936866,0.10718408544138229,True,Pearson_point_biserial_equivalent,-0.003829057040807544,0.9678930098199079,Welch_t_test,0.040508600917405005,0.9677632812445425,-0.0076408285360857475,0.9954186341047941,0.9976938243537113
Pre_Morph_MaxIntensityCoor_PerimeterCoor_2DCoronalSmallestDist_mm,113,1.87811859294,1.777002915507936,1.224744871,1.58113883,1.234581474699165e-08,1.6879255250051846e-08,False,Spearman,-0.003481730524759886,0.9708040276140284,Mann_Whitney_U,1581.0,0.9730553159640902,-0.06505098534807319,0.9954186341047941,0.9976938243537113
Pre_IB_MedianIntensity,113,218.07306850659998,217.50843290190477,223.87575529999998,215.0,0.7024121056800046,0.5607547450699455,True,Pearson_point_biserial_equivalent,-0.003070047463157601,0.9742549253021209,Welch_t_test,0.031388300678784176,0.9750293846947515,-0.006126219744181722,0.9954186341047941,0.9976938243537113
Pre_IB_50thIntensityPercentile,113,218.07306850659998,217.50843290190477,223.87575529999998,215.0,0.7024121056800046,0.5607547450699455,True,Pearson_point_biserial_equivalent,-0.003070047463157601,0.9742549253021209,Welch_t_test,0.031388300678784176,0.9750293846947515,-0.006126219744181722,0.9954186341047941,0.9976938243537113
Pre_IH_IntensityHistogramMedian_Intensity,113,16.4,16.428571428571427,17.0,16.0,0.6179282452823471,0.4781492302199698,True,Pearson_point_biserial_equivalent,0.0021300657081089157,0.9821359210949344,Welch_t_test,-0.021754206819485127,0.9826925207229327,0.004250494124730301,0.9954186341047941,0.9976938243537113
Pre_IH_IntensityHistogram50thPercentile,113,16.4,16.428571428571427,17.0,16.0,0.6179282452823471,0.4781492302199698,True,Pearson_point_biserial_equivalent,0.0021300657081089157,0.9821359210949344,Welch_t_test,-0.021754206819485127,0.9826925207229327,0.004250494124730301,0.9954186341047941,0.9976938243537113
Pre_IH_MinimumHistogramGradient_Intensity,113,-342.57,-79.9920634920635,-16.25,-15.5,2.0800292246738756e-15,3.1619778515054755e-14,False,Spearman,-0.0019122352072620137,0.9839625289899459,Mann_Whitney_U,1578.5,0.9861604549250571,0.19796858607532505,0.9954186341047941,0.9976938243537113
Pre_GLCM_JointMaximum,113,0.06443737638,0.05098156941269843,0.0322626455,0.031014701,1.6912126587583973e-10,2.6576723357844063e-10,False,Spearman,-0.0005462279377870519,0.9954186341047941,Mann_Whitney_U,1576.0,0.9976938243537113,-0.18531710986738648,0.9954186341047941,0.9976938243537113
Pre_GLSZM_ZoneSizeEntropy,113,5.78285158166,5.8565660131428565,6.0040640465,5.801723645,0.00046249512471889325,0.1946808453594422,False,Spearman,0.0010924558755741039,0.9908374172010053,Mann_Whitney_U,1573.0,0.9930815501254601,0.07960014928167233,0.9954186341047941,0.9976938243537113
