feature,n_valid,mean_benign,mean_malignant,median_benign,median_malignant,shapiro_p_benign,shapiro_p_malignant,normal_in_both_classes,correlation_method,correlation_coefficient,correlation_p_value,class_difference_test,class_difference_stat,class_difference_p_value,cohen_d_malignant_minus_benign,correlation_q_value_fdr,class_difference_q_value_fdr
Pre_Morph_Compacity,113,15.725971691799998,17.731158898253973,15.726982465,16.5978999,0.0004486820754049963,2.9189941876448695e-09,False,Spearman,0.3468547404947779,0.00016744551476792588,Mann_Whitney_U,940.0,0.00024457452990570293,0.6439152546197785,0.005051273028832431,0.007377998318822038
Pre_Morph_Compactness1,113,0.03633255354,0.03289159390476191,0.035873995000000006,0.033991625,0.06092036468666679,0.00035935746465764595,False,Spearman,-0.3468547404947779,0.00016744551476792588,Mann_Whitney_U,2210.0,0.00024457452990570293,-0.7272389022238462,0.005051273028832431,0.007377998318822038
Pre_Morph_Compactness2,113,0.47460927444000006,0.3939713005079365,0.4572585355,0.410531127,0.08330041721178028,0.06437580002156365,True,Pearson_point_biserial_equivalent,-0.349316065974218,0.00014933330232111064,Welch_t_test,3.9696651168305706,0.00012944107548970457,-0.7439129297144583,0.005051273028832431,0.007377998318822038
Pre_Morph_SphericalDisproportion,113,1.2960647178600002,1.3999829243968254,1.298014273,1.345502894,0.001356424923896451,1.7152705591341838e-08,False,Spearman,0.3468547404947779,0.00016744551476792588,Mann_Whitney_U,940.0,0.00024457452990570293,0.6619667662314664,0.005051273028832431,0.007377998318822038
Pre_Morph_Sphericity,113,0.7759094775800002,0.7248480635238095,0.7704076195,0.743216536,0.0387696991581766,4.709697243546706e-05,False,Spearman,-0.3468547404947779,0.00016744551476792588,Mann_Whitney_U,2210.0,0.00024457452990570293,-0.7179439686690497,0.005051273028832431,0.007377998318822038
Pre_Morph_Asphericity,113,0.29606471786000005,0.3999829243968255,0.298014273,0.345502894,0.0013564249238965144,1.7152705591341653e-08,False,Spearman,0.3468547404947779,0.00016744551476792588,Mann_Whitney_U,940.0,0.00024457452990570293,0.6619667662314682,0.005051273028832431,0.007377998318822038
Post1_Morph_Compacity,113,15.721567458999997,17.731158898253973,15.726982465,16.5978999,0.00044230825815566875,2.9189941876448695e-09,False,Spearman,0.347400968432565,0.0001632583448752355,Mann_Whitney_U,939.0,0.00023910467553420368,0.6451523332167716,0.005051273028832431,0.007377998318822038
Post1_Morph_Compactness1,113,0.03634456939999999,0.03289159390476191,0.035873995000000006,0.033991625,0.0587632068655891,0.00035935746465764595,False,Spearman,-0.347400968432565,0.0001632583448752355,Mann_Whitney_U,2211.0,0.00023910467553420368,-0.7292680203011054,0.005051273028832431,0.007377998318822038
Post1_Morph_Compactness2,113,0.47494428242000003,0.3939713005079365,0.4572585355,0.410531127,0.08104169770253336,0.06437580002156365,True,Pearson_point_biserial_equivalent,-0.3503044828013372,0.00014258579355646967,Welch_t_test,3.9813975129899672,0.00012403536782914625,-0.7463118533268471,0.005051273028832431,0.007377998318822038
Post1_Morph_SphericalDisproportion,113,1.29581504624,1.3999829243968254,1.298014273,1.345502894,0.0013300341966999347,1.7152705591341838e-08,False,Spearman,0.347400968432565,0.0001632583448752355,Mann_Whitney_U,939.0,0.00023910467553420368,0.6633359314718543,0.005051273028832431,0.007377998318822038
Post1_Morph_Sphericity,113,0.7760764497000001,0.7248480635238095,0.7704076195,0.743216536,0.037416169834816514,4.709697243546706e-05,False,Spearman,-0.347400968432565,0.0001632583448752355,Mann_Whitney_U,2211.0,0.00023910467553420368,-0.719844403257792,0.005051273028832431,0.007377998318822038
Post1_Morph_Asphericity,113,0.29581504624,0.3999829243968255,0.298014273,0.345502894,0.0013300341966999026,1.7152705591341653e-08,False,Spearman,0.347400968432565,0.0001632583448752355,Mann_Whitney_U,939.0,0.00023910467553420368,0.663335931471855,0.005051273028832431,0.007377998318822038
Post2_Morph_Compacity,113,15.725971691799998,17.731158898253973,15.726982465,16.5978999,0.0004486820754049963,2.9189941876448695e-09,False,Spearman,0.3468547404947779,0.00016744551476792588,Mann_Whitney_U,940.0,0.00024457452990570293,0.6439152546197785,0.005051273028832431,0.007377998318822038
Post2_Morph_Compactness1,113,0.03633255354,0.03289159390476191,0.035873995000000006,0.033991625,0.06092036468666679,0.00035935746465764595,False,Spearman,-0.3468547404947779,0.00016744551476792588,Mann_Whitney_U,2210.0,0.00024457452990570293,-0.7272389022238462,0.005051273028832431,0.007377998318822038
Post2_Morph_Compactness2,113,0.47460927444000006,0.3939713005079365,0.4572585355,0.410531127,0.08330041721178028,0.06437580002156365,True,Pearson_point_biserial_equivalent,-0.349316065974218,0.00014933330232111064,Welch_t_test,3.9696651168305706,0.00012944107548970457,-0.7439129297144583,0.005051273028832431,0.007377998318822038
Post2_Morph_SphericalDisproportion,113,1.2960647178600002,1.3999829243968254,1.298014273,1.345502894,0.001356424923896451,1.7152705591341838e-08,False,Spearman,0.3468547404947779,0.00016744551476792588,Mann_Whitney_U,940.0,0.00024457452990570293,0.6619667662314664,0.005051273028832431,0.007377998318822038
Post2_Morph_Sphericity,113,0.7759094775800002,0.7248480635238095,0.7704076195,0.743216536,0.0387696991581766,4.709697243546706e-05,False,Spearman,-0.3468547404947779,0.00016744551476792588,Mann_Whitney_U,2210.0,0.00024457452990570293,-0.7179439686690497,0.005051273028832431,0.007377998318822038
Post2_Morph_Asphericity,113,0.29606471786000005,0.3999829243968255,0.298014273,0.345502894,0.0013564249238965144,1.7152705591341653e-08,False,Spearman,0.3468547404947779,0.00016744551476792588,Mann_Whitney_U,940.0,0.00024457452990570293,0.6619667662314682,0.005051273028832431,0.007377998318822038
T2_Morph_Compacity,113,15.725971691799998,17.731158898253973,15.726982465,16.5978999,0.0004486820754049963,2.9189941876448695e-09,False,Spearman,0.3468547404947779,0.00016744551476792588,Mann_Whitney_U,940.0,0.00024457452990570293,0.6439152546197785,0.005051273028832431,0.007377998318822038
T2_Morph_Compactness1,113,0.03633255354,0.03289159390476191,0.035873995000000006,0.033991625,0.06092036468666679,0.00035935746465764595,False,Spearman,-0.3468547404947779,0.00016744551476792588,Mann_Whitney_U,2210.0,0.00024457452990570293,-0.7272389022238462,0.005051273028832431,0.007377998318822038
T2_Morph_Compactness2,113,0.47460927444000006,0.3939713005079365,0.4572585355,0.410531127,0.08330041721178028,0.06437580002156365,True,Pearson_point_biserial_equivalent,-0.349316065974218,0.00014933330232111064,Welch_t_test,3.9696651168305706,0.00012944107548970457,-0.7439129297144583,0.005051273028832431,0.007377998318822038
T2_Morph_SphericalDisproportion,113,1.2960647178600002,1.3999829243968254,1.298014273,1.345502894,0.001356424923896451,1.7152705591341838e-08,False,Spearman,0.3468547404947779,0.00016744551476792588,Mann_Whitney_U,940.0,0.00024457452990570293,0.6619667662314664,0.005051273028832431,0.007377998318822038
T2_Morph_Sphericity,113,0.7759094775800002,0.7248480635238095,0.7704076195,0.743216536,0.0387696991581766,4.709697243546706e-05,False,Spearman,-0.3468547404947779,0.00016744551476792588,Mann_Whitney_U,2210.0,0.00024457452990570293,-0.7179439686690497,0.005051273028832431,0.007377998318822038
T2_Morph_Asphericity,113,0.29606471786000005,0.3999829243968255,0.298014273,0.345502894,0.0013564249238965144,1.7152705591341653e-08,False,Spearman,0.3468547404947779,0.00016744551476792588,Mann_Whitney_U,940.0,0.00024457452990570293,0.6619667662314682,0.005051273028832431,0.007377998318822038
Post2_IH_IntensityHistogramMode_Intensity,113,12.48,19.047619047619047,14.0,21.0,0.0072614453505395644,0.3603260234379036,False,Spearman,0.3319450324019244,0.00032841205811863673,Mann_Whitney_U,968.0,0.00044796802001715187,0.6905158768574913,0.00951081320311572,0.012973153859696718
Post2_GLRLM_LongRunHighGreyLevelEmphasis,113,416.10961325642006,623.3598600538095,379.0349845,586.9982205,0.3208025532866676,0.12467520153180434,True,Pearson_point_biserial_equivalent,0.3084294677696996,0.0008885975861386753,Welch_t_test,-3.587741432919594,0.0005056642839276768,0.6470053928315447,0.018569734367788776,0.014080805444755307
Post2_IB_MeanIntensity,113,301.2098208224,394.63828572873024,302.1568151,411.4774011,0.10658624976161436,0.09382302944481577,True,Pearson_point_biserial_equivalent,0.3068990900690124,0.0009454544017640738,Welch_t_test,-3.4723706476412706,0.0007367228051746625,0.6434603231426241,0.018569734367788776,0.017038248491785563
Post2_IB_MedianIntensity,113,302.0866408566,403.8118370880953,312.93945314999996,431.7719421,0.07094549660362058,0.1214759810633821,True,Pearson_point_biserial_equivalent,0.30503385209033085,0.0010192386867734265,Welch_t_test,-3.4694825107140352,0.0007434759900872622,0.6391470070925171,0.018569734367788776,0.017038248491785563
Post2_IB_50thIntensityPercentile,113,302.0866408566,403.8118370880953,312.93945314999996,431.7719421,0.07094549660362058,0.1214759810633821,True,Pearson_point_biserial_equivalent,0.30503385209033085,0.0010192386867734265,Welch_t_test,-3.4694825107140352,0.0007434759900872622,0.6391470070925171,0.018569734367788776,0.017038248491785563
Post2_IB_AreaUnderCurveCIVH,113,6471.739944669999,8499.454098603175,6509.358669499999,8887.992804,0.06728165643900229,0.10017130472146862,True,Pearson_point_biserial_equivalent,0.30993270764298986,0.0008358093285521467,Welch_t_test,-3.513967350620096,0.0006401943560182876,0.6504930036503028,0.018569734367788776,0.017038248491785563
Post2_IH_IntensityHistogramMean_Intensity,113,14.451363497360001,18.764321372,14.489140575,19.53672316,0.11201260514421682,0.0938614570942427,True,Pearson_point_biserial_equivalent,0.3063820673929752,0.000965401629700134,Welch_t_test,-3.465829351520895,0.0007530717564077617,0.6422639044051139,0.018569734367788776,0.017038248491785563
Post2_IH_AreaUnderCurveCIVH_Intensity,113,312.28493307,405.48525713492074,313.10127220000004,422.1763771,0.11201260486156654,0.0938614570487931,True,Pearson_point_biserial_equivalent,0.3063820673887374,0.0009654016298651933,Welch_t_test,-3.465829351467336,0.0007530717565430083,0.6422639043953104,0.018569734367788776,0.017038248491785563
Post2_IH_IntensityHistogramMedian_Intensity,113,14.46,19.158730158730158,15.0,20.0,0.03212462729795714,0.11271586184391848,False,Spearman,0.31499822925946713,0.0006783452685120652,Mann_Whitney_U,999.0,0.0008661728578851459,0.6351478513861671,0.018189702755656862,0.01844438673849546
Post2_IH_IntensityHistogram50thPercentile,113,14.46,19.158730158730158,15.0,20.0,0.03212462729795714,0.11271586184391848,False,Spearman,0.31499822925946713,0.0006783452685120652,Mann_Whitney_U,999.0,0.0008661728578851459,0.6351478513861671,0.018189702755656862,0.01844438673849546
Post2_IB_RootMeanSquareIntensity,113,331.10768346859993,428.9509299752381,339.75149154999997,455.6253753,0.393506031694779,0.1331997363608514,True,Pearson_point_biserial_equivalent,0.3022280636864488,0.0011401666329710488,Welch_t_test,-3.390666974959821,0.0009697123823617268,0.6326739434291351,0.018569734367788776,0.019778169526574085
Post2_GLRLM_HighGreyLevelRunEmphasis,113,293.14907612732003,466.53099502474606,261.6834404,456.9057136,0.03633786684283512,0.06299834013076021,False,Spearman,0.3108036966008325,0.0008065521598415449,Mann_Whitney_U,1006.0,0.0010149597233697256,0.6828595736653891,0.018569734367788776,0.019778169526574085
Post2_GLRLM_ShortRunHighGreyLevelEmphasis,113,269.89414132718,433.304666166492,234.11965179999999,414.4766159,0.018638727375330514,0.057445355607587345,False,Spearman,0.3108036966008325,0.0008065521598415449,Mann_Whitney_U,1006.0,0.0010149597233697256,0.6814675003524653,0.018569734367788776,0.019778169526574085
Post2_IH_IntensityHistogram25thPercentile,113,10.12,13.492063492063492,11.0,14.0,0.29290146014792795,0.23344952325120183,True,Pearson_point_biserial_equivalent,0.29599032610753506,0.0014571853539523715,Welch_t_test,-3.3691697882081155,0.0010380807210080322,0.6183477119192524,0.0203595395535813,0.019778169526574085
Post1_IH_IntensityHistogramMode_Intensity,113,10.9,16.174603174603174,12.0,16.0,0.009223580309961633,0.29428486383684505,False,Spearman,0.3008234511301131,0.0012054938056437466,Mann_Whitney_U,1025.0,0.0014690854925194787,0.6589739558980985,0.018569734367788776,0.02045419031892505
Post1_IH_MinimumHistogramGradientGreyLevel_Intensity,113,11.22,17.26984126984127,11.0,18.0,0.0011824090186873422,0.10342454738647405,False,Spearman,0.30263787163014677,0.0011217245601519135,Mann_Whitney_U,1022.5,0.0013746587877509755,0.6488801379095028,0.018569734367788776,0.02045419031892505
Post2_GLCM_JointMaximum,113,0.08254847776,0.03592954258730159,0.034381497,0.016461108,1.7841577148795513e-11,4.1625128175242795e-14,False,Spearman,-0.30588764516074907,0.000984835764628672,Mann_Whitney_U,2135.0,0.0012193267390471884,-0.4345353403835384,0.018569734367788776,0.02045419031892505
Post2_GLCM_Autocorrelation,113,296.63763341586,483.54928254836506,268.54113275,459.7808564,0.028210850406020463,0.041449911764015336,False,Spearman,0.3069801010363231,0.0009423632717565285,Mann_Whitney_U,1013.0,0.001170875033693495,0.6804158468280153,0.018569734367788776,0.02045419031892505
ADC_Morph_SurfaceToVolumeRatio_cm,113,15.733274678599996,17.447170453650795,15.726860935000001,16.51665418,0.00027911823858367443,4.843618517710653e-09,False,Spearman,0.3009715937206655,0.0011984464224971865,Mann_Whitney_U,1024.0,0.0014611362366316316,0.5808225912592543,0.018569734367788776,0.02045419031892505
ADC_Morph_Compacity,113,0.0363126684,0.033330295095238084,0.035874272,0.03415883,0.025598333558107252,0.0027696456561301206,False,Spearman,-0.3009715937206655,0.0011984464224971865,Mann_Whitney_U,2126.0,0.0014611362366316316,-0.6404181277371055,0.018569734367788776,0.02045419031892505
ADC_Morph_Compactness1,113,0.47408010146,0.4038675506507937,0.457265593,0.41457988,0.02756545501304284,0.3362724032595336,False,Spearman,-0.3009715937206655,0.0011984464224971865,Mann_Whitney_U,2126.0,0.0014611362366316316,-0.6466853412187941,0.018569734367788776,0.02045419031892505
ADC_Morph_Compactness2,113,1.296482293,1.3855461529523807,1.2980075869999999,1.341108534,0.000803526059666903,3.900350600152033e-08,False,Spearman,0.3009715937206655,0.0011984464224971865,Mann_Whitney_U,1024.0,0.0014611362366316316,0.5954809843216622,0.018569734367788776,0.02045419031892505
ADC_Morph_SphericalDisproportion,113,0.7756306888200001,0.7314574642857143,0.7704115855,0.745651806,0.017587800442603174,0.0003174090298972327,False,Spearman,-0.3009715937206655,0.0011984464224971865,Mann_Whitney_U,2126.0,0.0014611362366316316,-0.6351925589953684,0.018569734367788776,0.02045419031892505
ADC_Morph_Sphericity,113,0.29648229300000006,0.3855461529523809,0.298007587,0.341108534,0.0008035260596669541,3.900350600151977e-08,False,Spearman,0.3009715937206655,0.0011984464224971865,Mann_Whitney_U,1024.0,0.0014611362366316316,0.595480984321663,0.018569734367788776,0.02045419031892505
Post2_IB_25thIntensityPercentile,113,207.76080301359997,280.20549840571425,219.67159270000002,281.3911438,0.4722735012402224,0.3352247992635217,True,Pearson_point_biserial_equivalent,0.29263389328601747,0.001659133748150962,Welch_t_test,-3.326431746233845,0.0011938842685103386,0.6106750358817211,0.0203595395535813,0.02045419031892505
Post2_IH_IntensityHistogram75thPercentile,113,18.54,24.206349206349206,19.0,26.0,0.5128987973837035,0.09476819864726202,True,Pearson_point_biserial_equivalent,0.2931672154085107,0.0016254356977939521,Welch_t_test,-3.2711582024875203,0.0014335094523669583,0.611892529322767,0.0203595395535813,0.02045419031892505
Post2_GLCM_JointAverage,113,15.1626434292,19.72719828839682,15.39721501,20.97768421,0.2577955668686125,0.10182262818053785,True,Pearson_point_biserial_equivalent,0.2957626388943149,0.0014701434763365164,Welch_t_test,-3.3283404636522893,0.0011870246840085912,0.6178264387243876,0.0203595395535813,0.02045419031892505
Post2_GLCM_SumAverage,113,30.325286857899997,39.45439657650794,30.79443001,41.95536842,0.2577955670090538,0.10182262806362313,True,Pearson_point_biserial_equivalent,0.29576263891089877,0.0014701434753888983,Welch_t_test,-3.3283404638548277,0.0011870246832250504,0.6178264387623517,0.0203595395535813,0.02045419031892505
Post2_IH_IntensityHistogramRange_Intensity,113,27.7,34.888888888888886,26.0,37.0,0.1893003719072145,0.12731839551527296,True,Pearson_point_biserial_equivalent,0.2967708105262095,0.0014135505220777326,Welch_t_test,-3.261357892033064,0.0015014686812063794,0.6201354513500954,0.0203595395535813,0.020510628777234315
Post2_GLSZM_HighGrayLevelZoneEmphasis,113,291.73069913980004,437.29356425873016,241.87529765,417.3731343,0.023374328370543065,0.07813605095241218,False,Spearman,0.29878668196951735,0.0013062909122942927,Mann_Whitney_U,1028.0,0.0015821881375766233,0.6512138318410987,0.019703221260438917,0.021122478215065063
Post2_IB_75thIntensityPercentile,113,391.0530979138,511.28663537777777,394.5,545.9759521,0.48965670122685717,0.12239615193292253,True,Pearson_point_biserial_equivalent,0.29038200688831667,0.001808521550145959,Welch_t_test,-3.23604932495617,0.0016046081516969317,0.6055411731243542,0.02182282670509457,0.021122478215065063
Post2_IB_IntensityRange,113,605.574736642,759.8337230301588,571.5,809.0,0.18544756103543594,0.12283188222613926,True,Pearson_point_biserial_equivalent,0.29377407969143604,0.0015878474474966882,Welch_t_test,-3.22639379536994,0.0016775933889003236,0.613278668581027,0.0203595395535813,0.021308379185330423
Post2_IH_IntensityHistogramMaximumGreyLevel_Intensity,113,29.5,36.523809523809526,27.5,38.0,0.2377321008130083,0.0860849763615712,True,Pearson_point_biserial_equivalent,0.29458394065496835,0.0015389154397599568,Welch_t_test,-3.2302574954825594,0.0016607249052580145,0.6151297374446208,0.0203595395535813,0.021308379185330423
Post2_IB_MaximumIntensity,113,626.999055784,777.5224153936507,580.0,809.0,0.2089127626634205,0.07749802486296638,True,Pearson_point_biserial_equivalent,0.29270413334976564,0.0016546596589352852,Welch_t_test,-3.207485829128022,0.0017849778409107864,0.6108353476106992,0.0203595395535813,0.02228144753136913
Post1_IH_Uniformity_Intensity,113,0.12829960926,0.07810227749206347,0.0854964055,0.058784142,6.756405165413453e-10,2.9282401424947727e-11,False,Spearman,-0.29496308640500796,0.0015164815570945713,Mann_Whitney_U,2115.0,0.0018164740692907342,-0.4899055718299437,0.0203595395535813,0.022290291968923584
Post1_GLCM_JointMaximum,113,0.10064048414000001,0.045197266285714285,0.044179607,0.022023277,2.1343564596930283e-10,5.767901556662564e-12,False,Spearman,-0.29277817465385975,0.001649955298829934,Mann_Whitney_U,2111.0,0.0019642666031672003,-0.5006080826277622,0.0203595395535813,0.023029436591275435
Post1_IB_MaximumIntensity,113,523.259881896,645.1746445984127,506.0,631.0,0.1698123768843238,0.8986769816179825,True,Pearson_point_biserial_equivalent,0.2871329461280436,0.0020455908454096636,Welch_t_test,-3.1726446736319285,0.001972134072733532,0.5981532765158627,0.023259372546199322,0.023029436591275435
Post1_IB_IntensityRange,113,503.01460298000006,628.8685382365079,498.000473,627.1200542,0.2273750520617893,0.9360655236141004,True,Pearson_point_biserial_equivalent,0.2869972549169619,0.002056077131155741,Welch_t_test,-3.1726967086629023,0.001970967776504263,0.5978452262621093,0.023259372546199322,0.023029436591275435
Post1_IH_IntensityHistogramMaximumGreyLevel_Intensity,113,24.74,30.317460317460316,24.0,30.0,0.13649237087957505,0.8490933746229623,True,Pearson_point_biserial_equivalent,0.2839609325082934,0.0023038177262603475,Welch_t_test,-3.1333865526176727,0.002230693258943538,0.5909622833394496,0.025660985135576797,0.025635268563097165
Post1_GLCM_AngularSecondMoment,113,0.04894230002,0.01599383473015873,0.012647176,0.005766469,2.6373378689320055e-12,5.737022129681913e-14,False,Spearman,-0.2884083511515634,0.0019493666984316265,Mann_Whitney_U,2103.0,0.002293472608109997,-0.44082227768211796,0.023136745732204877,0.025944908879244343
ADC_GLSZM_LowGrayLevelZoneEmphasis,113,339.3310506806,549.7096823173017,175.4603213,493.4606061,3.372672776927316e-07,2.327109371011365e-05,False,Spearman,0.2878627217711925,0.0019900190259299296,Mann_Whitney_U,1048.0,0.002337950098735724,0.4792746543857928,0.023238286689891436,0.02604116725361022
Post1_IH_IntensityHistogramRange_Intensity,113,23.04,28.714285714285715,23.0,29.0,0.18590053581007476,0.8447730359468548,True,Pearson_point_biserial_equivalent,0.282026284253501,0.0024754235422101696,Welch_t_test,-3.1121264375189677,0.002382029217200236,0.586586795438361,0.026177988574566005,0.026130138685651075
Post2_GLSZM_LargeZoneLowGreyLevelEmphasis,113,753.29570172486,110.57520219363494,1.1098672514999999,0.258429606,1.4134728831761973e-15,1.188478970823037e-16,False,Spearman,-0.2834922997114799,0.002344369431308219,Mann_Whitney_U,2094.0,0.002723734702365614,-0.1928718717140253,0.025717022246471977,0.028927732147420726
ADC_GLSZM_LargeZoneEmphasis,113,0.09755403124,0.038230725650793655,0.03018191,0.013143895,3.914866742033275e-12,3.3090530292080534e-14,False,Spearman,-0.2829466601090659,0.002392396229773778,Mann_Whitney_U,2093.0,0.002775781575255112,-0.39928201342839664,0.025852162244122612,0.028927732147420726
Post1_IH_IntensityHistogramMedian_Intensity,113,12.22,15.65079365079365,13.0,17.0,0.0033927546732412275,0.25261494612826985,False,Spearman,0.2799164130410952,0.00267565076590868,Mann_Whitney_U,1063.5,0.0030817759377149124,0.5649898617940307,0.026177988574566005,0.028927732147420726
Post1_IH_IntensityHistogram50thPercentile,113,12.22,15.65079365079365,13.0,17.0,0.0033927546732412275,0.25261494612826985,False,Spearman,0.2799164130410952,0.00267565076590868,Mann_Whitney_U,1063.5,0.0030817759377149124,0.5649898617940307,0.026177988574566005,0.028927732147420726
Post1_GLCM_JointEntropyLog2,113,6.8510369668,7.80768978842857,7.2557944945,7.9841104,0.0009504578118844598,0.0003475399707185334,False,Spearman,0.2802149320847576,0.002646461930692766,Mann_Whitney_U,1062.0,0.003050272080383417,0.5697674939883108,0.026177988574566005,0.028927732147420726
Post1_GLCM_JointEntropyLog10,113,2.06236762838,2.350348823142857,2.184211785,2.403456719,0.0009504578123461071,0.00034753997108304417,False,Spearman,0.2802149320847576,0.002646461930692766,Mann_Whitney_U,1062.0,0.003050272080383417,0.5697674939988001,0.026177988574566005,0.028927732147420726
Post2_IH_Uniformity_Intensity,113,0.11011911764,0.0656624295079365,0.063026395,0.046380075,1.9124952740645616e-10,4.753673377153343e-13,False,Spearman,-0.28076116002254464,0.0025937946884785723,Mann_Whitney_U,2089.0,0.002993481956492515,-0.453799253239616,0.026177988574566005,0.028927732147420726
Post2_GLSZM_SmallZoneHighGreyLevelEmphasis,113,131.96052449075998,191.25418588976194,98.65936034,155.8208747,5.828524606444208e-06,0.008879203406426369,False,Spearman,0.2802149320847576,0.002646461930692766,Mann_Whitney_U,1062.0,0.003050272080383417,0.5040560566226885,0.026177988574566005,0.028927732147420726
Post1_IB_AreaUnderCurveCIVH,113,5447.963085356001,6929.18281661746,5770.712585,7439.964941,0.028114272438761436,0.4957683183787946,False,Spearman,0.2763913365202482,0.003042947632007678,Mann_Whitney_U,1069.0,0.0034761225094276284,0.5791521347798234,0.02686700104357998,0.028927732147420726
Post1_IH_IntensityHistogramEntropyLog10_Intensity,113,1.1203280412,1.2707563656190475,1.1976187944999999,1.291644898,0.0005201373781899522,0.00014706824060839764,False,Spearman,0.2774837923958223,0.002924541236903893,Mann_Whitney_U,1067.0,0.0033492397406611942,0.5704985486442763,0.02686700104357998,0.028927732147420726
Post1_IH_IntensityHistogramEntropyLog2_Intensity,113,3.72164919558,4.221361272746032,3.9784035214999998,4.290751476,0.0005201373860959316,0.00014706823791556858,False,Spearman,0.2774837923958223,0.002924541236903893,Mann_Whitney_U,1067.0,0.0033492397406611942,0.5704985486868627,0.02686700104357998,0.028927732147420726
Post2_IH_IntensityHistogram90thPercentile,113,22.3,28.095238095238095,21.0,29.0,0.3240620224136447,0.19287926556162205,True,Pearson_point_biserial_equivalent,0.27687989597584634,0.0029894718540557797,Welch_t_test,-3.0442709182083587,0.0029400479221000685,0.5749851320074091,0.02686700104357998,0.028927732147420726
Post2_IH_IntensityHistogramEntropyLog10_Intensity,113,1.20142729928,1.3501436932698412,1.2788759075,1.40201717,0.0004092098199215902,9.666145761587662e-06,False,Spearman,0.2769375644580353,0.002983215820006087,Mann_Whitney_U,1068.0,0.0034121442461033857,0.5520858929735184,0.02686700104357998,0.028927732147420726
Post2_IH_IntensityHistogramEntropyLog2_Intensity,113,3.9910550993599996,4.485080266523809,4.248333806,4.657400226,0.00040920981801641785,9.666145701386627e-06,False,Spearman,0.2769375644580353,0.002983215820006087,Mann_Whitney_U,1068.0,0.0034121442461033857,0.5520858927442267,0.02686700104357998,0.028927732147420726
Post2_GLCM_JointEntropyLog2,113,7.338059951279999,8.283317505603174,7.807245114500001,8.598610031,0.0004111381139601647,3.122533020140537e-05,False,Spearman,0.2763913365202482,0.003042947632007678,Mann_Whitney_U,1069.0,0.0034761225094276284,0.563076501168722,0.02686700104357998,0.028927732147420726
Post2_GLCM_JointEntropyLog10,113,2.2089761552400002,2.4935270327460324,2.350214963,2.58843954,0.0004111381120801668,3.122533011801392e-05,False,Spearman,0.2763913365202482,0.003042947632007678,Mann_Whitney_U,1069.0,0.0034761225094276284,0.5630765012380862,0.02686700104357998,0.028927732147420726
Post1_IB_RootMeanSquareIntensity,113,278.02302055779995,349.6531683884127,292.9106471,369.2023396,0.28987880409604994,0.6028133776836835,True,Pearson_point_biserial_equivalent,0.27489621776706585,0.0032119855288223016,Welch_t_test,-3.065689873969915,0.0027312205388574074,0.5705276504077983,0.02708838835155465,0.028927732147420726
Post2_IB_90thIntensityPercentile,113,470.96137619239994,596.0872093111111,453.0,625.4802856,0.4176511490842332,0.18152130690256885,True,Pearson_point_biserial_equivalent,0.2754969425972398,0.0031430787695177938,Welch_t_test,-3.028268482327568,0.0030866952223618984,0.5718766909069549,0.02708838835155465,0.028927732147420726
Post1_GLCM_JointAverage,113,12.748029279919999,16.09134601093651,13.564092745,16.77924621,0.07237128624223871,0.43129568670530943,True,Pearson_point_biserial_equivalent,0.26855354752325994,0.004026823471505855,Welch_t_test,-2.993899947188798,0.003399170330576615,0.5563276648009188,0.029503769903733983,0.028927732147420726
Post1_GLCM_SumAverage,113,25.496058561319998,32.18269202001587,27.12818549,33.55849241,0.07237128598578535,0.43129568579649785,True,Pearson_point_biserial_equivalent,0.26855354741116233,0.0040268234874094935,Welch_t_test,-2.993899945780334,0.003399170345090952,0.556327664550651,0.029503769903733983,0.028927732147420726
Post1_GLRLM_LongRunHighGreyLevelEmphasis,113,315.35424928246,437.58040458396823,309.86321755,431.4965957,0.11385658113052546,0.052062945194759624,True,Pearson_point_biserial_equivalent,0.2624891036109947,0.0049741972382838515,Welch_t_test,-3.0142273878962964,0.0032245583298747046,0.5428235415572383,0.03347876588343358,0.028927732147420726
Post1_GLCM_SumEntropy,113,6.6315436307999995,7.727774863793651,7.2557944945,7.942881321,0.00019480992212230462,8.40132028023389e-05,False,Spearman,0.2758451085824612,0.0031037532261526,Mann_Whitney_U,1070.0,0.0035411906848995967,0.5785248895635308,0.027073702840174484,0.028939692149996803
Post1_IB_75thIntensityPercentile,113,326.65714496699997,415.85969907142857,336.1931305,444.7147827,0.4248016588316893,0.6249764396398438,True,Pearson_point_biserial_equivalent,0.2680185547082564,0.004103368466608153,Welch_t_test,-2.9790961048532862,0.003557503593024469,0.5551335238784343,0.029503769903733983,0.028939692149996803
Post1_IB_MedianIntensity,113,253.07247131379998,326.89657919666666,279.2001953,353.0,0.004405239871613052,0.41190562785816504,False,Spearman,0.27420870544184756,0.0032925112913491845,Mann_Whitney_U,1073.0,0.003742811412679903,0.5601180987191237,0.02708838835155465,0.029454298508480973
Post1_IB_50thIntensityPercentile,113,253.07247131379998,326.89657919666666,279.2001953,353.0,0.004405239871613052,0.41190562785816504,False,Spearman,0.27420870544184756,0.0032925112913491845,Mann_Whitney_U,1073.0,0.003742811412679903,0.5601180987191237,0.02708838835155465,0.029454298508480973
Post2_NGTDM_Complexity,113,1302.0320949435802,1910.04873342,668.7987975,1571.590856,4.910972292749138e-09,0.0010384712703799207,False,Spearman,0.27475265270688704,0.0032286530306057637,Mann_Whitney_U,1072.0,0.003674662399812466,0.38106693110659484,0.02708838835155465,0.029454298508480973
Post2_GLCM_SumEntropy,113,7.23414741856,8.199971635206348,7.7316414845,8.598610031,0.00032011446345971253,3.0012961322434437e-05,False,Spearman,0.2725677409557389,0.0034920900120438024,Mann_Whitney_U,1076.0,0.003955418175001559,0.5404809511904998,0.028091924096885698,0.030465135730863072
Post2_GLCM_AngularSecondMoment,113,0.03949717304,0.012629038730158729,0.0070412105,0.004265071,4.823554450762067e-13,1.616438507816838e-15,False,Spearman,-0.2725677409557389,0.0034920900120438024,Mann_Whitney_U,2074.0,0.003955418175001559,-0.37968630151769084,0.028091924096885698,0.030465135730863072
Post1_IB_MeanIntensity,113,253.174750465,321.434541012381,268.0578553,343.8062661,0.035692454520822155,0.47379040156212027,False,Spearman,0.27092905714237775,0.003702160939736012,Mann_Whitney_U,1079.0,0.0041786170362059765,0.5747931298190443,0.028514516174136945,0.030870599328705377
Post1_IH_IntensityHistogramMean_Intensity,113,12.222183514480001,15.38054331852381,12.93056582,16.45454545,0.03774627377332257,0.47080936186660033,False,Spearman,0.27147528508016483,0.0036309109949072675,Mann_Whitney_U,1078.0,0.004102978834414181,0.5755189032161064,0.028514516174136945,0.030870599328705377
Post1_IH_AreaUnderCurveCIVH_Intensity,113,264.11374688079997,332.36392826539685,279.4214457,355.5724432,0.0377462738814921,0.47080936111933913,False,Spearman,0.27147528508016483,0.0036309109949072675,Mann_Whitney_U,1078.0,0.004102978834414181,0.5755189031913197,0.028514516174136945,0.030870599328705377
Post2_GLCM_ClusterProminence,113,97439.3081673415,136226.5625327457,22564.513305,82014.30342,1.0233925281335416e-10,5.924908215058387e-08,False,Spearman,0.27092905714237775,0.003702160939736012,Mann_Whitney_U,1079.0,0.0041786170362059765,0.2323681905621413,0.028514516174136945,0.030870599328705377
Post2_GLSZM_NormalisedGreyLevelNonUniformity,113,0.07728965510000001,0.048828719968253956,0.049850716,0.040235637,3.1257066322591625e-13,1.264039854928012e-12,False,Spearman,-0.26983660126680364,0.003848433464496414,Mann_Whitney_U,2069.0,0.004333700445771007,-0.3603411543312136,0.02932911398205688,0.03137599122738209
Post1_IH_IntensityHistogram75thPercentile,113,15.62,19.6984126984127,16.0,21.0,0.4479117726949385,0.6340524145849413,True,Pearson_point_biserial_equivalent,0.26313339640103606,0.004864877900273579,Welch_t_test,-2.914985749864804,0.004313025077144441,0.5442549152367457,0.03322803396035916,0.03137599122738209
Post1_GLCM_Autocorrelation,113,206.72321574330002,321.6979933687937,192.27896420000002,313.5280382,0.09547060085679913,0.010101313290849654,False,Spearman,0.26765168951565543,0.004156608467100644,Mann_Whitney_U,1085.0,0.0046596202821317725,0.6109773259069027,0.029503769903733983,0.031826085700598146
Post1_GLRLM_HighGreyLevelRunEmphasis,113,205.96900272093998,313.42046577720646,195.8173344,304.6016647,0.19481475096712622,0.017655446621452867,False,Spearman,0.26765168951565543,0.004156608467100644,Mann_Whitney_U,1085.0,0.0046596202821317725,0.6138839502927225,0.029503769903733983,0.031826085700598146
Post1_GLRLM_ShortRunHighGreyLevelEmphasis,113,186.76137360858,288.3035141949365,170.81444929999998,276.3258999,0.08711883562541417,0.012993746481268163,False,Spearman,0.26874414539122954,0.0039998638234928635,Mann_Whitney_U,1083.0,0.004493984116449073,0.6157636379927132,0.029503769903733983,0.031826085700598146
Post2_GLCM_DifferenceEntropy,113,4.8867028886,5.998983417714285,5.422078406500001,6.462809401,0.019570605683196702,0.0002511349230925637,False,Spearman,0.26819791745344246,0.004077561934431067,Mann_Whitney_U,1084.0,0.004576123481712057,0.5267457581919623,0.029503769903733983,0.031826085700598146
Post1_IH_IntensityHistogram90thPercentile,113,18.6,23.047619047619047,19.0,24.0,0.7128907067970134,0.7528322405729351,True,Pearson_point_biserial_equivalent,0.2623733386910693,0.004994070048909981,Welch_t_test,-2.9024945887670723,0.00447772931655797,0.5425664386225,0.03347876588343358,0.031826085700598146
Post1_IB_90thIntensityPercentile,113,391.1221978796,487.3964000920635,400.482666,504.6595154,0.8612469278094573,0.7090762653104605,True,Pearson_point_biserial_equivalent,0.26207408779905184,0.005045769528042281,Welch_t_test,-2.8960854102963416,0.004565189915915143,0.5419019472383046,0.03351501961745515,0.031826085700598146
Post1_GLSZM_LargeZoneLowGreyLevelEmphasis,113,1240.7668900979202,144.70473616663497,2.3439606255000003,0.464058036,1.4201235323328126e-15,7.2589411714915e-17,False,Spearman,-0.2643743218889331,0.004660349718967507,Mann_Whitney_U,2059.0,0.005190220867338161,-0.2010842423087697,0.032443203812812266,0.03511887764441896
ADC_IH_IntensityHistogramStd_Intensity,113,25.36,32.98412698412698,22.5,35.0,0.09018618652196746,0.5409122761869724,True,Pearson_point_biserial_equivalent,0.26491397109161147,0.004573826944654099,Welch_t_test,-2.830131785017732,0.005686796792349693,0.5482147522351729,0.032150006873102606,0.03812260071908497
Post2_GLSZM_GreyLevelVariance,113,52.86472617391999,70.53703545366666,37.977239885,62.39652211,2.2571252378679715e-06,0.01375092788492137,False,Spearman,0.2605507263244237,0.005316420285900119,Mann_Whitney_U,1098.0,0.005877841658778753,0.3852755874631662,0.034991711699924426,0.039041810650970794
ADC_IB_StandardDeviation,113,1419.991419686,1853.0820457984128,1259.5,1949.0,0.1223596891508581,0.5528906048634007,True,Pearson_point_biserial_equivalent,0.2635007968840815,0.0048035042844209435,Welch_t_test,-2.8137401835923814,0.005961212874610057,0.545071489562806,0.033121305732578696,0.0392356192837971
Post1_GLCM_DifferenceEntropy,113,4.23054386384,5.359546377857143,4.692281505,5.689338808,0.06667093150989369,0.004919089161681575,False,Spearman,0.25973678521548504,0.005466268342071,Mann_Whitney_U,1099.5,0.006034417331517363,0.549529080904013,0.035653858375309946,0.039359622955122256
Post1_GLSZM_SmallZoneHighGreyLevelEmphasis,113,84.87656285285999,125.80223790660315,60.6574752,107.6623755,3.610855531572188e-05,0.0001641434890303583,False,Spearman,0.2594582704488496,0.0055184003209837705,Mann_Whitney_U,1100.0,0.006088849685973017,0.5240953323740163,0.03567251636064509,0.039360064041468426
ADC_IH_MaximumHistogramGradient_Intensity,113,12.78,17.984126984126984,9.0,16.0,1.402390921928856e-05,0.008817905588676764,False,Spearman,0.2588462271782154,0.0056345194943378425,Mann_Whitney_U,1101.5,0.006210069125268948,0.4485204804443592,0.03610081516726193,0.03978840749287362
Post1_NGTDM_Complexity,113,723.70193850124,1128.3109929026984,430.15283984999996,722.5228451,1.0464175600615933e-07,8.141687457294467e-05,False,Spearman,0.2583658145732755,0.00572718304302342,Mann_Whitney_U,1102.0,0.006306656487420171,0.44591451133560633,0.0363726361679733,0.04005280084993161
Post1_GLSZM_HighGrayLevelZoneEmphasis,113,203.0022553448,297.2571258838095,181.82962980000002,263.0377358,0.0634039273004805,0.008864054388571138,False,Spearman,0.2556346748843403,0.00628018997262961,Mann_Whitney_U,1107.0,0.006882168773499216,0.6089407290587603,0.0395378916537725,0.0433277408001168
Post1_IB_25thIntensityPercentile,113,178.3135500494,226.79772531380954,193.0,232.5686951,0.01991712825076349,0.31078257733156034,False,Spearman,0.25481957181076975,0.0064541746924748665,Mann_Whitney_U,1108.5,0.0070628458161895525,0.4946307379862047,0.04028295239096382,0.044081899749321
Post2_GLRLM_RunEntropy,113,4.59300816868,4.893494668158731,4.6577929575,5.033964931,0.0013523988807144806,0.005246141611838803,False,Spearman,0.25454221900876617,0.006514343843547241,Mann_Whitney_U,1109.0,0.007125287213940599,0.5044968687241113,0.040310982416480366,0.0440915208794273
Post2_IB_10thIntensityPercentile,113,129.65967898556,176.64930700682538,133.2296066,167.4627686,0.15334159040169756,0.175901705246752,True,Pearson_point_biserial_equivalent,0.2474583889699643,0.008229580502678597,Welch_t_test,-2.7273885891016216,0.007436914432424853,0.5096468239379853,0.04727149378719948,0.045629881771827065
Post1_GLSZM_NormalisedGreyLevelNonUniformity,113,0.08223529442000001,0.05609814368253968,0.055847897,0.049537875,6.2930437262087146e-12,1.0297872833104832e-09,False,Spearman,-0.25126589630527046,0.0072636967134902305,Mann_Whitney_U,2035.0,0.007901315743265771,-0.42247012986485183,0.04419257496274729,0.047671271651036816
T2_IH_MaximumHistogramGradientGreyLevel_Intensity,113,7.94,8.34920634920635,4.0,6.0,4.384868096976214e-11,5.167317683853042e-08,False,Spearman,0.2515157778787681,0.007203968376253609,Mann_Whitney_U,1117.5,0.00784000132383017,0.04742762356826188,0.04419257496274729,0.047671271651036816
T2_GLCM_JointMaximum,113,0.1788609078,0.1174618214920635,0.094833734,0.049806784,6.243321737179516e-10,3.6040334523046737e-13,False,Spearman,-0.25071914476845797,0.007395915942398117,Mann_Whitney_U,2034.0,0.008037947253893347,-0.29631270108077534,0.04462202618580198,0.04809482489106432
Post2_GLRLM_GreyLevelVariance,113,48.56131558942,65.34568243836507,34.181564585000004,58.02893264,7.213305129293928e-07,0.003102926843236358,False,Spearman,0.25017239550646975,0.007530259611371595,Mann_Whitney_U,1117.0,0.00817668975478812,0.3479029318185314,0.045057090567215165,0.04852396215136556
ADC_GLRLM_LowGreyLevelRunEmphasis,113,352.67512029423995,548.0374420617302,169.8484262,455.4058242,5.061278684767119e-07,1.2980624427883867e-05,False,Spearman,0.2496266866213187,0.007666495241491115,Mann_Whitney_U,1118.0,0.008317301895256061,0.4183112712092189,0.0451271310367176,0.04856309707020738
ADC_GLRLM_ShortRunLowGreyLevelEmphasis,113,308.5731603291,477.0234494662698,153.53240820000002,392.6646501,4.01975949311355e-07,1.5242235734799124e-05,False,Spearman,0.24962616756868267,0.0076666258529230185,Mann_Whitney_U,1118.0,0.0083174365147869,0.4123860740868838,0.0451271310367176,0.04856309707020738
Post2_GLCM_JointVariance,113,44.911831643119996,59.202643025523805,29.934287955000002,52.92907236,2.794052735895683e-07,0.001513536963628096,False,Spearman,0.2485337116931086,0.007945923521154988,Mann_Whitney_U,1120.0,0.008605448997530343,0.3073543091433972,0.0463939405590017,0.049842760593695745
Post1_GLCM_InverseDifference,113,0.45217239982,0.3800509256825397,0.4225645905,0.361367996,0.015815168940391203,8.339393172357932e-05,False,Spearman,-0.24689502787974743,0.00838172661696454,Mann_Whitney_U,2027.0,0.009054195579744137,-0.5278077635143847,0.04727149378719948,0.05097860072018857
Post1_GLRLM_RunPercentage,113,0.8337418175200001,0.8838818185079366,0.8667485255,0.90516333,1.5347927831518564e-06,1.5511910536782644e-08,False,Spearman,0.24662242671668577,0.008456234580246037,Mann_Whitney_U,1123.5,0.009130840485993979,0.5131760751214234,0.04727149378719948,0.05097860072018857
Post2_GLCM_SumVariance,113,134.72833237512,182.17041412038097,85.243228385,164.1721278,4.475057031775581e-07,0.0011688603556571434,False,Spearman,0.24580257200417335,0.008683851759250733,Mann_Whitney_U,1125.0,0.00936485344721696,0.33178756289792993,0.04727149378719948,0.05097860072018857
Post2_GLCM_ClusterTendency,113,134.72833237512,182.17041412038097,85.243228385,164.1721278,4.475057031775581e-07,0.0011688603556571434,False,Spearman,0.24580257200417335,0.008683851759250733,Mann_Whitney_U,1125.0,0.00936485344721696,0.33178756289792993,0.04727149378719948,0.05097860072018857
ADC_IB_MedianIntensity,113,180.4408971484,467.78336050079366,0.0,142.8585205,3.264546263882487e-11,4.7895515966075304e-08,False,Spearman,0.24594858943985637,0.008642921750946974,Mann_Whitney_U,1158.0,0.00932905398254377,0.5635512752273497,0.04727149378719948,0.05097860072018857
ADC_IH_IntensityHistogramMedian_Intensity,113,3.96,8.920634920634921,1.0,3.0,1.6673651186379515e-11,2.7751148244623875e-08,False,Spearman,0.24666572057278574,0.008444362519923506,Mann_Whitney_U,1164.5,0.009126336421159783,0.5632930969911497,0.04727149378719948,0.05097860072018857
ADC_GLRLM_LongRunLowGreyLevelEmphasis,113,681.0544046249202,990.8828700114287,285.8804196,801.7481737,1.0955787750076608e-08,7.897664102019559e-07,False,Spearman,0.24634879994196038,0.008531609797742484,Mann_Whitney_U,1124.0,0.009208355354445205,0.3209655276433682,0.04727149378719948,0.05097860072018857
T2_GLRLM_LongRunsEmphasis,113,3.1263140960999998,2.853462001285714,2.2731132405,1.944655047,1.3624401327245853e-13,8.348264993885206e-16,False,Spearman,-0.24634879994196038,0.008531609797742484,Mann_Whitney_U,2026.0,0.009208355354445205,-0.062186246480710965,0.04727149378719948,0.05097860072018857
Post2_IB_IntensityVariance,113,22612.768839477394,30311.066611806345,15514.861875,26166.07923,6.832094383033443e-07,0.0027965405706548365,False,Spearman,0.24525634406638627,0.008838483579494034,Mann_Whitney_U,1126.0,0.009523720017112502,0.3367877773701276,0.04740046008558282,0.05107535772140334
Post2_IB_StandardDeviation,113,130.19952535774,161.8425312311111,124.50393555,161.759325,0.04737037288906713,0.7933736705419516,False,Spearman,0.24525634406638627,0.008838483579494034,Mann_Whitney_U,1126.0,0.009523720017112502,0.45263397779020964,0.04740046008558282,0.05107535772140334
Post2_IH_IntensityHistogramVariance_Intensity,113,48.20365667352,64.78343320185715,33.42288581,56.11470236,6.651049105240569e-07,0.0024868388669095584,False,Spearman,0.24416388819081217,0.009155042632790265,Mann_Whitney_U,1128.0,0.009848680710624792,0.33971604973537195,0.04838139318350476,0.0520470425875354
Post2_IH_IntensityHistogramStd_Intensity,113,6.016175712220001,7.483079629190476,5.778779127,7.490974727,0.04283655271788341,0.7708586877254393,False,Spearman,0.24416388819081217,0.009155042632790265,Mann_Whitney_U,1128.0,0.009848680710624792,0.45493807783613976,0.04838139318350476,0.0520470425875354
Post1_GLCM_InverseDifferenceMoment,113,0.3870690687,0.30359559982539686,0.3472916705,0.278696344,0.0038432374051162164,8.548364496987716e-06,False,Spearman,-0.24361766025302514,0.009317033550283797,Mann_Whitney_U,2021.0,0.010014836642704573,-0.5347590266221192,0.04852900928349258,0.05216360956343964
Post1_GLRLM_ShortRunsEmphasis,113,0.8645975158600001,0.90224682,0.8908276625,0.915337519,1.175532853289013e-06,2.5606415715714026e-08,False,Spearman,0.24361766025302514,0.009317033550283797,Mann_Whitney_U,1129.0,0.010014836642704573,0.5003417701340512,0.04852900928349258,0.05216360956343964
Post1_GLCM_SumVariance,113,87.64350249886,123.39396990223813,54.895858175,106.1795269,3.176137674119754e-06,0.00044221488243848043,False,Spearman,0.24197897643966398,0.009818240450256073,Mann_Whitney_U,1132.0,0.01052838395452689,0.3809416754117565,0.0486877129177082,0.05220924645943471
Post1_GLCM_ClusterTendency,113,87.64350249886,123.39396990223813,54.895858175,106.1795269,3.176137674119754e-06,0.00044221488243848043,False,Spearman,0.24197897643966398,0.009818240450256073,Mann_Whitney_U,1132.0,0.01052838395452689,0.3809416754117565,0.0486877129177082,0.05220924645943471
Post1_GLCM_ClusterProminence,113,40440.38054775604,64857.948447029674,10422.4781325,31528.43605,2.9339412918772296e-10,2.311146694459226e-08,False,Spearman,0.242525204377451,0.009648599689614982,Mann_Whitney_U,1131.0,0.01035465645503372,0.32732226239620377,0.0486877129177082,0.05220924645943471
Post1_GLRLM_LongRunsEmphasis,113,2.1183821376200003,1.5753912985714287,1.5705384740000001,1.405753415,2.2363682307747132e-11,3.0502215633148436e-12,False,Spearman,-0.242525204377451,0.009648599689614982,Mann_Whitney_U,2019.0,0.01035465645503372,-0.44956559662979056,0.0486877129177082,0.05220924645943471
Post1_GLRLM_RunLengthVariance,113,0.42747254583999994,0.19046650719047623,0.181493114,0.107767181,9.167111123097135e-12,7.361116423840706e-13,False,Spearman,-0.24197897643966398,0.009818240450256073,Mann_Whitney_U,2018.0,0.01052838395452689,-0.44456210313207767,0.0486877129177082,0.05220924645943471
ADC_IB_IntensityBasedEnergy,113,837.30816096522,1141.2576297360317,716.0112377,1186.682563,0.007861484643208502,0.1562606429457351,False,Spearman,0.242525204377451,0.009648599689614982,Mann_Whitney_U,1131.0,0.01035465645503372,0.4794545649774879,0.0486877129177082,0.05220924645943471
T2_GLRLM_RunLengthVariance,113,0.61022611018,0.5996554498412697,0.4497671045,0.278358329,1.245417423468188e-11,1.4033436149720325e-15,False,Spearman,-0.24197897643966398,0.009818240450256073,Mann_Whitney_U,2018.0,0.01052838395452689,-0.008946224523730598,0.0486877129177082,0.05220924645943471
Post2_GLRLM_RunLengthVariance,113,0.3664161943,0.1567226533015873,0.127524588,0.079845906,3.624010230204414e-12,3.1099038922046416e-14,False,Spearman,-0.24088652056408988,0.010165403539044405,Mann_Whitney_U,2016.0,0.010883635474751645,-0.42073629411034297,0.050066341239919376,0.053603755671565924
Post2_IH_IntensityHistogram10thPercentile,113,6.46,8.587301587301587,6.5,8.0,0.043065431011623405,0.07631687806307855,False,Spearman,0.2404318253064798,0.01031304554752637,Mann_Whitney_U,1136.0,0.011034851766800165,0.504488302369342,0.050450303894656025,0.05398130188623865
Post2_IB_IntensityBasedMedianAbsoluteDeviation,113,104.23064266672,129.75559201031746,97.788599165,127.9179717,0.01077083599045439,0.7584989986322628,False,Spearman,0.23870160881294164,0.010892206412103964,Mann_Whitney_U,1138.0,0.011626247441523943,0.41380636863222336,0.05257304961575513,0.05611602098442223
Post2_GLCM_DifferenceVariance,113,14.41784834832,18.53408411284127,9.6167062065,16.54490948,1.1630938826380286e-07,0.0015094306753375124,False,Spearman,0.23870160881294164,0.010892206412103964,Mann_Whitney_U,1138.0,0.011626247441523943,0.2820455026653746,0.05257304961575513,0.05611602098442223
Post1_IH_IntensityHistogram25thPercentile,113,8.8,10.952380952380953,9.5,11.0,0.01572724737471422,0.2759199991072301,False,Spearman,0.23730453302672894,0.011380465038502065,Mann_Whitney_U,1142.0,0.012124664182538533,0.4713228902723815,0.05321780489806265,0.05667789616036179
Post2_IB_IntensityBasedMeanAbsoluteDeviation,113,105.80149635232002,131.7604193369841,97.92180164999999,132.4428869,0.01473761509883042,0.7496493434503227,False,Spearman,0.23760915293736756,0.011272400688508911,Mann_Whitney_U,1140.0,0.012014146391097578,0.4201034446663112,0.05321780489806265,0.05667789616036179
Post2_IH_IntensityHistogramMeanAbsoluteDeviation_Intensity,113,4.8944651413599995,6.094784814682541,4.523522505000001,6.139350597,0.012928443074764012,0.7500174751865947,False,Spearman,0.23760915293736756,0.011272400688508911,Mann_Whitney_U,1140.0,0.012014146391097578,0.42074870364333067,0.05321780489806265,0.05667789616036179
Post2_IH_IntensityHistogramMedianAbsoluteDeviation_Intensity,113,4.809397043,5.995780562650793,4.5082135525,5.912005966,0.01153570943680319,0.7905195751116054,False,Spearman,0.2370629249995805,0.011466819839914051,Mann_Whitney_U,1141.0,0.012212364366044805,0.41568795565373,0.05321780489806265,0.05667789616036179
Post2_GLRLM_RunPercentage,113,0.85328041436,0.8997709283650793,0.894112661,0.923525454,1.1812615159592272e-07,1.0689196990297198e-09,False,Spearman,0.2370629249995805,0.011466819839914051,Mann_Whitney_U,1141.0,0.012212364366044805,0.49078977203167296,0.05321780489806265,0.05667789616036179
T2_IH_MinimumHistogramGradientGreyLevel_Intensity,113,11.62,12.047619047619047,8.0,11.0,7.613340736577043e-10,0.003518497323064132,False,Spearman,0.2376184297269267,0.011269123884336131,Mann_Whitney_U,1141.0,0.012011035260725781,0.04340677453103586,0.05321780489806265,0.05667789616036179
Post1_GLRLM_RunEntropy,113,4.408443152039999,4.701623252873016,4.580908608,4.79520178,0.0002464609663542026,0.04368729783265316,False,Spearman,0.23651669706179343,0.011664168351061183,Mann_Whitney_U,1142.0,0.012413474660045852,0.5084194567434274,0.053448467633976565,0.05688199780932403
ADC_GLCM_Correlation,113,348.31619241384,539.2429470849839,161.84400490000002,454.0616242,2.8919232146019227e-07,7.486745452698745e-06,False,Spearman,0.2365171888556477,0.011663989340800826,Mann_Whitney_U,1142.0,0.012413292490448804,0.39672118895687436,0.053448467633976565,0.05688199780932403
Post1_GLCM_JointVariance,113,29.38362566548,40.42369360130159,18.12713667,32.32371969,7.897745372414435e-07,0.0007517303374113989,False,Spearman,0.2359704691240064,0.011864482637748554,Mann_Whitney_U,1143.0,0.01261751265828018,0.3593038125174803,0.05368678393581221,0.057094244778717815
Post2_GLCM_InverseDifference,113,0.41392172673999994,0.343928664,0.374472737,0.308626134,0.0019047596221399314,3.99953381894973e-06,False,Spearman,-0.2359704691240064,0.011864482637748554,Mann_Whitney_U,2007.0,0.01261751265828018,-0.5123803542902111,0.05368678393581221,0.057094244778717815
ADC_IH_IntensityHistogram75thPercentile,113,20.18,26.285714285714285,18.5,28.0,0.035801036683294506,0.24271092295104305,False,Spearman,0.2355614268171065,0.012016451870198619,Mann_Whitney_U,1144.0,0.012772305365807606,0.4733787548536461,0.05403671524238385,0.05743570860151991
T2_GLRLM_RunPercentage,113,0.7519426525,0.7975852866031745,0.7691066879999999,0.81208194,5.073815705803853e-05,8.273471058540739e-09,False,Spearman,0.2348785016349388,0.012273969943790305,Mann_Whitney_U,1145.0,0.013034326005443431,0.34471463208335074,0.05485403851422334,0.058252173011981746
Post1_GLSZM_GreyLevelVariance,113,35.93672782934,48.7291070028254,29.841099375,36.90423638,4.1002957999384646e-05,0.0028955918106248176,False,Spearman,0.2337855573728582,0.012696137181929924,Mann_Whitney_U,1147.0,0.013463660549646721,0.4307055759105315,0.05570911102858949,0.05907691053299531
Post2_GLCM_Contrast,113,43.02396874444,53.19339091366666,29.02301979,48.78959265,3.274987059702832e-08,0.002593119443134568,False,Spearman,0.2337855573728582,0.012696137181929924,Mann_Whitney_U,1147.0,0.013463660549646721,0.226259162110911,0.05570911102858949,0.05907691053299531
Post2_GLCM_InverseDifferenceMoment,113,0.34502292502000004,0.26554372846031743,0.294431217,0.217077526,0.00028692764587993463,3.252585180022347e-07,False,Spearman,-0.2337855573728582,0.012696137181929924,Mann_Whitney_U,2003.0,0.013463660549646721,-0.5188965071746948,0.05570911102858949,0.05907691053299531
Post1_IH_IntensityHistogramVariance_Intensity,113,31.774306586199994,43.84072869403175,21.416352535,32.73240008,2.1552502649963927e-06,0.0006795550142218826,False,Spearman,0.23214687355949706,0.01335285134193725,Mann_Whitney_U,1150.0,0.014130793758208592,0.37316261394220246,0.05686743747977982,0.060180556946723654
Post2_IH_IntensityHistogramInterquartileRange_Intensity,113,8.42,10.714285714285714,7.0,10.0,0.0007633298476751801,0.2573718891576305,False,Spearman,0.2328532429110186,0.01306622280703889,Mann_Whitney_U,1149.5,0.013839931483129266,0.377360350046921,0.05686743747977982,0.060180556946723654
Post2_GLCM_DifferenceAverage,113,4.11499461134,4.9928368374285705,3.939889543,5.209386282,0.001146114022792512,0.6641311493998578,False,Spearman,0.23214687355949706,0.01335285134193725,Mann_Whitney_U,1150.0,0.014130793758208592,0.35709912396959,0.05686743747977982,0.060180556946723654
Post2_GLCM_Dissimilarity,113,4.11499461134,4.9928368374285705,3.939889543,5.209386282,0.001146114022792512,0.6641311493998578,False,Spearman,0.23214687355949706,0.01335285134193725,Mann_Whitney_U,1150.0,0.014130793758208592,0.35709912396959,0.05686743747977982,0.060180556946723654
T2_GLRLM_ShortRunsEmphasis,113,0.78649783352,0.8287793944444444,0.818038212,0.846707247,1.6312775700938594e-07,5.359019617468334e-10,False,Spearman,0.23214687355949706,0.01335285134193725,Mann_Whitney_U,1150.0,0.014130793758208592,0.3277149019658969,0.05686743747977982,0.060180556946723654
Post1_IB_IntensityBasedMedianAbsoluteDeviation,113,84.79530701654,106.2914851203175,74.021261475,101.9873192,0.016291381331333215,0.4295814668793343,False,Spearman,0.2310544176839229,0.013806940289548613,Mann_Whitney_U,1152.0,0.014591598096700159,0.42915426632111814,0.05778164606724391,0.06106541631220182
Post1_IH_IntensityHistogramMedianAbsoluteDeviation_Intensity,113,3.9103935786200004,4.909009650984128,3.4344697725,4.696428571,0.017010123407565216,0.4447766398447479,False,Spearman,0.2310544176839229,0.013806940289548613,Mann_Whitney_U,1152.0,0.014591598096700159,0.4310778252161063,0.05778164606724391,0.06106541631220182
Post1_GLRLM_GreyLevelVariance,113,32.26496109198,44.332000883031746,22.658804885000002,33.05462129,2.640849143364632e-06,0.0006974979222648421,False,Spearman,0.2310544176839229,0.013806940289548613,Mann_Whitney_U,1152.0,0.014591598096700159,0.37784089260295395,0.05778164606724391,0.06106541631220182
ADC_GLRLM_HighGreyLevelRunEmphasis,113,0.08007048908,0.04861582255555555,0.0299052825,0.008731238,5.348019720436581e-07,1.2167270873940072e-09,False,Spearman,-0.23050818974613588,0.014038986668773972,Mann_Whitney_U,1997.0,0.014826929772034793,-0.37496418939964776,0.058415093955128485,0.06169366181007581
Post2_IB_IntensityInterquartileRange,113,183.29229490240002,231.08113697174605,151.5,223.1991272,0.0005622993586533653,0.24667726455523117,False,Spearman,0.22996435266049398,0.014273382947207034,Mann_Whitney_U,1154.0,0.015064548844636297,0.36901155248607376,0.05871550712373803,0.06232419064866674
ADC_IB_75thIntensityPercentile,113,1121.48227903976,1467.823175368254,1031.5,1559.442261,0.05298682871709014,0.30136444856212824,True,Pearson_point_biserial_equivalent,0.23010531096652823,0.014212304647301758,Welch_t_test,-2.455729793844121,0.015809712254502464,0.47182969287483173,0.05871550712373803,0.0625477140560644
Post1_GLCM_DifferenceAverage,113,3.3188650664200003,4.096183753714286,2.7937364395,4.01274607,0.0030396607932094955,0.13184548345650882,False,Spearman,0.22832327799498767,0.015001455647826548,Mann_Whitney_U,1157.0,0.015802032154761725,0.38589883636961997,0.059350021251510496,0.0625477140560644
Post1_GLCM_Dissimilarity,113,3.3188650664200003,4.096183753714286,2.7937364395,4.01274607,0.0030396607932094955,0.13184548345650882,False,Spearman,0.22832327799498767,0.015001455647826548,Mann_Whitney_U,1157.0,0.015802032154761725,0.38589883636961997,0.059350021251510496,0.0625477140560644
ADC_Morph_IntegratedIntensity_Intensity,113,774.3373865036799,1069.6203366143172,630.9333893,1145.724893,0.0025538261672053875,0.04970961662428519,False,Spearman,0.22886950593277472,0.014755614541124128,Mann_Whitney_U,1156.0,0.01555311102508037,0.4549028622739052,0.059350021251510496,0.0625477140560644
ADC_IB_IntensityBasedQuartileCoefficientOfDispersion,113,43956.5808424896,60738.07706494762,34958.818795,65352.83508,0.002383274849592391,0.04389610422633667,False,Spearman,0.22832327799498767,0.015001455647826548,Mann_Whitney_U,1157.0,0.015802032154761725,0.45346302255856974,0.059350021251510496,0.0625477140560644
ADC_IB_TotalLesionGlycolysis,113,14.155077323479997,19.309497211714287,11.544136215,20.60078193,0.00171208343589099,0.042578017441970234,False,Spearman,0.22886998182567295,0.014755401892011029,Mann_Whitney_U,1156.0,0.015552895926290571,0.45542919531183035,0.059350021251510496,0.0625477140560644
ADC_IH_IntensityHistogramEntropyLog2_Intensity,113,807.0605805378,1100.943051927143,658.1961414,1174.566457,0.0017120834409631706,0.04257801753265955,False,Spearman,0.22886998182567295,0.014755401892011029,Mann_Whitney_U,1156.0,0.015552895926290571,0.45542919524520575,0.059350021251510496,0.0625477140560644
ADC_GLSZM_HighGrayLevelZoneEmphasis,113,0.013247622120000002,0.008129112761904762,0.0050293035,0.001061446,4.543391244766516e-08,2.2262754092645556e-12,False,Spearman,-0.22914309636245778,0.014633801376975977,Mann_Whitney_U,1994.5,0.015429735451519658,-0.31271272928182886,0.059350021251510496,0.0625477140560644
Post1_IB_IntensityVariance,113,14888.4633896494,20521.60076221587,10023.4270495,15128.18136,2.204308850719126e-06,0.0007022700843371345,False,Spearman,0.2266845941816265,0.015760453093151727,Mann_Whitney_U,1160.0,0.016569941172089805,0.371661701960325,0.06101908042482273,0.06415314122242256
Post1_IH_IntensityHistogramInterquartileRange_Intensity,113,6.82,8.746031746031745,5.0,8.0,0.00047318860862302994,0.06226789266326671,False,Spearman,0.22671516527624908,0.01574599392711801,Mann_Whitney_U,1161.0,0.016555653415900384,0.39364368419249945,0.06101908042482273,0.06415314122242256
ADC_GLCM_JointMaximum,113,14.217576887880002,19.342161392650794,11.60489229,20.77995621,0.0015247690092831162,0.040960187111720336,False,Spearman,0.22668506553139445,0.015760230072132685,Mann_Whitney_U,1160.0,0.016569715932174354,0.44644148383389803,0.06101908042482273,0.06415314122242256
ADC_GLCM_DifferenceEntropy,113,28.435153776000003,38.684322785587305,23.20978458,41.55991242,0.0015247690107368789,0.0409601870994159,False,Spearman,0.22668506553139445,0.015760230072132685,Mann_Whitney_U,1160.0,0.016569715932174354,0.4464414838427609,0.06101908042482273,0.06415314122242256
Post1_IH_IntensityHistogramMeanAbsoluteDeviation_Intensity,113,4.00794680538,4.98385316563492,3.43529337,4.730867347,0.01910980113327978,0.3918753131085357,False,Spearman,0.22613836624383948,0.016020750276891448,Mann_Whitney_U,1161.0,0.01683309575416171,0.42187116411922215,0.06137049312417676,0.06425679360181877
Post2_GLRLM_ShortRunsEmphasis,113,0.8789209322999999,0.9140373085555554,0.907118213,0.92962474,2.9710253701907236e-08,3.191892488197698e-09,False,Spearman,0.22613836624383948,0.016020750276891448,Mann_Whitney_U,1161.0,0.01683309575416171,0.4687734777178823,0.06137049312417676,0.06425679360181877
Post2_GLSZM_ZonePercentage,113,0.28503780407999996,0.35289800806349203,0.2737968665,0.366168478,0.3837407734679766,0.6784688425501482,True,Pearson_point_biserial_equivalent,0.2251945367984289,0.01647931024936709,Welch_t_test,-2.4287653638963205,0.016862970696609896,0.4612160602131636,0.06209349303621477,0.06425679360181877
Post1_IB_IntensityInterquartileRange,113,148.34359491126,189.0619737573016,115.14199065,182.0,0.000445492921812523,0.19370643173390195,False,Spearman,0.22559870566717827,0.016281570737063898,Mann_Whitney_U,1162.0,0.017096685841467507,0.3888934075620782,0.06172864675218243,0.06448091742209598
Post1_IB_IntensityBasedMeanAbsoluteDeviation,113,86.60049204724001,107.69281513555555,74.33437193500001,102.6822917,0.022439593179241886,0.39627689143891764,False,Spearman,0.22559213830605243,0.016284767306169675,Mann_Whitney_U,1162.0,0.01709991180254479,0.42008505337273455,0.06172864675218243,0.06448091742209598
Post2_GLRLM_LongRunsEmphasis,113,1.9841776848000001,1.4878137030158733,1.4416871745,1.313395525,5.314440105226657e-12,1.6137008681007866e-13,False,Spearman,-0.22504591036826535,0.016552547176781007,Mann_Whitney_U,1987.0,0.017370431221915738,-0.4189002698032763,0.06209349303621477,0.06516161764076163
Pre_IH_IntensityHistogramSkewness_Intensity,113,0.17393143087999996,-0.15157082214285714,0.0329740885,-0.231613626,0.004127681389308667,3.458678397391341e-07,False,Spearman,-0.22286099861711714,0.017662166640917944,Mann_Whitney_U,1983.0,0.018490392344059494,-0.3960549629843816,0.06591447756713707,0.06900538173762409
Post2_GLSZM_ZoneSizeNonUniformity,113,126.44153748506,113.31963600550795,30.420238095,45.32835821,3.0661955272011866e-15,9.129654525348794e-14,False,Spearman,0.2223147706793301,0.017949417308010352,Mann_Whitney_U,1168.0,0.01878006883402828,-0.031477156665263836,0.0663029496479566,0.06937127467263508
ADC_GLSZM_SmallZoneLowGreyLevelEmphasis,113,111.83118706048,166.55471651496822,52.421245185000004,122.3264602,1.0834849639376554e-07,3.486641750567995e-08,False,Spearman,0.2223147706793301,0.017949417308010352,Mann_Whitney_U,1168.0,0.01878006883402828,0.33253853738933403,0.0663029496479566,0.06937127467263508
T2_GLSZM_NormalisedZoneSizeNonUniformity,113,0.25213655661999995,0.19247517463492061,0.2079947405,0.1872,1.4275035685781325e-10,0.04358101536667985,False,Spearman,-0.2220453503560084,0.01809258069689203,Mann_Whitney_U,1981.5,0.018924406928843254,-0.4961726603076581,0.06649253007385701,0.06954959703798232
Post1_GLSZM_ZoneSizeNonUniformity,113,78.3531722231,92.17462602039683,27.231666665,37.51162791,4.520203356459732e-15,6.181170355737777e-14,False,Spearman,0.22122231480375598,0.018536047391927917,Mann_Whitney_U,1170.0,0.019371351422129507,0.05592690820605645,0.06777827430179703,0.07083261833142304
Pre_IB_IntensitySkewness,113,0.17756813570000002,-0.1570498156825397,0.041912542000000004,-0.249453803,0.004289717673201388,4.2207186867306685e-07,False,Spearman,-0.22067608686596896,0.018835517793333867,Mann_Whitney_U,1979.0,0.019673046328921882,-0.4023128712862021,0.06852721046418955,0.07157429920673086
Post1_IH_IntensityHistogramStd_Intensity,113,4.94972177596,6.1261461684444445,4.6275547495,5.721223652,0.10181461804811076,0.4203781127659693,True,Pearson_point_biserial_equivalent,0.21961446223960998,0.019429510274445515,Welch_t_test,-2.3516650352235753,0.020620307266408032,0.4492007591006494,0.07033482719349277,0.07464551230439707
Post1_GLCM_Contrast,113,28.372486737019997,36.5250986341746,15.50587237,29.90017287,9.957276428082588e-08,0.0003330538677784525,False,Spearman,0.21849117511482075,0.02007551211597718,Mann_Whitney_U,1175.0,0.02092123506182769,0.27250634116357086,0.0719538157028093,0.07535808052121018
Post1_IB_StandardDeviation,113,107.08025628954002,132.48697106444445,100.11323933,122.9966721,0.11592137745993224,0.4309171069805491,True,Pearson_point_biserial_equivalent,0.2187198545273387,0.01994252006649496,Welch_t_test,-2.341593757698971,0.02115495705058817,0.44727879115913316,0.07183275884647937,0.07582271734963285
Post1_GLSZM_ZonePercentage,113,0.24733809540000004,0.31026169477777776,0.23839615549999998,0.290410959,0.08014521692313321,0.21963399570719513,True,Pearson_point_biserial_equivalent,0.21589423405249614,0.021640171057513116,Welch_t_test,-2.324494307558403,0.022035604893930454,0.44121600165300834,0.07717972337753445,0.07859003912909186
ADC_IB_AreaUnderCurveCIVH,113,8406508082.599719,2133997494.2340794,115000000.0,474000000.0,2.428565158505141e-15,2.0338290271566266e-14,False,Spearman,0.2154891618160686,0.021893431095406774,Mann_Whitney_U,1180.5,0.022748480493368764,-0.1956302037679027,0.0777002162405613,0.08073480331960287
Post1_IB_IntensityBasedRobustMeanAbsoluteDeviation,113,63.212144569559996,78.65661512166666,47.780220695,75.4087486,0.0014416489363616373,0.3854580850530895,False,Spearman,0.2152138074880984,0.02206703735847308,Mann_Whitney_U,1181.0,0.02292282277591085,0.370131363280109,0.0779343173050464,0.08095670092565588
Post2_IB_IntensityBasedRobustMeanAbsoluteDeviation,113,77.55064360596,96.14359637025396,68.0999299,93.71991295,0.001901408529708112,0.44506929127282846,False,Spearman,0.21466757955031138,0.02241492268776662,Mann_Whitney_U,1182.0,0.023272111451247073,0.36334780365367275,0.07877866032011181,0.0817913043238004
Post2_IH_IntensityHistogramRobustMeanAbsoluteDeviation_Intensity,113,3.7604516736800004,4.603304114190476,3.3467300714999997,4.452282496,0.0011939099807025519,0.4726705626188859,False,Spearman,0.21412135161252432,0.022767500507743756,Mann_Whitney_U,1183.0,0.023626011603434405,0.34863289240236595,0.07886923620864345,0.08184321722912206
Post2_GLCM_ClusterShade,113,-315.23145994318,-1071.4060933638252,-37.63535702,-497.5122007,4.8230497260232625e-06,0.0005178455268872035,False,Spearman,-0.21412135161252432,0.022767500507743756,Mann_Whitney_U,1967.0,0.023626011603434405,-0.45044679976112906,0.07886923620864345,0.08184321722912206
ADC_GLRLM_LongRunsEmphasis,113,0.17712644068,0.09934270377777776,0.036410652,0.010789125,1.3049472968245313e-09,2.037203298945457e-11,False,Spearman,-0.21412179683929308,0.022767211199521128,Mann_Whitney_U,1967.0,0.023625721621006096,-0.33920447875127363,0.07886923620864345,0.08184321722912206
Post1_IB_10thIntensityPercentile,113,111.22837824284001,143.87815993015872,118.87189864999999,139.0,0.12698739446763102,0.2201898960257921,True,Pearson_point_biserial_equivalent,0.21160205243266839,0.024455815266570154,Welch_t_test,-2.276158963259001,0.024878121790084647,0.43202866925018835,0.08391474053552982,0.0857702865524823
Post1_IH_IntensityHistogramRobustMeanAbsoluteDeviation_Intensity,113,3.05936475564,3.8031290701269844,2.3759823585,3.618655693,0.0018937887558734161,0.30037354617719325,False,Spearman,0.2119364398613761,0.024225740371013153,Mann_Whitney_U,1187.0,0.025088709949380023,0.3809885028294212,0.08352112394577868,0.0860863791628016
Pre_Morph_MaxIntensityCoor_PerimeterCoor_2DSagittalSmallestDist_mm,113,1.3105773301199997,1.7197440518412697,0.707106781,1.58113883,1.0828042429766035e-09,1.3940432170558249e-09,False,Spearman,0.21028991808183686,0.025376758662945115,Mann_Whitney_U,1216.0,0.026256303935107743,0.3415543959699506,0.0866640248677937,0.08966775494819815
Post1_IH_IntensityHistogram10thPercentile,113,5.72,7.190476190476191,6.0,7.0,0.03632755499207934,0.07763503388900579,False,Spearman,0.20979155954806455,0.02573421482283484,Mann_Whitney_U,1192.5,0.026601032764677436,0.42516165474942424,0.08747216681564518,0.09041853390434959
ADC_GLSZM_LargeZoneLowGreyLevelEmphasis,113,4891019.43141352,145826.07550320003,15108.673535000002,46125.84375,1.513233656451081e-15,5.1953771307993504e-14,False,Spearman,0.20920530017244085,0.026160209815367687,Mann_Whitney_U,1192.0,0.027026806795932293,-0.2232861152749109,0.08850463507629068,0.09143648654324758
ADC_IH_IntensityHistogram50thPercentile,113,17.58,22.88888888888889,16.0,24.0,0.01436878649150751,0.24643273761204243,False,Spearman,0.208785442410997,0.026468973813676654,Mann_Whitney_U,1193.0,0.027336051894308627,0.4268744737813392,0.08913273042372975,0.09205256544874162
ADC_IB_50thIntensityPercentile,113,973.07518461508,1277.5243377746033,878.5,1323.887695,0.020288048368116846,0.2696172423109916,False,Spearman,0.20756704795645758,0.02738262147648145,Mann_Whitney_U,1195.0,0.028250309792998165,0.4271716703961016,0.09178249050450263,0.0946908531950494
T2_GLCM_ClusterShade,113,-1244.50478722872,43.43724779163493,1.5272100535000002,26.91232313,4.915899568876398e-12,6.81342586115149e-12,False,Spearman,0.20702081888288795,0.02780085995460289,Mann_Whitney_U,1196.0,0.02866872536132701,0.43100491572901944,0.09275494289001149,0.09565049383226154
Post2_IB_IntensityBasedEnergy,113,701618649.084406,300721868.54863495,43700000.0,88100000.0,1.5472627272815778e-15,5.357507270568291e-12,False,Spearman,0.20401995279185153,0.03019672730036702,Mann_Whitney_U,1201.5,0.03106385188987066,-0.137952577611073,0.10028637874066845,0.10316618701039615
Post2_GLSZM_LargeZoneEmphasis,113,2503.2858825544404,694.2831451210793,42.040920715,15.75132275,5.2710337443162726e-14,1.0941164958184076e-15,False,Spearman,-0.20265056491899625,0.031346880931516184,Mann_Whitney_U,1946.0,0.03221266893970411,-0.2872774223123664,0.10363078444939598,0.10649302425728666
Post2_IH_MinimumHistogramGradientGreyLevel_Intensity,113,11.78,16.746031746031747,10.5,17.0,0.0013565205713134253,0.0019654562989757066,False,Spearman,0.20191906475821061,0.03197631656660386,Mann_Whitney_U,1207.5,0.03284252214812692,0.46535948571236624,0.10523115088282362,0.10808175470565404
Post1_GLRLM_LongRunLowGreyLevelEmphasis,113,0.45665903839999994,0.09977233504761904,0.0542392305,0.032405148,5.981088455607942e-14,5.23608418958015e-16,False,Spearman,-0.20155810904342214,0.03229082592824407,Mann_Whitney_U,1944.0,0.03315509199458064,-0.3441825213136248,0.10530881969391308,0.10812741713547919
Post2_GLSZM_ZoneSizeVariance,113,2325.28091284542,656.33351418527,29.461250905,8.340828924,5.130430733570852e-14,1.0448075050340888e-15,False,Spearman,-0.20155810904342214,0.03229082592824407,Mann_Whitney_U,1944.0,0.03315509199458064,-0.2817676963772629,0.10530881969391308,0.10812741713547919
Post1_GLCM_DifferenceVariance,113,9.71531437574,12.449116725555553,6.491580891,10.13358287,8.862346535824753e-07,0.00022429855992577496,False,Spearman,0.2010118811056351,0.03277173703738256,Mann_Whitney_U,1207.0,0.033635087083995104,0.28422486146745507,0.10545216717806655,0.10823023577249981
ADC_IB_IntensityKurtosis,113,772.9382132204598,1040.4716385490476,599.5,1113.877686,0.00183883710743928,0.04285552128732829,False,Spearman,0.20102692959594637,0.032758407431488404,Mann_Whitney_U,1207.0,0.03362180218129076,0.3911064716083665,0.10545216717806655,0.10823023577249981
ADC_IB_25thIntensityPercentile,113,772.9382132204598,1040.4716385490476,599.5,1113.877686,0.00183883710743928,0.04285552128732829,False,Spearman,0.20102692959594637,0.032758407431488404,Mann_Whitney_U,1207.0,0.03362180218129076,0.3911064716083665,0.10545216717806655,0.10823023577249981
Post2_GLRLM_LongRunLowGreyLevelEmphasis,113,0.39886540654,0.08809393515873018,0.047235782000000004,0.023981228,2.4198607810096718e-14,9.277691540330212e-16,False,Spearman,-0.19937319729227393,0.034250913838065736,Mann_Whitney_U,1940.0,0.03511088606288409,-0.3084544026950116,0.10972416645468847,0.11247912172357558
T2_IH_IntensityHistogramMode_Intensity,113,10.1,9.587301587301587,6.0,8.0,1.9071089041075987e-10,0.00020049383228950808,False,Spearman,0.19916980598047115,0.034438373861905014,Mann_Whitney_U,1212.0,0.03529898855607002,-0.05559589928473591,0.10983869020272789,0.11258355821407355
Post1_GLSZM_LargeZoneEmphasis,113,4978.25857949624,952.9509386884919,87.090007215,25.91836735,6.02324347978731e-14,8.985383775488621e-16,False,Spearman,-0.1988269693544869,0.0347563136494387,Mann_Whitney_U,1939.0,0.035614947441181245,-0.33857145273469724,0.11036653983418254,0.11309307871673342
T2_IH_IntensityHistogramMinimumGreyLevel_Intensity,113,2.76,3.634920634920635,2.0,3.0,4.882707875632285e-05,1.1541124225586259e-05,False,Spearman,0.19603732568669727,0.037436445677507195,Mann_Whitney_U,1223.0,0.03829183355330192,0.42622184478558234,0.11835802039526291,0.12106239079733884
ADC_IH_IntensityHistogramMinimumGreyLevel_Intensity,113,8.04,12.952380952380953,4.5,12.0,3.412516164488521e-07,3.0032008013547985e-05,False,Spearman,0.19581572100589872,0.03765659403957374,Mann_Whitney_U,1222.0,0.03851011299896746,0.47193142415680833,0.11853640906370169,0.12122313830979324
T2_GLSZM_GreyLevelNonUniformity,113,11.51056962628,10.428728041269842,3.6114942525,4.692307692,9.068515963269854e-15,4.32846979528449e-14,False,Spearman,0.19419493457647352,0.03929998844345884,Mann_Whitney_U,1219.5,0.0401428973644078,-0.03638765244762088,0.12317398975352467,0.12581583416377162
ADC_IB_MinimumIntensity,113,421.1143404408,703.8820276196826,220.57295225000001,654.7225952,7.254824732733975e-07,4.9459996104519895e-05,False,Spearman,0.1925394074856401,0.04104019714033342,Mann_Whitney_U,1225.5,0.04187800028530375,0.4710518075530693,0.1279006491565725,0.13048211858135714
ADC_IH_IntensityHistogramKurtosis_Intensity,113,14.12,18.746031746031747,11.0,20.0,0.001248091592001554,0.034408600735959895,False,Spearman,0.19226195053575393,0.04133805511414084,Mann_Whitney_U,1223.5,0.04217239744204084,0.3880207095625912,0.1279006491565725,0.13048211858135714
ADC_IH_IntensityHistogram25thPercentile,113,14.12,18.746031746031747,11.0,20.0,0.001248091592001554,0.034408600735959895,False,Spearman,0.19226195053575393,0.04133805511414084,Mann_Whitney_U,1223.5,0.04217239744204084,0.3880207095625912,0.1279006491565725,0.13048211858135714
Post1_GLSZM_ZoneSizeEntropy,113,5.489901744759999,5.946804900936508,5.7362043975,6.003747569,4.563358497710292e-05,0.15225892563857593,False,Spearman,0.19172600616325522,0.04191852121894596,Mann_Whitney_U,1224.0,0.04274972683604401,0.4548847583672541,0.12914472069156116,0.13170554140125898
Post2_GLSZM_ZoneSizeEntropy,113,5.69293149628,6.116354790698413,5.8438540759999995,6.118174526,0.00026610107888554694,0.1940287137335287,False,Spearman,0.19063355028768109,0.0431228147519839,Mann_Whitney_U,1226.0,0.043948098461326454,0.4630515821644053,0.13229202491710315,0.13482382748305236
ADC_IH_IntensityHistogram10thPercentile,113,10.74,15.571428571428571,8.0,17.0,1.8747625942979793e-05,0.0008300310770310655,False,Spearman,0.18984217687938754,0.044013103016361826,Mann_Whitney_U,1229.5,0.04483563621412263,0.4307097776690158,0.1344535298896454,0.1369662473376573
ADC_GLRLM_ShortRunHighGreyLevelEmphasis,113,2.40270179926,0.998510934698413,0.11886585399999999,0.018793549,1.0172222922551103e-13,3.2987975749043656e-13,False,Spearman,-0.18844863853653288,0.04561801816790836,Mann_Whitney_U,1920.0,0.0464300570229991,-0.256560658033692,0.1387707779561582,0.14124101380105608
ADC_IB_10thIntensityPercentile,113,577.8377516142,852.326869773365,405.97795105,917.1096802,3.3293793276283496e-05,0.0011175517240363554,False,Spearman,0.1878971149247071,0.04626649322947276,Mann_Whitney_U,1231.5,0.04707534949326739,0.42393635889911246,0.1401545652641769,0.14260482440638322
T2_GLRLM_LongRunLowGreyLevelEmphasis,113,1.0012089712999999,0.7625281112222224,0.067688267,0.034195027,9.398102897235078e-15,4.642825409152573e-17,False,Spearman,-0.18680995472317172,0.04756719165273451,Mann_Whitney_U,1917.0,0.04836805833380067,-0.055849220779635375,0.1434943614857491,0.14591030930696539
T2_GLCM_AngularSecondMoment,113,0.11269267082,0.06887147084126984,0.0321599645,0.020754709,6.07537182208737e-12,4.555223579551761e-15,False,Spearman,-0.18571788501367256,0.04890414868048743,Mann_Whitney_U,1915.0,0.04969697602480485,-0.2235263513641212,0.1469153678202195,0.1492971395931897
Post1_GLCM_ClusterShade,113,-178.63481676618002,-563.8752422822857,-0.211436632,-224.5011496,0.003887925056773109,8.076931022972642e-06,False,Spearman,-0.18462504297202353,0.05027304900344295,Mann_Whitney_U,1913.0,0.051057351335797155,-0.39228466307565196,0.15023695457901923,0.15257629941375686
T2_IH_IntensityHistogram25thPercentile,113,8.04,7.825396825396825,5.5,7.0,1.8590349523203637e-10,0.13807220071978857,False,Spearman,0.18450538861090487,0.05042483420262661,Mann_Whitney_U,1239.0,0.05121000104633,-0.03352275425879394,0.15023695457901923,0.15257629941375686
ADC_IB_RootMeanSquareIntensity,113,5514.6081636628005,1573.8844650198414,201.6625,397.817,2.1579865074952412e-15,2.7145552670813035e-14,False,Spearman,0.18407881503423648,0.0509690412599956,Mann_Whitney_U,1238.0,0.051748902932436135,-0.18399782021322234,0.1512360076731017,0.1535500234552613
Post2_IH_IntensityHistogramSkewness_Intensity,113,0.23569733520000002,-0.035046964571428585,0.117654397,-0.198607055,0.0013694457630215764,3.7904775483699315e-08,False,Spearman,-0.18353258709644943,0.05167297395096172,Mann_Whitney_U,1911.0,0.052448274737757525,-0.3305199902043216,0.15269891077753586,0.15499000371484264
ADC_Morph_SphereDiameter_mm,113,5505335.136031073,1558502.8667120363,197203.1358,393008.6849,2.1489212944442e-15,2.6326115146968477e-14,False,Spearman,0.18189390328308827,0.0538330650143666,Mann_Whitney_U,1242.0,0.05459396038356363,-0.18426840307391346,0.15843552467642852,0.16067490779552873
Post1_GLSZM_ZoneSizeVariance,113,4540.71504805738,908.8874597115716,56.696937805000005,16.34113564,5.3221110199775914e-14,7.969959987704127e-16,False,Spearman,-0.18134767534530125,0.054569410681377266,Mann_Whitney_U,1907.0,0.05532526298717702,-0.3248918092435586,0.15995244264500869,0.16216797733893182
Post1_GLSZM_LowGrayLevelZoneEmphasis,113,0.058932904620000004,0.03441343506349207,0.036664433499999996,0.028471603,1.8246252367804508e-12,1.2611660489212628e-13,False,Spearman,-0.17916276359415298,0.05759812079015194,Mann_Whitney_U,1903.0,0.05833259347155757,-0.33238802907385695,0.16814935262931455,0.17029353900567615
ADC_GLCM_ClusterTendency,113,-347.81754422330005,588.3511852430474,2.281582921,67.87682707,3.225021829974748e-12,6.136851889193465e-11,False,Spearman,0.17643199076298893,0.061575906436553134,Mann_Whitney_U,1252.0,0.062280946727103534,0.31509925329009636,0.1790399849801786,0.18108998164828496
Post2_IB_IntensitySkewness,113,0.20512062318000002,-0.0411519048095238,0.110056761,-0.198815115,0.0005228912658307741,4.471781502312374e-08,False,Spearman,-0.17424671215406956,0.06491827531500645,Mann_Whitney_U,1894.0,0.06559760213356405,-0.3014762336033298,0.18725430807993892,0.1892138005764955
T2_IB_10thIntensityPercentile,113,127.88239192861998,134.30520774287302,93.460113525,121.0,1.6040137452383315e-10,0.0274082090703062,False,Spearman,0.17424961073448136,0.06491374609769857,Mann_Whitney_U,1256.0,0.06559311532867025,0.06188123691419046,0.18725430807993892,0.1892138005764955
T2_GLSZM_LowGrayLevelZoneEmphasis,113,0.08983159156000001,0.03916368268253968,0.023512119499999998,0.017281674,5.495847704959875e-13,1.4396562994184998e-13,False,Spearman,-0.17315461632157117,0.06664313557089681,Mann_Whitney_U,1892.0,0.06730889983627,-0.33656186139443695,0.19146678632273528,0.19337953762483923
T2_IB_25thIntensityPercentile,113,182.54124497782,176.48988808492066,119.5,167.4405975,2.5316464008144526e-10,0.2839567157388361,False,Spearman,0.1728850966599671,0.06707449421478222,Mann_Whitney_U,1258.5,0.06773684748951347,-0.039066115771674244,0.19194440241700525,0.19383983234153265
T2_IH_IntensityHistogram10thPercentile,113,5.8,6.0,4.0,5.0,1.283689008315516e-10,0.008988347405411976,False,Spearman,0.17225169324426048,0.06809716646284238,Mann_Whitney_U,1262.0,0.06875466068164121,0.04676742582424871,0.19410373432715702,0.19597785170672535
Post1_IB_IntensityBasedEnergy,113,335784784.953134,204236185.097,31450000.0,61400000.0,1.824879036526191e-15,2.617158867615098e-12,False,Spearman,0.1709707665404348,0.07020395720917894,Mann_Whitney_U,1262.0,0.07084119048698292,-0.10018054632762337,0.19932417654684528,0.2011334192650025
Post1_GLCM_InverseVariance,113,0.28053272454,0.2464452587936508,0.28321507199999996,0.239573478,0.47225787914194384,0.0012646780327658274,False,Spearman,-0.16987688865177314,0.07204458608051786,Mann_Whitney_U,1886.0,0.07266682347436543,-0.35603726353701615,0.20295828919180905,0.20471120698615008
T2_GLCM_InverseDifferenceMoment,113,0.54347506896,0.47996090603174607,0.517395614,0.481754042,0.1139413536000764,0.002895388200360142,False,Spearman,-0.16987724188015343,0.07204398548390438,Mann_Whitney_U,1886.0,0.07266622875128953,-0.3566673757875219,0.20295828919180905,0.20471120698615008
Post2_GLCM_InverseVariance,113,0.25180343382,0.21777558773015873,0.2363853295,0.187138826,0.11314426468874396,0.0004970887706494608,False,Spearman,-0.16933066071398606,0.07297819200750871,Mann_Whitney_U,1885.0,0.0735927701527895,-0.3624257104411554,0.20479151555595468,0.20651614570007598
Post2_NGTDM_Contrast,113,0.35613997999999997,0.39371024655555564,0.25196133099999996,0.303908509,6.19390756709801e-08,0.0006996061849261996,False,Spearman,0.16823820483841198,0.07487469370032249,Mann_Whitney_U,1267.0,0.0754736108745644,0.11017855133846997,0.20930223258314085,0.21097642576519163
ADC_IB_IntensityBasedMedianAbsoluteDeviation,113,0.8448934032400001,0.5443574498730158,0.42726746299999996,0.303672544,9.154003298345084e-12,2.6420285251605925e-08,False,Spearman,-0.16550706514947672,0.07978997259000534,Mann_Whitney_U,1878.0,0.0803477721564558,-0.3104461059756381,0.22133310404277343,0.22373764246643846
T2_GLCM_InverseDifference,113,0.58626703592,0.5344500737619048,0.5642407775,0.536334151,0.07539941748817734,0.001490220537030274,False,Spearman,-0.1633224929973179,0.08390502068144273,Mann_Whitney_U,1874.0,0.08442796416745996,-0.3353814821502034,0.23097987632809983,0.23330654105188062
T2_GLSZM_LargeZoneEmphasis,113,17910.187825545,11309.363362521002,557.14489795,373.4907975,7.119410870082472e-15,1.5132307956734122e-16,False,Spearman,-0.16332215339832848,0.08390567330703073,Mann_Whitney_U,1874.0,0.08442861015965845,-0.09835818211037829,0.23097987632809983,0.23330654105188062
Post1_IH_RootMeanSquare_Intensity,113,0.018492886400000002,0.013685220158730162,0.014291440499999999,0.011530964,5.146726035806345e-08,0.0012441813373769864,False,Spearman,-0.16277592546054145,0.08496064698697602,Mann_Whitney_U,1873.0,0.0854746022394818,-0.3917537044125671,0.23299813794913118,0.23529890502427692
ADC_IH_RootMeanSquare_Intensity,113,258.29,23.674603174603174,8.5,12.0,2.037833223872752e-15,1.342360735058197e-13,False,Spearman,0.16173594084926282,0.08699848758640011,Mann_Whitney_U,1279.0,0.08749522856341828,-0.20096135888515645,0.23768643400963652,0.2399490359087683
Post2_GLCM_Correlation,113,0.49809128069999997,0.5364273407777779,0.49953323549999995,0.544893892,0.14669436438160222,0.2665226939644072,True,Pearson_point_biserial_equivalent,0.1655083486830155,0.07978760327234376,Welch_t_test,-1.7197573829452577,0.08886532994542803,0.3348857342038435,0.22133310404277343,0.24278678822826374
T2_GLSZM_ZoneSizeEntropy,113,4.684516442880001,5.226132582222223,4.6919798635,5.237874018,0.07403090967913097,0.04611301737617735,False,Spearman,0.15977499405999868,0.09094667845377688,Mann_Whitney_U,1282.5,0.09140946802570693,0.34598727492578285,0.24753907970125735,0.24879870244590913
Post2_Morph_MaxIntensityCoor_PerimeterCoor_2DSagittalSmallestDist_mm,113,1.8215424229600001,2.1897650279206347,0.707106781,1.58113883,3.556898077499625e-08,6.654879876717757e-10,False,Spearman,0.15959003797745155,0.09132628957155316,Mann_Whitney_U,1294.5,0.09180897141141388,0.20432121449439142,0.24764132453110296,0.24895016966990133
T2_GLRLM_ShortRunLowGreyLevelEmphasis,113,0.04426409527999999,0.03398829149206349,0.0233348965,0.014345488,5.925486852855098e-12,1.6136948073684786e-12,False,Spearman,-0.15840610195824506,0.09378609426863284,Mann_Whitney_U,1865.0,0.09422453186400592,-0.15845685111886615,0.25336243377048573,0.25454686966246376
Post2_IH_RootMeanSquare_Intensity,113,0.01678383548,0.01241671926984127,0.013317682,0.01055328,2.017572430357564e-08,0.0023015875222290633,False,Spearman,-0.15458250639373566,0.10208962750639786,Mann_Whitney_U,1858.0,0.10245698613610066,-0.3908088702003824,0.27476910897632734,0.27575783629195866
Post1_NGTDM_Busyness,113,1.64253696412,0.7505401444444445,0.2112269325,0.154712302,1.2801023451764441e-13,1.8846130911775002e-15,False,Spearman,-0.15294382258037453,0.10582037320526094,Mann_Whitney_U,1855.0,0.10615596585310538,-0.24624293221076712,0.2837553711133664,0.2846552565838826
T2_GLSZM_LargeZoneLowGreyLevelEmphasis,113,9465.27560089648,6847.721832840189,14.035903475000001,5.229486019,1.2722687548065994e-15,1.6935123268009454e-17,False,Spearman,-0.15239759464258745,0.10708738530315336,Mann_Whitney_U,1854.0,0.10741222690061716,-0.04661144206834129,0.2860932360128525,0.28696107850939784
Pre_IB_IntensityBasedCoefficientOfVariation,113,0.45176480114,0.3882156354285714,0.3919587885,0.341236066,1.0483445003941385e-05,1.6962030748492676e-11,False,Spearman,-0.1518513667048004,0.10836622188701196,Mann_Whitney_U,1853.0,0.10868023400743125,-0.23954491866869992,0.2863399439642214,0.2871696694210957
Pre_IH_IntensityHistogramCoefficientOfVariation_Intensity,113,0.42744231886000006,0.3700093138412697,0.3761207225,0.329005948,7.18064756999523e-05,2.8841233231060753e-10,False,Spearman,-0.1518513667048004,0.10836622188701196,Mann_Whitney_U,1853.0,0.10868023400743125,-0.24942513659012674,0.2863399439642214,0.2871696694210957
T2_GLRLM_LowGreyLevelRunEmphasis,113,0.09037136348,0.06202296526984127,0.03014248,0.017153264,2.2113094548302924e-13,9.80863115391981e-15,False,Spearman,-0.1518516824523558,0.10836547922617189,Mann_Whitney_U,1853.0,0.10867949895332467,-0.1515015724066667,0.2863399439642214,0.2871696694210957
Post2_GLSZM_NormalisedZoneSizeNonUniformity,113,0.27950727222,0.29878702979365074,0.2676078615,0.294403699,0.03592746389365456,0.050543187112869765,False,Spearman,0.15021268289143927,0.11227433098393366,Mann_Whitney_U,1300.0,0.11255540140952887,0.2907555796914964,0.29451672330568107,0.2952540239873148
T2_IH_Uniformity_Intensity,113,0.21862437776,0.16192031776190474,0.146205252,0.112799672,1.1418161400312057e-08,4.461976195911117e-12,False,Spearman,-0.1502129952316469,0.11227357577377245,Mann_Whitney_U,1850.0,0.1125546539025294,-0.290933931582963,0.29451672330568107,0.2952540239873148
ADC_GLCM_ClusterShade,113,116672.72247741996,92191.83357813003,6099.837900500001,13308.48896,1.285537276958253e-13,4.887765789736051e-12,False,Spearman,0.1491205370845077,0.1149392883976498,Mann_Whitney_U,1302.0,0.11519804562835706,-0.08853783833528218,0.3004189342956623,0.30109525283368416
Pre_IH_IntensityHistogramQuartileCoefficientOfDispersion_Intensity,113,0.287652067,0.22429125714285708,0.2476415095,0.2,0.000615762501836819,0.0010939012546878697,False,Spearman,-0.14779000109532092,0.1182519692577151,Mann_Whitney_U,1845.5,0.11848333901478696,-0.406653282421568,0.30796556022512855,0.3085681203118912
Post1_GLRLM_LowGreyLevelRunEmphasis,113,0.09586927296,0.04204600987301586,0.0305974405,0.023047953,5.2362077558557067e-11,1.969394267754948e-13,False,Spearman,-0.14748154320250398,0.1190303928275504,Mann_Whitney_U,1845.0,0.1192551584357346,-0.4412275280804529,0.3088817362263315,0.309464998951512
T2_GLSZM_ZonePercentage,113,0.12678131001999998,0.1590357819206349,0.08831410149999999,0.124146434,0.0004640968274312179,0.0009194470121326138,False,Spearman,0.14693531526471695,0.12041856426101602,Mann_Whitney_U,1306.0,0.12063187569923858,0.3011399820902113,0.3113680018749128,0.3119195643080312
Pre_IB_IntensityBasedQuartileCoefficientOfDispersion,113,0.29740202354,0.2339093748571428,0.24016673900000002,0.197080292,0.0004955812008462227,0.0001760792056842802,False,Spearman,-0.14584285938914285,0.1232323735447461,Mann_Whitney_U,1842.0,0.1234225993639813,-0.3881445300566118,0.31638382427800066,0.3179998645534607
ADC_IB_IntensityBasedCoefficientOfVariation,111,0.42425880754166667,0.37792815985714284,0.299115456,0.209175085,3.3498536587056e-05,4.775548298041322e-08,False,Spearman,-0.14657098590042486,0.12477318437047435,Mann_Whitney_U,1770.0,0.12496316832986892,-0.1371958916518987,0.3192077225590934,0.32082742507384787
T2_IB_MedianIntensity,113,256.64537998996,233.1079599852381,154.0,212.8475494,8.233481703250758e-09,0.006591566355210852,False,Spearman,0.14475070449595065,0.12609576014725454,Mann_Whitney_U,1310.0,0.12626268573702074,-0.1131511769109287,0.3194724103849598,0.32188093124508105
T2_IB_50thIntensityPercentile,113,256.64537998996,233.1079599852381,154.0,212.8475494,8.233481703250758e-09,0.006591566355210852,False,Spearman,0.14475070449595065,0.12609576014725454,Mann_Whitney_U,1310.0,0.12626268573702074,-0.1131511769109287,0.3194724103849598,0.32188093124508105
Pre_IH_MaximumHistogramGradient_Intensity,113,362.36,94.07936507936508,10.25,12.5,2.105744655905504e-15,9.674806866130706e-15,False,Spearman,0.14342718859213263,0.12963390991630871,Mann_Whitney_U,1312.5,0.12977253866981361,-0.187918152972361,0.3247576151536592,0.32851509789141625
T2_IB_MinimumIntensity,113,54.47263618064,73.33114900966666,45.5,70.01758575,0.0037410686261607562,0.00013660663726297066,False,Spearman,0.14359099543084392,0.1291919273060694,Mann_Whitney_U,1312.5,0.12933493359770398,0.35819568026603354,0.3247576151536592,0.32851509789141625
Post2_NGTDM_Busyness,113,2.73886692462,0.5954015301428571,0.1629094485,0.110490428,3.202960142293471e-15,1.2552252075966666e-15,False,Spearman,-0.14256549176242053,0.13197802757079505,Mann_Whitney_U,1836.0,0.13209772989163784,-0.22387421155010592,0.3294899722801918,0.33323608516218045
Post1_GLCM_Correlation,113,0.5031298576000001,0.5364820078888889,0.5094954655,0.538610574,0.15399345208284104,0.45034290330248133,True,Pearson_point_biserial_equivalent,0.145843384271334,0.12323100956440627,Welch_t_test,-1.5107672211837975,0.13430043903579456,0.29417162695885435,0.31638382427800066,0.3372644827083997
Post2_GLRLM_LowGreyLevelRunEmphasis,113,0.08099984667999999,0.03696270484126984,0.025880084499999997,0.019400467,7.0865152832382064e-12,2.210247324388478e-13,False,Spearman,-0.14147303588684645,0.13499629628674206,Mann_Whitney_U,1834.0,0.13509212705170706,-0.3855166980823206,0.33471684421781256,0.3372644827083997
ADC_GLCM_InverseDifferenceMoment,113,0.9810455154800001,0.9829998767777777,0.982360494,0.985948241,0.3790792935276162,0.0001770227515858902,False,Spearman,0.14147333005453294,0.13499547652923005,Mann_Whitney_U,1316.0,0.1350913153134411,0.1902582553983456,0.33471684421781256,0.3372644827083997
Pre_IH_IntensityHistogramStd_Intensity,113,6.48025735106,5.596896858190477,6.258952433,5.437117247,0.05475978300308206,0.1570308249910648,True,Pearson_point_biserial_equivalent,-0.14471114507234184,0.1262004273067659,Welch_t_test,1.4867957452064484,0.14069453622904574,-0.29183881433966286,0.3194724103849598,0.35004413824683545
Pre_IB_StandardDeviation,113,88.73913052443999,76.59393282222224,85.20773823,74.63244562,0.0585882580545089,0.16440324908637086,True,Pearson_point_biserial_equivalent,-0.14453884692850577,0.1266570759250813,Welch_t_test,1.484381802968028,0.14134212871004675,-0.2914839222136053,0.3195112298597869,0.35045103145915707
Post2_IB_TotalLesionGlycolysis,113,1572.4329029895798,620.9720680931746,101.017,163.791,1.6508721644814367e-15,1.9797752911351825e-12,False,Spearman,0.13874189619791116,0.14277196465810726,Mann_Whitney_U,1321.0,0.1428074960776716,-0.15038615353559806,0.3503962793643039,0.3504834818990991
ADC_GLSZM_ZonePercentage,113,34.11299623682,37.83476229180952,23.345795645000003,26.94444444,4.9308331526542516e-09,2.9750187942733482e-06,False,Spearman,0.13874218468668478,0.14277112578513498,Mann_Whitney_U,1321.0,0.1428066652521803,0.09801173442721063,0.3503962793643039,0.3504834818990991
T2_IH_MaximumHistogramGradient_Intensity,113,173.28,75.91269841269842,29.25,19.0,9.590362496544677e-15,1.6234891447729194e-13,False,Spearman,-0.13902686296883432,0.14194515036296956,Mann_Whitney_U,1829.5,0.14198707565846214,-0.16476795924596743,0.3503962793643039,0.3504834818990991
Pre_IH_IntensityHistogramMode_Intensity,113,14.24,17.015873015873016,14.0,16.0,0.018067562948592804,0.046206081316262276,False,Spearman,0.13807566485241018,0.14471921717018663,Mann_Whitney_U,1322.5,0.14474081382519113,0.31365243674199705,0.35278354623304753,0.35283619262437166
Post2_Morph_IntegratedIntensity_Intensity,113,1568687.2750708002,615091.7497371427,98127.61902499999,158056.4193,1.646524733212703e-15,1.8787950028551754e-12,False,Spearman,0.1381956682601241,0.14436699850005144,Mann_Whitney_U,1322.0,0.14439038301348928,-0.1507585750610414,0.35278354623304753,0.35283619262437166
Post1_NGTDM_Contrast,113,0.28525461322,0.3061039676825396,0.166762821,0.252590259,1.486734864955824e-08,0.0005203810450593984,False,Spearman,0.13655698444676295,0.14923294314249974,Mann_Whitney_U,1325.0,0.1492197577874504,0.0753643029375129,0.3625659423998987,0.36253390818159087
Post1_IH_MinimumHistogramGradient_Intensity,113,-164.07,-69.03174603174604,-18.0,-13.5,3.530636984588377e-14,1.7137171993228097e-15,False,Spearman,0.13632724783958602,0.14992488068577917,Mann_Whitney_U,1325.5,0.14990681594932595,0.23111312487227714,0.36302880808195354,0.3629850660445217
Post1_Morph_Maximum3DDiameter_mm,113,16.03314220222,17.759112117206353,13.029657910000001,13.74772708,6.358879369667646e-11,9.451841270918131e-09,False,Spearman,0.13573848927127277,0.15170916384247216,Mann_Whitney_U,1326.5,0.15167766092388094,0.15054418723175375,0.363700114642218,0.3636245910890391
Post2_GLSZM_LowGrayLevelZoneEmphasis,113,0.04835511853999999,0.0279066073968254,0.0268770345,0.020353143,1.6451101695585936e-11,1.8259958717920027e-09,False,Spearman,-0.1360107565089759,0.15088206202052828,Mann_Whitney_U,1824.0,0.15085665221345673,-0.3824505931263911,0.363700114642218,0.3636245910890391
T2_IH_MinimumHistogramGradient_Intensity,113,-199.35,-105.64285714285714,-29.25,-20.5,3.861251399211424e-15,5.187775015026316e-14,False,Spearman,0.13575401548518476,0.15166190644394467,Mann_Whitney_U,1326.5,0.15163084573615618,0.14629315722256866,0.363700114642218,0.3636245910890391
Pre_GLSZM_GreyLevelNonUniformity,113,13.879659700619998,14.674715395047617,4.2903291345,4.818181818,6.363329354918916e-15,1.406366440782397e-15,False,Spearman,0.13491830063340182,0.1542213424839327,Mann_Whitney_U,1328.0,0.1541714477127189,0.018936140987500464,0.3685024817107831,0.3683832612013482
Pre_Morph_Maximum3DDiameter_mm,113,16.05069998634,17.759112117206353,13.029657910000001,13.74772708,6.245203248901735e-11,9.451841270918131e-09,False,Spearman,0.13410007407564453,0.15675845322379917,Mann_Whitney_U,1329.5,0.1566902057352256,0.14906523113707926,0.36968443040400845,0.3695234819293268
Post2_Morph_Maximum3DDiameter_mm,113,16.05069998634,17.759112117206353,13.029657910000001,13.74772708,6.245203248901735e-11,9.451841270918131e-09,False,Spearman,0.13410007407564453,0.15675845322379917,Mann_Whitney_U,1329.5,0.1566902057352256,0.14906523113707926,0.36968443040400845,0.3695234819293268
Post2_IH_MaximumHistogramGradientGreyLevel_Intensity,113,13.38,16.253968253968253,13.0,15.0,0.06345732415889825,0.04741837740901459,False,Spearman,0.13423355897948427,0.15634243343635737,Mann_Whitney_U,1329.5,0.15627802226218868,0.32839016838163043,0.36968443040400845,0.3695234819293268
T2_Morph_Maximum3DDiameter_mm,113,16.05069998634,17.759112117206353,13.029657910000001,13.74772708,6.245203248901735e-11,9.451841270918131e-09,False,Spearman,0.13410007407564453,0.15675845322379917,Mann_Whitney_U,1329.5,0.1566902057352256,0.14906523113707926,0.36968443040400845,0.3695234819293268
Post1_GLRLM_ShortRunLowGreyLevelEmphasis,113,0.06629827944000001,0.034598704825396814,0.028120363000000002,0.022017271,1.0217826440820095e-09,9.719346735921886e-12,False,Spearman,-0.13382584475782772,0.1576157146073136,Mann_Whitney_U,1820.0,0.15754130457157867,-0.44048119282190545,0.3704992771938151,0.370324365291633
Pre_NGTDM_Strength,113,9.23889410932,6.988063013349206,6.276794229,5.14923171,0.000292977195403455,1.529407516207857e-07,False,Spearman,-0.13327961682004064,0.15933369629139305,Mann_Whitney_U,1819.0,0.15924702402463975,-0.29793630822485156,0.37212127779022114,0.37191885610915865
ADC_GLCM_SumVariance,113,5.180755455460001,4.367886228698413,6.0081134894999995,5.427930403,0.0007002888688286161,3.4249793794000424e-05,False,Spearman,-0.1333808846008058,0.1590141408458021,Mann_Whitney_U,1819.0,0.15893039164834954,-0.2621941067872942,0.37212127779022114,0.37191885610915865
Post2_GLRLM_ShortRunLowGreyLevelEmphasis,113,0.05551214752,0.03052944244444445,0.0233268825,0.018686679,2.0811818377346515e-10,5.515196386419196e-12,False,Spearman,-0.13218716094446656,0.1628115191505974,Mann_Whitney_U,1817.0,0.1627003269708316,-0.3885917314683107,0.37902102850492775,0.3787621759706819
Pre_IH_IntensityHistogramRobustMeanAbsoluteDeviation_Intensity,113,3.8810638295399995,3.1263456036666666,3.3662615815,2.861203275,0.0037324957809965666,0.002593004728598429,False,Spearman,-0.13164093300667948,0.1645714661226225,Mann_Whitney_U,1816.0,0.16444802183223461,-0.3473475032688857,0.3818901970281368,0.3816037429696726
Post2_IH_MinimumHistogramGradient_Intensity,113,-129.09,-57.03174603174603,-15.75,-10.0,1.1278958373949738e-13,1.658211801197937e-15,False,Spearman,0.13086241306104887,0.16710422875318034,Mann_Whitney_U,1335.5,0.16696361509463586,0.24643855647331434,0.3865286313651839,0.38620337804637817
Post1_IB_TotalLesionGlycolysis,113,1099.12388949558,513.5291003626985,83.89918722,136.159,1.8692670096315904e-15,9.58345533312383e-13,False,Spearman,0.1294560212555313,0.1717527010574841,Mann_Whitney_U,1338.0,0.17158036671588317,-0.13770739588302403,0.38737992388043146,0.38699123209439074
ADC_GLRLM_RunPercentage,113,33.2388132619,35.800627013031736,15.05149839,22.07010759,1.1704264791421174e-09,3.50918688831431e-07,False,Spearman,0.12945629043600118,0.171751802308593,Mann_Whitney_U,1338.0,0.17157947585726685,0.06250870393201455,0.38737992388043146,0.38699123209439074
T2_IB_MeanIntensity,113,252.56996218630005,239.11823064696827,175.72370404999998,231.1583333,5.624497046313921e-08,0.02128636725596512,False,Spearman,0.13000224919331835,0.1699360731377105,Mann_Whitney_U,1337.0,0.16977593781806843,-0.07232860607949959,0.38737992388043146,0.38699123209439074
T2_IB_AreaUnderCurveCIVH,113,6135.364859044,5811.477517476191,4288.664097499999,5571.411979,5.3656738741235565e-08,0.018736871189987677,False,Spearman,0.1294560212555313,0.1717527010574841,Mann_Whitney_U,1338.0,0.17158036671588317,-0.07170365671627986,0.38737992388043146,0.38699123209439074
T2_IH_IntensityHistogramMean_Intensity,113,10.907125506500002,10.347646124666669,7.738474377499999,10.01666667,4.966226039901886e-08,0.018343858570133476,False,Spearman,0.13000251950957079,0.1699351776593544,Mann_Whitney_U,1337.0,0.1697750502498938,-0.07326692808118394,0.38737992388043146,0.38699123209439074
T2_IH_IntensityHistogramMedian_Intensity,113,11.12,10.047619047619047,7.0,9.0,7.648882437338595e-09,0.004206349682213462,False,Spearman,0.12986277647780692,0.17039857074374887,Mann_Whitney_U,1338.0,0.17023814807630444,-0.12501124211819453,0.38737992388043146,0.38699123209439074
T2_IH_IntensityHistogram50thPercentile,113,11.12,10.047619047619047,7.0,9.0,7.648882437338595e-09,0.004206349682213462,False,Spearman,0.12986277647780692,0.17039857074374887,Mann_Whitney_U,1338.0,0.17023814807630444,-0.12501124211819453,0.38737992388043146,0.38699123209439074
T2_IH_AreaUnderCurveCIVH_Intensity,113,265.1794888868,251.57714639984127,188.14165830000002,243.5302083,4.966226043273274e-08,0.018343858603588944,False,Spearman,0.13000251950957079,0.1699351776593544,Mann_Whitney_U,1337.0,0.1697750502498938,-0.07326692816631715,0.38737992388043146,0.38699123209439074
ADC_IH_IntensityHistogramInterquartileRange_Intensity,113,21.4,24.063492063492063,18.5,21.0,0.005288432380855143,0.015746456768441518,False,Spearman,0.1289800782467475,0.17334723132302735,Mann_Whitney_U,1339.0,0.17316478151770598,0.19866549442640058,0.3897620977573658,0.38935186900254387
ADC_NGTDM_Contrast,111,0.7560986666666668,0.7338170401269842,0.187470009,0.107142617,3.4659442900422722e-09,2.26717464859725e-12,False,Spearman,-0.12996603151026226,0.17397212792552774,Mann_Whitney_U,1741.0,0.17379225437464285,-0.01724541776733583,0.38995610098477423,0.38955291692644406
ADC_IB_MeanIntensity,113,109387.74759554675,117831.09223764764,50266.168659999996,69484.38384,9.881868702415003e-10,6.881017380744953e-08,False,Spearman,0.1283635653799572,0.17542889590838984,Mann_Whitney_U,1340.0,0.17523222792806237,0.06043780308434741,0.3908016019620746,0.3903634862151297
ADC_IB_90thIntensityPercentile,113,270.53451284362,303.09779166761905,224.16832955,263.5989071,0.0005862686385085554,0.004265806517562972,False,Spearman,0.1283635653799572,0.17542889590838984,Mann_Whitney_U,1340.0,0.17523222792806237,0.18482352675854774,0.3908016019620746,0.3903634862151297
ADC_Morph_Asphericity,113,5.26159297628,5.585042275936509,3.9360526690000004,4.585056474,3.3776275304909054e-10,1.023709110402429e-06,False,Spearman,0.12727110950438308,0.17916266930300603,Mann_Whitney_U,1342.0,0.1789417731922961,0.08696933127498412,0.39667820359442313,0.39618912474379925
ADC_IB_IntensityInterquartileRange,113,1239.550522544,1385.2986853333332,1090.200531,1240.358765,0.00592581353619045,0.012307065346151924,False,Spearman,0.1272716387807131,0.1791608463497113,Mann_Whitney_U,1342.0,0.17893996583451532,0.18987672696749727,0.39667820359442313,0.39618912474379925
Post1_Morph_IntegratedIntensity_Intensity,113,1094920.33013394,508746.45518793655,81148.671695,132424.8843,1.8637941100886146e-15,9.175490539785222e-13,False,Spearman,0.12672488156659603,0.18105126822810752,Mann_Whitney_U,1343.0,0.1808183050545319,-0.13803474482598602,0.39963755547911534,0.39912333188866184
Pre_Morph_RadiusSphereNorm_MaxIntensityCoor_RoiCentroidCoor_Dist,113,0.89140565822,0.9524483832698412,0.8493542365,0.9512823,0.2740061281914749,0.0010216778137389366,False,Spearman,0.12617865362880898,0.18295440493304901,Mann_Whitney_U,1344.0,0.18270941003540642,0.20108322476936716,0.40139087627735603,0.4008533723201038
Pre_IH_MinimumHistogramGradientGreyLevel_Intensity,113,13.88,16.158730158730158,13.5,17.0,0.0014085361755824459,0.024319335076560446,False,Spearman,0.1262485817340548,0.18270995229895065,Mann_Whitney_U,1344.5,0.18246907928910872,0.21986140666562945,0.40139087627735603,0.4008533723201038
Pre_Morph_RadiusSphereNorm_MaxIntensityCoor_PerimeterCoor_2DSagittalSmallestDist,113,0.29080901482,0.358024496968254,0.203419936,0.249808189,8.422685375456049e-07,1.3786389515927782e-06,False,Spearman,0.12590711047171116,0.1839059246882556,Mann_Whitney_U,1344.5,0.18365497450352708,0.26035473962628886,0.4022594848166074,0.4017105786723674
Pre_IH_IntensityHistogram10thPercentile,113,7.8,8.793650793650794,8.0,8.0,0.023933115099052642,0.30261216701006804,False,Spearman,0.12514896312299567,0.1865816910047325,Mann_Whitney_U,1346.5,0.18631671353678947,0.21751851652757717,0.4068829647211636,0.406305122291071
ADC_GLSZM_GreyLevelVariance,113,13183.667605864022,1254.5774592796508,57.798014365,118.5196922,7.111944162632296e-15,5.009011810480859e-14,False,Spearman,0.1239939997003049,0.1907123201246362,Mann_Whitney_U,1348.0,0.19041962010475766,-0.2869955779429196,0.4121663276723481,0.4115337461368494
T2_GLCM_JointAverage,113,11.215071752259998,10.538006323873013,7.744580863,9.881165919,5.107060966709715e-08,0.015231748899159852,False,Spearman,0.1239939997003049,0.1907123201246362,Mann_Whitney_U,1348.0,0.19041962010475766,-0.08440881836483013,0.4121663276723481,0.4115337461368494
T2_GLCM_SumAverage,113,22.43014350466,21.076012648587305,15.48916173,19.76233184,5.107060974898106e-08,0.015231748885827175,False,Spearman,0.1239939997003049,0.1907123201246362,Mann_Whitney_U,1348.0,0.19041962010475766,-0.08440881831953909,0.4121663276723481,0.4115337461368494
Pre_IB_IntensityBasedRobustMeanAbsoluteDeviation,113,51.183580408740006,41.196440383349206,44.345684815,37.07450797,0.003980655636129349,0.0012473962158299939,False,Spearman,-0.12344751393987372,0.19268975968845958,Mann_Whitney_U,1801.0,0.192385242735865,-0.33581357186617067,0.4152005536144189,0.4145443920856139
T2_GLRLM_ShortRunHighGreyLevelEmphasis,113,200.5192902409,135.76109610466668,60.930026645,97.35470123,3.861889769180939e-11,1.960755127346306e-09,False,Spearman,0.12235505806429964,0.19668724405119312,Mann_Whitney_U,1351.0,0.19635927281114407,-0.23880600623505763,0.4225565717895069,0.4218519688880365
Post2_Morph_RadiusSphereNorm_MaxIntensityCoor_PerimeterCoor_2DSagittalSmallestDist,113,0.39063021076,0.4098295898571428,0.2154943595,0.313787102,1.9322279997868215e-06,3.152428730029954e-06,False,Spearman,0.1220824517917999,0.19769403092093246,Mann_Whitney_U,1351.5,0.19736024762029303,0.06049293615986909,0.42346295380696775,0.42274798602689984
ADC_Morph_RadiusSphereNorm_MaxIntensityCoor_PerimeterCoor_3DSmallestDist,113,0.13534217942000001,0.12297708695238095,0.13229104149999998,0.11286653,0.008531584468653836,0.0010401135007760845,False,Spearman,-0.12153723245100102,0.19971877793105092,Mann_Whitney_U,1797.5,0.19937341684845533,-0.2053801821326591,0.42496545755695403,0.424222027881083
ADC_GLCM_DifferenceVariance,113,2.9032436067200003,2.373618910476191,3.1114571399999997,2.239484467,0.0034042119400180836,0.00026562964418561775,False,Spearman,-0.12165277742228306,0.1992884430655351,Mann_Whitney_U,1797.0,0.19894877120268428,-0.251147206737321,0.42496545755695403,0.424222027881083
T2_GLCM_JointEntropyLog2,113,5.460646958240001,6.005247182349205,5.59391997,6.171404267,0.2100479601199823,0.02365754683389202,False,Spearman,0.12126285433245679,0.20074335149789818,Mann_Whitney_U,1353.0,0.2003921733913403,0.26342868431536,0.42496545755695403,0.424222027881083
T2_GLCM_JointEntropyLog10,113,1.64381853014,1.8077595332539684,1.6839377045,1.8577778,0.21004796008027077,0.023657546774890317,False,Spearman,0.12126285433245679,0.20074335149789818,Mann_Whitney_U,1353.0,0.2003921733913403,0.263428684335304,0.42496545755695403,0.424222027881083
T2_GLSZM_ZoneSizeNonUniformity,113,46.76089699606,29.872352341111107,8.593947924,12.28888889,1.5287540340421392e-13,3.755701872057038e-13,False,Spearman,0.12048485473864246,0.2036690931495282,Mann_Whitney_U,1354.5,0.20330189542598187,-0.16941468898506595,0.4299021091552724,0.42912703291081883
Post1_GLRLM_RunLengthNonUniformity,113,2197.2222838256002,1208.8970391323808,245.5521109,289.4276181,1.8388683675270873e-15,1.988248714652039e-14,False,Spearman,0.1201701463131514,0.20486123944101073,Mann_Whitney_U,1355.0,0.2044871047829966,-0.11642013020405292,0.4311614458002668,0.43037402285723697
ADC_IH_IntensityHistogramMean_Intensity,113,33.44019308514,35.846661577222214,15.256713520000002,21.60594439,9.627822494060202e-10,7.861109610259527e-08,False,Spearman,0.11853170896460867,0.21114869060704575,Mann_Whitney_U,1358.0,0.21074069236634163,0.056353571022705204,0.43677812620790063,0.43593413774423256
ADC_IH_IntensityHistogram90thPercentile,113,4.7196885131999995,5.281947861920636,3.903869655,4.648219486,0.0006609255178837701,0.0059530282664421305,False,Spearman,0.11853170896460867,0.21114869060704575,Mann_Whitney_U,1358.0,0.21074069236634163,0.18203809630150447,0.43677812620790063,0.43593413774423256
ADC_GLCM_InverseDifference,113,0.92301166526,0.9261060222380952,0.9179275785000001,0.926503082,0.03981076398228497,0.34731650040662,False,Spearman,0.11907793803817829,0.2090374408888532,Mann_Whitney_U,1357.0,0.2086406549930313,0.11376174087437534,0.43677812620790063,0.43593413774423256
ADC_GLSZM_SmallZoneHighGreyLevelEmphasis,113,15493.52748110726,1103.3530889343654,6.2249882795,0.88545754,5.974711877852438e-15,5.292236103743539e-15,False,Spearman,-0.11853146249979025,0.21114964664746577,Mann_Whitney_U,1792.0,0.21074164117469807,-0.28382035933158634,0.43677812620790063,0.43593413774423256
T2_IB_RootMeanSquareIntensity,113,272.69697889822,255.1645602688889,184.68610255,245.4202146,1.1141900225624698e-07,0.010688348184869337,False,Spearman,0.11853146249979025,0.21114964664746577,Mann_Whitney_U,1358.0,0.21074164117469807,-0.08829675126225527,0.43677812620790063,0.43593413774423256
T2_GLCM_Autocorrelation,113,251.93483381362003,152.94420485098416,62.043046079999996,106.509573,1.4842325640538292e-11,2.9275288812046894e-09,False,Spearman,0.11853170896460867,0.21114869060704575,Mann_Whitney_U,1358.0,0.21074069236634163,-0.2778910775601116,0.43677812620790063,0.43593413774423256
Pre_IH_IntensityHistogramMedianAbsoluteDeviation_Intensity,113,5.08711837756,4.2769493609365075,4.5192948515,4.033812342,0.024966956456944384,0.016090190897253734,False,Spearman,-0.11743900662421615,0.21541768553264234,Mann_Whitney_U,1790.0,0.21498750541253753,-0.3089505680183925,0.44433733426106287,0.4434500111643224
Post2_Morph_MaxIntensityCoor_RoiCentroidCoor_Dist_cm,113,4.884882213799999,5.037434012809523,3.670276345,4.227488702,2.0964735838245102e-10,5.369491221361688e-05,False,Spearman,0.1168927786864291,0.21757454409760077,Mann_Whitney_U,1361.0,0.2171334080714633,0.03751544355407137,0.4462435408687335,0.445338774628157
Post2_NGTDM_Strength,113,8.450653133500001,9.647500927142856,4.2519368765,5.853066035,2.657719484894564e-07,8.974505499553732e-06,False,Spearman,0.1168927786864291,0.21757454409760077,Mann_Whitney_U,1361.0,0.2171334080714633,0.1291852218417704,0.4462435408687335,0.445338774628157
Post2_GLRLM_RunLengthNonUniformity,113,2505.245025134,1268.9449721579365,265.06875045000004,300.7111787,1.7815494110571e-15,2.9617334439734385e-14,False,Spearman,0.11634655074864204,0.21974667539636591,Mann_Whitney_U,1362.0,0.21929467538079583,-0.12665364412145247,0.44690054209822727,0.4472375914808343
T2_GLRLM_HighGreyLevelRunEmphasis,113,238.88509514062002,152.98798244399998,70.14003402,113.0286677,1.84246917170363e-11,3.9567246836602044e-09,False,Spearman,0.11634679267033017,0.2197457099843519,Mann_Whitney_U,1362.0,0.21929371701454248,-0.2617086642857247,0.44690054209822727,0.4472375914808343
Pre_NGTDM_Contrast,113,0.36829202114,0.2622210155873016,0.244619761,0.180344899,2.118850256327828e-05,1.6130425997899521e-06,False,Spearman,-0.11580032281085499,0.2219341134652831,Mann_Whitney_U,1787.0,0.221471344612844,-0.3606617726655212,0.4488276484605167,0.44914636834649596
Post1_IH_IntensityHistogramQuartileCoefficientOfDispersion_Intensity,113,0.27866373372,0.2920263087460318,0.217647059,0.272727273,0.0014320393788302404,0.019698273147472804,False,Spearman,0.11586707797764613,0.22166596190811053,Mann_Whitney_U,1363.0,0.221205132985555,0.08523625425694088,0.4488276484605167,0.44914636834649596
T2_IB_75thIntensityPercentile,113,319.55317807934006,294.53059338920633,210.55809785,274.7109375,1.254606323274603e-07,0.003631959930662332,False,Spearman,0.11552792950049973,0.22303067677320676,Mann_Whitney_U,1363.5,0.22256258111244775,-0.10465040303112529,0.44978888574875125,0.45009862772461506
Pre_IB_IntensityBasedMedianAbsoluteDeviation,113,69.75530689212,58.63077183190477,62.035768035000004,55.39222316,0.02588900860936458,0.015535720838233836,False,Spearman,-0.11525409487306794,0.2241368915683314,Mann_Whitney_U,1786.0,0.22366345227251572,-0.3088147958776319,0.45076419304297755,0.4510650123824551
Pre_IB_IntensityVariance,113,10189.2647745786,7088.50112642857,7266.1764545,5570.001939,4.038808031997549e-05,1.2500363496003892e-06,False,Spearman,-0.11416163899749383,0.22858859702073944,Mann_Whitney_U,1784.0,0.22809412500262838,-0.390818231894614,0.4584436128615384,0.4587226291719526
T2_IH_RootMeanSquare_Intensity,113,0.026449022360000005,0.02025410696825397,0.0189999955,0.017756815,3.325805235580972e-06,3.863356627324255e-05,False,Spearman,-0.11361541105970678,0.23083758696113468,Mann_Whitney_U,1783.0,0.23033275916392437,-0.31933139275667527,0.46167517392226937,0.46194160009606994
ADC_GLRLM_RunLengthVariance,113,4.327143423960001,4.523757838333333,4.308651300499999,4.526109101,0.51677775916917,0.39241180868482,True,Pearson_point_biserial_equivalent,0.11647867618312811,0.21921986290272288,Welch_t_test,-1.2041972816235644,0.23158856056698784,0.23402277568165,0.44690054209822727,0.4626180390646931
Pre_IB_IntensityBasedMeanAbsoluteDeviation,113,71.18919962226,59.8415972542857,65.46782707,56.00007384,0.02607005503838377,0.020481192434043064,False,Spearman,-0.11306918312191974,0.23310204210122967,Mann_Whitney_U,1782.0,0.23258696991650318,-0.3111791902646201,0.463642523300248,0.4626180390646931
ADC_IB_IntensityRange,113,220.80078685914003,245.6685770165397,190.5774697,207.612874,0.0004855236060270931,0.0004313357768426161,False,Spearman,0.11306918312191974,0.23310204210122967,Mann_Whitney_U,1368.0,0.23258696991650318,0.1650649548891172,0.463642523300248,0.4626180390646931
Pre_IH_IntensityHistogramVariance_Intensity,113,54.17079620204,37.803475202460326,39.213776185,29.56224396,4.231067232566862e-05,1.2347086030924653e-06,False,Spearman,-0.11252295518413268,0.235381991718576,Mann_Whitney_U,1781.0,0.2348567897921583,-0.38904096262310744,0.46561902186953286,0.46458009784022564
Pre_IH_IntensityHistogramMeanAbsoluteDeviation_Intensity,113,5.20544787946,4.377093144460318,4.7842344235,4.107503101,0.023027918126411535,0.020532800564274006,False,Spearman,-0.11252295518413268,0.235381991718576,Mann_Whitney_U,1781.0,0.2348567897921583,-0.3129270124676537,0.46561902186953286,0.46458009784022564
ADC_GLSZM_GreyLevelNonUniformity,113,0.12426731564000003,0.07811306711111111,0.07143682000000001,0.063870535,1.516845701781717e-12,2.8643304432154263e-12,False,Spearman,-0.11225077483725034,0.23652386244518006,Mann_Whitney_U,1780.5,0.23599366627435514,-0.3403033571638558,0.4666029329981209,0.4655569874186189
ADC_IH_IntensityHistogramRange_Intensity,113,3.8539741692000002,4.281240058079366,3.311885275,3.642921318,0.0005720213343242625,0.0005865829134782334,False,Spearman,0.11143073100820353,0.23998750378465913,Mann_Whitney_U,1371.0,0.23944240589994037,0.1617446026557541,0.4721493280980794,0.47107690725966533
ADC_Morph_RadiusRoiNorm_MaxIntensityCoor_PerimeterCoor_2DSagittalSmallestDist,113,16.01794860666,17.256127529190476,12.638146235,13.56465997,6.649975871176928e-11,8.069120750326358e-09,False,Spearman,0.11115877215181441,0.24114393186849736,Mann_Whitney_U,1371.5,0.24059396776854847,0.1092000347806952,0.47313877147098127,0.472059709117694
Pre_Morph_MaxIntensityCoor_RoiCentroidCoor_Dist_cm,113,5.200244216479999,5.727631139285714,3.9777966365,4.734847671,8.963117979126025e-12,2.2383569295309565e-08,False,Spearman,0.10979181549519741,0.247015123697838,Mann_Whitney_U,1374.0,0.24644110662631968,0.10737213171274625,0.47437387150460136,0.47327151511261395
Pre_GLCM_InverseVariance,113,0.25690634112,0.2767509291746032,0.2409246995,0.272246533,0.003824885234157099,0.2880563144945615,False,Spearman,0.10979181549519741,0.247015123697838,Mann_Whitney_U,1374.0,0.24644110662631968,0.19679303087200264,0.47437387150460136,0.47327151511261395
Post2_GLSZM_SmallZoneEmphasis,113,0.4192177013599999,0.4429547426031746,0.416896639,0.425176587,0.8891871067868343,0.0062631798142377074,False,Spearman,0.10979181549519741,0.247015123697838,Mann_Whitney_U,1374.0,0.24644110662631968,0.21871950252872824,0.47437387150460136,0.47327151511261395
T2_IB_IntensityBasedEnergy,113,900314940.7846206,125326815.28696667,12350000.0,25100000.0,1.6520414680014666e-14,2.5544609886396115e-12,False,Spearman,0.1103385022905753,0.24465531745883584,Mann_Whitney_U,1373.0,0.24409082101204005,-0.3127616715843771,0.47437387150460136,0.47327151511261395
T2_IH_IntensityHistogram75thPercentile,113,13.68,12.603174603174603,9.0,12.0,1.2535513348941948e-07,0.0029791068223829673,False,Spearman,0.11026296840619272,0.24498043137933054,Mann_Whitney_U,1373.5,0.2444167149480021,-0.1097899651633724,0.47437387150460136,0.47327151511261395
T2_IH_IntensityHistogramEntropyLog10_Intensity,113,0.9061064263199999,0.9884105033650794,0.9086812184999999,1.002221874,0.33139286874806234,0.03937229654772484,False,Spearman,0.10979204378749466,0.2470141349898167,Mann_Whitney_U,1374.0,0.24644012431384155,0.23926575845760584,0.47437387150460136,0.47327151511261395
T2_IH_IntensityHistogramEntropyLog2_Intensity,113,3.0100203945400006,3.2834286201746035,3.0185736685,3.329308999,0.33139286762849285,0.03937229668011784,False,Spearman,0.10979204378749466,0.2470141349898167,Mann_Whitney_U,1374.0,0.24644012431384155,0.2392657582828716,0.47437387150460136,0.47327151511261395
T2_GLSZM_ZoneSizeVariance,113,8341.989599223722,9418.226130322444,328.3405469,174.7720896,1.4601599282758183e-15,2.1060855473326742e-16,False,Spearman,-0.10979204378749466,0.2470141349898167,Mann_Whitney_U,1776.0,0.24644012431384155,0.02302029974138479,0.47437387150460136,0.47327151511261395
Pre_GLRLM_GreyLevelVariance,113,54.8135197565,38.96351459074603,40.24130732,31.20021603,5.378571038894665e-05,2.138891691800705e-06,False,Spearman,-0.10869935961962332,0.2517777691051271,Mann_Whitney_U,1774.0,0.2511851422913022,-0.3802905720112234,0.4784438447037061,0.47731769821234327
Post2_IH_IntensityHistogramQuartileCoefficientOfDispersion_Intensity,113,0.27183614066,0.28958527574603177,0.2466216215,0.282051282,0.043229253887382184,0.21323052901906195,False,Spearman,0.10902598773059904,0.25034723630840966,Mann_Whitney_U,1375.5,0.2497606997436137,0.12526904113910908,0.4784438447037061,0.47731769821234327
T2_GLRLM_RunLengthNonUniformity,113,1570.3290731410002,934.8524389884126,189.3732943,206.5562337,3.0548945601880094e-15,4.846900906504723e-14,False,Spearman,0.10869935961962332,0.2517777691051271,Mann_Whitney_U,1376.0,0.2511851422913022,-0.11670941146393744,0.4784438447037061,0.47731769821234327
T2_GLSZM_SmallZoneLowGreyLevelEmphasis,113,0.010717415639999998,0.007520551825396825,0.005856233000000001,0.00448138,1.301611118881753e-09,4.531553481007535e-12,False,Spearman,-0.10869935961962332,0.2517777691051271,Mann_Whitney_U,1774.0,0.2511851422913022,-0.2749360203699406,0.4784438447037061,0.47731769821234327
Pre_IB_IntensityInterquartileRange,113,119.3294401524,96.8785304711111,95.112594605,81.0,0.0015845261035955342,0.0006020905568927863,False,Spearman,-0.10842714747053134,0.2529742646030943,Mann_Whitney_U,1773.5,0.2523770972132625,-0.30649648493279763,0.47945907741528865,0.4783272732523614
Post1_IH_IntensityHistogramSkewness_Intensity,113,0.18917347548,0.00183061438095238,-0.054482915,-0.118579166,0.003949911934662057,4.6668696505862874e-08,False,Spearman,-0.10815313168183628,0.25418262822895443,Mann_Whitney_U,1773.0,0.2535809058623901,-0.22420375845546497,0.48049144344063444,0.4793539839278602
T2_Morph_RadiusRoiNorm_CentroidCoor_WCentroidCoor_Dist,113,0.07669986828,0.06147428958730159,0.060287673,0.046092254,6.810827519954194e-05,1.8893047366410788e-07,False,Spearman,-0.1076069037440492,0.2566032073881024,Mann_Whitney_U,1772.0,0.25599253332049443,-0.27964335750627567,0.48380396392965136,0.4826525888646822
Pre_GLCM_SumVariance,113,147.8655180557,100.99943161738094,91.851439515,77.19145306,2.705679101629556e-05,9.942666409225454e-07,False,Spearman,-0.10706067580626216,0.2590395272854411,Mann_Whitney_U,1771.0,0.2584200485894804,-0.3917054791805167,0.4846114153867167,0.4834524940020254
Pre_GLCM_ClusterTendency,113,147.8655180557,100.99943161738094,91.851439515,77.19145306,2.705679101629556e-05,9.942666409225454e-07,False,Spearman,-0.10706067580626216,0.2590395272854411,Mann_Whitney_U,1771.0,0.2584200485894804,-0.3917054791805167,0.4846114153867167,0.4834524940020254
ADC_GLCM_JointAverage,113,32.04903832262,33.81782697642857,14.598901260000002,19.81781657,7.198617048189637e-10,3.133875512057448e-08,False,Spearman,0.10706089841964654,0.25903853116239267,Mann_Whitney_U,1379.0,0.2584190585563855,0.042110380351021055,0.4846114153867167,0.4834524940020254
Pre_IH_IntensityHistogramInterquartileRange_Intensity,113,8.74,7.063492063492063,7.0,6.0,0.0010031814992721754,0.00048257601702457334,False,Spearman,-0.1063545978360669,0.26221217675423464,Mann_Whitney_U,1769.0,0.2615860175840853,-0.31424409883669097,0.4892825153867677,0.48811411528576737
T2_GLRLM_LongRunHighGreyLevelEmphasis,113,558.9022030170199,257.97728658158735,136.86419454999998,180.5906866,3.0285721146800165e-13,1.3298400302650213e-07,False,Spearman,0.10596821993068806,0.2639594675994995,Mann_Whitney_U,1381.0,0.26332283370873133,-0.31135246587028836,0.4912767468946983,0.49009185502601926
Post1_GLSZM_GreyLevelNonUniformity,113,19.26853654362,16.408179769904763,4.962237762,5.149253731,3.4740549099446342e-15,1.034432245192419e-14,False,Spearman,0.10542221119893766,0.2664421250088417,Mann_Whitney_U,1382.0,0.26579715284944583,-0.04733157789609209,0.49462589360615733,0.49342856067435586
Pre_Morph_SurfaceArea_cm2,113,9.30950677164,8.367885578,3.348027033,3.289221526,8.220432609943448e-15,8.36177577296976e-14,False,Spearman,0.10378330817953986,0.2739890472203083,Mann_Whitney_U,1385.0,0.2733200085596448,-0.03971271206543761,0.49836449391018717,0.49844757228509523
Pre_GLCM_JointVariance,113,49.373342238860005,34.10497489920636,34.037883185,26.21157193,2.625214032265162e-05,9.182989959071062e-07,False,Spearman,-0.10378330817953986,0.2739890472203083,Mann_Whitney_U,1765.0,0.2733200085596448,-0.387201045701041,0.49836449391018717,0.49844757228509523
Post1_Morph_SurfaceArea_cm2,113,9.30732113098,8.367885578,3.348027033,3.289221526,8.225005448370155e-15,8.36177577296976e-14,False,Spearman,0.10378330817953986,0.2739890472203083,Mann_Whitney_U,1385.0,0.2733200085596448,-0.039620021859998,0.49836449391018717,0.49844757228509523
Post2_Morph_SurfaceArea_cm2,113,9.30950677164,8.367885578,3.348027033,3.289221526,8.220432609943448e-15,8.36177577296976e-14,False,Spearman,0.10378330817953986,0.2739890472203083,Mann_Whitney_U,1385.0,0.2733200085596448,-0.03971271206543761,0.49836449391018717,0.49844757228509523
T2_Morph_SurfaceArea_cm2,113,9.30950677164,8.367885578,3.348027033,3.289221526,8.220432609943448e-15,8.36177577296976e-14,False,Spearman,0.10378330817953986,0.2739890472203083,Mann_Whitney_U,1385.0,0.2733200085596448,-0.03971271206543761,0.49836449391018717,0.49844757228509523
T2_Morph_RadiusRoiNorm_MaxIntensityCoor_PerimeterCoor_3DSmallestDist,113,0.14907108178,0.13856270815873017,0.133038021,0.121700474,0.0033550517186927615,3.313210621639499e-05,False,Spearman,-0.1046033025973792,0.27019526334564775,Mann_Whitney_U,1766.5,0.26953808718711136,-0.14364784654243679,0.49836449391018717,0.49844757228509523
T2_IH_IntensityHistogram90thPercentile,113,15.66,14.904761904761905,11.0,14.0,1.1767872682482178e-06,0.0025808562271590115,False,Spearman,0.10390956424010846,0.27340258451561344,Mann_Whitney_U,1385.0,0.2727368840116846,-0.07015302687797537,0.49836449391018717,0.49844757228509523
ADC_IH_IntensityHistogramMaximumGreyLevel_Intensity,113,13.38,16.714285714285715,9.0,18.0,1.9322697613838908e-05,2.522928105041367e-05,False,Spearman,0.10349326831455621,0.2753394993978935,Mann_Whitney_U,1389.5,0.2746935307219248,0.23782115896012765,0.49836449391018717,0.4996937594037024
T2_IB_MaximumIntensity,113,480.36151372200004,501.38327509682534,377.73677065,481.0,0.0005752552407290456,0.03943664499525138,False,Spearman,0.10269127935954532,0.2790969270982294,Mann_Whitney_U,1387.0,0.2784127006633621,0.0690728510408811,0.5039056738631373,0.5051899631084565
Post1_NGTDM_Strength,113,5.863945562259999,6.677775721222224,3.4983563195,5.212981014,2.9973705664160393e-06,8.955241711586741e-05,False,Spearman,0.10214462436617869,0.2816777043055985,Mann_Whitney_U,1388.0,0.28098612912934195,0.1377122090069915,0.5047887572209241,0.5060546206210039
T2_IH_IntensityHistogramMaximumGreyLevel_Intensity,113,20.18,21.063492063492063,16.0,20.0,0.0005663017578433046,0.032531601052573654,False,Spearman,0.10220797567661012,0.28137780510663957,Mann_Whitney_U,1388.0,0.28068787117082117,0.07053437639919453,0.5047887572209241,0.5060546206210039
T2_GLSZM_LargeZoneHighGreyLevelEmphasis,113,2222193.2708305004,217553.1902676349,29701.065150000002,15000.31579,2.356842976813602e-15,1.2265162170087647e-14,False,Spearman,-0.10214462436617869,0.2816777043055985,Mann_Whitney_U,1762.0,0.28098612912934195,-0.23091232995221753,0.5047887572209241,0.5060546206210039
Pre_GLCM_ClusterProminence,113,117805.63238013332,59072.126548633656,34394.191325,22791.59724,2.413935528032654e-08,9.344614123447272e-11,False,Spearman,-0.10159839642839165,0.28427236865259264,Mann_Whitney_U,1761.0,0.28357363458142915,-0.45431429782642796,0.5081807281592027,0.5094474229204832
Pre_IB_10thIntensityPercentile,113,100.07269041857998,113.13325200666667,98.72944641000001,106.3538284,0.06039857691872132,0.4530276712537309,True,Pearson_point_biserial_equivalent,0.10353942398394224,0.2751242951064905,Welch_t_test,-1.0678760754791932,0.28837410901796007,0.2077263809119189,0.49836449391018717,0.5137321235753143
Pre_IB_90thIntensityPercentile,113,329.153466794,304.0982104111111,326.2072296,301.0,0.7364677197425114,0.7322650985667271,True,Pearson_point_biserial_equivalent,-0.1043432473594714,0.27139456688689906,Welch_t_test,1.0716190936546368,0.28677445236880167,-0.20935673690763654,0.49836449391018717,0.5137321235753143
Pre_GLCM_DifferenceAverage,113,4.3133299521,3.731323615126984,3.943500901,3.512312312,0.01841595696494167,0.016868916648773172,False,Spearman,-0.10050594055281754,0.28950942921747075,Mann_Whitney_U,1759.0,0.2887969258220344,-0.2543058815251989,0.5124812390059874,0.5137321235753143
Pre_GLCM_Dissimilarity,113,4.3133299521,3.731323615126984,3.943500901,3.512312312,0.01841595696494167,0.016868916648773172,False,Spearman,-0.10050594055281754,0.28950942921747075,Mann_Whitney_U,1759.0,0.2887969258220344,-0.2543058815251989,0.5124812390059874,0.5137321235753143
Pre_GLCM_DifferenceVariance,113,17.702125855640002,12.614624717698414,12.62484678,9.296723453,7.195548604840775e-06,8.283542307793805e-07,False,Spearman,-0.09941348467724345,0.29481019021929245,Mann_Whitney_U,1757.0,0.29408466916583553,-0.3500613427612387,0.5180645090261352,0.5205801967629949
Pre_GLSZM_HighGrayLevelZoneEmphasis,113,375.58004620506,320.71044161317457,318.34800995,292.9642857,0.009760079633564584,0.0053207336456442674,False,Spearman,-0.09941348467724345,0.29481019021929245,Mann_Whitney_U,1757.0,0.29408466916583553,-0.27053151247655377,0.5180645090261352,0.5205801967629949
T2_GLCM_DifferenceAverage,113,1.8867679781200002,1.9681424707777775,1.374754976,1.51786153,2.5667746929515814e-05,2.080393999826147e-06,False,Spearman,0.09886746231610215,0.2974834669131792,Mann_Whitney_U,1394.0,0.2967517315625545,0.05589234578276974,0.5189832049280523,0.5214763438138094
T2_GLCM_DifferenceEntropy,113,2.36110480404,2.6920900753968255,2.2568424235,2.574597067,0.0010330889468220773,0.017224432999478165,False,Spearman,0.09903543490726406,0.2966593915638833,Mann_Whitney_U,1394.0,0.29593181706687577,0.16566744375190767,0.5189832049280523,0.5214763438138094
T2_GLCM_Dissimilarity,113,1.8867679781200002,1.9681424707777775,1.374754976,1.51786153,2.5667746929515814e-05,2.080393999826147e-06,False,Spearman,0.09886746231610215,0.2974834669131792,Mann_Whitney_U,1394.0,0.2967517315625545,0.05589234578276974,0.5189832049280523,0.5214763438138094
Pre_GLCM_Contrast,113,47.75171704952,33.88549594736507,32.044052575,25.33774834,6.284222296575501e-06,2.8322101516755725e-07,False,Spearman,-0.09832102880166933,0.3001747073045926,Mann_Whitney_U,1755.0,0.2994369444458208,-0.3437826208511019,0.5199198279629786,0.5223911994669259
Pre_GLRLM_LongRunLowGreyLevelEmphasis,113,0.21117763969999997,0.07258637482539682,0.034339252,0.025113277,2.9540296492599197e-13,2.513718936356443e-16,False,Spearman,-0.09832102880166933,0.3001747073045926,Mann_Whitney_U,1755.0,0.2994369444458208,-0.3314440837145331,0.5199198279629786,0.5223911994669259
T2_GLSZM_SmallZoneHighGreyLevelEmphasis,113,78.46571591961998,58.04682122942857,30.50380043,39.48325247,5.515757108922208e-11,4.062143924360871e-09,False,Spearman,0.09832102880166933,0.3001747073045926,Mann_Whitney_U,1395.0,0.2994369444458208,-0.2005372851057716,0.5199198279629786,0.5223911994669259
Pre_IH_IntensityHistogram90thPercentile,113,24.52,22.746031746031747,24.0,22.0,0.7486114607730803,0.661344337459546,True,Pearson_point_biserial_equivalent,-0.1011973813218456,0.2861873759794772,Welch_t_test,1.0385947139584155,0.3017995287400339,-0.202978462793119,0.51034399066291,0.5230193415694789
Pre_IB_MaximumIntensity,113,446.4583657840001,418.08370051111103,437.27217099999996,413.0,0.4579410338086375,0.6815634334545511,True,Pearson_point_biserial_equivalent,-0.10075243413167574,0.2883222153656584,Welch_t_test,1.0321836881201079,0.3048069704161869,-0.20207682924501685,0.5124812390059874,0.5230193415694789
ADC_NGTDM_Busyness,113,427.18584454564007,458.6308736600317,149.93043745,184.6810531,4.400119481350427e-11,3.0135902622749486e-09,False,Spearman,0.09777500416896291,0.3028798771819151,Mann_Whitney_U,1396.0,0.3021362967790585,0.04782409764905948,0.5221072168564442,0.5230193415694789
T2_IB_90thIntensityPercentile,113,368.34150828519995,349.2804398269841,247.1212387,330.4254761,1.3853874725198379e-06,0.0028455408892437252,False,Spearman,0.09777541078292885,0.30287785676371964,Mann_Whitney_U,1396.0,0.30213428625181227,-0.07297837427883103,0.5221072168564442,0.5230193415694789
Pre_GLSZM_LargeZoneHighGreyLevelEmphasis,113,2163695.62613342,267090.9219050794,9346.850785499999,14675.70513,1.4909590402624549e-15,9.118858413580288e-17,False,Spearman,0.09722857292609523,0.30560302007004064,Mann_Whitney_U,1397.0,0.3048538151137018,-0.2008881648883963,0.5230652163846559,0.5230193415694789
ADC_IB_IntensityBasedRobustMeanAbsoluteDeviation,113,216.24175777927996,238.42978386860315,190.4518199,206.310211,0.0007030025606977812,0.000342729844348858,False,Spearman,0.09722857292609523,0.30560302007004064,Mann_Whitney_U,1397.0,0.3048538151137018,0.14871355483982263,0.5230652163846559,0.5230193415694789
T2_IB_TotalLesionGlycolysis,113,1609.9317761186799,393.93240253603176,63.079453395,89.714,4.833118208178877e-15,2.477220222567867e-12,False,Spearman,0.09722857292609523,0.30560302007004064,Mann_Whitney_U,1397.0,0.3048538151137018,-0.22768770134312163,0.5230652163846559,0.5230193415694789
Pre_IH_IntensityHistogramMaximumGreyLevel_Intensity,113,33.16,31.11111111111111,32.5,31.0,0.3828382494136914,0.6206300917509762,True,Pearson_point_biserial_equivalent,-0.0998136916819726,0.2928609279658419,Welch_t_test,1.0225739851394235,0.3093028933330522,-0.20017497838959097,0.5171495410909013,0.5249580586402892
Pre_GLCM_NormalisedInverseDifferenceMoment,113,0.96785586468,0.9721300726031745,0.9724432745,0.974261914,0.026714708516164403,0.01975563883157185,False,Spearman,0.09668234498830817,0.30834110776960455,Mann_Whitney_U,1398.0,0.3075864890121581,0.24960082651791887,0.5252681459416322,0.5249580586402892
ADC_IH_IntensityHistogramRobustMeanAbsoluteDeviation_Intensity,113,3.76133413132,4.139932838396825,3.2939980159999998,3.614583333,0.0007908034709554918,0.000535788533711362,False,Spearman,0.09668254602182366,0.30834009710972504,Mann_Whitney_U,1398.0,0.3075854831560042,0.1443388459724795,0.5252681459416322,0.5249580586402892
Post1_IH_MaximumHistogramGradientGreyLevel_Intensity,113,10.2,11.920634920634921,10.0,11.0,0.19667515643319092,0.043228236004135424,False,Spearman,0.09630929497120679,0.31022027303682237,Mann_Whitney_U,1399.0,0.3094645551817018,0.2622953797338598,0.526243360138303,0.5249580586402892
ADC_NGTDM_Complexity,113,6.491493758019999,8.855955626301586,4.439222667,5.699286957,1.0011833046695925e-06,4.057206891480122e-12,False,Spearman,0.09613631694825403,0.31109414107623434,Mann_Whitney_U,1399.0,0.310334321958624,0.24362232562737587,0.526243360138303,0.5249580586402892
T2_GLSZM_HighGrayLevelZoneEmphasis,113,211.04842367034001,161.86623563603175,86.65802675500001,122.6666667,1.893522232639169e-10,1.1763622687319332e-08,False,Spearman,0.09613631694825403,0.31109414107623434,Mann_Whitney_U,1399.0,0.310334321958624,-0.19803476201676998,0.526243360138303,0.5249580586402892
Post2_Morph_CentreOfMassShift_mm,113,0.44900488644,0.4687430512063493,0.317279154,0.370790876,1.8213300495720887e-09,6.234014335543486e-11,False,Spearman,0.09558988911273408,0.31386515270732884,Mann_Whitney_U,1400.0,0.3131003353490962,0.04497164958567964,0.5296931714687788,0.5284024307523209
Post1_Morph_MaxIntensityCoor_PerimeterCoor_2DSagittalSmallestDist_mm,113,1.8566547585799997,2.1908717885396825,1.58113883,1.58113883,1.0769214060033828e-06,1.2795491853611057e-08,False,Spearman,0.09458273740401375,0.3190143964966199,Mann_Whitney_U,1407.5,0.3182882631197399,0.20237195296528188,0.5316873266110449,0.5303988425434091
Post1_IB_IntensitySkewness,113,0.16542431308000002,-0.002772071412698413,-0.051489756,-0.111009044,0.0014264667752847426,4.587316429207747e-08,False,Spearman,-0.09449743323715998,0.3194530208229344,Mann_Whitney_U,1748.0,0.31867886257787703,-0.20076295805471364,0.5316873266110449,0.5303988425434091
Post1_GLSZM_SmallZoneEmphasis,113,0.3994328175000001,0.42165316503174605,0.393210409,0.401624016,0.17652791061731546,0.017060187703068327,False,Spearman,0.09504366117494703,0.3166511096045381,Mann_Whitney_U,1401.0,0.31588151317344726,0.19756637276541666,0.5316873266110449,0.5303988425434091
ADC_Morph_RadiusSphereNorm_CentroidCoor_WCentroidCoor_Dist,113,0.13381772394,0.11802466974603178,0.0991793505,0.072410846,4.62944398117736e-07,7.364602233610716e-07,False,Spearman,-0.09449743323715998,0.3194530208229344,Mann_Whitney_U,1748.0,0.31867886257787703,-0.13608423576320855,0.5316873266110449,0.5303988425434091
ADC_GLSZM_NormalisedGreyLevelNonUniformity,113,47.87594317504,44.25356791573015,8.630952381,10.87234043,9.247876070772766e-15,1.5451694808551693e-15,False,Spearman,0.0947727149147055,0.3180389517976289,Mann_Whitney_U,1401.5,0.31726709722402513,-0.024003252536816823,0.5316873266110449,0.5303988425434091
T2_Morph_IntegratedIntensity_Intensity,113,1605596.9043828284,390286.6877616032,61398.58992,87151.125,4.795301645570333e-15,2.332651352675028e-12,False,Spearman,0.09449743323715998,0.3194530208229344,Mann_Whitney_U,1402.0,0.31867886257787703,-0.22767387432056796,0.5316873266110449,0.5303988425434091
T2_Morph_MaxIntensityCoor_RoiCentroidCoor_Dist_cm,113,4.91333965054,4.996655249888888,4.101449568,4.55055751,5.993682676192863e-11,0.005371662562242001,False,Spearman,0.09395120529937291,0.32227088357812583,Mann_Whitney_U,1403.0,0.32149238357409915,0.025419686575070054,0.5351470635563375,0.5338543250175408
Pre_IH_IntensityHistogramKurtosis_Intensity,113,0.92680577588,1.0674858875714284,0.2842247445,0.466175579,2.201174578072061e-08,4.686273203949868e-09,False,Spearman,0.09340497736158586,0.3251046940303369,Mann_Whitney_U,1404.0,0.3243220750899847,0.058330606141963164,0.5386173878214278,0.5373207834442767
T2_IB_IntensityInterquartileRange,113,137.01193311752002,118.04070530238096,66.96424103,86.0,9.88233757733203e-09,3.0703355381600924e-07,False,Spearman,0.09285990794009066,0.32794838625852807,Mann_Whitney_U,1405.0,0.32716189976267573,-0.14122552151042286,0.5420882001168363,0.5407881630780302
Post1_IH_IntensityHistogramKurtosis_Intensity,113,0.59902213176,0.33631585647619056,0.101104818,-0.184340219,2.3493798808199964e-08,1.2354962669479572e-12,False,Spearman,-0.09231252148601177,0.3308201373581917,Mann_Whitney_U,1744.0,0.3300299599362828,-0.11509119783778157,0.545589474823077,0.5442863120589265
Post1_IB_IntensityKurtosis,113,0.6535375895,0.35620402453968253,0.08710486,-0.172582553,6.83051774793366e-09,1.2493468636447426e-12,False,Spearman,-0.09176629354822471,0.33370175723032647,Mann_Whitney_U,1743.0,0.33290814564851823,-0.1276808120897791,0.54909107326081,0.5477852214761981
Post1_GLSZM_SmallZoneLowGreyLevelEmphasis,113,0.01361593768,0.013136221746031743,0.010056313,0.010487482,0.0008999663027971147,2.125433159962382e-12,False,Spearman,-0.09012760973486356,0.34244210906580896,Mann_Whitney_U,1740.0,0.3416396069709735,-0.03635572389701435,0.5609232736734066,0.5596087679796037
T2_GLCM_SumEntropy,113,4.95540018616,5.596724603555556,5.5334791469999995,5.83814007,0.006640584343732828,0.044175498075626415,False,Spearman,0.09012798454428181,0.3424400935573506,Mann_Whitney_U,1410.0,0.3416375993524692,0.26400590502385834,0.5609232736734066,0.5596087679796037
Pre_GLRLM_LongRunHighGreyLevelEmphasis,113,535.8670934786,482.85388699031745,533.0613305500001,444.0675408,0.3220446735302106,0.013683750294345938,False,Spearman,-0.08903515385928945,0.348348481604586,Mann_Whitney_U,1738.0,0.3475412548421487,-0.18495301306646614,0.5667512374870117,0.5679906738278006
ADC_IH_IntensityHistogramSkewness_Intensity,111,4.113931925395833,2.031420258555555,-0.4406424485,-0.061980782,9.469429371288284e-15,2.9717477030717424e-16,False,Spearman,0.08967088636952594,0.3493071131068385,Mann_Whitney_U,1354.0,0.34850142376108484,-0.11712756876003026,0.5670366589447333,0.5682770964032104
Post2_GLSZM_GreyLevelNonUniformity,113,23.753487504720002,16.26637209687302,5.881570193,5.4,2.7221394305139995e-15,2.162413703738145e-14,False,Spearman,0.0884889259215024,0.3513254718713672,Mann_Whitney_U,1413.0,0.35051625100515216,-0.09660102680969199,0.5677670572206917,0.5689994747258524
T2_IH_IntensityHistogramRobustMeanAbsoluteDeviation_Intensity,113,2.5446123594,2.174805109714286,1.301704604,1.669275093,2.85322768582042e-08,5.383207065893916e-07,False,Spearman,0.08849260607512997,0.3513053616589691,Mann_Whitney_U,1413.0,0.3504962154267509,-0.1612087845769079,0.5677670572206917,0.5689994747258524
Post2_Morph_MaxIntensityCoor_PerimeterCoor_3DSmallestDist_mm,113,1.05682792712,1.0941974946349204,0.707106781,0.707106781,2.586786109300219e-10,9.58727829799785e-13,False,Spearman,0.0879773787725197,0.35412782165761936,Mann_Whitney_U,1433.0,0.3535182436841505,0.056693157225180715,0.5710212536305488,0.5725888331707494
Pre_Morph_RadiusRoiNorm_MaxIntensityCoor_PerimeterCoor_2DSagittalSmallestDist,113,0.2038191214,0.2349092298253968,0.1437294535,0.160128154,4.5685733760725354e-07,4.86409822134278e-07,False,Spearman,0.08766994860216502,0.3558186632282567,Mann_Whitney_U,1414.5,0.35500692561031955,0.17397587988137755,0.5724726937272397,0.57371654942382
Pre_IB_IntensityRange,113,428.32708330599996,401.1596550928572,424.66430805,403.0109272,0.9735612469308311,0.19099987163851506,True,Pearson_point_biserial_equivalent,-0.08918436689924272,0.34753801565651904,Welch_t_test,0.9179567210836133,0.3610542573239086,-0.17867682646118255,0.5667512374870117,0.5815585035821592
Pre_IH_IntensityHistogramRange_Intensity,113,31.04,29.07936507936508,30.5,29.0,0.9392451196117594,0.12693014079552092,True,Pearson_point_biserial_equivalent,-0.08911433334629057,0.347918262644953,Welch_t_test,0.9171683914247537,0.36146592073476747,-0.17853539381067557,0.5667512374870117,0.5815585035821592
T2_IB_IntensityBasedRobustMeanAbsoluteDeviation,113,57.81339865701999,49.340224727888895,28.283374799999997,37.00371572,5.488655290901642e-08,3.6456926266020126e-07,False,Spearman,0.08575778623256713,0.3664478432066006,Mann_Whitney_U,1418.0,0.36563243044145544,-0.15861526274895554,0.5882666041720152,0.5869576045224251
Pre_GLRLM_GreyLevelNonUniformity,113,345.79366213686,120.32083847515872,19.40022344,23.8688014,2.084781510461493e-15,3.232909011818528e-14,False,Spearman,0.08521155829478008,0.36951967545076203,Mann_Whitney_U,1419.0,0.36870379627542893,-0.1693322455491858,0.5918854978459108,0.5905786471314393
Pre_GLRLM_RunEntropy,113,4.66187192762,4.608505817777779,4.8047742895,4.673856162,0.015172491383870277,0.0237300941302514,False,Spearman,-0.08466533035699303,0.3726072464506407,Mann_Whitney_U,1730.0,0.3717911634152611,-0.09272098212495833,0.5942018643838411,0.5929004456225749
Post2_Morph_RadiusSphereNorm_CentroidCoor_WCentroidCoor_Dist,113,0.09569632512,0.088437061015873,0.06716143299999999,0.07095762,1.869886995415582e-09,1.9697793757311894e-07,False,Spearman,0.08466533035699303,0.3726072464506407,Mann_Whitney_U,1420.0,0.3717911634152611,-0.08834929605610725,0.5942018643838411,0.5929004456225749
T2_Morph_MaxIntensityCoor_PerimeterCoor_2DCoronalSmallestDist_mm,113,1.92802342864,2.7012232306984125,1.58113883,1.58113883,1.8765632403836843e-06,1.5047705108664741e-09,False,Spearman,0.08386979207427825,0.3771321589446376,Mann_Whitney_U,1426.5,0.3763692148831672,0.332579654837536,0.6000960067602585,0.5988820034624464
Pre_GLSZM_LargeZoneLowGreyLevelEmphasis,113,436.83293323005995,58.97428839399999,0.8879542275000001,0.554985999,3.9143737713909486e-15,3.290447562695996e-17,False,Spearman,-0.08248041860584483,0.38511445103187547,Mann_Whitney_U,1726.0,0.3843002205384147,-0.23993794302934965,0.6101156729695357,0.608825732319064
T2_IB_IntensityBasedMedianAbsoluteDeviation,113,73.86274429378,66.49086876566666,40.332614480000004,53.19806419,3.996912538150612e-07,1.05930170652985e-06,False,Spearman,0.08248041860584483,0.38511445103187547,Mann_Whitney_U,1424.0,0.3843002205384147,-0.11586086382748176,0.6101156729695357,0.608825732319064
Pre_Morph_RadiusRoiNorm_MaxIntensityCoor_PerimeterCoor_3DSmallestDist,113,0.13837718038000002,0.12964993728571428,0.1329503165,0.119477467,0.0010852522822095065,0.0013713093061398776,False,Spearman,-0.08193470177340406,0.38827738600691186,Mann_Whitney_U,1725.0,0.3874643045867404,-0.1245511912342627,0.6137834660895287,0.6124981583423581
T2_IB_IntensitySkewness,113,0.40492634472,0.5769136625714285,0.36367761,0.470992516,0.18928684550645525,7.160570893935879e-07,False,Spearman,0.08138796273027073,0.39146184694568376,Mann_Whitney_U,1426.0,0.3906501720114506,0.17915447858669387,0.6174692313478759,0.6161889423448589
Post2_IB_IntensityKurtosis,113,0.63030239722,0.2823116446666666,-0.1505996665,-0.192477321,1.3773997449802929e-09,3.950894938717406e-13,False,Spearman,-0.08084173479248367,0.39465889562955936,Mann_Whitney_U,1723.0,0.39384891260300403,-0.1534544224543718,0.6198113675396985,0.6185392900749999
ADC_IH_IntensityHistogramMeanAbsoluteDeviation_Intensity,113,3.0145779008799996,3.3288776826031747,2.6462936385,2.560115172,0.00035155062860985965,2.177127662774673e-05,False,Spearman,0.08084509690814343,0.3946391697879623,Mann_Whitney_U,1427.0,0.3938292421757318,0.14053075730928555,0.6198113675396985,0.6185392900749999
Pre_GLSZM_SmallZoneHighGreyLevelEmphasis,113,162.55026600216001,138.92891015238098,119.4797233,118.5131359,3.7377450586620036e-05,0.00011051581269576827,False,Spearman,-0.08029550685469662,0.3978714711942679,Mann_Whitney_U,1722.0,0.39706345862858605,-0.22463768807850204,0.6235042102698051,0.6222379741279142
Post2_Morph_RadiusRoiNorm_MaxIntensityCoor_PerimeterCoor_2DSagittalSmallestDist,113,0.274346655,0.26923669009523804,0.1516831525,0.215626046,2.473683284755905e-06,4.646616148748595e-06,False,Spearman,0.07974961056645541,0.40109757733657525,Mann_Whitney_U,1429.0,0.40029182085688775,-0.023536443360058733,0.6245061445173209,0.6232515862310563
ADC_IH_MinimumHistogramGradient_Intensity,113,14.76,17.746031746031747,10.0,19.0,1.3766111908773921e-05,3.6361342108804425e-06,False,Spearman,0.0799699063739342,0.3997938254874406,Mann_Whitney_U,1433.0,0.3990372378569602,0.1920457289226785,0.6245061445173209,0.6232515862310563
T2_IH_IntensityHistogramMedianAbsoluteDeviation_Intensity,113,3.0427803778399998,2.72647976131746,1.670011203,2.1797862,4.0596997404484355e-07,1.5185294148299245e-06,False,Spearman,0.07974944474116527,0.40109855966927377,Mann_Whitney_U,1429.0,0.4002928005489519,-0.12069478062596332,0.6245061445173209,0.6232515862310563
Post2_IH_IntensityHistogramKurtosis_Intensity,113,0.57979472894,0.2621378396825397,-0.15180893750000002,-0.218741173,1.2691362463826172e-09,3.08924884489268e-13,False,Spearman,-0.07865682304133548,0.4076020369738055,Mann_Whitney_U,1719.0,0.4068016247711873,-0.1421260611233428,0.6305638349765709,0.6306731827287786
T2_IH_IntensityHistogramSkewness_Intensity,111,0.3813579554166666,0.5893929804285715,0.33471277050000003,0.432890767,0.0618834616089701,3.963844652000781e-10,False,Spearman,0.07945521577046602,0.40713375094246973,Mann_Whitney_U,1372.0,0.4063368889555473,0.1913734002379753,0.6305638349765709,0.6306731827287786
ADC_Morph_MaxIntensityCoor_RoiCentroidCoor_Dist_cm,113,0.9737834299399999,1.0196197948253969,1.0091327845,1.066508627,0.23025877815234666,0.091124030358391,True,Pearson_point_biserial_equivalent,0.07904896998406748,0.405260808516187,Welch_t_test,-0.8309649577563305,0.4079164200621178,0.15823509182589598,0.6296326724586253,0.6310501883012251
ADC_IH_IntensityHistogramMedianAbsoluteDeviation_Intensity,113,0.43248799338000005,0.4357484650317461,0.3930166095,0.285672033,0.08663714659716086,2.8258211021038443e-06,False,Spearman,-0.07811075752045639,0.41087541619197954,Mann_Whitney_U,1718.0,0.41007810852722215,0.009932424475092065,0.6329244848241657,0.6316962879655978
ADC_GLRLM_GreyLevelVariance,113,0.8277593414000001,0.6191041005396823,0.2178492305,0.287286954,3.7485930326641454e-13,1.1286518770679036e-12,False,Spearman,0.0781105951035484,0.410876392081986,Mann_Whitney_U,1432.0,0.41007908196661735,-0.1443593299034239,0.6329244848241657,0.6316962879655978
Pre_GLSZM_GreyLevelVariance,113,62.3771068501,48.9646704830635,53.701525565,40.85361203,0.0004138956237125057,3.6334847183135765e-05,False,Spearman,-0.07756436716576136,0.41416610429401934,Mann_Whitney_U,1717.0,0.41337218327583647,-0.3316768526271561,0.6340073794454452,0.6328099248765459
ADC_IB_IntensityBasedMeanAbsoluteDeviation,113,164.30000674719997,181.31222677579368,142.69462805,140.5953948,0.0005473371596906517,1.5792051895888347e-05,False,Spearman,0.07756436716576136,0.41416610429401934,Mann_Whitney_U,1433.0,0.41337218327583647,0.13821258757306837,0.6340073794454452,0.6328099248765459
T2_IH_IntensityHistogramInterquartileRange_Intensity,113,5.64,4.777777777777778,3.0,4.0,6.4263026297042705e-09,4.1270306424217914e-07,False,Spearman,0.07755767914806021,0.414206478560353,Mann_Whitney_U,1434.0,0.4134241636279091,-0.15541601877610117,0.6340073794454452,0.6328099248765459
Post1_Morph_RadiusRoiNorm_MaxIntensityCoor_RoiCentroidCoor_Dist,113,0.5846566572199999,0.5563642167777778,0.6069771385,0.581398771,0.18435704405844822,0.09340484437012882,True,Pearson_point_biserial_equivalent,-0.07616624249156828,0.4226561476269484,Welch_t_test,0.8188464572729593,0.4146406575976075,-0.1524303227146987,0.6406277038141752,0.6333329875541516
ADC_Morph_voxelsCounting_vx,113,9.27799202206,8.050375589015873,3.2878245885,3.260147868,8.191984200064949e-15,5.905576619253437e-14,False,Spearman,0.0770181392279743,0.41747113617589515,Mann_Whitney_U,1434.0,0.4166808928037953,-0.051898060150368935,0.6363139001923118,0.6337751394746802
T2_Morph_RadiusSphereNorm_CentroidCoor_WCentroidCoor_Dist,113,0.10984359736000002,0.09209217588888889,0.0879635745,0.075965139,5.6640929261804095e-05,6.749307798439286e-07,False,Spearman,-0.0770181392279743,0.41747113617589515,Mann_Whitney_U,1716.0,0.4166808928037953,-0.23015454141541816,0.6363139001923118,0.6337751394746802
T2_IB_IntensityRange,113,425.8888775746,428.0521260904761,302.2238331,407.0,0.00024538501064754235,0.011065070958405287,False,Spearman,0.0764723883218438,0.42078854277992894,Mann_Whitney_U,1435.0,0.4200022738900524,0.007162139248996115,0.6400229096064466,0.6374877280846917
Pre_Morph_RadiusRoiNorm_CentroidCoor_WCentroidCoor_Dist,113,0.07647316296,0.0547707616984127,0.055719329,0.047294948,1.0188680179967975e-07,3.6304950987284843e-09,False,Spearman,-0.0759256833524002,0.4241270033947476,Mann_Whitney_U,1714.0,0.4233449868550291,-0.36670135211570387,0.6410604393690966,0.6412170930607554
T2_Morph_RadiusRoiNorm_MaxIntensityCoor_PerimeterCoor_2DSagittalSmallestDist,113,0.30724584516,0.24343730406349212,0.1979610965,0.172622196,2.264233884720171e-06,8.299681173142099e-06,False,Spearman,-0.07565288399626079,0.42579855332989125,Mann_Whitney_U,1713.5,0.4250187804548876,-0.2894281692091638,0.642246151272586,0.6424083445706443
T2_NGTDM_Complexity,113,497.50514131833995,331.81015108428574,63.47159725499999,137.1759957,2.5217254386565898e-11,1.6956469447017308e-13,False,Spearman,0.07537961215260829,0.4274767943790252,Mann_Whitney_U,1437.0,0.4266993319874033,-0.19654497589196251,0.6434370044291357,0.6436048257476666
Post1_GLCM_NormalisedInverseDifference,113,0.8958072938000001,0.8909172887460317,0.8947033904999999,0.896481669,0.7243007051307238,0.2349305730274987,True,Pearson_point_biserial_equivalent,-0.07611718527686914,0.42295585970051897,Welch_t_test,0.7903055438536183,0.4312788601223392,-0.1523315729465664,0.6406277038141752,0.6458905018755114
Pre_GLCM_JointEntropyLog2,113,7.501388480379998,7.4396268552222224,8.165644761,7.684016304,0.008388026923059013,0.002928626461894971,False,Spearman,-0.07483322747682611,0.43084367097469034,Mann_Whitney_U,1712.0,0.4300710526100048,-0.03926210494057078,0.6458194985210679,0.6458905018755114
Pre_GLCM_JointEntropyLog10,113,2.25814294182,2.2395508400634916,2.458104007,2.313119395,0.008388026995337153,0.0029286264715973854,False,Spearman,-0.07483322747682611,0.43084367097469034,Mann_Whitney_U,1712.0,0.4300710526100048,-0.039262104939693794,0.6458194985210679,0.6458905018755114
ADC_Morph_RadiusRoiNorm_MaxIntensityCoor_PerimeterCoor_2DAxialSmallestDist,113,1.4273901083599998,1.8071858322539678,0.707106781,0.707106781,2.8228914356380526e-10,9.872775807236735e-12,False,Spearman,0.07459705482267644,0.43230367429684524,Mann_Whitney_U,1456.0,0.4317831531874966,0.21609450802571997,0.6466691326258595,0.6458905018755114
Pre_Morph_ApproximateVolume_cm3,113,4.0880399999999995,1.8774444444444447,0.3875,0.365,2.1674614004536117e-15,8.691354978211739e-15,False,Spearman,0.07046486917517891,0.45830186629317204,Mann_Whitney_U,1446.0,0.4575787649324232,-0.14355668922744394,0.6468041933650225,0.6467613327184355
Pre_Morph_voxelsCounting_vx,113,4088.04,1877.4444444444443,387.5,365.0,2.1674614004536117e-15,8.691354978211739e-15,False,Spearman,0.07046486917517891,0.45830186629317204,Mann_Whitney_U,1446.0,0.4575787649324232,-0.14355668922744397,0.6468041933650225,0.6467613327184355
Pre_Morph_SphereDiameter_mm,113,11.14190464772,11.536273765174602,9.0432775045,8.866755794,8.101212471929794e-12,4.009813721817862e-08,False,Spearman,0.07046486917517891,0.45830186629317204,Mann_Whitney_U,1446.0,0.4575787649324232,0.05006500171970591,0.6468041933650225,0.6467613327184355
Pre_IH_IntensityHistogramEntropyLog10_Intensity,113,1.2313770068,1.2184296374761905,1.314995278,1.264305268,0.00743098568735932,0.0024111191961479076,False,Spearman,-0.07100963191231674,0.45482571207463085,Mann_Whitney_U,1705.0,0.45409535354554187,-0.05111293106038025,0.6468041933650225,0.6467613327184355
Pre_IH_IntensityHistogramEntropyLog2_Intensity,113,4.09054587416,4.047535644603174,4.368319759,4.199931191,0.0074309856685065455,0.0024111191996681394,False,Spearman,-0.07100963191231674,0.45482571207463085,Mann_Whitney_U,1705.0,0.45409535354554187,-0.051112930636075304,0.6468041933650225,0.6467613327184355
Pre_GLCM_SumEntropy,113,7.25721990428,7.144040062904762,8.165644761,7.684016304,0.0005720342726035703,7.422431468522895e-07,False,Spearman,-0.07374077160125199,0.4376207974795162,Mann_Whitney_U,1710.0,0.4368587590186265,-0.05505109601342964,0.6468041933650225,0.6467613327184355
Pre_GLCM_NormalisedInverseDifference,113,0.8963862958,0.9012134755714286,0.896280316,0.904127095,0.6507646698550977,0.6386403043576911,True,Pearson_point_biserial_equivalent,0.07233142519322629,0.44645249957928673,Welch_t_test,-0.7523268035900618,0.4536577852892446,0.14471432307054022,0.6468041933650225,0.6467613327184355
Pre_GLRLM_LowGreyLevelRunEmphasis,113,0.07123479994,0.03306312515873016,0.0181808975,0.017517633,9.176358969430476e-11,1.45636644551002e-13,False,Spearman,-0.07428699953903906,0.43422469893146975,Mann_Whitney_U,1711.0,0.4334572221878682,-0.41562033378349783,0.6468041933650225,0.6467613327184355
Pre_GLRLM_ShortRunLowGreyLevelEmphasis,113,0.05410294211999999,0.027896839015873014,0.017029763,0.016580478,1.0252386423840952e-09,5.281887682401162e-12,False,Spearman,-0.07210208778789085,0.44789905480441106,Mann_Whitney_U,1707.0,0.4471551224738385,-0.42965213242044964,0.6468041933650225,0.6467613327184355
Post1_Morph_Volume_cm3,113,4.07392833392,1.8619953704603172,0.37675000000000003,0.356125,2.160631000545656e-15,8.521385371591798e-15,False,Spearman,0.07100963191231674,0.45482571207463085,Mann_Whitney_U,1445.0,0.45409535354554187,-0.14373939237318764,0.6468041933650225,0.6467613327184355
Post1_Morph_ApproximateVolume_cm3,113,4.087779999999999,1.8774444444444447,0.3875,0.365,2.1675929371244447e-15,8.691354978211739e-15,False,Spearman,0.07210313727062861,0.4478924291708275,Mann_Whitney_U,1443.0,0.4471485095245793,-0.14353952880020307,0.6468041933650225,0.6467613327184355
Post1_Morph_voxelsCounting_vx,113,4087.78,1877.4444444444443,387.5,365.0,2.1675929371244447e-15,8.691354978211739e-15,False,Spearman,0.07210313727062861,0.4478924291708275,Mann_Whitney_U,1443.0,0.4471485095245793,-0.14353952880020318,0.6468041933650225,0.6467613327184355
Post1_Morph_SphereDiameter_mm,113,11.138711808960002,11.536273765174602,9.0432775045,8.866755794,8.111726202244575e-12,4.009813721817862e-08,False,Spearman,0.07210313727062861,0.4478924291708275,Mann_Whitney_U,1443.0,0.4471485095245793,0.05046572240179113,0.6468041933650225,0.6467613327184355
Post2_Morph_ApproximateVolume_cm3,113,4.0880399999999995,1.8774444444444447,0.3875,0.365,2.1674614004536117e-15,8.691354978211739e-15,False,Spearman,0.07046486917517891,0.45830186629317204,Mann_Whitney_U,1446.0,0.4575787649324232,-0.14355668922744394,0.6468041933650225,0.6467613327184355
Post2_Morph_voxelsCounting_vx,113,4088.04,1877.4444444444443,387.5,365.0,2.1674614004536117e-15,8.691354978211739e-15,False,Spearman,0.07046486917517891,0.45830186629317204,Mann_Whitney_U,1446.0,0.4575787649324232,-0.14355668922744397,0.6468041933650225,0.6467613327184355
Post2_Morph_SphereDiameter_mm,113,11.14190464772,11.536273765174602,9.0432775045,8.866755794,8.101212471929794e-12,4.009813721817862e-08,False,Spearman,0.07046486917517891,0.45830186629317204,Mann_Whitney_U,1446.0,0.4575787649324232,0.05006500171970591,0.6468041933650225,0.6467613327184355
ADC_GLCM_DifferenceAverage,113,4.15217178302,4.928461567365078,2.7518280529999997,2.617216446,1.204367535569752e-08,1.3285597282845941e-08,False,Spearman,0.07101022252478123,0.45482195131940406,Mann_Whitney_U,1445.0,0.45409159961926393,0.1503093200782412,0.6468041933650225,0.6467613327184355
ADC_GLRLM_ShortRunsEmphasis,113,3.96649378556,2.634731527015873,1.7253426150000002,1.930330959,1.5591505331642504e-13,6.710729650901827e-12,False,Spearman,0.0726483157256779,0.4444580227728099,Mann_Whitney_U,1442.0,0.44370775544398555,-0.25648944768015897,0.6468041933650225,0.6467613327184355
T2_Morph_ApproximateVolume_cm3,113,4.0880399999999995,1.8774444444444447,0.3875,0.365,2.1674614004536117e-15,8.691354978211739e-15,False,Spearman,0.07046486917517891,0.45830186629317204,Mann_Whitney_U,1446.0,0.4575787649324232,-0.14355668922744394,0.6468041933650225,0.6467613327184355
T2_Morph_voxelsCounting_vx,113,4088.04,1877.4444444444443,387.5,365.0,2.1674614004536117e-15,8.691354978211739e-15,False,Spearman,0.07046486917517891,0.45830186629317204,Mann_Whitney_U,1446.0,0.4575787649324232,-0.14355668922744397,0.6468041933650225,0.6467613327184355
T2_Morph_SphereDiameter_mm,113,11.14190464772,11.536273765174602,9.0432775045,8.866755794,8.101212471929794e-12,4.009813721817862e-08,False,Spearman,0.07046486917517891,0.45830186629317204,Mann_Whitney_U,1446.0,0.4575787649324232,0.05006500171970591,0.6468041933650225,0.6467613327184355
T2_IB_IntensityVariance,113,18132.709801854344,10455.332981409047,3124.0493065,4698.16735,1.45024933301607e-10,2.6991069878552895e-12,False,Spearman,0.07155585985010379,0.451354967999416,Mann_Whitney_U,1444.0,0.4506176716254179,-0.29997289361169416,0.6468041933650225,0.6467613327184355
T2_IB_StandardDeviation,113,95.23264835123999,83.67679314201584,55.89153617,68.54317872,1.1573303717789657e-06,3.746548384291226e-06,False,Spearman,0.07155585985010379,0.451354967999416,Mann_Whitney_U,1444.0,0.4506176716254179,-0.14865684455655268,0.6468041933650225,0.6467613327184355
T2_IB_IntensityBasedMeanAbsoluteDeviation,113,78.12911850372,67.75960580585713,40.801218195000004,53.56689404,4.530006411461513e-07,1.4144861669822401e-06,False,Spearman,0.07319454366346494,0.44103192101717825,Mann_Whitney_U,1441.0,0.44027561866021014,-0.15562654883173038,0.6468041933650225,0.6467613327184355
T2_IH_IntensityHistogramRange_Intensity,113,17.42,17.428571428571427,12.0,17.0,0.00032124439319985103,0.011938896194130548,False,Spearman,0.07215086215477065,0.44759118870670367,Mann_Whitney_U,1443.0,0.4468478466019763,0.0006909558798531368,0.6468041933650225,0.6467613327184355
T2_GLCM_Contrast,113,13.621134576880001,10.76224005777778,4.35623386,5.046863591,1.5701930703628419e-10,2.8886078122219026e-12,False,Spearman,0.07264846678476015,0.44445707321981587,Mann_Whitney_U,1442.0,0.4437068077567634,-0.14408851634751416,0.6468041933650225,0.6467613327184355
T2_GLCM_NormalisedInverseDifference,113,0.9170228672200001,0.9116379251428571,0.911336036,0.907861594,0.0010922387720565308,0.31941301745441797,False,Spearman,-0.07264846678476015,0.44445707321981587,Mann_Whitney_U,1708.0,0.4437068077567634,-0.18798648894631068,0.6468041933650225,0.6467613327184355
T2_GLRLM_RunEntropy,113,3.99014974026,4.112266375666667,3.891004374,4.158639975,0.6275591923931699,0.6272339778799718,True,Pearson_point_biserial_equivalent,0.07324637225099745,0.44070761420629706,Welch_t_test,-0.7450699448576148,0.45827149680187484,0.1465546801911355,0.6468041933650225,0.6467613327184355
T2_GLSZM_NormalisedGreyLevelNonUniformity,113,0.16172806834,0.10883150657142861,0.1118150645,0.0848,1.449489981529542e-10,4.27163148954691e-08,False,Spearman,-0.07401450117006043,0.43591703980222507,Mann_Whitney_U,1710.5,0.4351522530606051,-0.35932424717787714,0.6468041933650225,0.6467613327184355
Pre_Morph_Volume_cm3,113,4.0741883339200005,1.8619953704603172,0.37675000000000003,0.356125,2.160502425520823e-15,8.521385371591798e-15,False,Spearman,0.06937094809895558,0.4653264091930035,Mann_Whitney_U,1448.0,0.4646186839449493,-0.14375656440237808,0.6491258579108564,0.6481385880079832
Pre_GLRLM_ShortRunHighGreyLevelEmphasis,113,339.46355751822006,294.7057412888888,272.78126284999996,258.3788748,0.008190806402917484,0.0008739046784099037,False,Spearman,-0.06937094809895558,0.4653264091930035,Mann_Whitney_U,1702.0,0.4646186839449493,-0.21321620816883977,0.6491258579108564,0.6481385880079832
Post1_Morph_RadiusRoiNorm_MaxIntensityCoor_PerimeterCoor_3DSmallestDist,113,0.15063691892000003,0.14152773880952382,0.1454394865,0.12878226,0.02942041967219499,0.01705196682708844,False,Spearman,-0.06937109234334239,0.4653254790624387,Mann_Whitney_U,1702.0,0.46461775537181615,-0.12496265711672944,0.6491258579108564,0.6481385880079832
Post2_Morph_Volume_cm3,113,4.0741883339200005,1.8619953704603172,0.37675000000000003,0.356125,2.160502425520823e-15,8.521385371591798e-15,False,Spearman,0.06937094809895558,0.4653264091930035,Mann_Whitney_U,1448.0,0.4646186839449493,-0.14375656440237808,0.6491258579108564,0.6481385880079832
ADC_Morph_CentreOfMassShift_mm,113,0.1962835115,0.17652476517460322,0.1377163335,0.114218762,3.3430459296033414e-07,2.806801722483293e-06,False,Spearman,-0.06937094809895558,0.4653264091930035,Mann_Whitney_U,1702.0,0.4646186839449493,-0.11662547832916766,0.6491258579108564,0.6481385880079832
T2_Morph_Volume_cm3,113,4.0741883339200005,1.8619953704603172,0.37675000000000003,0.356125,2.160502425520823e-15,8.521385371591798e-15,False,Spearman,0.06937094809895558,0.4653264091930035,Mann_Whitney_U,1448.0,0.4646186839449493,-0.14375656440237808,0.6491258579108564,0.6481385880079832
T2_Morph_CentreOfMassShift_mm,113,0.55605009188,0.48232650420634915,0.507132556,0.390153759,0.0005724081324703619,3.411705579513117e-06,False,Spearman,-0.06882472016116853,0.46885595055067963,Mann_Whitney_U,1701.0,0.4681563788190902,-0.18684195499282136,0.6515387873295433,0.6505666377447626
T2_IH_IntensityHistogramMeanAbsoluteDeviation_Intensity,113,3.2333861819200003,2.79125779615873,1.68877051,2.18712978,4.352744532219753e-07,1.7931011295229073e-06,False,Spearman,0.06882486326977277,0.4688550239214292,Mann_Whitney_U,1449.0,0.4681554536993964,-0.16141087779054605,0.6515387873295433,0.6505666377447626
Pre_GLRLM_RunLengthNonUniformity,113,1352.4166914943999,1151.703091561905,272.66476209999996,272.4988438,3.6639838757608935e-15,3.2558673883739568e-15,False,Spearman,0.06827849222338148,0.4724000538214048,Mann_Whitney_U,1450.0,0.471708941253969,-0.04351307527297833,0.6539534205864188,0.6529966987913453
T2_IB_IntensityBasedQuartileCoefficientOfDispersion,113,0.2533935826,0.26054436958730165,0.1969534155,0.227942902,0.00012789789600445154,2.8831230154426908e-05,False,Spearman,0.06827849222338148,0.4724000538214048,Mann_Whitney_U,1450.0,0.471708941253969,0.04674884150969499,0.6539534205864188,0.6529966987913453
Pre_NGTDM_Complexity,113,1682.5375462536601,1121.671071685238,989.8327122999999,771.2920019,5.361122059799154e-07,6.728111890441448e-08,False,Spearman,-0.06773226428559444,0.4759586617052608,Mann_Whitney_U,1699.0,0.47527631452005437,-0.3721642511313467,0.6551218081266327,0.6541826078184779
Post1_Morph_RadiusRoiNorm_MaxIntensityCoor_PerimeterCoor_2DCoronalSmallestDist,113,0.31638717902,0.2688010028571428,0.2068139865,0.18835187,2.212567888448796e-05,2.0361511400786677e-07,False,Spearman,-0.06773240512263352,0.4759577423048368,Mann_Whitney_U,1699.0,0.4752753965366203,-0.19636248547976323,0.6551218081266327,0.6541826078184779
ADC_GLSZM_ZoneSizeVariance,113,5.124108294,5.478375521269842,5.284999233000001,5.367634486,0.009790232861157657,0.09573261680443909,False,Spearman,0.0677328276390221,0.4759549840749151,Mann_Whitney_U,1451.0,0.47527264255779755,0.23408216528710882,0.6551218081266327,0.6541826078184779
Pre_IB_IntensityKurtosis,113,1.0042474665799999,1.0912579216825398,0.370629096,0.472161492,2.6342165269989487e-08,5.226022508133964e-09,False,Spearman,0.06663980841002032,0.4831191562794819,Mann_Whitney_U,1453.0,0.48245526048635956,0.03563140574873389,0.6586653232135179,0.6577800011926482
Pre_GLCM_DifferenceEntropy,113,4.903664699760001,4.780363410920635,5.747711735999999,5.28440363,0.005936915926719608,0.003179125644082368,False,Spearman,-0.06663994697549427,0.4831182444090788,Mann_Whitney_U,1697.0,0.48245434994474534,-0.05483134293342337,0.6586653232135179,0.6577800011926482
Pre_GLSZM_ZoneSizeNonUniformity,113,68.57111003142,88.18528059601587,32.37371004,33.62650602,3.2154593109572723e-14,2.178320243098646e-15,False,Spearman,0.06609358047223328,0.4867209225403758,Mann_Whitney_U,1454.0,0.4860667135884901,0.09670398559382512,0.6586653232135179,0.6577800011926482
Post1_Morph_CentreOfMassShift_mm,113,0.49839638826,0.48844663599999993,0.3432181785,0.395690852,1.2422801033406587e-08,7.189830074870556e-10,False,Spearman,0.06663980841002032,0.4831191562794819,Mann_Whitney_U,1453.0,0.48245526048635956,-0.021742167905799584,0.6586653232135179,0.6577800011926482
ADC_GLCM_NormalisedInverseDifferenceMoment,113,0.29224855621999996,0.31203931544444446,0.3048770845,0.327700422,0.0017114906605099453,0.08413323169289343,False,Spearman,0.06663994697549427,0.4831182444090788,Mann_Whitney_U,1453.0,0.48245434994474534,0.18367255005648112,0.6586653232135179,0.6577800011926482
ADC_GLCM_InverseVariance,113,0.7227109377400001,0.7619955724761902,0.7578638945,0.774297101,5.725994790069926e-05,2.194981722628466e-07,False,Spearman,0.06609371790192466,0.48672001454774305,Mann_Whitney_U,1454.0,0.48606580688222567,0.25660141346376214,0.6586653232135179,0.6577800011926482
ADC_GLSZM_SmallZoneEmphasis,113,23137.6681043514,1448.656890719873,107.58484849999999,162.75,2.584751066503487e-14,5.999335719697659e-14,False,Spearman,0.06609358047223328,0.4867209225403758,Mann_Whitney_U,1454.0,0.4860667135884901,-0.36117474703514496,0.6586653232135179,0.6577800011926482
T2_IH_IntensityHistogramVariance_Intensity,113,30.798500685079997,17.769444689269847,5.4659564285,7.977701263,1.4549024928102023e-10,2.8857074117647087e-12,False,Spearman,0.06609371790192466,0.48672001454774305,Mann_Whitney_U,1454.0,0.48606580688222567,-0.30051231546267115,0.6586653232135179,0.6577800011926482
T2_IH_IntensityHistogramStd_Intensity,113,3.93772878718,3.452031051047619,2.3374987395,2.824482477,1.1723148213537115e-06,4.487441164420559e-06,False,Spearman,0.06609371790192466,0.48672001454774305,Mann_Whitney_U,1454.0,0.48606580688222567,-0.15199907583738267,0.6586653232135179,0.6577800011926482
Pre_Morph_RadiusRoiNorm_MaxIntensityCoor_PerimeterCoor_2DCoronalSmallestDist,113,0.28067803488000004,0.24850720265079365,0.1697349725,0.156781128,1.1737281484916085e-06,1.577031573952925e-08,False,Spearman,-0.06390880160764616,0.5012690964117219,Mann_Whitney_U,1692.0,0.5006567170216403,-0.13475468565357968,0.6708308159263054,0.6712520517052626
Pre_GLCM_InverseDifference,113,0.40310171266,0.40868068357142867,0.36957923800000003,0.39125004,0.0032007618789982517,0.010729097765830854,False,Spearman,0.06390866872108507,0.5012699881438276,Mann_Whitney_U,1458.0,0.5006576076254721,0.04251713840805398,0.6708308159263054,0.6712520517052626
Pre_GLRLM_HighGreyLevelRunEmphasis,113,369.99950775886,323.93627106460315,304.82691450000004,285.3197435,0.013289427126278354,0.001833140509599287,False,Spearman,-0.06390866872108507,0.5012699881438276,Mann_Whitney_U,1692.0,0.5006576076254721,-0.208187015338806,0.6708308159263054,0.6712520517052626
Pre_GLSZM_ZoneSizeVariance,113,15308.849906839163,1321.1649366460156,24.268552720000002,37.19924554,1.6458595871001802e-15,1.828647592596887e-16,False,Spearman,0.06390866872108507,0.5012699881438276,Mann_Whitney_U,1458.0,0.5006576076254721,-0.21518768325947227,0.6708308159263054,0.6712520517052626
Post1_IB_IntensityBasedQuartileCoefficientOfDispersion,113,0.31550080122,0.30292982714285716,0.2395149405,0.278704078,6.560939759850217e-05,0.04029218613278755,False,Spearman,0.06390866872108507,0.5012699881438276,Mann_Whitney_U,1458.0,0.5006576076254721,-0.07519365164011461,0.6708308159263054,0.6712520517052626
Post1_GLSZM_NormalisedZoneSizeNonUniformity,113,0.27227380706000004,0.2784920856825397,0.25689217750000004,0.264570085,0.02608904208651261,0.2734644823140952,False,Spearman,0.06336244078329802,0.5049424303895802,Mann_Whitney_U,1459.0,0.5043412780619777,0.09135566154874282,0.67449874465324,0.6749410079794305
Post1_Morph_RadiusSphereNorm_MaxIntensityCoor_PerimeterCoor_2DSagittalSmallestDist,113,0.42689161066000003,0.4391576987619048,0.2828225815,0.361859801,2.4032200808923337e-06,1.2323057149291736e-07,False,Spearman,0.0628163434605069,0.5086279260553708,Mann_Whitney_U,1460.0,0.5080383115095899,0.03328548731945895,0.676925106374054,0.6773855914760795
ADC_GLRLM_GreyLevelNonUniformity,113,1279.4912418102,969.461332313492,216.5089564,234.0150938,4.078076277922517e-15,1.2853905407112816e-14,False,Spearman,0.06281621284551096,0.5086288092092339,Mann_Whitney_U,1460.0,0.5080391936070596,-0.07236076637476489,0.676925106374054,0.6773855914760795
ADC_IB_MaximumIntensity,113,395.23743304307993,425.1974679952381,336.5,331.0,0.0003613360446043638,6.25576084124177e-06,False,Spearman,0.062270114386937275,0.5123281769507206,Mann_Whitney_U,1461.0,0.511750407568748,0.09908165737268741,0.6804956784042044,0.6810795865437014
Pre_IH_IntensityHistogram25thPercentile,113,11.94,12.634920634920634,12.0,13.0,0.14743582955243734,0.7056590599908246,True,Pearson_point_biserial_equivalent,0.06395800561263644,0.500938971087244,Welch_t_test,-0.6551976571117041,0.5140127640250649,0.12788818887764802,0.6708308159263054,0.6822773266304126
ADC_GLRLM_RunLengthNonUniformity,113,0.7700797951,0.7908439764920635,0.8557727989999999,0.83158853,9.112666363184341e-08,5.402640378187053e-07,False,Spearman,-0.06172375696993686,0.5160430998263973,Mann_Whitney_U,1688.0,0.5154774829652427,0.14376254758906623,0.6804956784042044,0.6822773266304126
T2_GLCM_JointVariance,113,28.565808952399998,16.772137640396828,5.1308370475,7.310815461,1.3289016377675244e-10,8.085478033648526e-12,False,Spearman,0.061723885313367644,0.516042225547898,Mann_Whitney_U,1462.0,0.5154766096761889,-0.29286911794310394,0.6804956784042044,0.6822773266304126
Pre_GLSZM_NormalisedGreyLevelNonUniformity,113,0.060119727199999994,0.05777521988888888,0.0445067055,0.048443091,1.3700552223971747e-10,6.601668073484463e-10,False,Spearman,0.06117752903214982,0.5197708703833219,Mann_Whitney_U,1463.0,0.5192177152178841,-0.05853287292607059,0.6804956784042044,0.6834793196686328
Post2_Morph_RadiusRoiNorm_MaxIntensityCoor_PerimeterCoor_3DSmallestDist,113,0.15522298318,0.143158652,0.1355255665,0.128178834,0.019233332044509003,0.005369894633995547,False,Spearman,-0.06117778344823978,0.519769130919012,Mann_Whitney_U,1687.0,0.5192159776692992,-0.16019481184319004,0.6804956784042044,0.6834793196686328
T2_GLRLM_GreyLevelVariance,113,31.69835177124,17.945256655269837,5.7869556145,8.209984238,1.9521489163721585e-10,3.40849714599072e-12,False,Spearman,0.06117765623979803,0.5197700006535094,Mann_Whitney_U,1463.0,0.519216846445926,-0.31571979499815567,0.6804956784042044,0.6834793196686328
Post2_IB_MinimumIntensity,113,21.424319148160002,17.688692369714285,0.0,0.175281987,2.781312195498616e-10,2.3007498259290884e-12,False,Spearman,0.060678529104907265,0.5231882662325542,Mann_Whitney_U,1473.5,0.5228243395906615,-0.09888007017969279,0.6829151185788858,0.6859178569336167
ADC_Morph_MaxIntensityCoor_PerimeterCoor_3DSmallestDist_mm,113,0.19560104663999997,0.18461994787301586,0.1969752045,0.173831826,0.008267428370441964,0.031115361989992544,False,Spearman,-0.060632309691308554,0.5235053740487314,Mann_Whitney_U,1686.0,0.5229649958941387,-0.13026033726996553,0.6829151185788858,0.6859178569336167
Pre_IB_25thIntensityPercentile,113,156.82031016796,165.9792916436508,159.0,168.0,0.15974171669077702,0.9398149799358047,True,Pearson_point_biserial_equivalent,0.061847884560570145,0.5151978939252266,Welch_t_test,-0.6343406914537524,0.5274552576378635,0.12365238564950784,0.6804956784042044,0.6883161036344317
Pre_IH_IntensityHistogram75thPercentile,113,20.68,19.6984126984127,20.5,20.0,0.5364289706411312,0.45350773589845705,True,Pearson_point_biserial_equivalent,-0.06180678654015064,0.5154776587986155,Welch_t_test,0.6340445583954277,0.5276456319297094,-0.12356990324300018,0.6804956784042044,0.6883161036344317
Pre_IH_Uniformity_Intensity,113,0.0957740313,0.08970654036507936,0.062026361,0.06841166,6.174829890127603e-09,8.881287235882719e-09,False,Spearman,0.0600850731565757,0.527267300315666,Mann_Whitney_U,1465.0,0.5267399919008756,-0.08068668483935056,0.6865854773894644,0.6883161036344317
Pre_IB_75thIntensityPercentile,113,276.1497503316,262.85782211428574,273.0612793,261.0,0.6042113513037973,0.5569705587791678,True,Pearson_point_biserial_equivalent,-0.06118233950638581,0.5197379812658971,Welch_t_test,0.626596557685094,0.5325118055651616,-0.12231673548575817,0.6804956784042044,0.6932710917821906
ADC_Morph_RadiusSphereNorm_MaxIntensityCoor_PerimeterCoor_2DAxialSmallestDist,113,0.24065565979999998,0.19150099066666665,0.133038021,0.124514561,4.5670074402195963e-10,9.263871752030159e-10,False,Spearman,-0.05899323061124311,0.5348134991062532,Mann_Whitney_U,1683.0,0.5343132703190377,-0.21346675133514156,0.6939201385334872,0.6932710917821906
ADC_GLCM_Dissimilarity,113,0.54630576036,0.5300355633809523,0.482713362,0.511655479,1.6417416688340203e-05,0.000543833554396053,False,Spearman,0.05899273994551952,0.5348169023503948,Mann_Whitney_U,1467.0,0.5343166701857215,-0.10974355937695829,0.6939201385334872,0.6932710917821906
Pre_GLCM_InverseDifferenceMoment,113,0.33380150186,0.33702344288888886,0.29122598450000003,0.312484523,0.0004763552597089651,0.001377003396628622,False,Spearman,0.057900161405427496,0.5424216183987721,Mann_Whitney_U,1469.0,0.5419496855343637,0.021581691035872038,0.701273663786984,0.7006635220122845
Post1_Morph_RadiusRoiNorm_MaxIntensityCoor_PerimeterCoor_2DAxialSmallestDist,113,0.23205532735999998,0.1892174516825397,0.153203176,0.149906338,6.531838032998475e-09,3.3060084248073726e-05,False,Spearman,-0.05790028179838027,0.5424207775029002,Mann_Whitney_U,1681.0,0.5419488454339163,-0.2380627740744104,0.701273663786984,0.7006635220122845
T2_Morph_RadiusSphereNorm_MaxIntensityCoor_PerimeterCoor_2DCoronalSmallestDist,113,0.39255103236000005,0.48657333369841266,0.3257229935,0.265343182,4.6904650428258904e-06,3.3390574710462756e-08,False,Spearman,0.05762740691396086,0.5443283420039349,Mann_Whitney_U,1469.5,0.5438636773329422,0.24706194258196293,0.70248434868244,0.7018846744902855
ADC_GLCM_NormalisedInverseDifference,113,0.4888608286,0.4705112994285714,0.4176925885,0.451027364,2.2032740688563264e-05,0.0011878419042270563,False,Spearman,0.057354052724810645,0.5462425491348468,Mann_Whitney_U,1470.0,0.5457852248777563,-0.10825441360512837,0.7037003657893757,0.7031112149670738
Post2_Morph_RadiusSphereNorm_MaxIntensityCoor_RoiCentroidCoor_Dist,113,0.82924434826,0.8621558391269841,0.8304435185,0.901333751,0.4807376301052272,0.2257101676016511,True,Pearson_point_biserial_equivalent,0.056634221439884024,0.5512989722301271,Welch_t_test,-0.5974024794246556,0.5515237592653774,0.1131936264370182,0.7085922652477569,0.7080340662306516
ADC_Morph_RadiusSphereNorm_MaxIntensityCoor_PerimeterCoor_2DSagittalSmallestDist,113,0.23548426613999995,0.22516090968253968,0.157143676,0.143769601,1.2598567998162907e-05,4.1977660719218e-09,False,Spearman,-0.05653506177934506,0.5519972895023962,Mann_Whitney_U,1678.5,0.5515624493840987,-0.05272088916615277,0.7085922652477569,0.7080340662306516
Post2_GLSZM_SmallZoneLowGreyLevelEmphasis,113,0.013129069319999999,0.010962372238095238,0.009325320500000001,0.007427503,1.366639408202552e-06,8.702264639168801e-07,False,Spearman,-0.05626147759206634,0.5539261847864076,Mann_Whitney_U,1678.0,0.5534989873345291,-0.20694573497753485,0.7098098367882463,0.7092624191684939
T2_Morph_MaxIntensityCoor_PerimeterCoor_2DAxialSmallestDist_mm,113,1.3794577690599998,1.6298132946507933,0.707106781,0.707106781,4.4295399996117725e-10,8.06434476033779e-11,False,Spearman,0.056041163894267776,0.5554818607459385,Mann_Whitney_U,1484.5,0.5553198985840935,0.17782752475679722,0.710545701731554,0.7103385275174624
Pre_GLSZM_LargeZoneEmphasis,113,15542.94487749096,1369.5579973778256,36.051903655000004,54.61904762,1.7331082198537174e-15,2.0155700351750799e-16,False,Spearman,0.055715249654279285,0.5577870542015825,Mann_Whitney_U,1473.0,0.5573753748467046,-0.21775614640290894,0.7122360268817385,0.7117103551834465
T2_Morph_RadiusRoiNorm_MaxIntensityCoor_RoiCentroidCoor_Dist,113,0.6242959866,0.6036731686031745,0.6101274720000001,0.591734327,0.6224803277690905,0.45104037715238005,True,Pearson_point_biserial_equivalent,-0.052489655451196576,0.5808458355647301,Welch_t_test,0.5733788462387527,0.5675545035386609,-0.1048861775084927,0.7305606333297064,0.7234321488767438
Pre_Morph_RadiusSphereNorm_CentroidCoor_WCentroidCoor_Dist,113,0.10961450026,0.08414738493650795,0.07815625300000001,0.080453136,2.4688728013387345e-08,8.277362078577673e-10,False,Spearman,-0.05407656584091814,0.5694465342696948,Mann_Whitney_U,1674.0,0.5690832151462188,-0.2846758486439331,0.7258438218508082,0.7241058835955403
Pre_Morph_IntegratedIntensity_Intensity,113,686329.6189482601,332599.2072920635,70423.32079,77721.63614,2.4898972109215077e-15,3.0936189399395233e-13,False,Spearman,0.05353033790313108,0.5733583656558847,Mann_Whitney_U,1477.0,0.5730117650609761,-0.14511368540814465,0.7269902920050098,0.72528062570655
Pre_GLCM_Autocorrelation,113,366.07711496974,323.26759299587303,299.54016965,278.7417347,0.010245132115626873,0.0009082328978431381,False,Spearman,-0.05353033790313108,0.5733583656558847,Mann_Whitney_U,1673.0,0.5730117650609761,-0.18488919334386938,0.7269902920050098,0.72528062570655
ADC_IB_IntensitySkewness,113,5.9141850128,1.1109837582222224,-0.4048996485,-0.067427316,2.0238071828593618e-14,1.0004739381261455e-13,False,Spearman,0.05353033790313108,0.5733583656558847,Mann_Whitney_U,1477.0,0.5730117650609761,-0.26574598138320576,0.7269902920050098,0.72528062570655
T2_GLSZM_GreyLevelVariance,113,31.51495119676,20.733338300380954,8.6428122825,15.6336105,1.0830812053217383e-09,3.8065636474247576e-11,False,Spearman,0.05325766689358592,0.5753158007137912,Mann_Whitney_U,1477.5,0.574977673537369,-0.28410796891843504,0.7281405741306604,0.7264988405603057
Pre_IB_TotalLesionGlycolysis,113,689.35603975396,335.7046584630159,72.96632312,80.5053123,2.503258142216006e-15,3.2083693560906943e-13,False,Spearman,0.05298410996534403,0.5772827203743081,Mann_Whitney_U,1478.0,0.5769531356011097,-0.1449579342651982,0.7281405741306604,0.7277248609324102
ADC_GLCM_ClusterProminence,113,0.80047045156,0.8338860633174604,0.8734591935,0.858607313,3.2371515925282506e-09,5.448810171716115e-09,False,Spearman,-0.052437882027556976,0.5812195093893797,Mann_Whitney_U,1671.0,0.580907236470551,0.24979732036637764,0.7305606333297064,0.7314379812255285
Pre_GLCM_ClusterShade,113,-471.48697248784003,-309.80359208144444,-40.640346685,-129.8054896,0.0003110050136841477,2.1028765080932268e-08,False,Spearman,-0.05189165408976993,0.5851686425889548,Mann_Whitney_U,1670.0,0.584873976229408,0.09072476280988699,0.7329794069799365,0.7338799979031045
Post2_Morph_RadiusRoiNorm_CentroidCoor_WCentroidCoor_Dist,113,0.06630306904000001,0.057522231841269846,0.0417216745,0.049450288,8.60434885783464e-09,1.290276391201507e-06,False,Spearman,0.05189165408976993,0.5851686425889548,Mann_Whitney_U,1480.0,0.584873976229408,-0.16404977084251945,0.7329794069799365,0.7338799979031045
Pre_IB_RootMeanSquareIntensity,113,237.7000128446,228.657769918254,231.7221443,223.8996927,0.8367479979457222,0.7925641874096446,True,Pearson_point_biserial_equivalent,-0.053064853668466395,0.57670183485147,Welch_t_test,0.5422025271865575,0.5890365310661361,-0.10603878136044045,0.7281405741306604,0.7352800836066941
Post2_IB_IntensityBasedQuartileCoefficientOfDispersion,113,0.31013922068,0.30372535095238096,0.2693911615,0.280068729,0.00040723515069550126,0.01674066717731385,False,Spearman,0.05134542615198287,0.5891300287897909,Mann_Whitney_U,1481.0,0.5888532622994722,-0.04158557234833869,0.7353967945582908,0.7352800836066941
T2_GLCM_ClusterProminence,113,122372.9397933614,27020.148583349113,886.4879572,2836.036464,9.202726636091248e-13,1.265987056740179e-15,False,Spearman,0.051345532915544764,0.5891292533216059,Mann_Whitney_U,1481.0,0.5888524874476757,-0.4077065042015409,0.7353967945582908,0.7352800836066941
Pre_Morph_MaxIntensityCoor_PerimeterCoor_2DAxialSmallestDist_mm,113,1.2547496375399998,1.3302437833015865,0.707106781,0.707106781,9.598036056733792e-10,3.0077821871873487e-10,False,Spearman,0.05085335784507023,0.5927090498636762,Mann_Whitney_U,1494.0,0.5927471914432445,0.07863934681123962,0.7377006376481302,0.7374040042999955
Post1_Morph_MaxIntensityCoor_RoiCentroidCoor_Dist_cm,113,4.91448349188,5.034577880666668,4.0112253415,3.806760094,1.0905542976583358e-10,1.5072112167896261e-06,False,Spearman,0.05025297027640877,0.5970891901406137,Mann_Whitney_U,1483.0,0.596849097403035,0.028916384712395563,0.7377006376481302,0.7374040042999955
Post2_Morph_RadiusRoiNorm_MaxIntensityCoor_RoiCentroidCoor_Dist,113,0.57299914052,0.5610049148888888,0.6127693089999999,0.575256685,0.021465538314316454,0.43392647411523483,False,Spearman,-0.05025297027640877,0.5970891901406137,Mann_Whitney_U,1667.0,0.596849097403035,-0.06493919369613124,0.7377006376481302,0.7374040042999955
ADC_IH_IntensityHistogramMode_Intensity,113,6.84,7.317460317460317,6.0,6.0,0.00035289898901250783,8.577509780089902e-06,False,Spearman,0.0507044701208848,0.593793907787467,Mann_Whitney_U,1482.5,0.5935455787384869,0.09051781322279527,0.7377006376481302,0.7374040042999955
ADC_IH_IntensityHistogramQuartileCoefficientOfDispersion_Intensity,113,1.04011544688,1.1167831477460317,1.116365855,1.153393128,0.00020672213269963606,0.008116785990676657,False,Spearman,0.05025307476840552,0.5970884265548353,Mann_Whitney_U,1483.0,0.596848334423315,0.22120467688663356,0.7377006376481302,0.7374040042999955
ADC_IH_IntensityHistogramEntropyLog10_Intensity,113,3.4551887250399993,3.709873314301587,3.708487098,3.831489038,0.0002067221348372668,0.008116785854852844,False,Spearman,0.05025307476840552,0.5970884265548353,Mann_Whitney_U,1483.0,0.596848334423315,0.22120467670197402,0.7377006376481302,0.7374040042999955
Pre_Morph_CentreOfMassShift_mm,113,0.4903103582,0.451368044047619,0.38133963699999995,0.362242995,7.995627968238e-06,7.179623583336143e-12,False,Spearman,-0.049706742338621726,0.6010867776198977,Mann_Whitney_U,1666.0,0.600865455640468,-0.09005981085108536,0.7413744923284599,0.7411015159858583
Pre_GLCM_AngularSecondMoment,113,0.025751871819999998,0.018295929428571434,0.00727207,0.00837261,3.2047301225128172e-12,6.904511753230222e-12,False,Spearman,0.049160514400834666,0.6050962427710186,Mann_Whitney_U,1485.0,0.6048939786091757,-0.1864279335026409,0.7437855344078395,0.7435369108880191
Post1_IH_MaximumHistogramGradient_Intensity,113,125.47,89.45238095238095,11.25,11.0,8.16881981578934e-14,1.808125535566581e-16,False,Spearman,0.049187317975454566,0.6048992214091691,Mann_Whitney_U,1485.0,0.6046971151181408,-0.0928118638570878,0.7437855344078395,0.7435369108880191
ADC_GLCM_AngularSecondMoment,113,11.145559902959999,11.689583712873016,7.831413126,7.137683758,1.6188538424180714e-07,5.8417152841860383e-08,False,Spearman,0.04861438754769664,0.6091167438888481,Mann_Whitney_U,1486.0,0.6089338234754399,0.04705629660477482,0.7474585128398746,0.7472340477902009
Post1_Morph_RadiusSphereNorm_CentroidCoor_WCentroidCoor_Dist,113,0.10855542228000001,0.09059925392063493,0.074582961,0.082218211,5.70241380233225e-09,6.161254685262955e-07,False,Spearman,0.047521830587473515,0.6171949345709501,Mann_Whitney_U,1488.0,0.6170515485883785,-0.1980385998674773,0.7560899029261724,0.7559142490321253
T2_GLCM_SumVariance,113,98.03224822813999,51.497783365253966,15.60531126,23.91177012,1.0370864016399949e-10,2.278396280782683e-12,False,Spearman,0.046430340154187656,0.6253111227353292,Mann_Whitney_U,1490.0,0.6252083968302098,-0.33090743297363684,0.7632065357448098,0.763323573870273
T2_GLCM_ClusterTendency,113,98.03224822813999,51.497783365253966,15.60531126,23.91177012,1.0370864016399949e-10,2.278396280782683e-12,False,Spearman,0.046430340154187656,0.6253111227353292,Mann_Whitney_U,1490.0,0.6252083968302098,-0.33090743297363684,0.7632065357448098,0.763323573870273
Post2_Morph_MaxIntensityCoor_PerimeterCoor_2DCoronalSmallestDist_mm,113,1.8941299585799998,2.2300745918571425,1.58113883,1.58113883,4.28356112150797e-06,5.761409643917463e-12,False,Spearman,0.046174396297361996,0.6272208408400025,Mann_Whitney_U,1493.0,0.6271910732038946,0.16819978151624318,0.7632065357448098,0.7644551127939725
Post2_GLCM_NormalisedInverseDifference,113,0.8926253153199998,0.889722394,0.8937873679999999,0.890682902,0.6382203108068399,0.3923287851214504,True,Pearson_point_biserial_equivalent,-0.04631362616264111,0.6261816743519063,Welch_t_test,0.4785967070290543,0.633321096776727,-0.09251677609855123,0.7632065357448098,0.7694636367037702
Post2_NGTDM_Coarseness,113,0.024978856120000007,0.02386668711111111,0.0182258325,0.019645222,0.0029818351781499865,9.476147214029187e-05,False,Spearman,-0.04533691883632531,0.6334868421160487,Mann_Whitney_U,1658.0,0.6334258666787942,-0.05592088314644209,0.7695377075369451,0.7694636367037702
ADC_Morph_Volume_cm3,113,4.08006,1.8439047619047624,0.3875,0.365,2.1610965391446805e-15,7.795710166133026e-15,False,Spearman,0.0445184100469502,0.6396360842205088,Mann_Whitney_U,1493.5,0.6396071453263947,-0.1451836279164063,0.7705433027881005,0.7705084412916968
ADC_Morph_ApproximateVolume_cm3,113,4080.06,1843.904761904762,387.5,365.0,2.1610965391446805e-15,7.795710166133026e-15,False,Spearman,0.0445184100469502,0.6396360842205088,Mann_Whitney_U,1493.5,0.6396071453263947,-0.14518362791640635,0.7705433027881005,0.7705084412916968
ADC_Morph_Maximum3DDiameter_mm,113,11.093612995900001,11.332045816682538,9.0432775045,8.866755794,7.811087861780898e-12,2.1723966110648316e-08,False,Spearman,0.0445184100469502,0.6396360842205088,Mann_Whitney_U,1493.5,0.6396071453263947,0.03018016268876245,0.7705433027881005,0.7705084412916968
ADC_IH_Uniformity_Intensity,113,0.023227268479999997,0.018816148444444444,0.0168402195,0.015267624,7.358552261957777e-08,0.00010216768157985373,False,Spearman,-0.044790690898538245,0.6375877702732963,Mann_Whitney_U,1657.0,0.6375480812907042,-0.23610086892716056,0.7705433027881005,0.7705084412916968
T2_IH_IntensityHistogramQuartileCoefficientOfDispersion_Intensity,113,0.2309388224,0.22729035039682544,0.2,0.2,0.0006218812385376247,0.002452875878390419,False,Spearman,0.04485565313367725,0.6370994748452858,Mann_Whitney_U,1493.0,0.6370602325976158,-0.02449317049343899,0.7705433027881005,0.7705084412916968
Post1_GLSZM_LargeZoneHighGreyLevelEmphasis,113,488602.03264859,78404.1285963016,8551.7147465,7601.024,3.851676113829658e-15,3.130202946179719e-17,False,Spearman,-0.043152007085177094,0.6499559691388243,Mann_Whitney_U,1654.0,0.649981744844033,-0.2355640904934062,0.781674620691875,0.7817056200449832
Post1_IH_IntensityHistogramCoefficientOfVariation_Intensity,113,0.43087684981999996,0.422880262079365,0.3858916645,0.396029232,8.419046888872862e-05,3.5761188673260147e-08,False,Spearman,0.042059551209602995,0.6582548797395019,Mann_Whitney_U,1498.0,0.6583256123261956,-0.040012933636364205,0.7903425090072959,0.7904274350317837
Post2_GLRLM_GreyLevelNonUniformity,113,197.52003764262,99.25552112168253,22.31558103,16.18811264,4.143272420671416e-15,1.6898929163410012e-15,False,Spearman,-0.04151332327181594,0.6624200432228714,Mann_Whitney_U,1651.0,0.6625136408381471,-0.14859831936531698,0.7940266743267531,0.7941388674947326
ADC_GLSZM_NormalisedZoneSizeNonUniformity,113,0.16549231862,0.16543072088888888,0.171271009,0.1492891,0.06849231364703226,1.0393177793582784e-05,False,Spearman,-0.04096709533402888,0.6665955320776288,Mann_Whitney_U,1650.0,0.6667122489485258,-0.0006530332150926046,0.7954976609155037,0.7965341060045094
T2_NGTDM_Strength,113,4.537596411599999,3.2685880197777784,1.4107886885,1.520140543,9.621607026736973e-11,2.8168934676174795e-10,False,Spearman,0.040967180517721885,0.6665948801151546,Mann_Whitney_U,1500.0,0.6667115977315294,-0.21156355380309158,0.7954976609155037,0.7965341060045094
Pre_IH_IntensityHistogramMinimumGreyLevel_Intensity,113,2.12,2.0317460317460316,1.0,1.0,3.0163213993886195e-11,1.022513536405963e-12,False,Spearman,0.04034831395041193,0.6713379690618514,Mann_Whitney_U,1514.0,0.6719258552455083,-0.038634497329282924,0.7981095067336296,0.8001222355226119
T2_Morph_RadiusSphereNorm_MaxIntensityCoor_PerimeterCoor_3DSmallestDist,113,0.214950502,0.20871549566666667,0.1982924245,0.194266276,0.020154100482181272,0.0005598768639766261,False,Spearman,-0.04042170789893984,0.6707747865781521,Mann_Whitney_U,1649.0,0.6709148818916023,-0.061479206561118195,0.7981095067336296,0.8001222355226119
Post2_GLCM_NormalisedInverseDifferenceMoment,113,0.9662018440400001,0.967528804079365,0.9712916025,0.970211345,0.15166935922571698,0.0757996995797132,True,Pearson_point_biserial_equivalent,0.04092163788881556,0.6669434809056778,Welch_t_test,-0.4220969661384619,0.6739132414430934,0.0817264016321535,0.7954976609155037,0.8011710784972079
Post2_Morph_RadiusRoiNorm_MaxIntensityCoor_PerimeterCoor_2DAxialSmallestDist,113,0.24671763423999998,0.19883960914285717,0.1507743985,0.149906338,2.853870456637798e-07,7.99922279096655e-06,False,Spearman,-0.03878234486450914,0.6833972566761326,Mann_Whitney_U,1646.0,0.6836089395464748,-0.2614093297282959,0.8111141210385574,0.8113653643141766
Pre_GLRLM_RunLengthVariance,113,0.28190271324,0.22382248396825397,0.1266599015,0.145748848,4.969429337357506e-11,9.919277097416394e-12,False,Spearman,0.03823595564509363,0.6876239318289934,Mann_Whitney_U,1505.0,0.6878599616550845,-0.16863723498129554,0.8147949699577598,0.8150746517811476
ADC_Morph_RadiusSphereNorm_MaxIntensityCoor_RoiCentroidCoor_Dist,113,0.6710588377000001,0.6683420958253968,0.723189685,0.704434175,0.00354419485574243,0.000566744005465067,False,Spearman,-0.03768972770730658,0.691859005140985,Mann_Whitney_U,1644.0,0.6921196206890274,-0.015253383045299928,0.8184737250360672,0.818782034932771
Post1_NGTDM_Coarseness,113,0.024967806340000002,0.024786609507936506,0.017824875,0.020893488,0.0011157058195882276,2.887565621549605e-05,False,Spearman,-0.03714349976951953,0.6961036061655155,Mann_Whitney_U,1643.0,0.6963890414620633,-0.008722728087322364,0.8208127212766013,0.8211492931897945
Post2_IH_MaximumHistogramGradient_Intensity,113,106.43,69.47619047619048,11.5,9.0,1.5534989415831872e-13,1.3249819198265502e-16,False,Spearman,-0.03716390607894092,0.69594486388357,Mann_Whitney_U,1643.0,0.6962305417996812,-0.11214278788711853,0.8208127212766013,0.8211492931897945
T2_GLCM_DifferenceVariance,113,5.825503549439999,3.773353989460318,1.4531268270000002,1.687165487,8.678512167894751e-11,3.56686354479278e-13,False,Spearman,0.036052543215793695,0.704609205702797,Mann_Whitney_U,1509.0,0.7049449895933719,-0.23939360424508052,0.8294911624858943,0.8298864592936606
Post1_GLRLM_GreyLevelNonUniformity,113,256.79560782976,111.99637269236507,29.987030185000002,17.791949,3.0804003931548386e-15,2.3063864309037907e-15,False,Spearman,-0.03550481595615837,0.7088933962525192,Mann_Whitney_U,1640.0,0.709254663396877,-0.16093006775615112,0.8331799007902985,0.8336045069794464
ADC_GLSZM_ZoneSizeNonUniformity,113,0.24042008924000002,0.21249825607936515,0.1985003015,0.192743764,5.245751621123574e-11,6.155854761581548e-07,False,Spearman,-0.03495880608998574,0.7131732134965908,Mann_Whitney_U,1639.0,0.7135602077830103,-0.21908401189657425,0.8363357788735882,0.8368312723572816
T2_IH_IntensityHistogramKurtosis_Intensity,111,0.9308477205625,1.927911233873016,-0.0127244155,-0.031696727,1.349302913611136e-10,1.1436262226666188e-15,False,Spearman,0.03518730984120638,0.7138888278230353,Mann_Whitney_U,1450.0,0.714311776680663,0.14924752286401602,0.8363357788735882,0.8368312723572816
T2_Morph_RadiusRoiNorm_MaxIntensityCoor_PerimeterCoor_2DAxialSmallestDist,113,0.19844817907999995,0.20284435787301586,0.147655393,0.128178834,1.6087258420850007e-08,1.2045977010102655e-08,False,Spearman,-0.034139459072251695,0.7196122499655091,Mann_Whitney_U,1637.5,0.7200382377571686,0.025959437689837557,0.8416789482633742,0.8421771956965913
ADC_Morph_MaxIntensityCoor_PerimeterCoor_2DCoronalSmallestDist_mm,113,0.29283255917999995,0.34699967423809513,0.20576819899999998,0.218998682,1.0757692746593852e-07,5.858185573735776e-13,False,Spearman,0.03386648423978771,0.7217618807153252,Mann_Whitney_U,1513.0,0.7222009754886062,0.1505782784514552,0.8428316155449928,0.8433443649254047
T2_GLRLM_GreyLevelNonUniformity,113,243.24005650536003,150.41136496212698,45.796792705,39.44667049,2.1523985434840183e-15,4.721871790575727e-15,False,Spearman,-0.03331990420501016,0.7260726124820496,Mann_Whitney_U,1636.0,0.7265380688278055,-0.10529710411411983,0.846500115035433,0.8470427726752514
Pre_GLRLM_LongRunsEmphasis,113,1.7844043622399999,1.6607032006349203,1.4497023625,1.484194186,1.7521871717422297e-10,1.401695454784225e-10,False,Spearman,0.032227448329436054,0.7347140963885941,Mann_Whitney_U,1516.0,0.735232905680849,-0.1547478639412399,0.8524567400406122,0.855801645840731
Pre_GLCM_JointAverage,113,16.98863065594,16.574044577777777,16.93453137,16.46052946,0.8118943388113282,0.8800811602779222,True,Pearson_point_biserial_equivalent,-0.03233832511229065,0.7338355116963023,Welch_t_test,0.33118310883631413,0.7412705922425245,-0.06456396024540162,0.8524567400406122,0.8559488179447433
Pre_GLCM_SumAverage,113,33.9772613115,33.148089155412706,33.869062735,32.92105892,0.8118943393573779,0.8800811610997666,True,Pearson_point_biserial_equivalent,-0.03233832510038996,0.7338355117905841,Welch_t_test,0.33118310871202133,0.7412705923361244,-0.06456396022161624,0.8524567400406122,0.8559488179447433
Pre_GLSZM_LowGrayLevelZoneEmphasis,113,0.042649560899999994,0.02747385688888889,0.023016772499999998,0.022715766,1.1897079898254272e-11,6.702374426909685e-06,False,Spearman,-0.03168122039164901,0.7390473736716971,Mann_Whitney_U,1633.0,0.7395931615474934,-0.3147986501027907,0.8547448858439437,0.8559488179447433
Post1_Morph_RadiusSphereNorm_MaxIntensityCoor_PerimeterCoor_2DCoronalSmallestDist,113,0.44547301414,0.4040548966031746,0.31659873299999997,0.275271821,3.895044248792691e-05,4.844491218770365e-07,False,Spearman,-0.03168135214283845,0.7390463274846936,Mann_Whitney_U,1633.0,0.7395921179045167,-0.12223350841606145,0.8547448858439437,0.8559488179447433
T2_Morph_RadiusSphereNorm_MaxIntensityCoor_RoiCentroidCoor_Dist,113,0.9040842720599999,0.9222432738571429,0.8642641375,0.923121248,0.650117633549121,0.12339157382622716,True,Pearson_point_biserial_equivalent,0.0308366565951738,0.7457634525173764,Welch_t_test,-0.33628048756781753,0.7372971207840605,0.06156293294401212,0.8570360946390166,0.8559488179447433
Pre_GLSZM_SmallZoneLowGreyLevelEmphasis,113,0.014452033060000001,0.011351224444444447,0.0077127255,0.009025194,1.8531017307266534e-12,1.9415881610209608e-08,False,Spearman,0.03113499245386196,0.743388840576976,Mann_Whitney_U,1518.0,0.7439618035473913,-0.17226252825525917,0.8570360946390166,0.8574770882746264
ADC_GLSZM_LargeZoneHighGreyLevelEmphasis,113,9.12328045584,9.192389697412699,3.748979592,3.793650794,2.87754751463646e-14,7.876657429813842e-15,False,Spearman,0.030863611261802405,0.7455488078525182,Mann_Whitney_U,1518.5,0.746135466950989,0.003257249602543835,0.8570360946390166,0.8574770882746264
T2_Morph_RadiusSphereNorm_MaxIntensityCoor_PerimeterCoor_2DSagittalSmallestDist,113,0.45154076822,0.36581465303174604,0.2666498145,0.26236743,5.406855891512585e-07,3.1725480524962376e-05,False,Spearman,-0.030862135174231843,0.745560561688661,Mann_Whitney_U,1631.5,0.7461471900732246,-0.26013114888738903,0.8570360946390166,0.8574770882746264
Post1_IB_MinimumIntensity,113,20.24527891712,16.30610636377778,0.0,0.0,4.817510808553861e-11,3.114996094552869e-11,False,Spearman,-0.030520255413956397,0.7482844610087966,Mann_Whitney_U,1625.0,0.7491456758158765,-0.11147434903319285,0.8585704433761787,0.8595585884163148
Pre_Morph_RadiusSphereNorm_MaxIntensityCoor_PerimeterCoor_3DSmallestDist,113,0.19821138501999996,0.19728635120634921,0.1980349585,0.186581934,0.013122274249518857,0.009384155826903893,False,Spearman,-0.03004297386276192,0.7520923453927034,Mann_Whitney_U,1630.0,0.752720242892029,-0.009441919499991399,0.8615741425068312,0.8622934428066915
ADC_Morph_RadiusRoiNorm_MaxIntensityCoor_RoiCentroidCoor_Dist,113,0.9460027436599999,1.0844721104444441,0.7009629454999999,0.594626555,3.822037764808669e-08,6.591574259689506e-11,False,Spearman,-0.0294963086405008,0.7564611113244517,Mann_Whitney_U,1629.0,0.7571167410157325,0.11245627275534077,0.8652098650851549,0.8659597480179941
T2_Morph_RadiusSphereNorm_MaxIntensityCoor_PerimeterCoor_2DAxialSmallestDist,113,0.28639365415999996,0.30312976057142854,0.20417890649999998,0.206575166,2.0138030489848346e-08,1.3550149672497914e-08,False,Spearman,0.028677503404477122,0.7630190779306026,Mann_Whitney_U,1522.5,0.7637166728896044,0.06900225744096064,0.8713340889933064,0.8721307116278763
Pre_Morph_RadiusSphereNorm_MaxIntensityCoor_PerimeterCoor_2DCoronalSmallestDist,113,0.39889124284000005,0.3807347246984127,0.24357655849999998,0.247660859,1.4814278051996182e-06,1.393000557414267e-08,False,Spearman,-0.028131089758321584,0.7674047931614405,Mann_Whitney_U,1626.5,0.7681305715981511,-0.051889816262101485,0.8736972025057825,0.8745677749919889
ADC_NGTDM_Coarseness,111,0.13996785891666666,0.15044231757142854,0.1241812155,0.099972106,0.0007636361896310984,4.626967187163997e-12,False,Spearman,-0.028376862775166437,0.7675019624222068,Mann_Whitney_U,1562.0,0.7682667194681008,0.07419285667128674,0.8736972025057825,0.8745677749919889
Post1_Morph_RadiusRoiNorm_MaxIntensityCoor_PerimeterCoor_2DSagittalSmallestDist,113,0.29958384199999993,0.2895717454761905,0.201315791,0.251218532,3.4916055967807494e-06,6.01536855911641e-07,False,Spearman,0.02785768275205088,0.7696020284282088,Mann_Whitney_U,1524.0,0.7703419574374515,-0.04012870999048867,0.8747125095479171,0.8755534963653294
ADC_IH_IntensityHistogramCoefficientOfVariation_Intensity,113,0.29181311790000003,0.29497789828571425,0.237335835,0.176470588,0.0016598383404787722,3.0381714065661312e-06,False,Spearman,-0.027596850854628128,0.771699906318602,Mann_Whitney_U,1625.5,0.7724543813321575,0.012755387428633419,0.8757221507439934,0.8765783261512258
Pre_GLCM_Correlation,113,0.5069785963400001,0.5014588088253967,0.5196815785,0.511016356,0.5872335244969915,0.2908970585250495,True,Pearson_point_biserial_equivalent,-0.02699096542060032,0.7765793944224554,Welch_t_test,0.2800488706966393,0.7800308860775799,-0.05387931989705463,0.8798802528354581,0.8824099398752623
Pre_GLSZM_NormalisedZoneSizeNonUniformity,113,0.28271998299999995,0.2851640285873016,0.269498,0.261678201,0.17188142733258882,0.000975873355823831,False,Spearman,-0.02676516895156554,0.7784000804288504,Mann_Whitney_U,1624.0,0.7791970594604615,0.03489566699252819,0.8805650909851371,0.8824099398752623
Pre_Morph_RadiusRoiNorm_MaxIntensityCoor_PerimeterCoor_2DAxialSmallestDist,113,0.19955608115999998,0.18574947031746034,0.1382753955,0.134839972,3.2622399566651887e-10,9.035431842768733e-07,False,Spearman,-0.026492165153925256,0.7806030202489198,Mann_Whitney_U,1623.5,0.781414367579469,-0.07955864276367797,0.8816795423716349,0.8825959471568419
Pre_IB_MeanIntensity,113,217.4474176446,213.2926886660317,222.86084365,212.1796875,0.6792885592102429,0.8558354653672359,True,Pearson_point_biserial_equivalent,-0.025495323915418512,0.7886614349954342,Welch_t_test,0.2609530471199763,0.7947220584642539,-0.05089172389894672,0.8844965234670497,0.8885995276052714
Pre_IH_IntensityHistogramMean_Intensity,113,16.39676323588,16.09523146631746,16.797405734999998,16.0234375,0.6614885203660834,0.8540827424836834,True,Pearson_point_biserial_equivalent,-0.02532297661681542,0.7900569727372193,Welch_t_test,0.259148532558999,0.7961101994181229,-0.05054747652236438,0.8844965234670497,0.8885995276052714
Pre_IH_AreaUnderCurveCIVH_Intensity,113,224.43069679119995,220.30348070317459,229.914491,219.3208008,0.661488521283101,0.8540827419252781,True,Pearson_point_biserial_equivalent,-0.025322976568474192,0.7900569731287438,Welch_t_test,0.2591485320647508,0.7961101997982525,-0.050547476425807404,0.8844965234670497,0.8885995276052714
Pre_IH_RootMeanSquare_Intensity,113,0.01598011462,0.014555855714285717,0.013184392999999999,0.01406893,8.753331985136462e-07,0.0037772476350453723,False,Spearman,-0.025126485138204386,0.7916488221086301,Mann_Whitney_U,1621.0,0.7925325761604547,-0.1338849691160654,0.8844965234670497,0.8885995276052714
Pre_GLRLM_ShortRunsEmphasis,113,0.8861054612800001,0.8910824376666667,0.9079312635000001,0.901666278,5.944714148862054e-07,9.563242956217576e-06,False,Spearman,-0.025126485138204386,0.7916488221086301,Mann_Whitney_U,1621.0,0.7925325761604547,0.07299986729415518,0.8844965234670497,0.8885995276052714
Post2_IH_IntensityHistogramMinimumGreyLevel_Intensity,113,1.8,1.6349206349206349,1.0,1.0,4.253659682112097e-11,1.5912479721593362e-13,False,Spearman,-0.02528525122005733,0.7903625331819889,Mann_Whitney_U,1610.5,0.7919147562082139,-0.10309424184716791,0.8844965234670497,0.8885995276052714
T2_GLCM_Correlation,113,0.61332527368,0.6046988288412698,0.6598751545,0.585331552,0.4147273453060257,0.24303543336912017,True,Pearson_point_biserial_equivalent,-0.025207158137114674,0.7909951565187947,Welch_t_test,0.25700181384831117,0.7977758189826331,-0.05031614263373129,0.8844965234670497,0.8885995276052714
Post2_Morph_RadiusRoiNorm_MaxIntensityCoor_PerimeterCoor_2DCoronalSmallestDist,113,0.2931138497,0.2617612682857143,0.2235865075,0.213325709,0.00011514123805184499,1.9236427015529125e-07,False,Spearman,-0.024580359421167767,0.7960776702352892,Mann_Whitney_U,1620.0,0.7969906556282109,-0.14853726452123503,0.886708513167245,0.8885995276052714
ADC_GLCM_SumEntropy,113,0.1259207809,0.06625646512698412,0.017081883,0.016825178,5.782711189388186e-12,4.5924099357384713e-14,False,Spearman,0.024580308310633132,0.7960780850258415,Mann_Whitney_U,1530.0,0.7969910685211472,-0.2822597643212572,0.886708513167245,0.8885995276052714
Post1_Morph_RadiusSphereNorm_MaxIntensityCoor_PerimeterCoor_2DAxialSmallestDist,113,0.32437761896,0.28436920969841273,0.22505647099999998,0.216469603,2.256329227037087e-08,6.88549978752102e-05,False,Spearman,-0.024307244316488123,0.7982949604201404,Mann_Whitney_U,1619.5,0.7992226139612811,-0.16660847022569,0.887591600010754,0.8888435829615476
Pre_IB_MinimumIntensity,113,18.13128247786,16.92404541960317,0.0,0.0,1.3766855712353636e-10,9.966804925216893e-12,False,Spearman,0.024029832522818425,0.8005487773577658,Mann_Whitney_U,1535.0,0.8017143788466966,-0.036205817010526546,0.887591600010754,0.88888393611793
Pre_GLRLM_RunPercentage,113,0.8623205794200001,0.8690598531269842,0.891805034,0.883667018,3.7185022117305454e-07,3.4725538316192666e-06,False,Spearman,-0.02403402926263028,0.8005146689186406,Mann_Whitney_U,1619.0,0.8014570221959995,0.07587547228103991,0.887591600010754,0.88888393611793
ADC_GLRLM_LongRunHighGreyLevelEmphasis,113,197.75758513012,73.6195220613492,27.138821985,28.77342915,2.554970296513288e-15,5.264200258644557e-13,False,Spearman,0.023487801324843228,0.8049571941985078,Mann_Whitney_U,1532.0,0.8059290589448714,-0.1826648524781462,0.8897542116026254,0.8921905790154234
T2_GLCM_NormalisedInverseDifferenceMoment,113,0.97689352722,0.9774332779206351,0.977946035,0.977594718,0.8012051842614725,0.11680679126477855,True,Pearson_point_biserial_equivalent,0.02302145631855421,0.8087549513658339,Welch_t_test,-0.2438055726473367,0.8078479299199535,0.045950828198881764,0.891947669649427,0.8929494675756432
Pre_IB_AreaUnderCurveCIVH,113,2966.8923472159995,2914.4661476555557,3055.8110699999997,2898.488525,0.6342475325662726,0.7830999255519202,True,Pearson_point_biserial_equivalent,-0.023584895997223784,0.8041670552430865,Welch_t_test,0.24139607705295293,0.8097945468943154,-0.04707607226899182,0.8897542116026254,0.8930513163879082
ADC_IH_AreaUnderCurveCIVH_Intensity,113,0.19292551993999996,0.13363340987301583,0.0991872385,0.086030985,1.1448648954925838e-10,7.659731615170303e-12,False,Spearman,-0.02294162108992426,0.8094055510492728,Mann_Whitney_U,1617.0,0.8104070647332261,-0.2856693812360649,0.891947669649427,0.8930513163879082
ADC_LOCAL_INTENSITY_HISTOGRAM_LocalIntensityPeak_Intensity,113,0.18292395368,0.13665009607936504,0.058001398999999995,0.056750978,1.8629291575264556e-10,2.4016083543528544e-11,False,Spearman,0.021302933869215383,0.8227877695069508,Mann_Whitney_U,1536.0,0.8238789919672569,-0.19441911927391245,0.9053166339255811,0.9065173103104771
Post1_Morph_MaxIntensityCoor_PerimeterCoor_3DSmallestDist_mm,113,1.0076747026200001,1.0683129803174602,0.707106781,0.707106781,8.173862942103218e-10,3.3230710805926556e-11,False,Spearman,0.020542558350349453,0.829014883261468,Mann_Whitney_U,1542.5,0.830502329539739,0.10673237148445326,0.9107841813069847,0.9124183407993491
Pre_NGTDM_Coarseness,113,0.024122159559999995,0.024603416968253963,0.017094030500000003,0.020542253,0.0009540751504100559,0.00011656158378727325,False,Spearman,-0.019117977822546817,0.8407098005566794,Mann_Whitney_U,1610.0,0.8419222551400583,0.023703010081468297,0.922233175156115,0.9235632010930336
ADC_IB_IntensityVariance,113,0.6858010107000001,0.2922004891587302,0.205448818,0.159666856,5.0740878270126835e-11,0.00016855295425679417,False,Spearman,-0.018571749884759764,0.8452033519177078,Mann_Whitney_U,1609.0,0.8464463741691347,-0.2218296463223895,0.9257597984696224,0.9271212933410795
ADC_NGTDM_Strength,113,0.29683078186,0.29601606861904756,0.3194456685,0.324575103,0.028435769398317393,0.015054651647597632,False,Spearman,-0.01802552194697271,0.8497018764321993,Mann_Whitney_U,1608.0,0.8509755606143707,-0.006044191285296453,0.9292812062491121,0.9306741780737228
Post2_GLSZM_LargeZoneHighGreyLevelEmphasis,113,269516.19854192203,59751.54172034921,7497.469132,7450.339286,6.148032126421781e-15,1.5105181706116484e-16,False,Spearman,-0.016386838133611557,0.8632258755967103,Mann_Whitney_U,1605.0,0.8645920636045523,-0.23761875090518725,0.9419299732098094,0.9434799631147476
T2_NGTDM_Busyness,111,1.1864026284375,1.2340372514285713,0.4983931355,0.508497353,2.1263434089015284e-12,4.95899819287978e-15,False,Spearman,-0.016458580409596534,0.8638694781924219,Mann_Whitney_U,1541.0,0.8652910158952933,0.017395895930260818,0.9419299732098094,0.9434799631147476
Post1_IH_IntensityHistogramMinimumGreyLevel_Intensity,113,1.7,1.6031746031746033,1.0,1.0,4.33163425012627e-12,1.0273453345196069e-12,False,Spearman,0.015940448398053343,0.8669169481129255,Mann_Whitney_U,1553.5,0.8691213630002265,-0.06457232696571567,0.9433105954952289,0.9448294666158471
Post2_Morph_RadiusSphereNorm_MaxIntensityCoor_PerimeterCoor_2DCoronalSmallestDist,113,0.41424231584,0.3947606073333333,0.322277357,0.310093646,0.00024118149600284856,1.9877167828529284e-06,False,Spearman,0.015840774886352316,0.8677415146406388,Mann_Whitney_U,1546.0,0.8691387082405444,-0.06662015395461784,0.9433105954952289,0.9448294666158471
Pre_NGTDM_Busyness,113,1.15273873908,0.5397407217301589,0.104970861,0.163241809,2.6973529402677406e-14,1.04432802984883e-15,False,Spearman,0.015294382258037455,0.8722641419782717,Mann_Whitney_U,1547.0,0.8736923828499282,-0.2034370491885701,0.9463769331317314,0.9479882376560692
T2_NGTDM_Coarseness,111,0.03139111866666667,0.03173665477777778,0.021844452,0.026398947,4.030571379070063e-07,0.00019261225280730636,False,Spearman,0.015323505898589874,0.8731765073646361,Mann_Whitney_U,1485.0,0.8746631805997988,0.012095888213550898,0.9463769331317314,0.9479882376560692
ADC_Morph_SurfaceArea_cm2,113,8.8432790776,9.16628544820635,8.738018517,9.426396692,0.8200034632886442,0.005013440464084833,False,Spearman,0.0147481543202504,0.8767895267040513,Mann_Whitney_U,1548.0,0.8782488945446232,0.09190427395328055,0.9488723726961632,0.9504517184608477
ADC_GLCM_JointEntropyLog10,113,2.02845747472,2.070249829650794,2.021021528,1.973015716,0.27810161368622627,0.007163048151110625,False,Spearman,0.014201955912810255,0.8813186427437736,Mann_Whitney_U,1549.0,0.8828092011045989,0.038870219972964984,0.9509309945551297,0.9525392870338744
ADC_GLCM_Contrast,113,2.02845747472,2.070249829650794,2.021021528,1.973015716,0.27810161368622627,0.007163048151110625,False,Spearman,0.014201955912810255,0.8813186427437736,Mann_Whitney_U,1549.0,0.8828092011045989,0.038870219972964984,0.9509309945551297,0.9525392870338744
Pre_Morph_MaxIntensityCoor_PerimeterCoor_3DSmallestDist_mm,113,0.8856726462400001,0.9232302437301588,0.707106781,0.707106781,4.5101636809301277e-10,1.3279590062039582e-11,False,Spearman,0.01241086332377614,0.8961966246412993,Mann_Whitney_U,1556.5,0.8983116917376806,0.11155873844602894,0.9630244086862935,0.96348008233872
Pre_GLSZM_ZonePercentage,113,0.2880983625,0.2844461586984127,0.2822789855,0.261077324,0.25580814233996246,0.10611659391148716,True,Pearson_point_biserial_equivalent,-0.012397219630772525,0.8963101030810494,Welch_t_test,0.13082913462434706,0.896158766210454,-0.024740194276948197,0.9630244086862935,0.96348008233872
ADC_IH_IntensityHistogramVariance_Intensity,111,0.5168885081458333,0.3891823319365079,0.2221739145,0.156932543,4.219941471899366e-11,1.7821328324175188e-09,False,Spearman,0.012485819621073233,0.89651719814166,Mann_Whitney_U,1490.0,0.8981678153317556,-0.07236274751160339,0.9630244086862935,0.96348008233872
Pre_GLSZM_SmallZoneEmphasis,113,0.42403616794,0.42621513168253966,0.42690549,0.395124151,0.8404774143541229,0.00407013996963256,False,Spearman,-0.01201701463131514,0.8994732086764332,Mann_Whitney_U,1597.0,0.9010890199332183,0.02114710291286633,0.9630788454739927,0.96348008233872
Post2_IB_IntensityBasedCoefficientOfVariation,113,0.46258428556,0.44869767876190475,0.422635967,0.401364803,1.123484779653961e-06,3.7602840165968977e-10,False,Spearman,-0.01147078669352809,0.9040202836084437,Mann_Whitney_U,1596.0,0.9056675104770511,-0.06018012587330301,0.9630788454739927,0.96348008233872
ADC_GLRLM_RunEntropy,111,0.03916256079166667,0.05399831011111111,0.0310661955,0.034103886,0.00020817712113047247,8.570086914451685e-14,False,Spearman,-0.011350745110066575,0.9058794112814765,Mann_Whitney_U,1532.0,0.9075959324298924,0.1991766442370657,0.9630788454739927,0.96348008233872
T2_Morph_MaxIntensityCoor_PerimeterCoor_3DSmallestDist_mm,113,1.0344178591400002,1.1322782120793649,0.707106781,0.707106781,5.263792621987096e-10,4.1854609626253666e-13,False,Spearman,-0.011842820865956047,0.9009229385326818,Mann_Whitney_U,1593.0,0.9030168854838063,0.12131393921203279,0.9630788454739927,0.96348008233872
T2_Morph_RadiusRoiNorm_MaxIntensityCoor_PerimeterCoor_2DCoronalSmallestDist,113,0.27217898956,0.32355415396825393,0.2261089495,0.184427778,1.0632285666550854e-05,2.855009306554904e-08,False,Spearman,0.01147078669352809,0.9040202836084437,Mann_Whitney_U,1554.0,0.9056675104770511,0.19752141776937132,0.9630788454739927,0.96348008233872
T2_IH_IntensityHistogramCoefficientOfVariation_Intensity,113,0.33253988439999993,0.3327397336190477,0.313997759,0.293150453,0.3016081113191703,0.0005141395690441659,False,Spearman,0.01147081054496213,0.9040200849882691,Mann_Whitney_U,1554.0,0.9056673152461162,0.0012611896856728154,0.9630788454739927,0.96348008233872
T2_NGTDM_Contrast,111,0.15206166245833333,0.11775132109523809,0.0674635795,0.069952236,9.469002417416664e-10,5.418742086383002e-09,False,Spearman,0.011350745110066575,0.9058794112814765,Mann_Whitney_U,1492.0,0.9075959324298924,-0.21080015898608304,0.9630788454739927,0.96348008233872
Post1_Morph_RadiusRoiNorm_CentroidCoor_WCentroidCoor_Dist,113,0.07605423604,0.05918608701587301,0.048307755499999994,0.049332757,1.1621266394003937e-08,1.2627193070038579e-06,False,Spearman,0.010924558755741037,0.9085704654605703,Mann_Whitney_U,1555.0,0.9102491385631002,-0.27364419673634444,0.9631112986726983,0.96348008233872
ADC_Morph_RadiusSphereNorm_MaxIntensityCoor_PerimeterCoor_2DCoronalSmallestDist,113,0.20202880353999997,0.22432625490476188,0.14532034049999998,0.134839972,6.443220232049142e-08,2.4368673881827617e-12,False,Spearman,-0.010924626903120543,0.908569897592315,Mann_Whitney_U,1595.0,0.9102485810647425,0.10048054720709293,0.9631112986726983,0.96348008233872
Post1_Morph_RadiusSphereNorm_MaxIntensityCoor_RoiCentroidCoor_Dist,113,0.8447161683200001,0.8508144591746032,0.8329437975,0.907621115,0.907871501607511,0.11711038666968918,True,Pearson_point_biserial_equivalent,0.010758169001783502,0.9099571186016173,Welch_t_test,-0.1157726446998465,0.9080424189578314,0.021468857349646826,0.9631709851865072,0.96348008233872
Pre_Morph_RadiusSphereNorm_MaxIntensityCoor_PerimeterCoor_2DAxialSmallestDist,113,0.28427192386,0.28230254860317455,0.201507536,0.204172912,1.546400697693446e-09,4.434870542970812e-06,False,Spearman,0.010105321910259236,0.9154003679453308,Mann_Whitney_U,1556.5,0.9171262745663147,-0.008225698723476284,0.9661076769568797,0.967929187734711
ADC_Morph_MaxIntensityCoor_PerimeterCoor_2DAxialSmallestDist_mm,113,0.33955264082,0.2828914247936507,0.20422690300000002,0.214053446,1.1666248206291253e-09,6.395245970304408e-09,False,Spearman,-0.010105363935656283,0.9154000174210634,Mann_Whitney_U,1593.5,0.917125931158204,-0.18444404494788116,0.9661076769568797,0.967929187734711
ADC_Morph_RadiusRoiNorm_MaxIntensityCoor_PerimeterCoor_2DCoronalSmallestDist,113,1.6324131035199998,1.7835784662063487,0.707106781,0.707106781,2.8259475661705822e-08,2.6592861465017585e-11,False,Spearman,0.009784231172991294,0.918078981414856,Mann_Whitney_U,1559.0,0.9200976316041317,0.09212723362902404,0.9675242831795571,0.9696516525202203
Pre_IH_MaximumHistogramGradientGreyLevel_Intensity,113,14.9,14.746031746031745,14.0,14.0,0.08717276638627565,0.2486318026280671,True,Pearson_point_biserial_equivalent,-0.009435277160246426,0.9209910762014719,Welch_t_test,0.09678298268494409,0.9231096816205807,-0.01882866066570996,0.969182469723642,0.9714119324030529
Post2_Morph_MaxIntensityCoor_PerimeterCoor_2DAxialSmallestDist_mm,113,1.5439380535799998,1.5497712498730156,0.707106781,1.58113883,7.565681931791476e-08,1.8026916314042136e-12,False,Spearman,0.009160603336628945,0.9232840243359604,Mann_Whitney_U,1559.5,0.9252526208248384,0.004458526510320325,0.970185244730385,0.972253842492283
ADC_Morph_MaxIntensityCoor_PerimeterCoor_2DSagittalSmallestDist_mm,113,0.34721304768000005,0.34802995876190473,0.220066822,0.224415922,2.1305164468986947e-06,6.150403536145706e-11,False,Spearman,-0.008739719695357692,0.9267987305453813,Mann_Whitney_U,1591.0,0.928603408598313,0.0024792998631602728,0.9710602179411676,0.9729510700603572
T2_GLCM_InverseVariance,113,0.35059301108,0.3552535338571429,0.374978857,0.391185914,6.928274137029144e-05,0.00015205825792953095,False,Spearman,-0.008739665177114005,0.9267991859079375,Mann_Whitney_U,1591.0,0.9286038527786006,0.04261881729304147,0.9710602179411676,0.9729510700603572
Pre_IB_IntensityBasedEnergy,113,130170406.76055399,78931543.69533333,24750000.0,19800000.0,3.715191833938312e-15,7.73274468516768e-13,False,Spearman,0.008193623514683378,0.9313611500302968,Mann_Whitney_U,1560.0,0.9331973821000266,-0.12557427154811682,0.9744298737311198,0.9763510182665017
Post1_Morph_RadiusSphereNorm_MaxIntensityCoor_PerimeterCoor_3DSmallestDist,113,0.21410006471999996,0.21396688415873016,0.20447639299999998,0.214053446,0.26449314349677294,0.030668010741231985,False,Spearman,-0.007920354504762393,0.9336450502826844,Mann_Whitney_U,1589.5,0.9354970103603213,-0.0013382858365986764,0.9754098360817656,0.9773446399723992
Post1_IB_IntensityBasedCoefficientOfVariation,113,0.47002343845999994,0.44654800990476184,0.413365173,0.405616405,4.120216955426467e-06,3.426368178382689e-10,False,Spearman,0.007647191129018727,0.93592860627704,Mann_Whitney_U,1561.0,0.9377963163279056,-0.09578455705049896,0.9763866151939149,0.9783350619904952
T2_Morph_MaxIntensityCoor_PerimeterCoor_2DSagittalSmallestDist_mm,113,2.2014421981199996,2.136410367095238,1.4029418505,1.58113883,7.081949100465261e-08,3.014132711593961e-10,False,Spearman,0.007462051242395494,0.9374766116507981,Mann_Whitney_U,1562.0,0.9394719377583454,-0.030713693933767286,0.97659434077004,0.9786729250892692
T2_IB_IntensityKurtosis,113,1.05769738532,1.138406050380952,0.1700250575,0.044589411,1.4098590979363178e-10,2.7011421826643126e-15,False,Spearman,-0.00600850731565757,0.949637734907554,Mann_Whitney_U,1586.0,0.9515999651386539,0.018371001332532392,0.9878415518291223,0.9898827223568756
Post2_Morph_RadiusSphereNorm_MaxIntensityCoor_PerimeterCoor_3DSmallestDist,113,0.22251561277999993,0.21541983179365087,0.2007813865,0.214053446,0.015700231230559632,0.06600846902793248,False,Spearman,-0.005735476828345459,0.951923429976357,Mann_Whitney_U,1585.5,0.9539014281811139,-0.06837149894912473,0.9887985126296736,0.990853133433467
Pre_Morph_SurfaceToVolumeRatio_cm,113,8.795826420780001,9.038938245984125,8.738018517,9.244046541,0.8766475271162958,0.004027838207525403,False,Spearman,-0.0016386838133611555,0.9862564982657807,Mann_Whitney_U,1578.0,0.9884695070824615,0.06952367506075387,0.9967954233635837,0.9990737604869807
Pre_Morph_RadiusRoiNorm_MaxIntensityCoor_RoiCentroidCoor_Dist,113,0.61787417614,0.6165066177460319,0.6184031835,0.629911193,0.8738914202936866,0.10718408544138527,True,Pearson_point_biserial_equivalent,-0.003829057040807532,0.9678930098199079,Welch_t_test,0.040508600917401716,0.9677632812445451,-0.007640828536085127,0.9967954233635837,0.9990737604869807
Pre_Morph_MaxIntensityCoor_PerimeterCoor_2DCoronalSmallestDist_mm,113,1.87811859294,1.777002915507936,1.224744871,1.58113883,1.234581474699165e-08,1.6879255250052342e-08,False,Spearman,-0.003481730524759886,0.9708040276140284,Mann_Whitney_U,1581.0,0.9730553159640902,-0.06505098534807319,0.9967954233635837,0.9990737604869807
Pre_IB_MedianIntensity,113,218.07306850659998,217.50843290190477,223.87575529999998,215.0,0.7024121056800046,0.5607547450699455,True,Pearson_point_biserial_equivalent,-0.003070047463157592,0.9742549253021209,Welch_t_test,0.031388300678784176,0.9750293846947515,-0.006126219744181723,0.9967954233635837,0.9990737604869807
Pre_IB_50thIntensityPercentile,113,218.07306850659998,217.50843290190477,223.87575529999998,215.0,0.7024121056800046,0.5607547450699455,True,Pearson_point_biserial_equivalent,-0.003070047463157592,0.9742549253021209,Welch_t_test,0.031388300678784176,0.9750293846947515,-0.006126219744181723,0.9967954233635837,0.9990737604869807
Pre_IH_IntensityHistogramMedian_Intensity,113,16.4,16.428571428571427,17.0,16.0,0.6179282452823471,0.4781492302199331,True,Pearson_point_biserial_equivalent,0.002130065708108897,0.9821359210949344,Welch_t_test,-0.021754206819485127,0.9826925207229327,0.0042504941247303,0.9967954233635837,0.9990737604869807
Pre_IH_IntensityHistogram50thPercentile,113,16.4,16.428571428571427,17.0,16.0,0.6179282452823471,0.4781492302199331,True,Pearson_point_biserial_equivalent,0.002130065708108897,0.9821359210949344,Welch_t_test,-0.021754206819485127,0.9826925207229327,0.0042504941247303,0.9967954233635837,0.9990737604869807
Pre_IH_MinimumHistogramGradient_Intensity,113,-342.57,-79.9920634920635,-16.25,-15.5,2.0800292246738756e-15,3.1619778515054875e-14,False,Spearman,-0.0019122352072620137,0.9839625289899459,Mann_Whitney_U,1578.5,0.9861604549250571,0.19796858607532505,0.9967954233635837,0.9990737604869807
Pre_GLCM_JointMaximum,113,0.06443737638,0.050981569412698415,0.0322626455,0.031014701,1.6912126587583973e-10,2.657672335784435e-10,False,Spearman,-0.0005462279377870519,0.9954186341047941,Mann_Whitney_U,1576.0,0.9976938243537113,-0.18531710986738664,0.9967954233635837,0.9990737604869807
Pre_GLSZM_ZoneSizeEntropy,113,5.78285158166,5.856566013142857,6.0040640465,5.801723645,0.00046249512471889325,0.1946808453594472,False,Spearman,0.0010924558755741039,0.9908374172010053,Mann_Whitney_U,1573.0,0.9930815501254601,0.07960014928167329,0.9967954233635837,0.9990737604869807
Post1_Morph_SurfaceToVolumeRatio_cm,113,8.79847991438,9.038938245984125,8.738018517,9.244046541,0.8679302959074378,0.004027838207525403,False,Spearman,-0.0021849117511482078,0.9816760262477318,Mann_Whitney_U,1579.0,0.9838578493224669,0.06875457723392674,0.9967954233635837,0.9990737604869807
Post1_Morph_MaxIntensityCoor_PerimeterCoor_2DAxialSmallestDist_mm,113,1.4868686223399998,1.4769852285079363,0.707106781,0.707106781,2.364962840205866e-08,8.5887657424381e-11,False,Spearman,-0.0018175378913590882,0.9847566355045394,Mann_Whitney_U,1578.0,0.9872111143799195,-0.008244224349042035,0.9967954233635837,0.9990737604869807
Post1_Morph_MaxIntensityCoor_PerimeterCoor_2DCoronalSmallestDist_mm,113,1.9733080837599997,2.0717453585873016,1.58113883,1.58113883,1.2044221361103135e-05,2.7958929251786373e-08,False,Spearman,-0.002820527530952924,0.9763467400531032,Mann_Whitney_U,1580.0,0.9785676551396187,0.0634222245792723,0.9967954233635837,0.9990737604869807
Post1_GLCM_NormalisedInverseDifferenceMoment,113,0.9670252265800001,0.9677749478095238,0.969823032,0.972415083,0.030325318333581448,0.010148944925358585,False,Spearman,0.0005462279377870519,0.9954186341047941,Mann_Whitney_U,1574.0,0.9976938243537113,0.043402857956025824,0.9967954233635837,0.9990737604869807
Post2_Morph_SurfaceToVolumeRatio_cm,113,8.795826420780001,9.038938245984125,8.738018517,9.244046541,0.8766475271162958,0.004027838207525403,False,Spearman,-0.0016386838133611555,0.9862564982657807,Mann_Whitney_U,1578.0,0.9884695070824615,0.06952367506075387,0.9967954233635837,0.9990737604869807
Post2_Morph_RadiusSphereNorm_MaxIntensityCoor_PerimeterCoor_2DAxialSmallestDist,113,0.3485640685,0.2980353090634921,0.22505647099999998,0.22736539,7.435429272181472e-07,3.657367810419853e-05,False,Spearman,-0.0030042848922392324,0.9748062200623263,Mann_Whitney_U,1580.5,0.9769411824110656,-0.2030022406329028,0.9967954233635837,0.9990737604869807
Post2_IH_IntensityHistogramCoefficientOfVariation_Intensity,113,0.42812285335999994,0.42815775873015866,0.410399144,0.392181695,0.00021918811673316628,2.0307968213089735e-08,False,Spearman,0.0005462279377870519,0.9954186341047941,Mann_Whitney_U,1574.0,0.9976938243537113,0.00018711828341476264,0.9967954233635837,0.9990737604869807
ADC_Morph_RadiusRoiNorm_CentroidCoor_WCentroidCoor_Dist,113,0.90692109876,0.9313519157777779,0.707106781,0.707106781,6.699492274510464e-12,1.2586829403568062e-14,False,Spearman,-0.0018870181354247962,0.984173991150865,Mann_Whitney_U,1577.5,0.9872533324433919,0.043678014381166086,0.9967954233635837,0.9990737604869807
ADC_Morph_RadiusRoiNorm_MaxIntensityCoor_PerimeterCoor_3DSmallestDist,113,1.47489471638,1.4148393413968248,0.707106781,0.707106781,5.614476751836611e-10,1.1240679224656891e-11,False,Spearman,0.0019222301825723308,0.9838787146852733,Mann_Whitney_U,1572.0,0.9864745283746099,-0.04478250259505016,0.9967954233635837,0.9990737604869807
ADC_IH_MaximumHistogramGradientGreyLevel_Intensity,113,-253.15,-264.75396825396825,-20.75,-19.0,1.943954074334569e-14,1.8044262961327393e-16,False,Spearman,-0.001365726040879349,0.9885456012404271,Mann_Whitney_U,1577.5,0.9907744350044341,-0.011371044378263476,0.9967954233635837,0.9990737604869807
ADC_GLCM_JointVariance,113,6.1357043226000005,6.430839237619048,6.548540853,6.639196752,0.00010759576293374912,0.006622396489454754,False,Spearman,0.0005462290735696253,0.9954186245787726,Mann_Whitney_U,1574.0,0.9976938195584479,0.144071070749978,0.9967954233635837,0.9990737604869807
ADC_GLCM_JointEntropyLog2,113,1.8470310456599999,1.935875507857143,1.9713072244999998,1.99859737,0.00010759576264765334,0.006622396458097303,False,Spearman,0.0005462290735696253,0.9954186245787726,Mann_Whitney_U,1574.0,0.9976938195584479,0.1440710707672483,0.9967954233635837,0.9990737604869807
ADC_GLCM_SumAverage,113,109.57877638094,104.3668148935238,44.831089975,42.91745083,3.052354171506698e-10,1.8480097203832908e-09,False,Spearman,0.002187460348481603,0.981654655903225,Mann_Whitney_U,1571.0,0.9838390228325601,-0.032336321245067065,0.9967954233635837,0.9990737604869807
ADC_GLCM_Autocorrelation,113,109.57877638094,104.3668148935238,44.831089975,42.91745083,3.052354171506698e-10,1.8480097203832908e-09,False,Spearman,0.002187460348481603,0.981654655903225,Mann_Whitney_U,1571.0,0.9838390228325601,-0.032336321245067065,0.9967954233635837,0.9990737604869807
T2_Morph_SurfaceToVolumeRatio_cm,113,8.795826420780001,9.038938245984125,8.738018517,9.244046541,0.8766475271162958,0.004027838207525403,False,Spearman,-0.0016386838133611555,0.9862564982657807,Mann_Whitney_U,1578.0,0.9884695070824615,0.06952367506075387,0.9967954233635837,0.9990737604869807
T2_GLSZM_SmallZoneEmphasis,113,0.31056696864,0.31967067095238094,0.33319164,0.320375658,0.1040235514777086,0.0150752037494263,False,Spearman,-0.0010924558755741039,0.9908374172010053,Mann_Whitney_U,1577.0,0.9930815501254601,0.07293298350240482,0.9967954233635837,0.9990737604869807
T2_IB_IntensityBasedCoefficientOfVariation,113,0.37209720146,0.3728794493492063,0.3366881585,0.323000273,0.01710556236020395,4.0893434167232364e-06,False,Spearman,0.0,1.0,Mann_Whitney_U,1575.0,1.0,0.00414033289247835,1.0,1.0
