Pair_Tag,Dataset_A,Dataset_B,Model,Mean_AUC,Std_AUC,Pooled_AUC,Mean_PR_AUC,Std_PR_AUC,Pooled_PR_AUC,Mean_Acc,Std_Acc,Pooled_Acc,Mean_Bal_Acc,Std_Bal_Acc,Pooled_Bal_Acc,Mean_Prec,Std_Prec,Pooled_Prec,Mean_Rec,Std_Rec,Pooled_Rec,Mean_F1,Std_F1,Pooled_F1,Mean_Specificity,Std_Specificity,Pooled_Specificity,Avg_Features,Mean_Selected_K,Std_Selected_K,Min_Selected_K,Median_Selected_K,Max_Selected_K,Run_Name,Run_Dir,Experiment_ID,FS_METHOD,FS_N_FEATURES,USE_SMOTE,N_Unique_Selected_Features,Max_Selection_Count,Mean_Selection_Count
ADC_Post1,ADC,Post1,SVM_Linear,0.7927380952380952,0.0451892663237556,0.7726984126984127,0.8474377926664381,0.084388421020756,0.8404095590668283,0.6787535014005603,0.0777145312561746,0.672566371681416,0.6842857142857144,0.0839270610393569,0.6630158730158731,0.7093778280542986,0.1138585332168397,0.6911764705882353,0.7752380952380953,0.1235471375131965,0.746031746031746,0.7252106479083823,0.0588812925737817,0.7175572519083969,0.5933333333333334,0.1522424966222565,0.58,8.4,8.4,4.8,4,6.0,16,elasticnet_then_mrmr_auto_k_no_smote,nested_cv_outputs_all_pairwise_concat_batch/ADC_Post1/fs_method_comparison/elasticnet_then_mrmr_auto_k_no_smote,elasticnet_then_mrmr_auto_k,elasticnet_then_mrmr,auto,False,22,5,1.9090909090909092
ADC_Post1,ADC,Post1,SVM_RBF,0.7893650793650793,0.0435470628954798,0.7522222222222222,0.8413075598524739,0.1026941371201713,0.8247540166250042,0.6595658263305323,0.1121931755899162,0.6460176991150443,0.6606746031746031,0.1214916062139622,0.6350793650793651,0.7012647483235719,0.1412845226747133,0.6666666666666666,0.7673015873015874,0.149005606263351,0.7301587301587301,0.7114395183360701,0.0935319561416508,0.696969696969697,0.554047619047619,0.2352347213947377,0.54,8.4,8.4,4.8,4,6.0,16,elasticnet_then_mrmr_auto_k_no_smote,nested_cv_outputs_all_pairwise_concat_batch/ADC_Post1/fs_method_comparison/elasticnet_then_mrmr_auto_k_no_smote,elasticnet_then_mrmr_auto_k,elasticnet_then_mrmr,auto,False,22,5,1.9090909090909092
ADC_Post1,ADC,Post1,LogisticRegression,0.7832142857142858,0.0584891020335356,0.786031746031746,0.8346164506807146,0.1060152562471947,0.8305377415705393,0.7295658263305322,0.1103694989388309,0.7168141592920354,0.7370238095238097,0.1034528908725202,0.7253968253968255,0.8,0.1247219128924646,0.803921568627451,0.6761904761904762,0.1767116558754612,0.6507936507936508,0.7220722747038536,0.1396540863210664,0.7192982456140351,0.7978571428571428,0.0914744428578011,0.8,8.4,8.4,4.8,4,6.0,16,elasticnet_then_mrmr_auto_k_no_smote,nested_cv_outputs_all_pairwise_concat_batch/ADC_Post1/fs_method_comparison/elasticnet_then_mrmr_auto_k_no_smote,elasticnet_then_mrmr_auto_k,elasticnet_then_mrmr,auto,False,22,5,1.9090909090909092
ADC_Post1,ADC,Post1,RandomForest,0.7687301587301588,0.0641215815734608,0.7352380952380951,0.8014590283641605,0.1177389181018665,0.7713969634851541,0.6604621848739496,0.0622479239755252,0.6548672566371682,0.6610714285714285,0.063631345245544,0.6533333333333333,0.7183333333333334,0.1098483803552272,0.7,0.7004761904761905,0.1566431046433271,0.6666666666666666,0.6847848666759738,0.0846532918695347,0.6829268292682927,0.6216666666666667,0.1959024700655348,0.64,8.4,8.4,4.8,4,6.0,16,elasticnet_then_mrmr_auto_k_no_smote,nested_cv_outputs_all_pairwise_concat_batch/ADC_Post1/fs_method_comparison/elasticnet_then_mrmr_auto_k_no_smote,elasticnet_then_mrmr_auto_k,elasticnet_then_mrmr,auto,False,22,5,1.9090909090909092
ADC_Post1,ADC,Post1,KNN,0.7637301587301588,0.0641733536973637,0.6973015873015872,0.7822141820168137,0.1437768203641428,0.6966161939452311,0.6718487394957983,0.1053651425962558,0.6548672566371682,0.6973412698412699,0.0729005732159072,0.6553968253968254,0.7728021978021978,0.1781855509539757,0.7068965517241379,0.6982539682539681,0.2164036428970364,0.6507936507936508,0.6816583340880017,0.1417212871096811,0.6776859504132231,0.6964285714285714,0.2248708372022399,0.66,7.2,7.2,4.1182520563948,4,4.0,14,mrmr_then_elasticnet_no_corr_auto_k_no_smote,nested_cv_outputs_all_pairwise_concat_batch/ADC_Post1/fs_method_comparison/mrmr_then_elasticnet_no_corr_auto_k_no_smote,mrmr_then_elasticnet_no_corr_auto_k,mrmr_then_elasticnet_no_corr,auto,False,25,4,1.44
ADC_Post1,ADC,Post1,SVM_RBF,0.7589285714285714,0.0887394222384215,0.7152380952380952,0.8246065304759835,0.1217176787516501,0.7680426494220245,0.6661344537815126,0.0956937587683046,0.6548672566371682,0.6690079365079364,0.0964272976596254,0.6471428571428571,0.7229738562091503,0.1550539641948916,0.6818181818181818,0.744920634920635,0.1584677195538245,0.7142857142857143,0.7051911952520472,0.0949423465830369,0.6976744186046512,0.5930952380952381,0.2471749680946833,0.58,7.2,7.2,4.1182520563948,4,4.0,14,mrmr_then_elasticnet_no_corr_auto_k_no_smote,nested_cv_outputs_all_pairwise_concat_batch/ADC_Post1/fs_method_comparison/mrmr_then_elasticnet_no_corr_auto_k_no_smote,mrmr_then_elasticnet_no_corr_auto_k,mrmr_then_elasticnet_no_corr,auto,False,25,4,1.44
ADC_Post1,ADC,Post1,NaiveBayes,0.7584920634920636,0.0678000781127034,0.5984126984126985,0.8267819840483837,0.079735825289892,0.6770082831881796,0.5818487394957984,0.1224342351596504,0.5663716814159292,0.5727777777777778,0.1408732617927654,0.545079365079365,0.6349673202614379,0.1415668772787246,0.5897435897435898,0.7760317460317461,0.198925306082079,0.7301587301587301,0.6634720049121328,0.1089535519601365,0.6524822695035462,0.3695238095238095,0.338415006394941,0.36,8.4,8.4,4.8,4,6.0,16,elasticnet_then_mrmr_auto_k_no_smote,nested_cv_outputs_all_pairwise_concat_batch/ADC_Post1/fs_method_comparison/elasticnet_then_mrmr_auto_k_no_smote,elasticnet_then_mrmr_auto_k,elasticnet_then_mrmr,auto,False,22,5,1.9090909090909092
ADC_Post1,ADC,Post1,LightGBM,0.7563492063492063,0.0609712892298929,0.7225396825396826,0.7890283912799024,0.0885581688781579,0.7941099273806389,0.7149439775910365,0.093070926867582,0.7079646017699115,0.6897222222222221,0.1238970234153617,0.7030158730158731,0.7395530939648587,0.1108291847275269,0.734375,0.7525396825396825,0.1278959327520326,0.746031746031746,0.7405610755468441,0.1005842959274248,0.7401574803149606,0.6269047619047619,0.242536669972149,0.66,9.2,9.2,2.4,6,8.0,12,corr_mrmr_auto_k_no_smote,nested_cv_outputs_all_pairwise_concat_batch/ADC_Post1/fs_method_comparison/corr_mrmr_auto_k_no_smote,corr_mrmr_auto_k,corr_mrmr,auto,False,30,5,1.5333333333333334
ADC_Post1,ADC,Post1,NaiveBayes,0.7513095238095238,0.0216637593258416,0.7203174603174602,0.7868353654343829,0.102093667770255,0.7633585274011438,0.6420308123249299,0.0430519637730071,0.6371681415929203,0.6544047619047618,0.0102657433987191,0.6395238095238096,0.7304761904761905,0.1566543633901111,0.6964285714285714,0.6504761904761904,0.1683749190903586,0.6190476190476191,0.6518095238095237,0.0911674843575363,0.6554621848739496,0.6583333333333333,0.1833333333333333,0.66,7.2,7.2,4.1182520563948,4,4.0,14,mrmr_then_elasticnet_no_corr_auto_k_no_smote,nested_cv_outputs_all_pairwise_concat_batch/ADC_Post1/fs_method_comparison/mrmr_then_elasticnet_no_corr_auto_k_no_smote,mrmr_then_elasticnet_no_corr_auto_k,mrmr_then_elasticnet_no_corr,auto,False,25,4,1.44
ADC_Post1,ADC,Post1,SVM_Linear,0.7413492063492064,0.0307527137480948,0.6987301587301586,0.7918580096933925,0.0749224107460213,0.7224357251934306,0.6680812324929972,0.0487574100179626,0.6637168141592921,0.6651190476190476,0.0417663961434644,0.6468253968253967,0.686078431372549,0.1114553682678619,0.6666666666666666,0.8214285714285714,0.1515436652892228,0.7936507936507936,0.7257592256503328,0.0523416844734062,0.7246376811594203,0.5088095238095238,0.1891735217074333,0.5,9.2,9.2,2.4,6,8.0,12,corr_mrmr_auto_k_no_smote,nested_cv_outputs_all_pairwise_concat_batch/ADC_Post1/fs_method_comparison/corr_mrmr_auto_k_no_smote,corr_mrmr_auto_k,corr_mrmr,auto,False,30,5,1.5333333333333334
ADC_Post1,ADC,Post1,XGBoost,0.7376587301587302,0.0750399238662148,0.7022222222222221,0.7954945242618102,0.1273902645527371,0.7882849506544798,0.6663165266106443,0.0575773357255045,0.6637168141592921,0.6775396825396826,0.0431614709253099,0.6592063492063491,0.7149650349650349,0.1444644895900242,0.6984126984126984,0.7226984126984127,0.112534645151102,0.6984126984126984,0.6986113146113146,0.0692789562587008,0.6984126984126984,0.6323809523809524,0.1631159180493689,0.62,8.4,8.4,4.8,4,6.0,16,elasticnet_then_mrmr_auto_k_no_smote,nested_cv_outputs_all_pairwise_concat_batch/ADC_Post1/fs_method_comparison/elasticnet_then_mrmr_auto_k_no_smote,elasticnet_then_mrmr_auto_k,elasticnet_then_mrmr,auto,False,22,5,1.9090909090909092
ADC_Post1,ADC,Post1,RandomForest,0.7329761904761904,0.0612342091470647,0.7038095238095239,0.7817321607198073,0.1035073479280417,0.7342138824298516,0.6732773109243697,0.0757684777941581,0.6637168141592921,0.6677380952380952,0.0884560749654127,0.6612698412698412,0.7222727272727274,0.1255873254295191,0.7049180327868853,0.7004761904761905,0.1075829878249222,0.6825396825396826,0.6995024840520916,0.079677171459645,0.6935483870967742,0.635,0.1975123062270073,0.64,9.2,9.2,2.4,6,8.0,12,corr_mrmr_auto_k_no_smote,nested_cv_outputs_all_pairwise_concat_batch/ADC_Post1/fs_method_comparison/corr_mrmr_auto_k_no_smote,corr_mrmr_auto_k,corr_mrmr,auto,False,30,5,1.5333333333333334
ADC_Post1,ADC,Post1,KNN,0.7328769841269842,0.088139726718727,0.6842857142857142,0.7542509826716427,0.1441574854759444,0.7217855150353636,0.5872689075630252,0.0818572564911293,0.5752212389380531,0.6024206349206349,0.0507586685091657,0.5715873015873016,0.6424242424242423,0.1058032038624762,0.6229508196721312,0.646031746031746,0.2458319721447896,0.6031746031746031,0.6081573498964803,0.1335445519111072,0.6129032258064516,0.5588095238095239,0.1680446436741549,0.54,8.4,8.4,4.8,4,6.0,16,elasticnet_then_mrmr_auto_k_no_smote,nested_cv_outputs_all_pairwise_concat_batch/ADC_Post1/fs_method_comparison/elasticnet_then_mrmr_auto_k_no_smote,elasticnet_then_mrmr_auto_k,elasticnet_then_mrmr,auto,False,22,5,1.9090909090909092
ADC_Post1,ADC,Post1,SVM_Linear,0.732579365079365,0.1031891320661648,0.7066666666666667,0.8055339657876395,0.1359410032164707,0.760408984043514,0.6288935574229693,0.0954005000202956,0.6194690265486725,0.638888888888889,0.0865403317820269,0.6112698412698413,0.6793713450292398,0.1341710595693045,0.6515151515151515,0.7130158730158731,0.1809841241998758,0.6825396825396826,0.6708338256725354,0.0999851940164759,0.6666666666666666,0.5647619047619047,0.1782594099439356,0.54,7.2,7.2,4.1182520563948,4,4.0,14,mrmr_then_elasticnet_no_corr_auto_k_no_smote,nested_cv_outputs_all_pairwise_concat_batch/ADC_Post1/fs_method_comparison/mrmr_then_elasticnet_no_corr_auto_k_no_smote,mrmr_then_elasticnet_no_corr_auto_k,mrmr_then_elasticnet_no_corr,auto,False,25,4,1.44
ADC_Post1,ADC,Post1,LogisticRegression,0.7323412698412699,0.1148159272615748,0.7130158730158731,0.813158288162932,0.1280509164987164,0.7874019271159765,0.6661344537815126,0.1322521410055044,0.6548672566371682,0.6790079365079366,0.1322812802804041,0.6615873015873015,0.742987567987568,0.1944040610496926,0.7307692307692307,0.6196825396825397,0.1732897206601422,0.6031746031746031,0.6634148770619358,0.1626621614604351,0.6608695652173913,0.7383333333333333,0.1462114146630754,0.72,7.2,7.2,4.1182520563948,4,4.0,14,mrmr_then_elasticnet_no_corr_auto_k_no_smote,nested_cv_outputs_all_pairwise_concat_batch/ADC_Post1/fs_method_comparison/mrmr_then_elasticnet_no_corr_auto_k_no_smote,mrmr_then_elasticnet_no_corr_auto_k,mrmr_then_elasticnet_no_corr,auto,False,25,4,1.44
ADC_Post1,ADC,Post1,ExtraTrees,0.7320238095238095,0.0759154676350838,0.7206349206349206,0.8024427295802793,0.1096932297193028,0.7444973950683771,0.6835154061624651,0.1034021728628596,0.672566371681416,0.6933730158730158,0.1083901240760823,0.6774603174603174,0.7819327731092438,0.1140827875867242,0.7407407407407407,0.6817460317460318,0.2202920711778676,0.6349206349206349,0.6917111733582322,0.1141752003932598,0.6837606837606838,0.705,0.2416149369922682,0.72,8.4,8.4,4.8,4,6.0,16,elasticnet_then_mrmr_auto_k_no_smote,nested_cv_outputs_all_pairwise_concat_batch/ADC_Post1/fs_method_comparison/elasticnet_then_mrmr_auto_k_no_smote,elasticnet_then_mrmr_auto_k,elasticnet_then_mrmr,auto,False,22,5,1.9090909090909092
ADC_Post1,ADC,Post1,GradientBoosting,0.7294841269841269,0.054177291242451,0.6984126984126984,0.798521949460546,0.0766455846453473,0.7822388749839049,0.6554621848739496,0.0690932003343795,0.6460176991150443,0.6588492063492064,0.0516372773799891,0.6392063492063491,0.6842307692307693,0.1168268835074323,0.676923076923077,0.7193650793650793,0.1177277093765594,0.6984126984126984,0.689855193539404,0.0869947006136939,0.6875,0.5983333333333334,0.0837323779138697,0.58,9.2,9.2,2.4,6,8.0,12,corr_mrmr_auto_k_no_smote,nested_cv_outputs_all_pairwise_concat_batch/ADC_Post1/fs_method_comparison/corr_mrmr_auto_k_no_smote,corr_mrmr_auto_k,corr_mrmr,auto,False,30,5,1.5333333333333334
ADC_Post1,ADC,Post1,GradientBoosting,0.727936507936508,0.0866183946035636,0.7133333333333334,0.7646015878045216,0.1464586549766812,0.7760588664627692,0.6924649859943978,0.0496014014073131,0.6902654867256637,0.6860714285714286,0.0743801970031219,0.680952380952381,0.7154545454545455,0.1236883432028289,0.7058823529411765,0.7838095238095237,0.0933646421949685,0.7619047619047619,0.7345389527458493,0.0526167426566171,0.732824427480916,0.5883333333333334,0.1851125783588643,0.6,8.4,8.4,4.8,4,6.0,16,elasticnet_then_mrmr_auto_k_no_smote,nested_cv_outputs_all_pairwise_concat_batch/ADC_Post1/fs_method_comparison/elasticnet_then_mrmr_auto_k_no_smote,elasticnet_then_mrmr_auto_k,elasticnet_then_mrmr,auto,False,22,5,1.9090909090909092
ADC_Post1,ADC,Post1,XGBoost,0.7276190476190477,0.0441690732241288,0.6919047619047619,0.7920002692522059,0.0839140433880918,0.766972241565592,0.6508403361344538,0.0734584825295258,0.6460176991150443,0.6496031746031747,0.0544712784998286,0.6392063492063491,0.6867699620640797,0.1473228448647003,0.676923076923077,0.7192063492063492,0.1738688744069172,0.6984126984126984,0.6801077239158199,0.1104983266759997,0.6875,0.58,0.16,0.58,7.2,7.2,4.1182520563948,4,4.0,14,mrmr_then_elasticnet_no_corr_auto_k_no_smote,nested_cv_outputs_all_pairwise_concat_batch/ADC_Post1/fs_method_comparison/mrmr_then_elasticnet_no_corr_auto_k_no_smote,mrmr_then_elasticnet_no_corr_auto_k,mrmr_then_elasticnet_no_corr,auto,False,25,4,1.44
ADC_Post1,ADC,Post1,XGBoost,0.7261904761904762,0.0677356658885001,0.7088888888888889,0.7673229577193451,0.1202233542429283,0.7557997347386407,0.6764145658263306,0.0576708865613875,0.672566371681416,0.6530555555555555,0.0869907525573049,0.6630158730158731,0.7027777777777778,0.0894082052190615,0.6911764705882353,0.7468253968253968,0.1826845525888769,0.746031746031746,0.7075226244343892,0.0799037224598785,0.7175572519083969,0.5592857142857143,0.2263663476668055,0.58,9.2,9.2,2.4,6,8.0,12,corr_mrmr_auto_k_no_smote,nested_cv_outputs_all_pairwise_concat_batch/ADC_Post1/fs_method_comparison/corr_mrmr_auto_k_no_smote,corr_mrmr_auto_k,corr_mrmr,auto,False,30,5,1.5333333333333334
ADC_Post1,ADC,Post1,RandomForest,0.723968253968254,0.0708319883381264,0.7134920634920635,0.7829356986250892,0.1031772215496306,0.7632962795674658,0.657703081232493,0.11387394410203,0.6460176991150443,0.6698412698412699,0.1000916058120951,0.6433333333333333,0.7158974358974359,0.1748924301265416,0.6885245901639344,0.6882539682539683,0.1454598878974902,0.6666666666666666,0.6811851851851852,0.1257441825743964,0.6774193548387096,0.6514285714285715,0.1805421414867113,0.62,7.2,7.2,4.1182520563948,4,4.0,14,mrmr_then_elasticnet_no_corr_auto_k_no_smote,nested_cv_outputs_all_pairwise_concat_batch/ADC_Post1/fs_method_comparison/mrmr_then_elasticnet_no_corr_auto_k_no_smote,mrmr_then_elasticnet_no_corr_auto_k,mrmr_then_elasticnet_no_corr,auto,False,25,4,1.44
ADC_Post1,ADC,Post1,ExtraTrees,0.7230158730158729,0.1057838562250558,0.7215873015873016,0.789384065963095,0.1397502370779984,0.7848859086229838,0.6760364145658263,0.1271540882820034,0.6637168141592921,0.6926190476190476,0.1030345814205401,0.6612698412698412,0.7521942110177404,0.1951439204054214,0.7049180327868853,0.7114285714285714,0.1700929747386104,0.6825396825396826,0.6965339845339845,0.1326737513451804,0.6935483870967742,0.6738095238095239,0.2293142691016096,0.64,7.2,7.2,4.1182520563948,4,4.0,14,mrmr_then_elasticnet_no_corr_auto_k_no_smote,nested_cv_outputs_all_pairwise_concat_batch/ADC_Post1/fs_method_comparison/mrmr_then_elasticnet_no_corr_auto_k_no_smote,mrmr_then_elasticnet_no_corr_auto_k,mrmr_then_elasticnet_no_corr,auto,False,25,4,1.44
ADC_Post1,ADC,Post1,LightGBM,0.7228769841269841,0.0506106263557958,0.6690476190476191,0.7725718204458499,0.0890583585722131,0.6909936122265996,0.6903221288515405,0.0898424003355505,0.6814159292035398,0.7064285714285715,0.0850549301561347,0.6792063492063491,0.7426118326118326,0.1704955979485428,0.7213114754098361,0.7138095238095238,0.0846250604527934,0.6984126984126984,0.7131788977306219,0.0962373106337267,0.7096774193548387,0.699047619047619,0.1717893030018177,0.66,7.2,7.2,4.1182520563948,4,4.0,14,mrmr_then_elasticnet_no_corr_auto_k_no_smote,nested_cv_outputs_all_pairwise_concat_batch/ADC_Post1/fs_method_comparison/mrmr_then_elasticnet_no_corr_auto_k_no_smote,mrmr_then_elasticnet_no_corr_auto_k,mrmr_then_elasticnet_no_corr,auto,False,25,4,1.44
ADC_Post1,ADC,Post1,LogisticRegression,0.7190079365079364,0.07405302043962,0.6993650793650793,0.7907939228854752,0.0943277501382557,0.7487346313508816,0.631750700280112,0.0855188495288846,0.6194690265486725,0.6211904761904762,0.0859086567471918,0.6215873015873016,0.6752380952380952,0.1254735549857254,0.6785714285714286,0.6204761904761904,0.1849682478386244,0.6031746031746031,0.6336554619676218,0.1402027912742295,0.6386554621848739,0.621904761904762,0.1632951503335264,0.64,9.2,9.2,2.4,6,8.0,12,corr_mrmr_auto_k_no_smote,nested_cv_outputs_all_pairwise_concat_batch/ADC_Post1/fs_method_comparison/corr_mrmr_auto_k_no_smote,corr_mrmr_auto_k,corr_mrmr,auto,False,30,5,1.5333333333333334
ADC_Post1,ADC,Post1,SVM_RBF,0.7165079365079364,0.048264540404092,0.6647619047619048,0.7899723873726174,0.0816809014744443,0.704366867805984,0.6179411764705882,0.0991959214599799,0.6017699115044248,0.6238888888888888,0.0802758848414318,0.5850793650793651,0.6523809523809523,0.1217575168937467,0.6216216216216216,0.7682539682539682,0.1806597466690228,0.7301587301587301,0.6817306707629288,0.0934062658558517,0.6715328467153284,0.4795238095238095,0.1896386347540585,0.44,9.2,9.2,2.4,6,8.0,12,corr_mrmr_auto_k_no_smote,nested_cv_outputs_all_pairwise_concat_batch/ADC_Post1/fs_method_comparison/corr_mrmr_auto_k_no_smote,corr_mrmr_auto_k,corr_mrmr,auto,False,30,5,1.5333333333333334
ADC_Post1,ADC,Post1,LightGBM,0.7141269841269842,0.1307946621166017,0.6655555555555556,0.7842196019561187,0.1459678157748489,0.682547181927248,0.6542717086834735,0.0903007335147564,0.6460176991150443,0.6638492063492063,0.0973685649486591,0.6536507936507936,0.7210101010101011,0.1740851581307259,0.7254901960784313,0.5950793650793651,0.1377119292574668,0.5873015873015873,0.6448396854204477,0.1367810521274255,0.6491228070175439,0.7326190476190477,0.1117060038338003,0.72,8.4,8.4,4.8,4,6.0,16,elasticnet_then_mrmr_auto_k_no_smote,nested_cv_outputs_all_pairwise_concat_batch/ADC_Post1/fs_method_comparison/elasticnet_then_mrmr_auto_k_no_smote,elasticnet_then_mrmr_auto_k,elasticnet_then_mrmr,auto,False,22,5,1.9090909090909092
ADC_Post1,ADC,Post1,GradientBoosting,0.7135714285714286,0.0742767258162634,0.6733333333333333,0.7930747635193741,0.1009049688699649,0.7555476059937443,0.5926050420168067,0.0818396799293071,0.584070796460177,0.5894841269841269,0.0823748736173655,0.5692063492063492,0.6501587301587302,0.1661582570609079,0.6111111111111112,0.7215873015873016,0.1878163494042851,0.6984126984126984,0.6509444108355179,0.0952984093378156,0.6518518518518519,0.4573809523809524,0.2998075724508409,0.44,7.2,7.2,4.1182520563948,4,4.0,14,mrmr_then_elasticnet_no_corr_auto_k_no_smote,nested_cv_outputs_all_pairwise_concat_batch/ADC_Post1/fs_method_comparison/mrmr_then_elasticnet_no_corr_auto_k_no_smote,mrmr_then_elasticnet_no_corr_auto_k,mrmr_then_elasticnet_no_corr,auto,False,25,4,1.44
ADC_Post1,ADC,Post1,ExtraTrees,0.6668253968253968,0.093140457765484,0.6644444444444444,0.7516558434891112,0.1251202467763096,0.7093848988129319,0.6506582633053222,0.0909430635361583,0.6371681415929203,0.650436507936508,0.0900209936042341,0.6395238095238096,0.7088461538461539,0.1378598035824329,0.6964285714285714,0.6373015873015874,0.1374093530655818,0.6190476190476191,0.6604730781201369,0.115541472308919,0.6554621848739496,0.6635714285714286,0.1531372600256491,0.66,9.2,9.2,2.4,6,8.0,12,corr_mrmr_auto_k_no_smote,nested_cv_outputs_all_pairwise_concat_batch/ADC_Post1/fs_method_comparison/corr_mrmr_auto_k_no_smote,corr_mrmr_auto_k,corr_mrmr,auto,False,30,5,1.5333333333333334
ADC_Post1,ADC,Post1,KNN,0.6510714285714285,0.1182482154774136,0.599047619047619,0.7348046588388748,0.1039097784133176,0.6824955517581276,0.5972268907563024,0.1038057086677875,0.584070796460177,0.591468253968254,0.0848245265376893,0.5692063492063492,0.6297835497835498,0.1224459161426601,0.6111111111111112,0.7260317460317459,0.1676316734061596,0.6984126984126984,0.6572009962760555,0.1057592802532217,0.6518518518518519,0.456904761904762,0.1890038332404711,0.44,9.2,9.2,2.4,6,8.0,12,corr_mrmr_auto_k_no_smote,nested_cv_outputs_all_pairwise_concat_batch/ADC_Post1/fs_method_comparison/corr_mrmr_auto_k_no_smote,corr_mrmr_auto_k,corr_mrmr,auto,False,30,5,1.5333333333333334
ADC_Post1,ADC,Post1,NaiveBayes,0.6076587301587302,0.0710902038426428,0.51015873015873,0.721313436841988,0.09225828093961,0.5893085269026876,0.5894677871148459,0.1338661045071802,0.5752212389380531,0.5721825396825396,0.1298725560940594,0.5426984126984127,0.6304865424430642,0.1608644024741058,0.5842696629213483,0.8317460317460318,0.0948935566833975,0.8253968253968254,0.6963287310489606,0.0825236687846739,0.6842105263157895,0.3126190476190476,0.296691507023939,0.26,9.2,9.2,2.4,6,8.0,12,corr_mrmr_auto_k_no_smote,nested_cv_outputs_all_pairwise_concat_batch/ADC_Post1/fs_method_comparison/corr_mrmr_auto_k_no_smote,corr_mrmr_auto_k,corr_mrmr,auto,False,30,5,1.5333333333333334
ADC_Post2,ADC,Post2,SVM_Linear,0.8272747295235334,0.0465499716453926,0.7518750000000001,0.8824926507852652,0.0392958706505669,0.8272119792477228,0.7055350446654794,0.0651066701959826,0.7017543859649122,0.7284542796384903,0.0492592302761172,0.6950000000000001,0.7507536907536908,0.1434748158450094,0.7272727272727273,0.792514619883041,0.175558010042412,0.75,0.7394260012850717,0.0615606157914734,0.7384615384615385,0.6643939393939394,0.2090634588920155,0.64,8.8,8.8,4.48998886412873,4,8.0,14,mrmr_then_elasticnet_no_corr_auto_k_no_smote,nested_cv_outputs_all_pairwise_concat_batch/ADC_Post2/fs_method_comparison/mrmr_then_elasticnet_no_corr_auto_k_no_smote,mrmr_then_elasticnet_no_corr_auto_k,mrmr_then_elasticnet_no_corr,auto,False,34,4,1.2941176470588236
ADC_Post2,ADC,Post2,LogisticRegression,0.8211311451263604,0.0350207112070563,0.7728125,0.8752755645180924,0.0459226852945617,0.8328346711996409,0.7058926580665711,0.0618687937646428,0.7017543859649122,0.735802764486975,0.0379198304000607,0.708125,0.7898268398268399,0.1161359798909371,0.7777777777777778,0.6943328017012228,0.1734683092051401,0.65625,0.7127472527472527,0.0590852369288078,0.711864406779661,0.7772727272727272,0.1308305039086236,0.76,8.8,8.8,4.48998886412873,4,8.0,14,mrmr_then_elasticnet_no_corr_auto_k_no_smote,nested_cv_outputs_all_pairwise_concat_batch/ADC_Post2/fs_method_comparison/mrmr_then_elasticnet_no_corr_auto_k_no_smote,mrmr_then_elasticnet_no_corr_auto_k,mrmr_then_elasticnet_no_corr,auto,False,34,4,1.2941176470588236
ADC_Post2,ADC,Post2,SVM_RBF,0.818967252842851,0.0451511338793911,0.7521875,0.86800318579342,0.0765346553411533,0.8209019572782679,0.6883189274493622,0.0640159967695124,0.6842105263157895,0.7148577884104199,0.0335042970818555,0.6793750000000001,0.7414102564102565,0.1451356797930162,0.71875,0.763806485911749,0.177117653968847,0.71875,0.7181780538302277,0.0712671790587777,0.71875,0.6659090909090909,0.1815401915242443,0.64,8.8,8.8,4.48998886412873,4,8.0,14,mrmr_then_elasticnet_no_corr_auto_k_no_smote,nested_cv_outputs_all_pairwise_concat_batch/ADC_Post2/fs_method_comparison/mrmr_then_elasticnet_no_corr_auto_k_no_smote,mrmr_then_elasticnet_no_corr_auto_k,mrmr_then_elasticnet_no_corr,auto,False,34,4,1.2941176470588236
ADC_Post2,ADC,Post2,SVM_RBF,0.8083208940625207,0.0558555341905075,0.7078125,0.865824512156542,0.0528995034383477,0.8082217680298267,0.6494404146578059,0.055032424840041,0.6491228070175439,0.6886416799574695,0.0543871761417468,0.6481250000000001,0.7237606837606838,0.1601394673034687,0.7,0.7000106326422115,0.1698567651639274,0.65625,0.6770614692653674,0.0542535903150649,0.6774193548387096,0.6772727272727272,0.1938328305719385,0.64,12.8,12.8,4.1182520563948,8,14.0,18,elasticnet_then_mrmr_auto_k_no_smote,nested_cv_outputs_all_pairwise_concat_batch/ADC_Post2/fs_method_comparison/elasticnet_then_mrmr_auto_k_no_smote,elasticnet_then_mrmr_auto_k,elasticnet_then_mrmr,auto,False,30,5,2.1333333333333333
ADC_Post2,ADC,Post2,SVM_Linear,0.8054575833523202,0.0689808586397069,0.71375,0.8656406415063437,0.0535345163270368,0.7973783845874524,0.648179356875009,0.0821007731854848,0.6491228070175439,0.6877325890483785,0.0762137839466054,0.64375,0.7200517129928895,0.1777544636637761,0.6875,0.7315257841573631,0.1687439646567461,0.6875,0.6881383923422904,0.0635329736152071,0.6875,0.6439393939393939,0.2436992983693462,0.6,12.8,12.8,4.1182520563948,8,14.0,18,elasticnet_then_mrmr_auto_k_no_smote,nested_cv_outputs_all_pairwise_concat_batch/ADC_Post2/fs_method_comparison/elasticnet_then_mrmr_auto_k_no_smote,elasticnet_then_mrmr_auto_k,elasticnet_then_mrmr,auto,False,30,5,2.1333333333333333
ADC_Post2,ADC,Post2,LogisticRegression,0.8018860051874406,0.0564007186303137,0.7465624999999999,0.869662445037266,0.0381310594206039,0.8275695356304018,0.6803761455935369,0.0918383322163519,0.6754385964912281,0.7098503835345941,0.0634847448276617,0.6803125,0.757045177045177,0.0929428310928641,0.7454545454545455,0.6876661350345561,0.1919899374940021,0.640625,0.6936275642083264,0.079748786312145,0.6890756302521008,0.732034632034632,0.1072392325306344,0.72,12.8,12.8,4.1182520563948,8,14.0,18,elasticnet_then_mrmr_auto_k_no_smote,nested_cv_outputs_all_pairwise_concat_batch/ADC_Post2/fs_method_comparison/elasticnet_then_mrmr_auto_k_no_smote,elasticnet_then_mrmr_auto_k,elasticnet_then_mrmr,auto,False,30,5,2.1333333333333333
ADC_Post2,ADC,Post2,NaiveBayes,0.7718196662455035,0.0854339588695976,0.6753125000000001,0.8235860438629669,0.1078156479442628,0.7411572871927226,0.6464984291071246,0.0954811136428057,0.6491228070175439,0.6366708437761069,0.1166296638426985,0.6284375,0.6757575757575757,0.185099234815434,0.6538461538461539,0.79953216374269,0.1465952053632425,0.796875,0.7067494824016564,0.0865249667832818,0.7183098591549296,0.4738095238095238,0.3314915101706117,0.46,8.8,8.8,4.48998886412873,4,8.0,14,mrmr_then_elasticnet_no_corr_auto_k_no_smote,nested_cv_outputs_all_pairwise_concat_batch/ADC_Post2/fs_method_comparison/mrmr_then_elasticnet_no_corr_auto_k_no_smote,mrmr_then_elasticnet_no_corr_auto_k,mrmr_then_elasticnet_no_corr,auto,False,34,4,1.2941176470588236
ADC_Post2,ADC,Post2,KNN,0.7703271493702116,0.1074173961398953,0.7046875,0.8189076145483469,0.0755970734841571,0.775900728478135,0.649835671574802,0.0766364237015653,0.6491228070175439,0.6786416799574695,0.0887738617376916,0.64375,0.7066666666666667,0.155492050529208,0.6875,0.7315257841573631,0.1687439646567461,0.6875,0.6890835856353098,0.0594900635117307,0.6875,0.6257575757575757,0.2038202632824271,0.6,12.8,12.8,4.1182520563948,8,14.0,18,elasticnet_then_mrmr_auto_k_no_smote,nested_cv_outputs_all_pairwise_concat_batch/ADC_Post2/fs_method_comparison/elasticnet_then_mrmr_auto_k_no_smote,elasticnet_then_mrmr_auto_k,elasticnet_then_mrmr,auto,False,30,5,2.1333333333333333
ADC_Post2,ADC,Post2,ExtraTrees,0.7689531335225115,0.1126877075117896,0.6790624999999999,0.8320930631794535,0.1264568733032103,0.7355682003348323,0.6264011350967873,0.1117365179096115,0.6228070175438597,0.6488118022328548,0.1088486028157852,0.63125,0.7153823953823955,0.188836741826489,0.7058823529411765,0.583987240829346,0.1725334525574632,0.5625,0.6197860216009036,0.1345290268320945,0.6260869565217392,0.7136363636363636,0.1776284956333678,0.7,8.8,8.8,4.48998886412873,4,8.0,14,mrmr_then_elasticnet_no_corr_auto_k_no_smote,nested_cv_outputs_all_pairwise_concat_batch/ADC_Post2/fs_method_comparison/mrmr_then_elasticnet_no_corr_auto_k_no_smote,mrmr_then_elasticnet_no_corr_auto_k,mrmr_then_elasticnet_no_corr,auto,False,34,4,1.2941176470588236
ADC_Post2,ADC,Post2,RandomForest,0.7502805567638104,0.1294685109694994,0.6609375,0.814881728088735,0.134827181651867,0.6995570120939736,0.618966540705671,0.143587311506188,0.6140350877192983,0.6452006911217437,0.1475193810006937,0.6190625000000001,0.7230158730158729,0.2038060623747992,0.6851851851851852,0.616916533758639,0.1799183706702152,0.578125,0.6351202820168338,0.1307042843642017,0.6271186440677966,0.6734848484848485,0.2518799836644406,0.66,8.8,8.8,4.48998886412873,4,8.0,14,mrmr_then_elasticnet_no_corr_auto_k_no_smote,nested_cv_outputs_all_pairwise_concat_batch/ADC_Post2/fs_method_comparison/mrmr_then_elasticnet_no_corr_auto_k_no_smote,mrmr_then_elasticnet_no_corr_auto_k,mrmr_then_elasticnet_no_corr,auto,False,34,4,1.2941176470588236
ADC_Post2,ADC,Post2,LightGBM,0.7493339696808595,0.12024328272209,0.680625,0.8051540832944205,0.1245479556558828,0.7200754999789098,0.624827346566477,0.1059956599503718,0.6228070175438597,0.640802764486975,0.1332905274804648,0.618125,0.6818431568431569,0.1797712012884428,0.6666666666666666,0.6876661350345561,0.1849147626131677,0.65625,0.6582963273285855,0.1080843311778809,0.6614173228346457,0.593939393939394,0.2424526498507513,0.58,8.8,8.8,4.48998886412873,4,8.0,14,mrmr_then_elasticnet_no_corr_auto_k_no_smote,nested_cv_outputs_all_pairwise_concat_batch/ADC_Post2/fs_method_comparison/mrmr_then_elasticnet_no_corr_auto_k_no_smote,mrmr_then_elasticnet_no_corr_auto_k,mrmr_then_elasticnet_no_corr,auto,False,34,4,1.2941176470588236
ADC_Post2,ADC,Post2,ExtraTrees,0.7454487343243323,0.116414526935326,0.68125,0.8221433985280061,0.1021519116414862,0.7532203181393877,0.6180008397399701,0.1313718048785795,0.6140350877192983,0.6564486975013291,0.1294318357584258,0.6212500000000001,0.7087878787878787,0.1918169850123035,0.6923076923076923,0.603806485911749,0.2412234210005071,0.5625,0.6167124984516289,0.1506135110948302,0.6206896551724138,0.7090909090909091,0.1780286911596922,0.68,12.8,12.8,4.1182520563948,8,14.0,18,elasticnet_then_mrmr_auto_k_no_smote,nested_cv_outputs_all_pairwise_concat_batch/ADC_Post2/fs_method_comparison/elasticnet_then_mrmr_auto_k_no_smote,elasticnet_then_mrmr_auto_k,elasticnet_then_mrmr,auto,False,30,5,2.1333333333333333
ADC_Post2,ADC,Post2,GradientBoosting,0.7297647815590398,0.1080254185689813,0.6243749999999999,0.7964796564881018,0.1113463777629346,0.6642093549924912,0.5625895843287149,0.0808960278012541,0.5614035087719298,0.5809941520467836,0.1174781973067651,0.548125,0.638986013986014,0.1920516413631149,0.6,0.6953216374269006,0.2211299719278206,0.65625,0.6215767506090086,0.0845437410240479,0.6268656716417911,0.4666666666666667,0.3358240279934981,0.44,8.8,8.8,4.48998886412873,4,8.0,14,mrmr_then_elasticnet_no_corr_auto_k_no_smote,nested_cv_outputs_all_pairwise_concat_batch/ADC_Post2/fs_method_comparison/mrmr_then_elasticnet_no_corr_auto_k_no_smote,mrmr_then_elasticnet_no_corr_auto_k,mrmr_then_elasticnet_no_corr,auto,False,34,4,1.2941176470588236
ADC_Post2,ADC,Post2,RandomForest,0.7263544191056152,0.1140600073247276,0.6515625,0.8033582003137887,0.1132479580132299,0.7396687604478821,0.6339935426891949,0.1349661816093163,0.631578947368421,0.6518559656717551,0.1387195986816008,0.6346875000000001,0.6954545454545455,0.1793007538483274,0.6964285714285714,0.62849548112706,0.1679431677017365,0.609375,0.6483116883116884,0.1424071622279786,0.65,0.6752164502164503,0.148841751724657,0.66,12.8,12.8,4.1182520563948,8,14.0,18,elasticnet_then_mrmr_auto_k_no_smote,nested_cv_outputs_all_pairwise_concat_batch/ADC_Post2/fs_method_comparison/elasticnet_then_mrmr_auto_k_no_smote,elasticnet_then_mrmr_auto_k,elasticnet_then_mrmr,auto,False,30,5,2.1333333333333333
ADC_Post2,ADC,Post2,XGBoost,0.7189315460368092,0.1294379856277019,0.6737500000000001,0.7737378674369643,0.1548420896049877,0.7306938331605779,0.6163068815242728,0.0693264747186707,0.6140350877192983,0.6422820308346624,0.0853214958150145,0.6059375,0.680952380952381,0.1714285714285714,0.6515151515151515,0.7171398192450823,0.1771168535467548,0.671875,0.661495107147281,0.0687855253962236,0.6615384615384615,0.5674242424242424,0.2244573089986194,0.54,8.8,8.8,4.48998886412873,4,8.0,14,mrmr_then_elasticnet_no_corr_auto_k_no_smote,nested_cv_outputs_all_pairwise_concat_batch/ADC_Post2/fs_method_comparison/mrmr_then_elasticnet_no_corr_auto_k_no_smote,mrmr_then_elasticnet_no_corr_auto_k,mrmr_then_elasticnet_no_corr,auto,False,34,4,1.2941176470588236
ADC_Post2,ADC,Post2,ExtraTrees,0.7121531445694125,0.1273892688548015,0.6196875,0.781341415347024,0.1138377434200469,0.720657719937857,0.5936252153643458,0.0957273295589789,0.5877192982456141,0.6174700007594744,0.0854411548192507,0.59125,0.6789321789321789,0.1201700551155313,0.6545454545454545,0.6082083997873472,0.1817788977337012,0.5625,0.6098617724104981,0.0884070716558472,0.6050420168067226,0.6267316017316018,0.1849625042471088,0.62,12.8,12.8,4.833218389437829,4,14.0,18,corr_mrmr_auto_k_no_smote,nested_cv_outputs_all_pairwise_concat_batch/ADC_Post2/fs_method_comparison/corr_mrmr_auto_k_no_smote,corr_mrmr_auto_k,corr_mrmr,auto,False,40,5,1.6
ADC_Post2,ADC,Post2,LogisticRegression,0.7077602178080646,0.0949983518983992,0.659375,0.7606956002354835,0.1460783107395898,0.7627769820569599,0.6455862977602107,0.1043666223871626,0.6403508771929824,0.6891041998936737,0.0718360177516845,0.6446875000000001,0.7492507492507492,0.1722968308413308,0.7090909090909091,0.6645720361509836,0.2004933813939299,0.609375,0.6589674673152934,0.1116809362222715,0.6554621848739496,0.7136363636363636,0.1926329100037917,0.68,12.8,12.8,4.833218389437829,4,14.0,18,corr_mrmr_auto_k_no_smote,nested_cv_outputs_all_pairwise_concat_batch/ADC_Post2/fs_method_comparison/corr_mrmr_auto_k_no_smote,corr_mrmr_auto_k,corr_mrmr,auto,False,40,5,1.6
ADC_Post2,ADC,Post2,KNN,0.7050387274430336,0.0963813831466055,0.65234375,0.7613544251747912,0.0906219175579629,0.7317448264728887,0.6211643429034732,0.055521647313734,0.6228070175438597,0.6415563530037215,0.0956721418400561,0.6159375,0.674981684981685,0.1665439148652205,0.6615384615384615,0.6990217969165338,0.1105185678557204,0.671875,0.6647439916405433,0.0386215491135533,0.6666666666666666,0.5840909090909091,0.2219115137313476,0.56,8.8,8.8,4.48998886412873,4,8.0,14,mrmr_then_elasticnet_no_corr_auto_k_no_smote,nested_cv_outputs_all_pairwise_concat_batch/ADC_Post2/fs_method_comparison/mrmr_then_elasticnet_no_corr_auto_k_no_smote,mrmr_then_elasticnet_no_corr_auto_k,mrmr_then_elasticnet_no_corr,auto,False,34,4,1.2941176470588236
ADC_Post2,ADC,Post2,GradientBoosting,0.6963013594592542,0.1194724121404262,0.62921875,0.7700327133413033,0.1378312666714924,0.6981455571838218,0.5762425979817284,0.0993604164632946,0.5789473684210527,0.592119123566492,0.1126781177621408,0.5659375,0.622689075630252,0.1756949072151637,0.6142857142857143,0.6953854332801701,0.169673385710471,0.671875,0.6339055827376184,0.1065288879900302,0.6417910447761194,0.4888528138528138,0.2069131613793994,0.46,12.8,12.8,4.1182520563948,8,14.0,18,elasticnet_then_mrmr_auto_k_no_smote,nested_cv_outputs_all_pairwise_concat_batch/ADC_Post2/fs_method_comparison/elasticnet_then_mrmr_auto_k_no_smote,elasticnet_then_mrmr_auto_k,elasticnet_then_mrmr,auto,False,30,5,2.1333333333333333
ADC_Post2,ADC,Post2,NaiveBayes,0.6938975307874828,0.1137576518063881,0.640625,0.7688567706879337,0.1337601659384891,0.7407703741433177,0.5743488395662308,0.1111566511342237,0.5789473684210527,0.6005999848105111,0.1223927739003041,0.5615625,0.6382936507936507,0.1869670977504316,0.6081081081081081,0.7297713981924507,0.1610342148626454,0.703125,0.6460651667173407,0.0877810223361635,0.6521739130434783,0.4714285714285714,0.3157433729328621,0.42,12.8,12.8,4.1182520563948,8,14.0,18,elasticnet_then_mrmr_auto_k_no_smote,nested_cv_outputs_all_pairwise_concat_batch/ADC_Post2/fs_method_comparison/elasticnet_then_mrmr_auto_k_no_smote,elasticnet_then_mrmr_auto_k,elasticnet_then_mrmr,auto,False,30,5,2.1333333333333333
ADC_Post2,ADC,Post2,KNN,0.6931218254543613,0.0423009139969903,0.63125,0.7489978796869192,0.0883236057690358,0.6932393612316791,0.5732919254658385,0.0962797661717262,0.5701754385964912,0.602480633401686,0.0977527044749455,0.57125,0.6432905982905983,0.1615426219334913,0.631578947368421,0.59792663476874,0.2232526747365808,0.5625,0.5874699374699375,0.1204761127963257,0.5950413223140496,0.607034632034632,0.1492872693172303,0.58,12.8,12.8,4.833218389437829,4,14.0,18,corr_mrmr_auto_k_no_smote,nested_cv_outputs_all_pairwise_concat_batch/ADC_Post2/fs_method_comparison/corr_mrmr_auto_k_no_smote,corr_mrmr_auto_k,corr_mrmr,auto,False,40,5,1.6
ADC_Post2,ADC,Post2,RandomForest,0.6890847527450398,0.0923412828725505,0.6253124999999998,0.748470605837693,0.1502041317372349,0.710272619378891,0.599523664741056,0.0844256704938533,0.5964912280701754,0.6179963165489482,0.0891039119794495,0.5925,0.6631590631590631,0.1443205941946158,0.6451612903225806,0.660776182881446,0.1533968841352159,0.625,0.6365518539431583,0.0775280981689605,0.6349206349206349,0.5752164502164502,0.1862717292016008,0.56,12.8,12.8,4.833218389437829,4,14.0,18,corr_mrmr_auto_k_no_smote,nested_cv_outputs_all_pairwise_concat_batch/ADC_Post2/fs_method_comparison/corr_mrmr_auto_k_no_smote,corr_mrmr_auto_k,corr_mrmr,auto,False,40,5,1.6
ADC_Post2,ADC,Post2,LightGBM,0.6827455921714295,0.0757610030264732,0.638125,0.7519985030106453,0.1191071117171505,0.7124894741963333,0.5896045983002505,0.0399564943039172,0.5877192982456141,0.6123144983671299,0.0391305121828613,0.5846875,0.6545743145743146,0.1395657508495567,0.639344262295082,0.6425943646996279,0.1497827157995764,0.609375,0.6219137184654426,0.0551276451371674,0.624,0.582034632034632,0.1545587926386812,0.56,12.8,12.8,4.1182520563948,8,14.0,18,elasticnet_then_mrmr_auto_k_no_smote,nested_cv_outputs_all_pairwise_concat_batch/ADC_Post2/fs_method_comparison/elasticnet_then_mrmr_auto_k_no_smote,elasticnet_then_mrmr_auto_k,elasticnet_then_mrmr,auto,False,30,5,2.1333333333333333
ADC_Post2,ADC,Post2,XGBoost,0.6757600728174891,0.0981258693692028,0.6196875,0.758958409833555,0.1294774261294133,0.709446287190358,0.5876355528529442,0.0743046455874265,0.5877192982456141,0.606174147489937,0.0905926926952794,0.5803125,0.6378987678987678,0.1620516922110449,0.6307692307692307,0.6666772993088783,0.1576452648028722,0.640625,0.630405826058,0.0899840886755279,0.6356589147286822,0.5456709956709956,0.1588284491690242,0.52,12.8,12.8,4.1182520563948,8,14.0,18,elasticnet_then_mrmr_auto_k_no_smote,nested_cv_outputs_all_pairwise_concat_batch/ADC_Post2/fs_method_comparison/elasticnet_then_mrmr_auto_k_no_smote,elasticnet_then_mrmr_auto_k,elasticnet_then_mrmr,auto,False,30,5,2.1333333333333333
ADC_Post2,ADC,Post2,LightGBM,0.6374786023829087,0.0552084182980336,0.5815625000000001,0.7086445127488336,0.1238311005847499,0.6675890335582819,0.5746152398326311,0.0615260395704224,0.5701754385964912,0.5995659603554341,0.0304287258232589,0.5734375,0.653946053946054,0.1167705256190005,0.6363636363636364,0.5837639553429026,0.1380031420165446,0.546875,0.5898909785866308,0.066174465126135,0.5882352941176471,0.6153679653679653,0.13156114092634,0.6,12.8,12.8,4.833218389437829,4,14.0,18,corr_mrmr_auto_k_no_smote,nested_cv_outputs_all_pairwise_concat_batch/ADC_Post2/fs_method_comparison/corr_mrmr_auto_k_no_smote,corr_mrmr_auto_k,corr_mrmr,auto,False,40,5,1.6
ADC_Post2,ADC,Post2,SVM_Linear,0.6311316399354677,0.1685975687473884,0.5925,0.7092412400882034,0.2040023402081525,0.7168175086591958,0.571089779785432,0.1166998566064828,0.5701754385964912,0.6029351788562314,0.0923912411264126,0.549375,0.6410714285714286,0.1595593421692048,0.5974025974025974,0.7821690590111643,0.2240606821464324,0.71875,0.6542106161461001,0.0957195364802115,0.6524822695035462,0.4237012987012987,0.2983835124905982,0.38,12.8,12.8,4.833218389437829,4,14.0,18,corr_mrmr_auto_k_no_smote,nested_cv_outputs_all_pairwise_concat_batch/ADC_Post2/fs_method_comparison/corr_mrmr_auto_k_no_smote,corr_mrmr_auto_k,corr_mrmr,auto,False,40,5,1.6
ADC_Post2,ADC,Post2,GradientBoosting,0.6232684040219926,0.1229191894034783,0.53046875,0.6868986690768687,0.1757628327503001,0.6325472318499267,0.4983625070581593,0.0615946335400175,0.5,0.5311675020885548,0.0678626104204146,0.4846875,0.5906862745098038,0.1880079304976971,0.5492957746478874,0.6492397660818713,0.2205044100769342,0.609375,0.568971768971769,0.0844492417390572,0.5777777777777777,0.413095238095238,0.3077237032648288,0.36,12.8,12.8,4.833218389437829,4,14.0,18,corr_mrmr_auto_k_no_smote,nested_cv_outputs_all_pairwise_concat_batch/ADC_Post2/fs_method_comparison/corr_mrmr_auto_k_no_smote,corr_mrmr_auto_k,corr_mrmr,auto,False,40,5,1.6
ADC_Post2,ADC,Post2,NaiveBayes,0.6204420716621672,0.1532797664792568,0.618125,0.6805493881264965,0.1843028130434599,0.6934660169316369,0.5554764076503208,0.1035203801545424,0.5614035087719298,0.5254156223893066,0.058374150335264,0.521875,0.5669143446852425,0.1400583608672148,0.574468085106383,0.8401169590643276,0.1098504039496684,0.84375,0.6671539961013646,0.1061304606271394,0.6835443037974683,0.2107142857142857,0.152436745738182,0.2,12.8,12.8,4.833218389437829,4,14.0,18,corr_mrmr_auto_k_no_smote,nested_cv_outputs_all_pairwise_concat_batch/ADC_Post2/fs_method_comparison/corr_mrmr_auto_k_no_smote,corr_mrmr_auto_k,corr_mrmr,auto,False,40,5,1.6
ADC_Post2,ADC,Post2,XGBoost,0.6172990327057313,0.0942063865275514,0.5571875,0.7210239039301835,0.1344303975355979,0.6924024575619117,0.5088896610635741,0.0733131209391361,0.5087719298245614,0.5539598997493734,0.0726502113950546,0.496875,0.6107792207792208,0.1871002682326889,0.5588235294117647,0.6486124401913875,0.2214308576821803,0.59375,0.5734256803222321,0.0832397343535878,0.5757575757575758,0.4593073593073593,0.2948943359328334,0.4,12.8,12.8,4.833218389437829,4,14.0,18,corr_mrmr_auto_k_no_smote,nested_cv_outputs_all_pairwise_concat_batch/ADC_Post2/fs_method_comparison/corr_mrmr_auto_k_no_smote,corr_mrmr_auto_k,corr_mrmr,auto,False,40,5,1.6
ADC_Post2,ADC,Post2,SVM_RBF,0.4722546494795298,0.2249376876587159,0.5225,0.5937549313108809,0.2226049707657362,0.6559745956464265,0.4908077429816559,0.108162345674526,0.4912280701754385,0.515641186299081,0.1148174914482602,0.4834374999999999,0.5490842490842491,0.2445816923152847,0.546875,0.568187134502924,0.3322225464792833,0.546875,0.5042673992673993,0.2179649976990045,0.546875,0.4630952380952381,0.287799927355691,0.42,12.8,12.8,4.833218389437829,4,14.0,18,corr_mrmr_auto_k_no_smote,nested_cv_outputs_all_pairwise_concat_batch/ADC_Post2/fs_method_comparison/corr_mrmr_auto_k_no_smote,corr_mrmr_auto_k,corr_mrmr,auto,False,40,5,1.6
ADC_Pre,ADC,Pre,SVM_Linear,0.7571619935974003,0.0645553850738406,0.6690625,0.7694451807768414,0.0983534470510227,0.6884476265048114,0.659314598445033,0.072121567969785,0.6578947368421053,0.6832594744436851,0.0414639213849749,0.6428125,0.6894117647058824,0.1429980521076228,0.6712328767123288,0.8125146198830411,0.1808867880601842,0.765625,0.7132807881773399,0.0731507660918516,0.7153284671532847,0.5540043290043289,0.1780098739578124,0.52,12.0,12.0,4.1952353926806065,8,10.0,18,elasticnet_then_mrmr_auto_k_no_smote,nested_cv_outputs_all_pairwise_concat_batch/ADC_Pre/fs_method_comparison/elasticnet_then_mrmr_auto_k_no_smote,elasticnet_then_mrmr_auto_k,elasticnet_then_mrmr,auto,False,28,5,2.142857142857143
ADC_Pre,ADC,Pre,SVM_RBF,0.7551302268527149,0.0629111703728046,0.6828125,0.7836819517582617,0.0863093877020006,0.7141115902274071,0.6342309864048994,0.0697985469957798,0.631578947368421,0.6629963165489482,0.0412582845988967,0.6215625,0.6841126194067371,0.133545796581612,0.6617647058823529,0.7553216374269006,0.1996493626174916,0.703125,0.681416149068323,0.0720745983929007,0.6818181818181818,0.5706709956709957,0.1760638578398277,0.54,12.0,12.0,4.1952353926806065,8,10.0,18,elasticnet_then_mrmr_auto_k_no_smote,nested_cv_outputs_all_pairwise_concat_batch/ADC_Pre/fs_method_comparison/elasticnet_then_mrmr_auto_k_no_smote,elasticnet_then_mrmr_auto_k,elasticnet_then_mrmr,auto,False,28,5,2.142857142857143
ADC_Pre,ADC,Pre,LogisticRegression,0.7496192271311888,0.0940098760703188,0.6971875000000001,0.7935918828222761,0.0845858785908454,0.7465709582542546,0.66905847775413,0.0590598070991652,0.6666666666666666,0.6966360978203083,0.0554765590819005,0.6703125,0.75,0.1392399192115566,0.7321428571428571,0.6743328017012228,0.1883203822387237,0.640625,0.6786822555109,0.0701632940442488,0.6833333333333333,0.718939393939394,0.176441979891793,0.7,12.0,12.0,4.1952353926806065,8,10.0,18,elasticnet_then_mrmr_auto_k_no_smote,nested_cv_outputs_all_pairwise_concat_batch/ADC_Pre/fs_method_comparison/elasticnet_then_mrmr_auto_k_no_smote,elasticnet_then_mrmr_auto_k,elasticnet_then_mrmr,auto,False,28,5,2.142857142857143
ADC_Pre,ADC,Pre,SVM_RBF,0.7325205288243566,0.0687984025723044,0.6734375,0.7789900490902436,0.0784559182483267,0.7288628379468061,0.632437128089302,0.0514857297040888,0.631578947368421,0.6500018986861092,0.0237981672610164,0.6171875,0.6688888888888889,0.1408352509183498,0.6527777777777778,0.772514619883041,0.1792238814594006,0.734375,0.6859735059156639,0.0661771452541692,0.6911764705882353,0.5274891774891775,0.1881967106819574,0.5,8.8,8.8,4.833218389437829,4,8.0,18,mrmr_then_elasticnet_no_corr_auto_k_no_smote,nested_cv_outputs_all_pairwise_concat_batch/ADC_Pre/fs_method_comparison/mrmr_then_elasticnet_no_corr_auto_k_no_smote,mrmr_then_elasticnet_no_corr_auto_k,mrmr_then_elasticnet_no_corr,auto,False,34,4,1.2941176470588236
ADC_Pre,ADC,Pre,LogisticRegression,0.7278651403531786,0.0972020894767786,0.6849999999999999,0.7903620114807146,0.0707092724002821,0.7365459593315136,0.6339182556573861,0.0773969327386694,0.631578947368421,0.653934077618288,0.0931380828642155,0.6390625,0.713939393939394,0.1451208292989629,0.7115384615384616,0.5987772461456672,0.2179609028399876,0.578125,0.620936100936101,0.1251711276778968,0.6379310344827587,0.7090909090909091,0.1856663476610956,0.7,8.8,8.8,4.833218389437829,4,8.0,18,mrmr_then_elasticnet_no_corr_auto_k_no_smote,nested_cv_outputs_all_pairwise_concat_batch/ADC_Pre/fs_method_comparison/mrmr_then_elasticnet_no_corr_auto_k_no_smote,mrmr_then_elasticnet_no_corr_auto_k,mrmr_then_elasticnet_no_corr,auto,False,34,4,1.2941176470588236
ADC_Pre,ADC,Pre,GradientBoosting,0.7175251259461786,0.1174102123512068,0.59609375,0.7658520011130441,0.1134649828233755,0.6750572273530878,0.5275869058477755,0.074820567148179,0.5263157894736842,0.5575417710944027,0.0924145462604679,0.5015625,0.606049506049506,0.1519762120996407,0.5625,0.7686549707602339,0.2440085651865706,0.703125,0.6260351966873706,0.0499245000920583,0.625,0.3464285714285714,0.3241157515582407,0.3,12.0,12.0,4.1952353926806065,8,10.0,18,elasticnet_then_mrmr_auto_k_no_smote,nested_cv_outputs_all_pairwise_concat_batch/ADC_Pre/fs_method_comparison/elasticnet_then_mrmr_auto_k_no_smote,elasticnet_then_mrmr_auto_k,elasticnet_then_mrmr,auto,False,28,5,2.142857142857143
ADC_Pre,ADC,Pre,RandomForest,0.7171981952125492,0.0784435890389215,0.6525,0.7544229055698192,0.105193602220311,0.6665310376299367,0.6708523360697273,0.0902839659582285,0.6666666666666666,0.6960951621477938,0.0808039003927214,0.6681250000000001,0.7481837606837607,0.1401909707910206,0.7241379310344828,0.699766081871345,0.1917606547113486,0.65625,0.6907546644388749,0.0774921540190149,0.6885245901639344,0.6924242424242425,0.1923466796673739,0.68,8.8,8.8,4.833218389437829,4,8.0,18,mrmr_then_elasticnet_no_corr_auto_k_no_smote,nested_cv_outputs_all_pairwise_concat_batch/ADC_Pre/fs_method_comparison/mrmr_then_elasticnet_no_corr_auto_k_no_smote,mrmr_then_elasticnet_no_corr_auto_k,mrmr_then_elasticnet_no_corr,auto,False,34,4,1.2941176470588236
ADC_Pre,ADC,Pre,SVM_Linear,0.7168055469251642,0.0855464600685995,0.6610937499999999,0.77633033454536,0.0756396086848529,0.7116565155790464,0.6318290405246927,0.0521226425678641,0.631578947368421,0.6478408141566037,0.0496088923225644,0.6215625,0.6904647983595352,0.1418606563904753,0.6617647058823529,0.7363742690058479,0.1790759007875659,0.703125,0.6792643678160919,0.0312746433418194,0.6818181818181818,0.5593073593073593,0.2451554557903921,0.54,8.8,8.8,4.833218389437829,4,8.0,18,mrmr_then_elasticnet_no_corr_auto_k_no_smote,nested_cv_outputs_all_pairwise_concat_batch/ADC_Pre/fs_method_comparison/mrmr_then_elasticnet_no_corr_auto_k_no_smote,mrmr_then_elasticnet_no_corr_auto_k,mrmr_then_elasticnet_no_corr,auto,False,34,4,1.2941176470588236
ADC_Pre,ADC,Pre,LightGBM,0.7147360366020653,0.0800929162295268,0.6584375,0.7617001893108425,0.0926044107222267,0.7073988394740132,0.6504437591394113,0.061821150363705,0.6491228070175439,0.6578408141566037,0.065096537908502,0.6546875,0.7186147186147186,0.1209576109018057,0.7222222222222222,0.6169803296119085,0.065923853115921,0.609375,0.6570166272525619,0.0604175470093229,0.6610169491525424,0.6987012987012987,0.1323812071945656,0.7,8.8,8.8,4.833218389437829,4,8.0,18,mrmr_then_elasticnet_no_corr_auto_k_no_smote,nested_cv_outputs_all_pairwise_concat_batch/ADC_Pre/fs_method_comparison/mrmr_then_elasticnet_no_corr_auto_k_no_smote,mrmr_then_elasticnet_no_corr_auto_k,mrmr_then_elasticnet_no_corr,auto,False,34,4,1.2941176470588236
ADC_Pre,ADC,Pre,XGBoost,0.7142971409239351,0.0571976168841796,0.6346875,0.7619120059415747,0.1030682416866577,0.6859365887586772,0.6367154584545889,0.0884594912705679,0.631578947368421,0.6635518721045036,0.0668573441123306,0.6325000000000001,0.7017349970291147,0.0965048216329451,0.6896551724137931,0.6730994152046783,0.2119845533041843,0.625,0.6567619047619047,0.0839535558894634,0.6557377049180327,0.6540043290043289,0.1282271616357705,0.64,8.8,8.8,4.833218389437829,4,8.0,18,mrmr_then_elasticnet_no_corr_auto_k_no_smote,nested_cv_outputs_all_pairwise_concat_batch/ADC_Pre/fs_method_comparison/mrmr_then_elasticnet_no_corr_auto_k_no_smote,mrmr_then_elasticnet_no_corr_auto_k,mrmr_then_elasticnet_no_corr,auto,False,34,4,1.2941176470588236
ADC_Pre,ADC,Pre,ExtraTrees,0.7140896778217353,0.0761416840507377,0.6403125,0.7471401752278721,0.0929399138999371,0.6903973870961666,0.6096179183135705,0.0815243408642471,0.6052631578947368,0.6241220475431002,0.0737072307754203,0.6112500000000001,0.6678571428571429,0.1267954948161366,0.6792452830188679,0.5843912812333865,0.2622964815453245,0.5625,0.5859570825088066,0.1706166885211441,0.6153846153846154,0.6638528138528139,0.1506213587966685,0.66,8.8,8.8,4.833218389437829,4,8.0,18,mrmr_then_elasticnet_no_corr_auto_k_no_smote,nested_cv_outputs_all_pairwise_concat_batch/ADC_Pre/fs_method_comparison/mrmr_then_elasticnet_no_corr_auto_k_no_smote,mrmr_then_elasticnet_no_corr_auto_k,mrmr_then_elasticnet_no_corr,auto,False,34,4,1.2941176470588236
ADC_Pre,ADC,Pre,KNN,0.7129480323858315,0.0414275784444363,0.66890625,0.7657699537454036,0.0903893608769891,0.7110145702174621,0.614870636609767,0.0522208993540724,0.6140350877192983,0.6213182577656262,0.068715738631168,0.6015625,0.6493886505651212,0.105959825826131,0.6428571428571429,0.7353854332801701,0.1398507173955166,0.703125,0.6711617405582923,0.0307065420176538,0.6716417910447762,0.5072510822510823,0.1513920340852947,0.5,8.8,8.8,4.833218389437829,4,8.0,18,mrmr_then_elasticnet_no_corr_auto_k_no_smote,nested_cv_outputs_all_pairwise_concat_batch/ADC_Pre/fs_method_comparison/mrmr_then_elasticnet_no_corr_auto_k_no_smote,mrmr_then_elasticnet_no_corr_auto_k,mrmr_then_elasticnet_no_corr,auto,False,34,4,1.2941176470588236
ADC_Pre,ADC,Pre,RandomForest,0.7125328587768779,0.0929015783177102,0.670625,0.7083840210929995,0.1069819364362365,0.6785230026857085,0.6789399006790312,0.1068516461950213,0.6754385964912281,0.6975377838535733,0.1020700283658501,0.6737500000000001,0.7316594516594516,0.1127028136745011,0.7213114754098361,0.7297076023391812,0.1893199867556998,0.6875,0.7075814769178613,0.0837821691928273,0.704,0.6653679653679654,0.1552574333111851,0.66,12.0,12.0,4.1952353926806065,8,10.0,18,elasticnet_then_mrmr_auto_k_no_smote,nested_cv_outputs_all_pairwise_concat_batch/ADC_Pre/fs_method_comparison/elasticnet_then_mrmr_auto_k_no_smote,elasticnet_then_mrmr_auto_k,elasticnet_then_mrmr,auto,False,28,5,2.142857142857143
ADC_Pre,ADC,Pre,ExtraTrees,0.7071932701358538,0.0641425715058797,0.66875,0.7158720466462849,0.1033345196385356,0.7011429897836434,0.6533162489684228,0.0944397696393477,0.6491228070175439,0.6629205589731906,0.0889258563779557,0.6525000000000001,0.6937118437118437,0.1306484999871182,0.7142857142857143,0.643806485911749,0.2833447016731528,0.625,0.6317218265605362,0.1903166859422137,0.6666666666666666,0.6820346320346321,0.140369926256384,0.68,12.0,12.0,4.1952353926806065,8,10.0,18,elasticnet_then_mrmr_auto_k_no_smote,nested_cv_outputs_all_pairwise_concat_batch/ADC_Pre/fs_method_comparison/elasticnet_then_mrmr_auto_k_no_smote,elasticnet_then_mrmr_auto_k,elasticnet_then_mrmr,auto,False,28,5,2.142857142857143
ADC_Pre,ADC,Pre,XGBoost,0.6983634016169902,0.1024998970259743,0.6275,0.6762730440359939,0.1331251335613718,0.6290851690932131,0.6625895843287146,0.0960877828786067,0.6578947368421053,0.7017264752791068,0.0809099036010506,0.6559375000000001,0.7348663101604279,0.1396196776231536,0.7049180327868853,0.7375438596491228,0.2510810115507382,0.671875,0.690042328042328,0.0941485138851306,0.688,0.6659090909090909,0.1962457558629355,0.64,12.0,12.0,4.1952353926806065,8,10.0,18,elasticnet_then_mrmr_auto_k_no_smote,nested_cv_outputs_all_pairwise_concat_batch/ADC_Pre/fs_method_comparison/elasticnet_then_mrmr_auto_k_no_smote,elasticnet_then_mrmr_auto_k,elasticnet_then_mrmr,auto,False,28,5,2.142857142857143
ADC_Pre,ADC,Pre,SVM_RBF,0.6955157176688277,0.1170391191736852,0.6,0.7463754618965338,0.1237357122115128,0.67332303623528,0.5710275232014362,0.0559465741480674,0.5701754385964912,0.558375104427736,0.0716253695058692,0.558125,0.5148792270531402,0.2913402209907912,0.6086956521739131,0.6619883040935672,0.3940218779627075,0.65625,0.5388471177944861,0.2781751669066108,0.631578947368421,0.4547619047619047,0.418153808675409,0.46,9.6,9.6,5.276362383309167,4,10.0,18,corr_mrmr_auto_k_no_smote,nested_cv_outputs_all_pairwise_concat_batch/ADC_Pre/fs_method_comparison/corr_mrmr_auto_k_no_smote,corr_mrmr_auto_k,corr_mrmr,auto,False,35,3,1.3714285714285714
ADC_Pre,ADC,Pre,LightGBM,0.6939871372646492,0.0819373345631614,0.67203125,0.716054061484351,0.1027532996980535,0.7142904056558939,0.6057420840029535,0.0815220612027219,0.6052631578947368,0.6208785220627326,0.1050936023998308,0.6134375000000001,0.6948717948717948,0.1662519495122802,0.6862745098039216,0.5561509835194045,0.1416792548754589,0.546875,0.5981203007518797,0.0900719243261287,0.6086956521739131,0.6856060606060607,0.214488949929532,0.68,12.0,12.0,4.1952353926806065,8,10.0,18,elasticnet_then_mrmr_auto_k_no_smote,nested_cv_outputs_all_pairwise_concat_batch/ADC_Pre/fs_method_comparison/elasticnet_then_mrmr_auto_k_no_smote,elasticnet_then_mrmr_auto_k,elasticnet_then_mrmr,auto,False,28,5,2.142857142857143
ADC_Pre,ADC,Pre,LogisticRegression,0.6826199336725651,0.1177635347369734,0.6393749999999999,0.7041884929232485,0.1689585192873167,0.6926823871069108,0.6266588483979787,0.098478975157864,0.6228070175438597,0.6581153641679958,0.1036893187354836,0.6378125,0.6127450980392156,0.3311636422363634,0.7333333333333333,0.5419883040935672,0.3629468739302143,0.515625,0.5323901541292846,0.2842629504322006,0.6055045871559633,0.7742424242424242,0.2079900753442087,0.76,9.6,9.6,5.276362383309167,4,10.0,18,corr_mrmr_auto_k_no_smote,nested_cv_outputs_all_pairwise_concat_batch/ADC_Pre/fs_method_comparison/corr_mrmr_auto_k_no_smote,corr_mrmr_auto_k,corr_mrmr,auto,False,35,3,1.3714285714285714
ADC_Pre,ADC,Pre,NaiveBayes,0.6736953379776346,0.1093173111717258,0.5943749999999999,0.7299149986264896,0.114619961674806,0.6439157962398425,0.6014463797072492,0.1178859110865529,0.6052631578947368,0.5982116275537328,0.1475940104964819,0.5828125,0.6259871397951894,0.1620596737570038,0.620253164556962,0.7802977139819245,0.0996271630509067,0.765625,0.6804937611408198,0.0899299300152969,0.6853146853146853,0.4161255411255412,0.271648039858364,0.4,12.0,12.0,4.1952353926806065,8,10.0,18,elasticnet_then_mrmr_auto_k_no_smote,nested_cv_outputs_all_pairwise_concat_batch/ADC_Pre/fs_method_comparison/elasticnet_then_mrmr_auto_k_no_smote,elasticnet_then_mrmr_auto_k,elasticnet_then_mrmr,auto,False,28,5,2.142857142857143
ADC_Pre,ADC,Pre,GradientBoosting,0.6729825424442649,0.127986635453136,0.5989062500000001,0.7302112379892002,0.0692498422165182,0.6590238556130665,0.5400454617845922,0.097640009269483,0.5350877192982456,0.5764492671071618,0.0786775268319738,0.518125,0.6178138528138528,0.12721712275931,0.5753424657534246,0.732227538543328,0.2701984360939498,0.65625,0.6106194125159642,0.1137906874651253,0.6131386861313869,0.4206709956709956,0.2722943722943723,0.38,8.8,8.8,4.833218389437829,4,8.0,18,mrmr_then_elasticnet_no_corr_auto_k_no_smote,nested_cv_outputs_all_pairwise_concat_batch/ADC_Pre/fs_method_comparison/mrmr_then_elasticnet_no_corr_auto_k_no_smote,mrmr_then_elasticnet_no_corr_auto_k,mrmr_then_elasticnet_no_corr,auto,False,34,4,1.2941176470588236
ADC_Pre,ADC,Pre,SVM_Linear,0.6715911219738971,0.1455499865593237,0.5996875,0.7151248809697147,0.1656638310858313,0.6541320957580175,0.5413152065325979,0.0569215998732464,0.543859649122807,0.564734753550543,0.0756133567832074,0.5128125,0.6060606060606061,0.1679017597235765,0.5697674418604651,0.8163742690058479,0.1893364603079461,0.765625,0.6529999999999999,0.0173973178009331,0.6533333333333333,0.313095238095238,0.3150513761507993,0.26,9.6,9.6,5.276362383309167,4,10.0,18,corr_mrmr_auto_k_no_smote,nested_cv_outputs_all_pairwise_concat_batch/ADC_Pre/fs_method_comparison/corr_mrmr_auto_k_no_smote,corr_mrmr_auto_k,corr_mrmr,auto,False,35,3,1.3714285714285714
ADC_Pre,ADC,Pre,RandomForest,0.6594755138535042,0.1064658135314019,0.6040625000000001,0.6818129272050939,0.1126654826790404,0.6314282074279709,0.6136385353776658,0.1270549014402656,0.6052631578947368,0.6272751955646693,0.1141412495832354,0.606875,0.6695054945054946,0.0531122899938222,0.6666666666666666,0.6427538543328017,0.2283112538501978,0.59375,0.6295924764890282,0.1252363167144385,0.628099173553719,0.6117965367965368,0.1319776685013038,0.62,9.6,9.6,5.276362383309167,4,10.0,18,corr_mrmr_auto_k_no_smote,nested_cv_outputs_all_pairwise_concat_batch/ADC_Pre/fs_method_comparison/corr_mrmr_auto_k_no_smote,corr_mrmr_auto_k,corr_mrmr,auto,False,35,3,1.3714285714285714
ADC_Pre,ADC,Pre,NaiveBayes,0.6585220397182121,0.1273302382167348,0.61265625,0.7377111084418275,0.1072815775876379,0.6946490601278722,0.5483994266602963,0.0785421627202486,0.5526315789473685,0.5526378446115288,0.053087158810892,0.525,0.5845614035087718,0.1240409189924338,0.5783132530120482,0.7778947368421052,0.2225612679815159,0.75,0.6365614035087719,0.0997050497864004,0.6530612244897959,0.3273809523809524,0.2059214124803776,0.3,8.8,8.8,4.833218389437829,4,8.0,18,mrmr_then_elasticnet_no_corr_auto_k_no_smote,nested_cv_outputs_all_pairwise_concat_batch/ADC_Pre/fs_method_comparison/mrmr_then_elasticnet_no_corr_auto_k_no_smote,mrmr_then_elasticnet_no_corr_auto_k,mrmr_then_elasticnet_no_corr,auto,False,34,4,1.2941176470588236
ADC_Pre,ADC,Pre,KNN,0.6403240654436827,0.1282457989476613,0.59921875,0.6905365382678171,0.1364132829946228,0.6658234070413116,0.5680174897566201,0.0714314334094717,0.5701754385964912,0.585679729627098,0.0951019251473318,0.5603125,0.6144444444444443,0.173262093622407,0.6119402985074627,0.6620520999468368,0.2023014198703921,0.640625,0.6117183702055782,0.1130308801916122,0.6259541984732825,0.5093073593073594,0.1927253085239246,0.48,9.6,9.6,5.276362383309167,4,10.0,18,corr_mrmr_auto_k_no_smote,nested_cv_outputs_all_pairwise_concat_batch/ADC_Pre/fs_method_comparison/corr_mrmr_auto_k_no_smote,corr_mrmr_auto_k,corr_mrmr,auto,False,35,3,1.3714285714285714
ADC_Pre,ADC,Pre,KNN,0.63749680675518,0.1142217437421371,0.60625,0.6656853314147859,0.1419503682926073,0.6374069836094232,0.6049515701689614,0.0422305862077739,0.6052631578947368,0.6167980557454242,0.0447964371652033,0.589375,0.6365811965811965,0.124088200529712,0.6301369863013698,0.7513450292397661,0.1533111621442324,0.71875,0.6675346969372458,0.052008548903544,0.6715328467153284,0.4822510822510822,0.1239573936091369,0.46,12.0,12.0,4.1952353926806065,8,10.0,18,elasticnet_then_mrmr_auto_k_no_smote,nested_cv_outputs_all_pairwise_concat_batch/ADC_Pre/fs_method_comparison/elasticnet_then_mrmr_auto_k_no_smote,elasticnet_then_mrmr_auto_k,elasticnet_then_mrmr,auto,False,28,5,2.142857142857143
ADC_Pre,ADC,Pre,LightGBM,0.6373885010966351,0.1455685595834154,0.5903124999999999,0.6881784792625866,0.1482237040345806,0.6381171530569094,0.5881307098698402,0.0748850963016024,0.5877192982456141,0.6225598086124402,0.0795406533229036,0.5978125000000001,0.7050527903469079,0.1750143600686502,0.673469387755102,0.5375438596491228,0.2745770412003239,0.515625,0.5506385723777028,0.1529089076654679,0.584070796460177,0.7075757575757575,0.236509279138171,0.68,9.6,9.6,5.276362383309167,4,10.0,18,corr_mrmr_auto_k_no_smote,nested_cv_outputs_all_pairwise_concat_batch/ADC_Pre/fs_method_comparison/corr_mrmr_auto_k_no_smote,corr_mrmr_auto_k,corr_mrmr,auto,False,35,3,1.3714285714285714
ADC_Pre,ADC,Pre,ExtraTrees,0.6354817024195014,0.1430726390008039,0.588125,0.6886278767958334,0.1343655866639889,0.6280779413958401,0.5663524880916185,0.134432899418333,0.5614035087719298,0.5998942431837169,0.1279621821977822,0.5634375,0.6298809523809524,0.1739205451034187,0.625,0.5942690058479532,0.2938863622899432,0.546875,0.5695589847901061,0.1744756068366025,0.5833333333333334,0.6055194805194806,0.1338434400821627,0.58,9.6,9.6,5.276362383309167,4,10.0,18,corr_mrmr_auto_k_no_smote,nested_cv_outputs_all_pairwise_concat_batch/ADC_Pre/fs_method_comparison/corr_mrmr_auto_k_no_smote,corr_mrmr_auto_k,corr_mrmr,auto,False,35,3,1.3714285714285714
ADC_Pre,ADC,Pre,GradientBoosting,0.6268771504058586,0.1329134744000014,0.5521875,0.650457497417125,0.1415707177793016,0.593228226058558,0.5435419652810958,0.055163036280718,0.543859649122807,0.5612066150224045,0.0652754737639064,0.515,0.5975757575757576,0.1324071389930534,0.5714285714285714,0.8030409356725146,0.2013743008481927,0.75,0.6490035224323322,0.0252450880977579,0.6486486486486487,0.3193722943722943,0.2540517047730892,0.28,9.6,9.6,5.276362383309167,4,10.0,18,corr_mrmr_auto_k_no_smote,nested_cv_outputs_all_pairwise_concat_batch/ADC_Pre/fs_method_comparison/corr_mrmr_auto_k_no_smote,corr_mrmr_auto_k,corr_mrmr,auto,False,35,3,1.3714285714285714
ADC_Pre,ADC,Pre,NaiveBayes,0.6249043637560383,0.1040468563866997,0.56375,0.6672396996904124,0.1283971623967443,0.6526624477342167,0.5481417133591047,0.0615903133334512,0.5526315789473685,0.5229302422723475,0.050507474535124,0.51625,0.565204678362573,0.1266173031306176,0.5714285714285714,0.8184795321637427,0.1685434902583835,0.8125,0.6544325838443485,0.0950651456720355,0.6709677419354839,0.2273809523809524,0.1686279162821502,0.22,9.6,9.6,5.276362383309167,4,10.0,18,corr_mrmr_auto_k_no_smote,nested_cv_outputs_all_pairwise_concat_batch/ADC_Pre/fs_method_comparison/corr_mrmr_auto_k_no_smote,corr_mrmr_auto_k,corr_mrmr,auto,False,35,3,1.3714285714285714
ADC_Pre,ADC,Pre,XGBoost,0.5835689775402694,0.1143283556725652,0.5071875,0.6495566923427546,0.1548141665334147,0.5705820292522152,0.5168020385411689,0.0323711663867374,0.5175438596491229,0.5550996810207336,0.0726535286572554,0.515625,0.6215233785822021,0.2123436500478509,0.576271186440678,0.563987240829346,0.1593547882909042,0.53125,0.5482637362637363,0.0599545551570783,0.5528455284552846,0.5462121212121211,0.25317542563063,0.5,9.6,9.6,5.276362383309167,4,10.0,18,corr_mrmr_auto_k_no_smote,nested_cv_outputs_all_pairwise_concat_batch/ADC_Pre/fs_method_comparison/corr_mrmr_auto_k_no_smote,corr_mrmr_auto_k,corr_mrmr,auto,False,35,3,1.3714285714285714
ADC_T2,ADC,T2,SVM_RBF,0.7933914561426523,0.0463640931604328,0.733125,0.836040629493851,0.0610463029809551,0.7772572128964146,0.7105590062111802,0.1184806954175268,0.7017543859649122,0.7316799574694313,0.0784583695457054,0.7059375,0.7975,0.1073545527679194,0.7678571428571429,0.72093567251462,0.2412903765007373,0.671875,0.7155560586052945,0.1320471025466727,0.7166666666666667,0.7424242424242424,0.1899688244685755,0.74,11.6,11.6,4.079215610874228,6,10.0,18,elasticnet_then_mrmr_auto_k_no_smote,nested_cv_outputs_all_pairwise_concat_batch/ADC_T2/fs_method_comparison/elasticnet_then_mrmr_auto_k_no_smote,elasticnet_then_mrmr_auto_k,elasticnet_then_mrmr,auto,False,29,5,2.0
ADC_T2,ADC,T2,KNN,0.7846308666523978,0.0650207291056322,0.7371875,0.830518811006904,0.0855936985636286,0.7948808744848066,0.6870955131824696,0.1091703769806993,0.6842105263157895,0.693739272423483,0.0766195378427198,0.6728125,0.7026674641148325,0.1357761393758453,0.7,0.7902923976608187,0.1982446134977943,0.765625,0.7202381488994065,0.1133916799505841,0.7313432835820896,0.5971861471861472,0.1530448446099557,0.58,11.6,11.6,4.079215610874228,6,10.0,18,elasticnet_then_mrmr_auto_k_no_smote,nested_cv_outputs_all_pairwise_concat_batch/ADC_T2/fs_method_comparison/elasticnet_then_mrmr_auto_k_no_smote,elasticnet_then_mrmr_auto_k,elasticnet_then_mrmr,auto,False,29,5,2.0
ADC_T2,ADC,T2,RandomForest,0.7679064626672283,0.0302143980090512,0.7343750000000001,0.8030148288931086,0.0653610799829782,0.7596565902845401,0.6975850236719802,0.1014951813788843,0.6929824561403509,0.7030646692488798,0.0754947697626935,0.6871875000000001,0.7142763119233708,0.0954685678695247,0.7230769230769231,0.7609994683678895,0.1878598551654171,0.734375,0.7204545454545455,0.1088823764473684,0.7286821705426356,0.6451298701298701,0.0436972192980518,0.64,11.6,11.6,4.079215610874228,6,10.0,18,elasticnet_then_mrmr_auto_k_no_smote,nested_cv_outputs_all_pairwise_concat_batch/ADC_T2/fs_method_comparison/elasticnet_then_mrmr_auto_k_no_smote,elasticnet_then_mrmr_auto_k,elasticnet_then_mrmr,auto,False,29,5,2.0
ADC_T2,ADC,T2,LogisticRegression,0.7658231782394461,0.0654136787893214,0.7256249999999999,0.8178495791865792,0.0765119777355899,0.7713646608377218,0.7204780726519857,0.1361591181921286,0.7105263157894737,0.7416799574694312,0.0998419395779055,0.718125,0.8333730158730159,0.1119807520893584,0.7924528301886793,0.7076023391812866,0.2383773790373195,0.65625,0.7245838779956426,0.1381197537989057,0.717948717948718,0.7757575757575756,0.2093213486418554,0.78,11.6,11.6,4.079215610874228,6,10.0,18,elasticnet_then_mrmr_auto_k_no_smote,nested_cv_outputs_all_pairwise_concat_batch/ADC_T2/fs_method_comparison/elasticnet_then_mrmr_auto_k_no_smote,elasticnet_then_mrmr_auto_k,elasticnet_then_mrmr,auto,False,29,5,2.0
ADC_T2,ADC,T2,KNN,0.7636096094230067,0.1073633985453306,0.7115625000000001,0.7731333280275158,0.1191609569257838,0.7175538429575691,0.7333029289551029,0.11697732149879,0.7280701754385965,0.7461635148477255,0.1042404395033792,0.7228125000000001,0.76,0.1067707825203131,0.7538461538461538,0.8102923976608188,0.1931041969364133,0.765625,0.7633589250941865,0.1076235221451346,0.7596899224806202,0.6820346320346321,0.140369926256384,0.68,10.0,10.0,4.1952353926806065,4,12.0,14,mrmr_then_elasticnet_no_corr_auto_k_no_smote,nested_cv_outputs_all_pairwise_concat_batch/ADC_T2/fs_method_comparison/mrmr_then_elasticnet_no_corr_auto_k_no_smote,mrmr_then_elasticnet_no_corr_auto_k,mrmr_then_elasticnet_no_corr,auto,False,33,4,1.5151515151515151
ADC_T2,ADC,T2,SVM_Linear,0.7613872376073334,0.0518039361799724,0.6978125000000001,0.816111807651078,0.072666595532955,0.7614085144677948,0.6737624694146434,0.1146842718360548,0.6666666666666666,0.6983466241360979,0.084322627502894,0.6659375000000001,0.7420454545454546,0.1472720258120219,0.7166666666666667,0.72093567251462,0.2412903765007373,0.671875,0.6880873869260966,0.1363144781869365,0.6935483870967742,0.6757575757575758,0.1827878185033258,0.66,11.6,11.6,4.079215610874228,6,10.0,18,elasticnet_then_mrmr_auto_k_no_smote,nested_cv_outputs_all_pairwise_concat_batch/ADC_T2/fs_method_comparison/elasticnet_then_mrmr_auto_k_no_smote,elasticnet_then_mrmr_auto_k,elasticnet_then_mrmr,auto,False,29,5,2.0
ADC_T2,ADC,T2,ExtraTrees,0.7522908856162445,0.0490954429351315,0.7059375,0.7843288032756657,0.0713761589468433,0.752325426818734,0.7083322474626822,0.0947565652679999,0.7017543859649122,0.7283320042530569,0.0527908851457302,0.7103125,0.8012698412698412,0.105052027326712,0.7884615384615384,0.6710579479000531,0.2027435707585728,0.640625,0.7008949220713927,0.1136938013487647,0.7068965517241379,0.7856060606060606,0.1404194817466383,0.78,11.6,11.6,4.079215610874228,6,10.0,18,elasticnet_then_mrmr_auto_k_no_smote,nested_cv_outputs_all_pairwise_concat_batch/ADC_T2/fs_method_comparison/elasticnet_then_mrmr_auto_k_no_smote,elasticnet_then_mrmr_auto_k,elasticnet_then_mrmr,auto,False,29,5,2.0
ADC_T2,ADC,T2,SVM_RBF,0.7491066854463984,0.0373432015610867,0.6934375,0.7987894098441153,0.07840950062142,0.7339044525315963,0.7133272524576872,0.0687382438854744,0.7105263157894737,0.7271158958001064,0.0501628663835699,0.709375,0.7662745098039216,0.1337516505950819,0.7540983606557377,0.7436257309941521,0.1873659387589182,0.71875,0.7269688644688644,0.0846972571415786,0.736,0.7106060606060607,0.1815907668676198,0.7,10.0,10.0,4.1952353926806065,4,12.0,14,mrmr_then_elasticnet_no_corr_auto_k_no_smote,nested_cv_outputs_all_pairwise_concat_batch/ADC_T2/fs_method_comparison/mrmr_then_elasticnet_no_corr_auto_k_no_smote,mrmr_then_elasticnet_no_corr_auto_k,mrmr_then_elasticnet_no_corr,auto,False,33,4,1.5151515151515151
ADC_T2,ADC,T2,SVM_Linear,0.7470660696737251,0.0629839913799724,0.6821875000000001,0.8075706194582237,0.0792947447797291,0.73314886076731,0.6961487787574744,0.0905821241778673,0.6929824561403509,0.7118527379053694,0.0607875269040753,0.6893750000000001,0.7388888888888889,0.150472506819824,0.7301587301587301,0.7464327485380118,0.2133192259621964,0.71875,0.7107795907795909,0.1144335277489471,0.7244094488188977,0.6772727272727272,0.1709907391474652,0.66,10.0,10.0,4.1952353926806065,4,12.0,14,mrmr_then_elasticnet_no_corr_auto_k_no_smote,nested_cv_outputs_all_pairwise_concat_batch/ADC_T2/fs_method_comparison/mrmr_then_elasticnet_no_corr_auto_k_no_smote,mrmr_then_elasticnet_no_corr_auto_k,mrmr_then_elasticnet_no_corr,auto,False,33,4,1.5151515151515151
ADC_T2,ADC,T2,ExtraTrees,0.734365666231695,0.049062523801163,0.6857812499999999,0.7687734388557148,0.0704308634734387,0.7315459576796779,0.7075040901127857,0.091748949387654,0.7017543859649122,0.7191653375863901,0.0442666733918772,0.7103125,0.8055555555555556,0.10280029783307,0.7884615384615384,0.6595427963849015,0.2307472387810682,0.640625,0.6879461042390104,0.129131915393562,0.7068965517241379,0.7787878787878788,0.1727139814131268,0.78,10.0,10.0,4.1952353926806065,4,12.0,14,mrmr_then_elasticnet_no_corr_auto_k_no_smote,nested_cv_outputs_all_pairwise_concat_batch/ADC_T2/fs_method_comparison/mrmr_then_elasticnet_no_corr_auto_k_no_smote,mrmr_then_elasticnet_no_corr_auto_k,mrmr_then_elasticnet_no_corr,auto,False,33,4,1.5151515151515151
ADC_T2,ADC,T2,LogisticRegression,0.7342044505202401,0.0555674553754169,0.7015625000000001,0.8010002644606242,0.0804189289981301,0.7581093934612242,0.6704947226686356,0.0672686869851221,0.6666666666666666,0.6983173843700159,0.0483846008355963,0.676875,0.7648268398268399,0.1340854496825444,0.76,0.6193620414673047,0.1674092900307512,0.59375,0.6614245014245015,0.0850064538183399,0.6666666666666666,0.7772727272727272,0.1197449079301771,0.76,10.0,10.0,4.1952353926806065,4,12.0,14,mrmr_then_elasticnet_no_corr_auto_k_no_smote,nested_cv_outputs_all_pairwise_concat_batch/ADC_T2/fs_method_comparison/mrmr_then_elasticnet_no_corr_auto_k_no_smote,mrmr_then_elasticnet_no_corr_auto_k,mrmr_then_elasticnet_no_corr,auto,False,33,4,1.5151515151515151
ADC_T2,ADC,T2,XGBoost,0.7275134691641868,0.0907735055550753,0.67515625,0.7775782101169096,0.1155070548763801,0.7346315894294796,0.6850511807033546,0.0253662625984077,0.6842105263157895,0.6976746791220476,0.0206508311580307,0.6771875,0.7138273491214667,0.1214898113879353,0.7121212121212122,0.7580116959064327,0.1378313818617855,0.734375,0.717469145611526,0.0481110038489457,0.7230769230769231,0.6373376623376623,0.1308863559359767,0.62,10.0,10.0,4.1952353926806065,4,12.0,14,mrmr_then_elasticnet_no_corr_auto_k_no_smote,nested_cv_outputs_all_pairwise_concat_batch/ADC_T2/fs_method_comparison/mrmr_then_elasticnet_no_corr_auto_k_no_smote,mrmr_then_elasticnet_no_corr_auto_k,mrmr_then_elasticnet_no_corr,auto,False,33,4,1.5151515151515151
ADC_T2,ADC,T2,XGBoost,0.7259894686210474,0.0561178975126804,0.6575000000000001,0.776132565300421,0.0596136535429475,0.7326291857823914,0.6266139657444005,0.079580355794263,0.6228070175438597,0.6319176729703047,0.0464262718921578,0.61375,0.6563458110516934,0.1045420185955307,0.6567164179104478,0.7149175970228602,0.181243002404307,0.6875,0.6633210180623973,0.0956671810821894,0.6717557251908397,0.5489177489177489,0.1152714767513994,0.54,11.6,11.6,4.079215610874228,6,10.0,18,elasticnet_then_mrmr_auto_k_no_smote,nested_cv_outputs_all_pairwise_concat_batch/ADC_T2/fs_method_comparison/elasticnet_then_mrmr_auto_k_no_smote,elasticnet_then_mrmr_auto_k,elasticnet_then_mrmr,auto,False,29,5,2.0
ADC_T2,ADC,T2,GradientBoosting,0.7213953962040086,0.0847102523063493,0.6740625,0.7597977525193592,0.1387432973777838,0.7159578172546316,0.6522752609709132,0.053444645429562,0.6491228070175439,0.6679816966659071,0.0470768347733276,0.64375,0.6962083015024192,0.1100869318304682,0.6875,0.723625730994152,0.1706390661995179,0.6875,0.6858784893267651,0.054716034091882,0.6875,0.6123376623376624,0.1422958934301419,0.6,10.0,10.0,4.1952353926806065,4,12.0,14,mrmr_then_elasticnet_no_corr_auto_k_no_smote,nested_cv_outputs_all_pairwise_concat_batch/ADC_T2/fs_method_comparison/mrmr_then_elasticnet_no_corr_auto_k_no_smote,mrmr_then_elasticnet_no_corr_auto_k,mrmr_then_elasticnet_no_corr,auto,False,33,4,1.5151515151515151
ADC_T2,ADC,T2,RandomForest,0.719421959398036,0.1355161148792833,0.68625,0.7646602524188111,0.1105630613119118,0.6880578897470082,0.6439372221980918,0.1146584458854028,0.6403508771929824,0.6492948279790385,0.1251264842226134,0.6425000000000001,0.7233766233766235,0.1386000895395613,0.7017543859649122,0.6498883572567784,0.1438701304986893,0.625,0.665314401622718,0.077857920854393,0.6611570247933884,0.6487012987012987,0.2360683104987912,0.66,10.0,10.0,4.1952353926806065,4,12.0,14,mrmr_then_elasticnet_no_corr_auto_k_no_smote,nested_cv_outputs_all_pairwise_concat_batch/ADC_T2/fs_method_comparison/mrmr_then_elasticnet_no_corr_auto_k_no_smote,mrmr_then_elasticnet_no_corr_auto_k,mrmr_then_elasticnet_no_corr,auto,False,33,4,1.5151515151515151
ADC_T2,ADC,T2,GradientBoosting,0.7034422028441167,0.104971908157005,0.6315625,0.7658470603186232,0.0722502667832479,0.7303470302883197,0.5394750177358872,0.0777209562400527,0.5350877192982456,0.5552151211361738,0.0789525900771924,0.5225,0.602991452991453,0.0957722723270525,0.5797101449275363,0.675906432748538,0.2148810177364551,0.625,0.6026915113871636,0.0628404465587167,0.6015037593984962,0.4345238095238095,0.2437425503251376,0.42,11.6,11.6,4.079215610874228,6,10.0,18,elasticnet_then_mrmr_auto_k_no_smote,nested_cv_outputs_all_pairwise_concat_batch/ADC_T2/fs_method_comparison/elasticnet_then_mrmr_auto_k_no_smote,elasticnet_then_mrmr_auto_k,elasticnet_then_mrmr,auto,False,29,5,2.0
ADC_T2,ADC,T2,NaiveBayes,0.6990418884677257,0.1393689362900927,0.5928125,0.7694665127876433,0.093273232347677,0.6575514969163567,0.5658660180399311,0.1409135307108147,0.5701754385964912,0.540827067669173,0.1295343023889041,0.5296875,0.5782289002557545,0.1566920058519332,0.5789473684210527,0.8673684210526316,0.16810496654886,0.859375,0.6796725146198831,0.1255457228736047,0.6918238993710691,0.2142857142857142,0.235581973446934,0.2,11.6,11.6,4.079215610874228,6,10.0,18,elasticnet_then_mrmr_auto_k_no_smote,nested_cv_outputs_all_pairwise_concat_batch/ADC_T2/fs_method_comparison/elasticnet_then_mrmr_auto_k_no_smote,elasticnet_then_mrmr_auto_k,elasticnet_then_mrmr,auto,False,29,5,2.0
ADC_T2,ADC,T2,LightGBM,0.6962669989942718,0.136036269199341,0.7068749999999999,0.7343439279732981,0.0883706579947575,0.7297756428196105,0.6779365561974258,0.1176705155736459,0.6754385964912281,0.6875231639705324,0.1255155525817561,0.6737500000000001,0.7252991452991453,0.1197293438819316,0.7213114754098361,0.7180116959064327,0.1654441260117061,0.6875,0.7061537217734162,0.0897377532689994,0.704,0.6570346320346321,0.1769334558498033,0.66,10.0,10.0,4.1952353926806065,4,12.0,14,mrmr_then_elasticnet_no_corr_auto_k_no_smote,nested_cv_outputs_all_pairwise_concat_batch/ADC_T2/fs_method_comparison/mrmr_then_elasticnet_no_corr_auto_k_no_smote,mrmr_then_elasticnet_no_corr_auto_k,mrmr_then_elasticnet_no_corr,auto,False,33,4,1.5151515151515151
ADC_T2,ADC,T2,GradientBoosting,0.6895703906230223,0.0445320523018536,0.61234375,0.7585454352638928,0.1113579116137707,0.6953724641710615,0.6120575077096816,0.104106079773332,0.6052631578947368,0.6373004480899218,0.0768362162544042,0.6025,0.6707251082251082,0.1053367270778593,0.6557377049180327,0.6756831472620947,0.1875039294907666,0.625,0.6437037037037038,0.1032901808210569,0.64,0.598917748917749,0.1455112237542221,0.58,10.0,10.0,5.366563145999495,4,12.0,18,corr_mrmr_auto_k_no_smote,nested_cv_outputs_all_pairwise_concat_batch/ADC_T2/fs_method_comparison/corr_mrmr_auto_k_no_smote,corr_mrmr_auto_k,corr_mrmr,auto,False,42,3,1.1904761904761905
ADC_T2,ADC,T2,KNN,0.688559604935203,0.040485563522383,0.6565624999999999,0.7372879317528664,0.0711455533877259,0.6716440965707254,0.626871679045592,0.0817426894171426,0.6228070175438597,0.6169134958608643,0.0933133985723352,0.609375,0.644313725490196,0.0897996402781169,0.647887323943662,0.7420520999468367,0.1387955156219015,0.71875,0.6804074357015534,0.0773500033588321,0.6814814814814815,0.4917748917748918,0.1011302110052625,0.5,10.0,10.0,5.366563145999495,4,12.0,18,corr_mrmr_auto_k_no_smote,nested_cv_outputs_all_pairwise_concat_batch/ADC_T2/fs_method_comparison/corr_mrmr_auto_k_no_smote,corr_mrmr_auto_k,corr_mrmr,auto,False,42,3,1.1904761904761905
ADC_T2,ADC,T2,NaiveBayes,0.6842558186098857,0.1618637484139361,0.5803125000000001,0.718452301272983,0.1678273650481987,0.6346243997230142,0.5461654287741244,0.159062770317689,0.5526315789473685,0.5282080200501253,0.1488946328309259,0.53375,0.5635225885225885,0.2177811591910481,0.5866666666666667,0.6540350877192982,0.2510927794102423,0.6875,0.590355378749417,0.2024733354844347,0.6330935251798561,0.4023809523809524,0.2605375569742379,0.38,10.0,10.0,4.1952353926806065,4,12.0,14,mrmr_then_elasticnet_no_corr_auto_k_no_smote,nested_cv_outputs_all_pairwise_concat_batch/ADC_T2/fs_method_comparison/mrmr_then_elasticnet_no_corr_auto_k_no_smote,mrmr_then_elasticnet_no_corr_auto_k,mrmr_then_elasticnet_no_corr,auto,False,33,4,1.5151515151515151
ADC_T2,ADC,T2,LightGBM,0.6435228797429754,0.0589997825950507,0.619375,0.7057485962515255,0.0796242020180465,0.6935090184451664,0.6009222661396574,0.0669729511699906,0.5964912280701754,0.6069934305460623,0.0620724500804359,0.5925,0.6558333333333333,0.083649400608864,0.6451612903225806,0.656735778841042,0.1411241341248867,0.625,0.6366606170598912,0.044589500765702,0.6349206349206349,0.5572510822510822,0.1632142279454192,0.56,11.6,11.6,4.079215610874228,6,10.0,18,elasticnet_then_mrmr_auto_k_no_smote,nested_cv_outputs_all_pairwise_concat_batch/ADC_T2/fs_method_comparison/elasticnet_then_mrmr_auto_k_no_smote,elasticnet_then_mrmr_auto_k,elasticnet_then_mrmr,auto,False,29,5,2.0
ADC_T2,ADC,T2,RandomForest,0.637219621597612,0.0568483478554707,0.566875,0.71411081737899,0.1179050492086682,0.6379921608736197,0.5471673254281949,0.0869341608970667,0.543859649122807,0.565409926330979,0.0935089255889095,0.545625,0.6330769230769231,0.1334704669542327,0.6071428571428571,0.5631791600212652,0.1372746402990765,0.53125,0.5701261701261702,0.0513810570800505,0.5666666666666667,0.5676406926406926,0.2197257567560198,0.56,10.0,10.0,5.366563145999495,4,12.0,18,corr_mrmr_auto_k_no_smote,nested_cv_outputs_all_pairwise_concat_batch/ADC_T2/fs_method_comparison/corr_mrmr_auto_k_no_smote,corr_mrmr_auto_k,corr_mrmr,auto,False,42,3,1.1904761904761905
ADC_T2,ADC,T2,ExtraTrees,0.6261016982308849,0.091075839221719,0.5996875,0.7118302181587174,0.0959808837662857,0.6638601126636784,0.5408736191344886,0.0850233404892943,0.5350877192982456,0.5573762056656794,0.0760734919884473,0.5334375,0.6055011655011655,0.0778239052155171,0.5932203389830508,0.5908346624136098,0.1628516724057957,0.546875,0.5738705738705738,0.073617362369394,0.5691056910569106,0.5239177489177489,0.1350311104832359,0.52,10.0,10.0,5.366563145999495,4,12.0,18,corr_mrmr_auto_k_no_smote,nested_cv_outputs_all_pairwise_concat_batch/ADC_T2/fs_method_comparison/corr_mrmr_auto_k_no_smote,corr_mrmr_auto_k,corr_mrmr,auto,False,42,3,1.1904761904761905
ADC_T2,ADC,T2,XGBoost,0.5956450929895907,0.0602271651176393,0.553125,0.632556366747768,0.1355354523040462,0.6057064853159219,0.5329612416568938,0.1024577620366269,0.5263157894736842,0.5554030910609857,0.083875361538718,0.5190625,0.5893589743589743,0.0903219459040828,0.578125,0.6336416799574695,0.1977913426342797,0.578125,0.5811986531986532,0.108059189127671,0.578125,0.4771645021645021,0.123868541620364,0.46,10.0,10.0,5.366563145999495,4,12.0,18,corr_mrmr_auto_k_no_smote,nested_cv_outputs_all_pairwise_concat_batch/ADC_T2/fs_method_comparison/corr_mrmr_auto_k_no_smote,corr_mrmr_auto_k,corr_mrmr,auto,False,42,3,1.1904761904761905
ADC_T2,ADC,T2,NaiveBayes,0.5868189643070025,0.0878463830717219,0.5812499999999999,0.6637694623796955,0.1564266810196644,0.6788163907454795,0.5552563378650335,0.146582355204543,0.5614035087719298,0.5268191311612365,0.1009039606379017,0.5284375,0.5633333333333332,0.1684936896645988,0.5795454545454546,0.7762573099415204,0.2086097294461333,0.796875,0.6403237824290455,0.1606435169752132,0.6710526315789473,0.2773809523809524,0.1982634359196766,0.26,10.0,10.0,5.366563145999495,4,12.0,18,corr_mrmr_auto_k_no_smote,nested_cv_outputs_all_pairwise_concat_batch/ADC_T2/fs_method_comparison/corr_mrmr_auto_k_no_smote,corr_mrmr_auto_k,corr_mrmr,auto,False,42,3,1.1904761904761905
ADC_T2,ADC,T2,LogisticRegression,0.5601813878129668,0.0802662798239024,0.56125,0.6284750162994099,0.1461388095499142,0.6413163875101071,0.5701617223356353,0.0619431805651418,0.5701754385964912,0.5652259436469962,0.0793962044227063,0.5690625,0.6354852876592008,0.2030484990237402,0.6271186440677966,0.5698458266879318,0.2343511395053922,0.578125,0.5659591870118186,0.1352297157365595,0.6016260162601627,0.5606060606060607,0.3206613345260933,0.56,10.0,10.0,5.366563145999495,4,12.0,18,corr_mrmr_auto_k_no_smote,nested_cv_outputs_all_pairwise_concat_batch/ADC_T2/fs_method_comparison/corr_mrmr_auto_k_no_smote,corr_mrmr_auto_k,corr_mrmr,auto,False,42,3,1.1904761904761905
ADC_T2,ADC,T2,SVM_Linear,0.5597494539839036,0.072443177599416,0.48125,0.6370038134481358,0.1293950298135725,0.5771116309674964,0.4652362130623,0.0628447364959559,0.4649122807017544,0.5364452798663325,0.0466926291607219,0.45125,0.4600267379679145,0.2776929452536252,0.5217391304347826,0.6514619883040935,0.4009598278597668,0.5625,0.4851139601139601,0.2473666719086911,0.5413533834586466,0.4214285714285714,0.4264231873314085,0.34,10.0,10.0,5.366563145999495,4,12.0,18,corr_mrmr_auto_k_no_smote,nested_cv_outputs_all_pairwise_concat_batch/ADC_T2/fs_method_comparison/corr_mrmr_auto_k_no_smote,corr_mrmr_auto_k,corr_mrmr,auto,False,42,3,1.1904761904761905
ADC_T2,ADC,T2,LightGBM,0.5552393495216462,0.1245585177084125,0.47640625,0.6475407515741909,0.1394032434580501,0.5650130558466466,0.4968176750785447,0.1169383129773956,0.4912280701754385,0.5082925115819853,0.1192303294212288,0.49,0.5473626373626373,0.1280013870364543,0.5517241379310345,0.5348750664540137,0.2185373592955403,0.5,0.5208695652173913,0.1400863346863286,0.5245901639344263,0.4817099567099567,0.0749199206426328,0.48,10.0,10.0,5.366563145999495,4,12.0,18,corr_mrmr_auto_k_no_smote,nested_cv_outputs_all_pairwise_concat_batch/ADC_T2/fs_method_comparison/corr_mrmr_auto_k_no_smote,corr_mrmr_auto_k,corr_mrmr,auto,False,42,3,1.1904761904761905
ADC_T2,ADC,T2,SVM_RBF,0.5252570590848104,0.1001952945566863,0.50875,0.5968369329548835,0.1588846727498348,0.6072669758851031,0.5192416279372801,0.0610098189355827,0.5175438596491229,0.5116040100250626,0.0186079634813352,0.5046875,0.4788888888888888,0.26653700551451,0.5652173913043478,0.6136842105263158,0.374884654467377,0.609375,0.4987878787878788,0.2605468572639466,0.5864661654135338,0.4095238095238095,0.384993447539729,0.4,10.0,10.0,5.366563145999495,4,12.0,18,corr_mrmr_auto_k_no_smote,nested_cv_outputs_all_pairwise_concat_batch/ADC_T2/fs_method_comparison/corr_mrmr_auto_k_no_smote,corr_mrmr_auto_k,corr_mrmr,auto,False,42,3,1.1904761904761905
Post1_Post2,Post1,Post2,SVM_RBF,0.761338313103019,0.1225804877515825,0.7292668269230769,0.8157788672199633,0.0385030275637401,0.7834445204229583,0.6418912752060694,0.1142289220474683,0.6724137931034483,0.6805228758169934,0.0430989134418639,0.6670673076923077,0.7185355820649938,0.2341625663749826,0.696969696969697,0.7388235294117647,0.2062551247135164,0.71875,0.6600474035768154,0.1228855805178461,0.7076923076923077,0.6222222222222222,0.270801280154532,0.6153846153846154,5.6,5.6,2.33238075793812,4,4.0,10,mrmr_then_elasticnet_no_corr_auto_k_no_smote,nested_cv_outputs_all_pairwise_concat_batch/Post1_Post2/fs_method_comparison/mrmr_then_elasticnet_no_corr_auto_k_no_smote,mrmr_then_elasticnet_no_corr_auto_k,mrmr_then_elasticnet_no_corr,auto,False,21,3,1.3333333333333333
Post1_Post2,Post1,Post2,ExtraTrees,0.7571148459383753,0.0939329828454623,0.7244591346153846,0.8121320873098513,0.0388500585309339,0.7781618354975696,0.6377679853208218,0.0575390804832426,0.646551724137931,0.6704761904761904,0.0339507482293225,0.6490384615384616,0.7229532163742689,0.2026518305871936,0.7017543859649122,0.6599999999999999,0.262497981537799,0.625,0.6135353535353535,0.1264563395971355,0.6611570247933884,0.680952380952381,0.2042876259453482,0.6730769230769231,5.6,5.6,2.33238075793812,4,4.0,10,mrmr_then_elasticnet_no_corr_auto_k_no_smote,nested_cv_outputs_all_pairwise_concat_batch/Post1_Post2/fs_method_comparison/mrmr_then_elasticnet_no_corr_auto_k_no_smote,mrmr_then_elasticnet_no_corr_auto_k,mrmr_then_elasticnet_no_corr,auto,False,21,3,1.3333333333333333
Post1_Post2,Post1,Post2,LogisticRegression,0.7515958605664487,0.0899642325356917,0.7406850961538461,0.8005489215027379,0.0471866100287402,0.7867392861145599,0.6839983647547607,0.0354632732424623,0.6810344827586207,0.7037581699346405,0.0531374960802958,0.6784855769230769,0.725115995115995,0.1864734219446595,0.7142857142857143,0.7352941176470588,0.1764705882352941,0.703125,0.6872072072072072,0.0654389014072283,0.7086614173228346,0.6722222222222222,0.1845916413981794,0.6538461538461539,5.6,5.6,2.33238075793812,4,4.0,10,mrmr_then_elasticnet_no_corr_auto_k_no_smote,nested_cv_outputs_all_pairwise_concat_batch/Post1_Post2/fs_method_comparison/mrmr_then_elasticnet_no_corr_auto_k_no_smote,mrmr_then_elasticnet_no_corr_auto_k,mrmr_then_elasticnet_no_corr,auto,False,21,3,1.3333333333333333
Post1_Post2,Post1,Post2,SVM_Linear,0.7491269841269841,0.1018651858911312,0.7337740384615384,0.7990862398950959,0.0366780469228779,0.7889495299747875,0.647446830761625,0.0834595954226268,0.6724137931034483,0.6704715219421101,0.0298022556510416,0.6598557692307692,0.6487394957983194,0.1618611399658987,0.6756756756756757,0.7941176470588236,0.1744987879316626,0.78125,0.6796269727403157,0.1142523850416977,0.7246376811594203,0.5468253968253969,0.1518426337928113,0.5384615384615384,5.6,5.6,2.33238075793812,4,4.0,10,mrmr_then_elasticnet_no_corr_auto_k_no_smote,nested_cv_outputs_all_pairwise_concat_batch/Post1_Post2/fs_method_comparison/mrmr_then_elasticnet_no_corr_auto_k_no_smote,mrmr_then_elasticnet_no_corr_auto_k,mrmr_then_elasticnet_no_corr,auto,False,21,3,1.3333333333333333
Post1_Post2,Post1,Post2,KNN,0.7404322284469342,0.1255902513237027,0.6682692307692308,0.7877032254036138,0.0605443363580232,0.7497001103202967,0.5659317570329806,0.0818822387337536,0.5862068965517241,0.5945238095238095,0.0881309729662951,0.5763221153846154,0.5895437895437895,0.1580488971506691,0.6142857142857143,0.72,0.170389336378651,0.671875,0.6146161365516204,0.0870035467727328,0.6417910447761194,0.469047619047619,0.1709649816287261,0.4807692307692308,5.6,5.6,2.33238075793812,4,4.0,10,mrmr_then_elasticnet_no_corr_auto_k_no_smote,nested_cv_outputs_all_pairwise_concat_batch/Post1_Post2/fs_method_comparison/mrmr_then_elasticnet_no_corr_auto_k_no_smote,mrmr_then_elasticnet_no_corr_auto_k,mrmr_then_elasticnet_no_corr,auto,False,21,3,1.3333333333333333
Post1_Post2,Post1,Post2,RandomForest,0.7172961406784936,0.1021512931988608,0.6873497596153847,0.7734309767037313,0.0497453095284318,0.7369784351167485,0.6344433035756729,0.065767036585905,0.646551724137931,0.6548692810457517,0.0579849817267947,0.6418269230769231,0.6513157894736842,0.1548189701291472,0.676923076923077,0.7152941176470589,0.2119476334096667,0.6875,0.6425174390691633,0.1103270010707017,0.6821705426356589,0.5944444444444444,0.1644294287438749,0.5961538461538461,5.6,5.6,2.33238075793812,4,4.0,10,mrmr_then_elasticnet_no_corr_auto_k_no_smote,nested_cv_outputs_all_pairwise_concat_batch/Post1_Post2/fs_method_comparison/mrmr_then_elasticnet_no_corr_auto_k_no_smote,mrmr_then_elasticnet_no_corr_auto_k,mrmr_then_elasticnet_no_corr,auto,False,21,3,1.3333333333333333
Post1_Post2,Post1,Post2,NaiveBayes,0.7088165266106443,0.0765673106517387,0.6989182692307693,0.7370866505678062,0.1501585027891842,0.7379682475588205,0.654534953366989,0.0465399285241953,0.6637931034482759,0.6601890756302521,0.0375950718824424,0.6682692307692308,0.697844611528822,0.1848801088384825,0.7272727272727273,0.6215686274509804,0.1273151614176307,0.625,0.6298984468339308,0.1131741043889741,0.6722689075630253,0.6988095238095239,0.1684728286054818,0.7115384615384616,5.6,5.6,2.33238075793812,4,4.0,10,mrmr_then_elasticnet_no_corr_auto_k_no_smote,nested_cv_outputs_all_pairwise_concat_batch/Post1_Post2/fs_method_comparison/mrmr_then_elasticnet_no_corr_auto_k_no_smote,mrmr_then_elasticnet_no_corr_auto_k,mrmr_then_elasticnet_no_corr,auto,False,21,3,1.3333333333333333
Post1_Post2,Post1,Post2,GradientBoosting,0.7067654839713664,0.1059083746711911,0.6591045673076922,0.7535442841087124,0.1077206942740106,0.7630434023927035,0.5382542806347034,0.1287668260080575,0.5775862068965517,0.5714379084967319,0.0831019085670377,0.5649038461538461,0.5790552584670232,0.1749683080651563,0.6027397260273972,0.7317647058823529,0.1669427931770989,0.6875,0.6074880174805444,0.1117564369090504,0.6423357664233577,0.4111111111111111,0.2190044816047447,0.4423076923076923,7.6,7.6,4.454211490264017,4,6.0,16,elasticnet_then_mrmr_auto_k_no_smote,nested_cv_outputs_all_pairwise_concat_batch/Post1_Post2/fs_method_comparison/elasticnet_then_mrmr_auto_k_no_smote,elasticnet_then_mrmr_auto_k,elasticnet_then_mrmr,auto,False,21,4,1.8095238095238095
Post1_Post2,Post1,Post2,RandomForest,0.6975435729847493,0.1000839252490602,0.6454326923076923,0.7734905817836933,0.0639830495307975,0.7219987987612714,0.6653304241179658,0.0833284123678034,0.6551724137931034,0.6858426704014938,0.1112591452801175,0.6532451923076923,0.7084615384615385,0.1512768360682989,0.6935483870967742,0.7117647058823529,0.1972124072263553,0.671875,0.6729146141215107,0.0578074170993288,0.6825396825396826,0.6599206349206349,0.229410387132675,0.6346153846153846,8.8,8.8,4.833218389437829,4,8.0,18,corr_mrmr_auto_k_no_smote,nested_cv_outputs_all_pairwise_concat_batch/Post1_Post2/fs_method_comparison/corr_mrmr_auto_k_no_smote,corr_mrmr_auto_k,corr_mrmr,auto,False,30,4,1.4666666666666666
Post1_Post2,Post1,Post2,GradientBoosting,0.6924688764394646,0.1152052886925318,0.6481370192307693,0.7413710554102785,0.0282348956030964,0.6845060631784157,0.6008418660810206,0.0986115669591354,0.6120689655172413,0.6236601307189542,0.1157636737500557,0.6069711538461539,0.6208333333333333,0.1418136492412176,0.6461538461538462,0.691764705882353,0.208391433651619,0.65625,0.6197072072072072,0.1079683940875972,0.6511627906976745,0.5555555555555556,0.1675900347666483,0.5576923076923077,5.6,5.6,2.33238075793812,4,4.0,10,mrmr_then_elasticnet_no_corr_auto_k_no_smote,nested_cv_outputs_all_pairwise_concat_batch/Post1_Post2/fs_method_comparison/mrmr_then_elasticnet_no_corr_auto_k_no_smote,mrmr_then_elasticnet_no_corr_auto_k,mrmr_then_elasticnet_no_corr,auto,False,21,3,1.3333333333333333
Post1_Post2,Post1,Post2,LightGBM,0.6863811079987551,0.118213945230393,0.6418269230769231,0.7474028273815595,0.0660186361783103,0.6700817363034188,0.6262822889630454,0.0866975466163408,0.6120689655172413,0.6563725490196077,0.1056870020710523,0.6177884615384616,0.6717460317460318,0.1112579528553809,0.6792452830188679,0.6294117647058823,0.2017226846997911,0.5625,0.6183294160576108,0.0606574374326082,0.6153846153846154,0.6833333333333333,0.1105541596785133,0.6730769230769231,8.8,8.8,4.833218389437829,4,8.0,18,corr_mrmr_auto_k_no_smote,nested_cv_outputs_all_pairwise_concat_batch/Post1_Post2/fs_method_comparison/corr_mrmr_auto_k_no_smote,corr_mrmr_auto_k,corr_mrmr,auto,False,30,4,1.4666666666666666
Post1_Post2,Post1,Post2,LightGBM,0.6813554310613134,0.0600380477822879,0.6565504807692308,0.7221914110091222,0.1047879040444526,0.6496396207719749,0.6212957417073101,0.0753118995280314,0.6379310344827587,0.6319117647058824,0.0899787153076999,0.6286057692307692,0.6248801198801199,0.1537089168244516,0.6571428571428571,0.7388235294117647,0.2062551247135164,0.71875,0.6442619172030937,0.1156647751547969,0.6865671641791045,0.525,0.2019197982820694,0.5384615384615384,5.6,5.6,2.33238075793812,4,4.0,10,mrmr_then_elasticnet_no_corr_auto_k_no_smote,nested_cv_outputs_all_pairwise_concat_batch/Post1_Post2/fs_method_comparison/mrmr_then_elasticnet_no_corr_auto_k_no_smote,mrmr_then_elasticnet_no_corr_auto_k,mrmr_then_elasticnet_no_corr,auto,False,21,3,1.3333333333333333
Post1_Post2,Post1,Post2,GradientBoosting,0.6779824151882975,0.0946907354596498,0.6201923076923077,0.7138574660070376,0.0676070177703248,0.6755100832742916,0.587299278400502,0.0626971720152681,0.5948275862068966,0.599827264239029,0.0830382559632458,0.5769230769230769,0.6407268170426066,0.2120675473621363,0.6075949367088608,0.7623529411764707,0.2238882568539346,0.75,0.632063492063492,0.0880481784787971,0.6713286713286714,0.4373015873015873,0.2911562859826677,0.4038461538461538,8.8,8.8,4.833218389437829,4,8.0,18,corr_mrmr_auto_k_no_smote,nested_cv_outputs_all_pairwise_concat_batch/Post1_Post2/fs_method_comparison/corr_mrmr_auto_k_no_smote,corr_mrmr_auto_k,corr_mrmr,auto,False,30,4,1.4666666666666666
Post1_Post2,Post1,Post2,LightGBM,0.6761858076563959,0.0901310391204217,0.6771334134615384,0.7540490604646812,0.1254196346534165,0.7753709086083878,0.5792799216603444,0.1252271426552936,0.6120689655172413,0.5883543417366947,0.1282029973169718,0.6159855769230769,0.636890756302521,0.2491488795546156,0.6727272727272727,0.5231372549019608,0.1414072188322437,0.578125,0.5539165521603525,0.1884114085889425,0.6218487394957983,0.6535714285714286,0.1795370716334177,0.6538461538461539,7.6,7.6,4.454211490264017,4,6.0,16,elasticnet_then_mrmr_auto_k_no_smote,nested_cv_outputs_all_pairwise_concat_batch/Post1_Post2/fs_method_comparison/elasticnet_then_mrmr_auto_k_no_smote,elasticnet_then_mrmr_auto_k,elasticnet_then_mrmr,auto,False,21,4,1.8095238095238095
Post1_Post2,Post1,Post2,RandomForest,0.674502801120448,0.0892667786564103,0.6853966346153847,0.7652165636788386,0.1255891854839949,0.7659935667571693,0.5594801441297548,0.1151359418474336,0.5862068965517241,0.5577287581699346,0.1128881067067024,0.5853365384615384,0.6047862079441028,0.2370649284620513,0.6333333333333333,0.5349019607843137,0.1702990562233316,0.59375,0.5428571428571429,0.1864332846208328,0.6129032258064516,0.5805555555555556,0.2007701222176961,0.5769230769230769,7.6,7.6,4.454211490264017,4,6.0,16,elasticnet_then_mrmr_auto_k_no_smote,nested_cv_outputs_all_pairwise_concat_batch/Post1_Post2/fs_method_comparison/elasticnet_then_mrmr_auto_k_no_smote,elasticnet_then_mrmr_auto_k,elasticnet_then_mrmr,auto,False,21,4,1.8095238095238095
Post1_Post2,Post1,Post2,SVM_RBF,0.6732687519452225,0.1077760578635525,0.6822415865384616,0.7592320782571153,0.1217886444186711,0.7590027753209373,0.606671705503741,0.1139488054741339,0.6379310344827587,0.6378734827264239,0.0550917880412494,0.625,0.6183333333333333,0.1709978882260766,0.6486486486486487,0.7705882352941177,0.1845222016630367,0.75,0.650425455303504,0.1270842277005502,0.6956521739130435,0.5051587301587301,0.1627738888037367,0.5,7.6,7.6,4.454211490264017,4,6.0,16,elasticnet_then_mrmr_auto_k_no_smote,nested_cv_outputs_all_pairwise_concat_batch/Post1_Post2/fs_method_comparison/elasticnet_then_mrmr_auto_k_no_smote,elasticnet_then_mrmr_auto_k,elasticnet_then_mrmr,auto,False,21,4,1.8095238095238095
Post1_Post2,Post1,Post2,ExtraTrees,0.6669817927170868,0.1120772473883109,0.6950120192307694,0.7565086783230386,0.1252702519650984,0.7787100976723178,0.6163828755597388,0.0779250342897295,0.6293103448275862,0.6566666666666665,0.046732528906295,0.6280048076923077,0.6935064935064934,0.2158806358664697,0.6721311475409836,0.6799999999999999,0.2309480985447883,0.640625,0.6204121795890428,0.1017170483075599,0.656,0.6333333333333333,0.2211083193570266,0.6153846153846154,7.6,7.6,4.454211490264017,4,6.0,16,elasticnet_then_mrmr_auto_k_no_smote,nested_cv_outputs_all_pairwise_concat_batch/Post1_Post2/fs_method_comparison/elasticnet_then_mrmr_auto_k_no_smote,elasticnet_then_mrmr_auto_k,elasticnet_then_mrmr,auto,False,21,4,1.8095238095238095
Post1_Post2,Post1,Post2,KNN,0.6646206816059756,0.1535765804241907,0.7049278846153846,0.7428972181980258,0.1430757367868588,0.7572411524517221,0.6387581643421465,0.071458757436579,0.6551724137931034,0.6260877684407097,0.0957726817318607,0.6496394230769231,0.6730769230769231,0.2668465862470719,0.6818181818181818,0.6172549019607844,0.2229107365357238,0.703125,0.6085774690425854,0.191016452051032,0.6923076923076923,0.6349206349206348,0.229583298181137,0.5961538461538461,7.6,7.6,4.454211490264017,4,6.0,16,elasticnet_then_mrmr_auto_k_no_smote,nested_cv_outputs_all_pairwise_concat_batch/Post1_Post2/fs_method_comparison/elasticnet_then_mrmr_auto_k_no_smote,elasticnet_then_mrmr_auto_k,elasticnet_then_mrmr,auto,False,21,4,1.8095238095238095
Post1_Post2,Post1,Post2,XGBoost,0.6638764394646748,0.1103560078549454,0.6024639423076923,0.740613193255452,0.0560132607435916,0.6786440132139137,0.5388256657444643,0.1233850231952228,0.5517241379310345,0.5769841269841269,0.0877775538110129,0.5396634615384616,0.6248787878787878,0.2326723498954634,0.5833333333333334,0.7,0.1845222016630367,0.65625,0.5985930735930735,0.088236588473466,0.6176470588235294,0.4539682539682539,0.308337163670515,0.4230769230769231,8.8,8.8,4.833218389437829,4,8.0,18,corr_mrmr_auto_k_no_smote,nested_cv_outputs_all_pairwise_concat_batch/Post1_Post2/fs_method_comparison/corr_mrmr_auto_k_no_smote,corr_mrmr_auto_k,corr_mrmr,auto,False,30,4,1.4666666666666666
Post1_Post2,Post1,Post2,XGBoost,0.6608411142234671,0.0972783379604978,0.61328125,0.69893259548422,0.0758468164991867,0.6930353607535633,0.5349205670117795,0.0899644810553498,0.5517241379310345,0.573345004668534,0.0545684768815019,0.546875,0.57484593837535,0.1549461139275499,0.59375,0.6447058823529412,0.2405760100446354,0.59375,0.5579899976184806,0.1219767651716054,0.59375,0.5019841269841271,0.1890822006673856,0.5,5.6,5.6,2.33238075793812,4,4.0,10,mrmr_then_elasticnet_no_corr_auto_k_no_smote,nested_cv_outputs_all_pairwise_concat_batch/Post1_Post2/fs_method_comparison/mrmr_then_elasticnet_no_corr_auto_k_no_smote,mrmr_then_elasticnet_no_corr_auto_k,mrmr_then_elasticnet_no_corr,auto,False,21,3,1.3333333333333333
Post1_Post2,Post1,Post2,SVM_Linear,0.6592094615624028,0.1163395206808255,0.6730769230769231,0.7137210701366699,0.1733561471163715,0.7415987569945897,0.5989793978114333,0.177994927830803,0.6379310344827587,0.6395891690009337,0.0842513260279544,0.6231971153846154,0.6696078431372549,0.2426069485564856,0.6447368421052632,0.7823529411764707,0.1780323052990771,0.765625,0.6595149279223885,0.1369562889269979,0.7,0.4968253968253968,0.3187908624922715,0.4807692307692308,7.6,7.6,4.454211490264017,4,6.0,16,elasticnet_then_mrmr_auto_k_no_smote,nested_cv_outputs_all_pairwise_concat_batch/Post1_Post2/fs_method_comparison/elasticnet_then_mrmr_auto_k_no_smote,elasticnet_then_mrmr_auto_k,elasticnet_then_mrmr,auto,False,21,4,1.8095238095238095
Post1_Post2,Post1,Post2,ExtraTrees,0.6532547463429816,0.0930604637432936,0.6012620192307692,0.7493984087427616,0.0507530987096013,0.6582792690533426,0.5857576794729187,0.0601079710967587,0.5775862068965517,0.6141573295985061,0.0873776394224039,0.5703125,0.6251831501831502,0.1624108452920908,0.6119402985074627,0.6882352941176471,0.213392437026083,0.640625,0.6101849325967855,0.0694271100878248,0.6259541984732825,0.540079365079365,0.221400123336128,0.5,8.8,8.8,4.833218389437829,4,8.0,18,corr_mrmr_auto_k_no_smote,nested_cv_outputs_all_pairwise_concat_batch/Post1_Post2/fs_method_comparison/corr_mrmr_auto_k_no_smote,corr_mrmr_auto_k,corr_mrmr,auto,False,30,4,1.4666666666666666
Post1_Post2,Post1,Post2,LogisticRegression,0.6486196700902583,0.1229582172925486,0.7037259615384616,0.7138704696353078,0.1793833122641741,0.7411727656940855,0.6595452687221319,0.0760896065669639,0.6637931034482759,0.659640522875817,0.0679306360836078,0.6592548076923077,0.6871572871572871,0.2159930718470097,0.6923076923076923,0.6803921568627451,0.1528405903521966,0.703125,0.6521974083264406,0.1296401104323593,0.6976744186046512,0.638888888888889,0.1825741858350553,0.6153846153846154,7.6,7.6,4.454211490264017,4,6.0,16,elasticnet_then_mrmr_auto_k_no_smote,nested_cv_outputs_all_pairwise_concat_batch/Post1_Post2/fs_method_comparison/elasticnet_then_mrmr_auto_k_no_smote,elasticnet_then_mrmr_auto_k,elasticnet_then_mrmr,auto,False,21,4,1.8095238095238095
Post1_Post2,Post1,Post2,LogisticRegression,0.6438616557734205,0.1103053836468928,0.5958533653846153,0.6923735458961031,0.1246483343208984,0.664538725476793,0.5856573780934181,0.0801534295125639,0.5689655172413793,0.6055555555555555,0.1119792593374555,0.5588942307692308,0.6044826141600335,0.1284347342058464,0.6,0.7,0.2620124406037657,0.65625,0.6069634950754496,0.1030038441182253,0.6268656716417911,0.5111111111111111,0.2644584496758201,0.4615384615384615,8.8,8.8,4.833218389437829,4,8.0,18,corr_mrmr_auto_k_no_smote,nested_cv_outputs_all_pairwise_concat_batch/Post1_Post2/fs_method_comparison/corr_mrmr_auto_k_no_smote,corr_mrmr_auto_k,corr_mrmr,auto,False,30,4,1.4666666666666666
Post1_Post2,Post1,Post2,NaiveBayes,0.6081022408963586,0.0973322315747304,0.5874399038461537,0.6917598387388593,0.0715192516242951,0.646927033183434,0.5768836218780602,0.0369686912334468,0.5775862068965517,0.576671335200747,0.0828222703969098,0.5540865384615384,0.5754602961677056,0.1100454010273512,0.5882352941176471,0.7858823529411765,0.2197702480721998,0.78125,0.6313614404918753,0.0947133109448498,0.6711409395973155,0.3674603174603174,0.2209943401137411,0.3269230769230769,8.8,8.8,4.833218389437829,4,8.0,18,corr_mrmr_auto_k_no_smote,nested_cv_outputs_all_pairwise_concat_batch/Post1_Post2/fs_method_comparison/corr_mrmr_auto_k_no_smote,corr_mrmr_auto_k,corr_mrmr,auto,False,30,4,1.4666666666666666
Post1_Post2,Post1,Post2,KNN,0.607416744475568,0.1110070960454284,0.5582932692307693,0.6672315809035136,0.030587614406552,0.6221213376588771,0.5063883897588013,0.0640080073179259,0.5258620689655172,0.5324393090569561,0.0520188011398682,0.5108173076923077,0.5322689075630251,0.1280078823220914,0.56,0.6835294117647058,0.2602740105228204,0.65625,0.5550707114938614,0.1221787333954584,0.60431654676259,0.3813492063492063,0.192181519552599,0.3653846153846153,8.8,8.8,4.833218389437829,4,8.0,18,corr_mrmr_auto_k_no_smote,nested_cv_outputs_all_pairwise_concat_batch/Post1_Post2/fs_method_comparison/corr_mrmr_auto_k_no_smote,corr_mrmr_auto_k,corr_mrmr,auto,False,30,4,1.4666666666666666
Post1_Post2,Post1,Post2,XGBoost,0.5918806411453471,0.111533668408218,0.6153846153846153,0.7110551193821184,0.1201118274427524,0.6921065567435437,0.5633500660753163,0.0865232144829864,0.5862068965517241,0.5440849673202613,0.0899500765746831,0.5763221153846154,0.5611764705882353,0.200170630788383,0.6142857142857143,0.5937254901960785,0.1914689567513798,0.671875,0.5627190658150412,0.1887168432158362,0.6417910447761194,0.4944444444444444,0.1387777332977421,0.4807692307692308,7.6,7.6,4.454211490264017,4,6.0,16,elasticnet_then_mrmr_auto_k_no_smote,nested_cv_outputs_all_pairwise_concat_batch/Post1_Post2/fs_method_comparison/elasticnet_then_mrmr_auto_k_no_smote,elasticnet_then_mrmr_auto_k,elasticnet_then_mrmr,auto,False,21,4,1.8095238095238095
Post1_Post2,Post1,Post2,NaiveBayes,0.5860410830999067,0.0792732483499611,0.5841346153846153,0.6670186221029926,0.156633310525993,0.6420771983622114,0.5528692849604974,0.0856721676196707,0.5603448275862069,0.5098856209150326,0.0978614946911848,0.5366586538461539,0.555324478178368,0.2175522976463091,0.5764705882352941,0.6725490196078432,0.2574234263886479,0.765625,0.581139122315593,0.1895521338263604,0.6577181208053692,0.3472222222222222,0.3267875815522831,0.3076923076923077,7.6,7.6,4.454211490264017,4,6.0,16,elasticnet_then_mrmr_auto_k_no_smote,nested_cv_outputs_all_pairwise_concat_batch/Post1_Post2/fs_method_comparison/elasticnet_then_mrmr_auto_k_no_smote,elasticnet_then_mrmr_auto_k,elasticnet_then_mrmr,auto,False,21,4,1.8095238095238095
Post1_Post2,Post1,Post2,SVM_Linear,0.5387223778400249,0.1880735605363237,0.5052584134615384,0.614155156069651,0.1338015394879445,0.5577755977264425,0.5561554623846059,0.124158006075738,0.5862068965517241,0.5633169934640522,0.0726104521155079,0.5582932692307692,0.5771349618123811,0.1703945328593086,0.5888888888888889,0.8294117647058823,0.21404006351365,0.828125,0.6385670822467522,0.1296586403098457,0.6883116883116883,0.2972222222222222,0.3236558147473224,0.2884615384615384,8.8,8.8,4.833218389437829,4,8.0,18,corr_mrmr_auto_k_no_smote,nested_cv_outputs_all_pairwise_concat_batch/Post1_Post2/fs_method_comparison/corr_mrmr_auto_k_no_smote,corr_mrmr_auto_k,corr_mrmr,auto,False,30,4,1.4666666666666666
Post1_Post2,Post1,Post2,SVM_RBF,0.5127458761282291,0.2006911410292009,0.5189302884615385,0.5972277204086044,0.1273622564571189,0.5874022196694436,0.5200811918275767,0.0943801103150584,0.5431034482758621,0.5327614379084966,0.027273880165458,0.5102163461538461,0.5439642532106381,0.1432081037563536,0.5578947368421052,0.8294117647058823,0.21404006351365,0.828125,0.6196514837819186,0.1139912216867723,0.6666666666666666,0.2361111111111111,0.253676667929575,0.1923076923076923,8.8,8.8,4.833218389437829,4,8.0,18,corr_mrmr_auto_k_no_smote,nested_cv_outputs_all_pairwise_concat_batch/Post1_Post2/fs_method_comparison/corr_mrmr_auto_k_no_smote,corr_mrmr_auto_k,corr_mrmr,auto,False,30,4,1.4666666666666666
Post1_Pre,Post1,Pre,LogisticRegression,0.6872580143168379,0.1135382550182827,0.6878004807692308,0.7579041920562919,0.1130951259368091,0.7602666594431915,0.6217378283562933,0.0839585983638992,0.6206896551724138,0.6007819794584501,0.1108069704231509,0.6147836538461539,0.6253679653679655,0.2207584830257137,0.6515151515151515,0.6019607843137255,0.1699899356995548,0.671875,0.599490229328939,0.1695191562310449,0.6615384615384615,0.5996031746031745,0.2295915287923804,0.5576923076923077,12.4,12.4,6.858571279792899,4,18.0,18,mrmr_then_elasticnet_no_corr_auto_k_no_smote,nested_cv_outputs_all_pairwise_concat_batch/Post1_Pre/fs_method_comparison/mrmr_then_elasticnet_no_corr_auto_k_no_smote,mrmr_then_elasticnet_no_corr_auto_k,mrmr_then_elasticnet_no_corr,auto,False,45,5,1.3777777777777778
Post1_Pre,Post1,Pre,LogisticRegression,0.6828952692187987,0.1460770255420412,0.6739783653846154,0.7551644231617007,0.0992043143289091,0.7284721833549945,0.640296911097801,0.0801478607841948,0.646551724137931,0.6367530345471523,0.0940741155321591,0.6382211538461539,0.6537452326468345,0.1849585883568383,0.6666666666666666,0.692156862745098,0.1098039215686274,0.71875,0.6494444444444444,0.117646677559295,0.6917293233082706,0.5813492063492063,0.232344573872106,0.5576923076923077,10.4,10.4,4.454211490264018,6,10.0,18,elasticnet_then_mrmr_auto_k_no_smote,nested_cv_outputs_all_pairwise_concat_batch/Post1_Pre/fs_method_comparison/elasticnet_then_mrmr_auto_k_no_smote,elasticnet_then_mrmr_auto_k,elasticnet_then_mrmr,auto,False,35,3,1.4857142857142858
Post1_Pre,Post1,Pre,LightGBM,0.6758994708994709,0.0838874903319811,0.6550480769230769,0.7547877943934023,0.0858313345649119,0.719815659340241,0.609990207543044,0.0833797161551453,0.6293103448275862,0.6190569561157796,0.0761666457761692,0.6243990384615384,0.6191596638655461,0.1878766090405093,0.6615384615384615,0.6650980392156862,0.0397299612295339,0.671875,0.625426944971537,0.1269144201287561,0.6666666666666666,0.573015873015873,0.1216540079768871,0.5769230769230769,12.4,12.4,6.858571279792899,4,18.0,18,mrmr_then_elasticnet_no_corr_auto_k_no_smote,nested_cv_outputs_all_pairwise_concat_batch/Post1_Pre/fs_method_comparison/mrmr_then_elasticnet_no_corr_auto_k_no_smote,mrmr_then_elasticnet_no_corr_auto_k,mrmr_then_elasticnet_no_corr,auto,False,45,5,1.3777777777777778
Post1_Pre,Post1,Pre,NaiveBayes,0.6584905073140367,0.0795111899657292,0.689002403846154,0.7157876026841279,0.1693142462740854,0.7568176057484572,0.6368719279731515,0.0615669412695562,0.6379310344827587,0.5801633986928104,0.057267323390702,0.6177884615384616,0.580952380952381,0.1379227165370573,0.6341463414634146,0.7325490196078432,0.2048605831192408,0.8125,0.6455598455598456,0.1632343870055068,0.7123287671232876,0.4277777777777777,0.2134374745810949,0.4230769230769231,12.4,12.4,6.858571279792899,4,18.0,18,mrmr_then_elasticnet_no_corr_auto_k_no_smote,nested_cv_outputs_all_pairwise_concat_batch/Post1_Pre/fs_method_comparison/mrmr_then_elasticnet_no_corr_auto_k_no_smote,mrmr_then_elasticnet_no_corr_auto_k,mrmr_then_elasticnet_no_corr,auto,False,45,5,1.3777777777777778
Post1_Pre,Post1,Pre,SVM_Linear,0.6563165266106443,0.1243314032291741,0.6544471153846154,0.7514693508725271,0.1137188354704103,0.7366514218080918,0.6151859140735669,0.1053078519106245,0.603448275862069,0.6048786181139122,0.1213551647668586,0.5919471153846154,0.6176190476190476,0.160438740861305,0.625,0.680392156862745,0.1108493649027652,0.703125,0.6325218983613985,0.1070760115509016,0.6617647058823529,0.5293650793650794,0.2530439529537907,0.4807692307692308,12.4,12.4,6.858571279792899,4,18.0,18,mrmr_then_elasticnet_no_corr_auto_k_no_smote,nested_cv_outputs_all_pairwise_concat_batch/Post1_Pre/fs_method_comparison/mrmr_then_elasticnet_no_corr_auto_k_no_smote,mrmr_then_elasticnet_no_corr_auto_k,mrmr_then_elasticnet_no_corr,auto,False,45,5,1.3777777777777778
Post1_Pre,Post1,Pre,SVM_Linear,0.6547121070650481,0.1506211334929759,0.6346153846153846,0.7319993507096985,0.1208726297713251,0.6895622437455361,0.6338452981945751,0.0726547133320153,0.6379310344827587,0.6481209150326798,0.0982397187197977,0.6231971153846154,0.650030303030303,0.1678383169684192,0.6447368421052632,0.7823529411764707,0.1700803799388348,0.765625,0.6712703962703962,0.0822026245174155,0.7,0.513888888888889,0.2623493100692799,0.4807692307692308,10.4,10.4,4.454211490264018,6,10.0,18,elasticnet_then_mrmr_auto_k_no_smote,nested_cv_outputs_all_pairwise_concat_batch/Post1_Pre/fs_method_comparison/elasticnet_then_mrmr_auto_k_no_smote,elasticnet_then_mrmr_auto_k,elasticnet_then_mrmr,auto,False,35,3,1.4857142857142858
Post1_Pre,Post1,Pre,XGBoost,0.6442888266417678,0.0942615658280092,0.6400240384615384,0.7272641945059684,0.0814720136844515,0.7267344514080061,0.5327899945808732,0.0989791406584797,0.5517241379310345,0.5441176470588236,0.0861407162215246,0.5432692307692308,0.5541363211951447,0.1765958200834355,0.5882352941176471,0.6215686274509803,0.0963780841368196,0.625,0.5663488079746943,0.1289920914420899,0.6060606060606061,0.4666666666666666,0.1247219128924647,0.4615384615384615,12.4,12.4,6.858571279792899,4,18.0,18,mrmr_then_elasticnet_no_corr_auto_k_no_smote,nested_cv_outputs_all_pairwise_concat_batch/Post1_Pre/fs_method_comparison/mrmr_then_elasticnet_no_corr_auto_k_no_smote,mrmr_then_elasticnet_no_corr_auto_k,mrmr_then_elasticnet_no_corr,auto,False,45,5,1.3777777777777778
Post1_Pre,Post1,Pre,SVM_RBF,0.643881107998755,0.1471742536850737,0.6421274038461539,0.7114955610958208,0.117935790513873,0.6915781538246994,0.6008979587956229,0.0519165390035523,0.603448275862069,0.5929738562091503,0.0668706031071416,0.5919471153846154,0.602567287784679,0.1466774917006404,0.625,0.6803921568627451,0.1108493649027652,0.703125,0.6214043687650499,0.1009229566851841,0.6617647058823529,0.5055555555555555,0.1895413567692442,0.4807692307692308,10.4,10.4,4.454211490264018,6,10.0,18,elasticnet_then_mrmr_auto_k_no_smote,nested_cv_outputs_all_pairwise_concat_batch/Post1_Pre/fs_method_comparison/elasticnet_then_mrmr_auto_k_no_smote,elasticnet_then_mrmr_auto_k,elasticnet_then_mrmr,auto,False,35,3,1.4857142857142858
Post1_Pre,Post1,Pre,ExtraTrees,0.6428618113912231,0.1011179591259436,0.6490384615384615,0.7382957089929751,0.0988093575747174,0.7312820392108126,0.6110127111795632,0.0792730633795891,0.603448275862069,0.5863678804855276,0.1019694840038008,0.5973557692307692,0.6328502415458936,0.2456237900369535,0.6363636363636364,0.5901960784313726,0.1684905965407124,0.65625,0.5902164502164501,0.1610937857614255,0.6461538461538462,0.5825396825396825,0.2428934509636644,0.5384615384615384,12.4,12.4,6.858571279792899,4,18.0,18,mrmr_then_elasticnet_no_corr_auto_k_no_smote,nested_cv_outputs_all_pairwise_concat_batch/Post1_Pre/fs_method_comparison/mrmr_then_elasticnet_no_corr_auto_k_no_smote,mrmr_then_elasticnet_no_corr_auto_k,mrmr_then_elasticnet_no_corr,auto,False,45,5,1.3777777777777778
Post1_Pre,Post1,Pre,LogisticRegression,0.6405415499533147,0.0568224971360964,0.6376201923076923,0.6883532160792905,0.1603792569929944,0.7168408824615844,0.6126983447895572,0.0805523441220253,0.603448275862069,0.6200513538748833,0.0894767398063707,0.6045673076923077,0.6643137254901961,0.2238607794963056,0.6551724137931034,0.5980392156862745,0.0784313725490196,0.59375,0.6023692810457517,0.1026241357086835,0.6229508196721312,0.6420634920634921,0.1959594365705647,0.6153846153846154,11.6,11.6,4.963869458396343,4,14.0,18,corr_mrmr_auto_k_no_smote,nested_cv_outputs_all_pairwise_concat_batch/Post1_Pre/fs_method_comparison/corr_mrmr_auto_k_no_smote,corr_mrmr_auto_k,corr_mrmr,auto,False,35,3,1.6571428571428573
Post1_Pre,Post1,Pre,GradientBoosting,0.6236360099595393,0.079319776452154,0.612079326923077,0.7004038334471742,0.0467256555078998,0.6667623222151325,0.5826397801926166,0.0609714016342378,0.5948275862068966,0.6022408963585433,0.0681675120880457,0.5841346153846154,0.6020934689665339,0.1374435142671999,0.6197183098591549,0.7235294117647059,0.1638633914962837,0.6875,0.6248366013071895,0.0756985777982543,0.6518518518518519,0.4809523809523809,0.160179887538611,0.4807692307692308,12.4,12.4,6.858571279792899,4,18.0,18,mrmr_then_elasticnet_no_corr_auto_k_no_smote,nested_cv_outputs_all_pairwise_concat_batch/Post1_Pre/fs_method_comparison/mrmr_then_elasticnet_no_corr_auto_k_no_smote,mrmr_then_elasticnet_no_corr_auto_k,mrmr_then_elasticnet_no_corr,auto,False,45,5,1.3777777777777778
Post1_Pre,Post1,Pre,SVM_RBF,0.6226517273576098,0.1403634453608767,0.626953125,0.7032698692614353,0.1247093422417109,0.6737420725193597,0.619149957692783,0.0763239859069776,0.6120689655172413,0.6135387488328665,0.0992467759668898,0.5997596153846154,0.6563768115942029,0.2265864048564796,0.6301369863013698,0.692156862745098,0.1098039215686274,0.71875,0.6388075880758807,0.1029453154444614,0.6715328467153284,0.5349206349206348,0.2938695024233079,0.4807692307692308,12.4,12.4,6.858571279792899,4,18.0,18,mrmr_then_elasticnet_no_corr_auto_k_no_smote,nested_cv_outputs_all_pairwise_concat_batch/Post1_Pre/fs_method_comparison/mrmr_then_elasticnet_no_corr_auto_k_no_smote,mrmr_then_elasticnet_no_corr_auto_k,mrmr_then_elasticnet_no_corr,auto,False,45,5,1.3777777777777778
Post1_Pre,Post1,Pre,NaiveBayes,0.6192250233426704,0.1195078502483736,0.6427283653846154,0.6827719389754989,0.1063732315823255,0.7012277626885373,0.6043695273951113,0.0600850405555592,0.603448275862069,0.5693977591036414,0.0556845554858128,0.5775240384615384,0.5694444444444444,0.0990385883143971,0.6022727272727273,0.7745098039215685,0.1742783219081488,0.828125,0.6476368237245522,0.1106626733803676,0.6973684210526315,0.3642857142857142,0.2047619047619047,0.3269230769230769,10.4,10.4,4.454211490264018,6,10.0,18,elasticnet_then_mrmr_auto_k_no_smote,nested_cv_outputs_all_pairwise_concat_batch/Post1_Pre/fs_method_comparison/elasticnet_then_mrmr_auto_k_no_smote,elasticnet_then_mrmr_auto_k,elasticnet_then_mrmr,auto,False,35,3,1.4857142857142858
Post1_Pre,Post1,Pre,SVM_Linear,0.6093098350451291,0.0622027731649945,0.5973557692307692,0.6675206070736805,0.1758686997016023,0.6952147351641906,0.5501549680081382,0.1526557133081062,0.5862068965517241,0.586017740429505,0.0547720727050417,0.5655048076923077,0.593984962406015,0.1820923174527169,0.5975609756097561,0.7823529411764707,0.1780323052990771,0.765625,0.6297682709447415,0.1258490812473595,0.6712328767123288,0.3896825396825397,0.276509576653966,0.3653846153846153,11.6,11.6,4.963869458396343,4,14.0,18,corr_mrmr_auto_k_no_smote,nested_cv_outputs_all_pairwise_concat_batch/Post1_Pre/fs_method_comparison/corr_mrmr_auto_k_no_smote,corr_mrmr_auto_k,corr_mrmr,auto,False,35,3,1.6571428571428573
Post1_Pre,Post1,Pre,RandomForest,0.6047198879551821,0.1035351449599086,0.6253004807692308,0.692945484730404,0.0824011857984278,0.6760051726081187,0.5974377988838501,0.0994686573405611,0.6120689655172413,0.5919607843137256,0.0804640865308225,0.5997596153846154,0.59265664160401,0.1686220232501014,0.6301369863013698,0.6839215686274509,0.1595572497738719,0.71875,0.6135229966808914,0.1517070613436465,0.6715328467153284,0.5,0.161970885967925,0.4807692307692308,12.4,12.4,6.858571279792899,4,18.0,18,mrmr_then_elasticnet_no_corr_auto_k_no_smote,nested_cv_outputs_all_pairwise_concat_batch/Post1_Pre/fs_method_comparison/mrmr_then_elasticnet_no_corr_auto_k_no_smote,mrmr_then_elasticnet_no_corr_auto_k,mrmr_then_elasticnet_no_corr,auto,False,45,5,1.3777777777777778
Post1_Pre,Post1,Pre,LightGBM,0.6019444444444444,0.120022189377687,0.6204927884615384,0.6954032116785154,0.1094119087845645,0.6681276866655883,0.5759523877432665,0.1012365726960534,0.5862068965517241,0.5727264239028944,0.0748751782692362,0.5763221153846154,0.5744155844155843,0.1601336326563391,0.6142857142857143,0.6486274509803921,0.1892391532740314,0.671875,0.5857519057519058,0.1531914208250219,0.6417910447761194,0.4968253968253968,0.127018844460468,0.4807692307692308,10.4,10.4,4.454211490264018,6,10.0,18,elasticnet_then_mrmr_auto_k_no_smote,nested_cv_outputs_all_pairwise_concat_batch/Post1_Pre/fs_method_comparison/elasticnet_then_mrmr_auto_k_no_smote,elasticnet_then_mrmr_auto_k,elasticnet_then_mrmr,auto,False,35,3,1.4857142857142858
Post1_Pre,Post1,Pre,KNN,0.5986788048552755,0.1255802064118504,0.585186298076923,0.6728843800871653,0.1135920914113904,0.6183896602902714,0.5917643535552324,0.0770448381469578,0.5862068965517241,0.5875,0.0861362218599451,0.5799278846153846,0.6103921568627452,0.1695342694327926,0.6212121212121212,0.6333333333333333,0.1021867782023167,0.640625,0.6014882529588412,0.101541196712061,0.6307692307692307,0.5416666666666666,0.1821510701195,0.5192307692307693,10.4,10.4,4.454211490264018,6,10.0,18,elasticnet_then_mrmr_auto_k_no_smote,nested_cv_outputs_all_pairwise_concat_batch/Post1_Pre/fs_method_comparison/elasticnet_then_mrmr_auto_k_no_smote,elasticnet_then_mrmr_auto_k,elasticnet_then_mrmr,auto,False,35,3,1.4857142857142858
Post1_Pre,Post1,Pre,XGBoost,0.591311858076564,0.1038185018882482,0.6072716346153846,0.7096040616946236,0.0528320162294721,0.6742719142886892,0.561808467147733,0.0853109137921354,0.5689655172413793,0.5650700280112044,0.081333397572011,0.5643028846153846,0.5820138581748487,0.1664958156631845,0.609375,0.6015686274509804,0.1198640778337713,0.609375,0.5690522875816992,0.1224251051083943,0.609375,0.5285714285714287,0.1717552736415495,0.5192307692307693,10.4,10.4,4.454211490264018,6,10.0,18,elasticnet_then_mrmr_auto_k_no_smote,nested_cv_outputs_all_pairwise_concat_batch/Post1_Pre/fs_method_comparison/elasticnet_then_mrmr_auto_k_no_smote,elasticnet_then_mrmr_auto_k,elasticnet_then_mrmr,auto,False,35,3,1.4857142857142858
Post1_Pre,Post1,Pre,KNN,0.5857531901649548,0.0886901900852134,0.532752403846154,0.6110977535261699,0.1092777415853065,0.6011276316826716,0.5145256362720211,0.1337765363413471,0.5431034482758621,0.5381629318394024,0.0537339097738615,0.5228365384615384,0.5569828722002634,0.1579041901821837,0.5679012345679012,0.7552941176470588,0.1527419516905174,0.71875,0.6049055330634278,0.107623239785338,0.6344827586206897,0.321031746031746,0.2488269278234936,0.3269230769230769,11.6,11.6,4.963869458396343,4,14.0,18,corr_mrmr_auto_k_no_smote,nested_cv_outputs_all_pairwise_concat_batch/Post1_Pre/fs_method_comparison/corr_mrmr_auto_k_no_smote,corr_mrmr_auto_k,corr_mrmr,auto,False,35,3,1.6571428571428573
Post1_Pre,Post1,Pre,GradientBoosting,0.5843020541549954,0.1636539106607019,0.5836838942307692,0.6919636176763934,0.1130078112558867,0.6712364271570648,0.5570900240533165,0.0870245522470023,0.5603448275862069,0.5490662931839403,0.0861746330241202,0.5474759615384616,0.5641148325358851,0.1573605638438098,0.589041095890411,0.6568627450980391,0.1267704303940754,0.671875,0.5885383897148603,0.1230273759770977,0.6277372262773723,0.4412698412698413,0.1695406031750757,0.4230769230769231,10.4,10.4,4.454211490264018,6,10.0,18,elasticnet_then_mrmr_auto_k_no_smote,nested_cv_outputs_all_pairwise_concat_batch/Post1_Pre/fs_method_comparison/elasticnet_then_mrmr_auto_k_no_smote,elasticnet_then_mrmr_auto_k,elasticnet_then_mrmr,auto,False,35,3,1.4857142857142858
Post1_Pre,Post1,Pre,XGBoost,0.5832913165266108,0.0799460288407317,0.5519831730769231,0.6537160993758138,0.1387977818828144,0.6017743738140114,0.5422558778509835,0.1111062484749895,0.5517241379310345,0.5457656395891689,0.0980207772443796,0.5486778846153846,0.5516907653749759,0.1801383869467429,0.5967741935483871,0.5780392156862745,0.1597306460176038,0.578125,0.5452777777777778,0.1494527052652815,0.5873015873015873,0.5134920634920634,0.1207184339163907,0.5192307692307693,11.6,11.6,4.963869458396343,4,14.0,18,corr_mrmr_auto_k_no_smote,nested_cv_outputs_all_pairwise_concat_batch/Post1_Pre/fs_method_comparison/corr_mrmr_auto_k_no_smote,corr_mrmr_auto_k,corr_mrmr,auto,False,35,3,1.6571428571428573
Post1_Pre,Post1,Pre,ExtraTrees,0.5733006535947712,0.0799719075798812,0.5540865384615384,0.6559812881640449,0.1442590822920988,0.6666336092001643,0.5629312721637527,0.097271297285349,0.5431034482758621,0.5841993464052286,0.134693989637797,0.5408653846153846,0.6049112978524743,0.1408539931938546,0.5901639344262295,0.6211764705882353,0.2082585563610241,0.5625,0.575530857504292,0.0648907131885163,0.576,0.5472222222222222,0.1990719207463213,0.5192307692307693,11.6,11.6,4.963869458396343,4,14.0,18,corr_mrmr_auto_k_no_smote,nested_cv_outputs_all_pairwise_concat_batch/Post1_Pre/fs_method_comparison/corr_mrmr_auto_k_no_smote,corr_mrmr_auto_k,corr_mrmr,auto,False,35,3,1.6571428571428573
Post1_Pre,Post1,Pre,LightGBM,0.5655446623093682,0.0433783178759876,0.561748798076923,0.642845315136864,0.1757226577773408,0.6534859615691131,0.5309327552931558,0.0529831536766789,0.5258620689655172,0.5393790849673202,0.0519299452200754,0.5252403846153846,0.5584523809523809,0.152396018600424,0.576271186440678,0.5509803921568628,0.0873374802012552,0.53125,0.5342061986084756,0.0894126059022716,0.5528455284552846,0.5277777777777779,0.1138550085106622,0.5192307692307693,11.6,11.6,4.963869458396343,4,14.0,18,corr_mrmr_auto_k_no_smote,nested_cv_outputs_all_pairwise_concat_batch/Post1_Pre/fs_method_comparison/corr_mrmr_auto_k_no_smote,corr_mrmr_auto_k,corr_mrmr,auto,False,35,3,1.6571428571428573
Post1_Pre,Post1,Pre,ExtraTrees,0.5654520697167756,0.1209337210037279,0.6129807692307693,0.6770885679657386,0.1246385702712266,0.6782166856737102,0.5991058441002823,0.048929323669056,0.5948275862068966,0.5675186741363212,0.0788968274562655,0.5877403846153846,0.6002983802216539,0.195744442932446,0.6268656716417911,0.5901960784313726,0.1556818293433663,0.65625,0.5827310924369747,0.1508874016598551,0.6412213740458015,0.5448412698412698,0.2356474706222895,0.5192307692307693,10.4,10.4,4.454211490264018,6,10.0,18,elasticnet_then_mrmr_auto_k_no_smote,nested_cv_outputs_all_pairwise_concat_batch/Post1_Pre/fs_method_comparison/elasticnet_then_mrmr_auto_k_no_smote,elasticnet_then_mrmr_auto_k,elasticnet_then_mrmr,auto,False,35,3,1.4857142857142858
Post1_Pre,Post1,Pre,KNN,0.5586710239651416,0.1598568879762475,0.6153846153846153,0.6918421619008908,0.1219799739900311,0.7194139801732655,0.5377090404342908,0.118323216465546,0.5689655172413793,0.5205228758169935,0.1191952238487553,0.5570913461538461,0.5261904761904762,0.2140739694570383,0.5972222222222222,0.5854901960784313,0.22899946191274,0.671875,0.54092195051582,0.2116292933947755,0.6323529411764706,0.4555555555555555,0.1625415426480865,0.4423076923076923,12.4,12.4,6.858571279792899,4,18.0,18,mrmr_then_elasticnet_no_corr_auto_k_no_smote,nested_cv_outputs_all_pairwise_concat_batch/Post1_Pre/fs_method_comparison/mrmr_then_elasticnet_no_corr_auto_k_no_smote,mrmr_then_elasticnet_no_corr_auto_k,mrmr_then_elasticnet_no_corr,auto,False,45,5,1.3777777777777778
Post1_Pre,Post1,Pre,RandomForest,0.5563678804855275,0.1158402735749889,0.5760216346153846,0.6618771032219244,0.1020069559333369,0.623502246428639,0.5691974938915985,0.0905111922397267,0.5775862068965517,0.5476680672268908,0.1121838773889502,0.5721153846153846,0.5867063492063492,0.2133147460959753,0.6153846153846154,0.5584313725490196,0.1637244334825591,0.625,0.554360902255639,0.1684194936674476,0.6201550387596899,0.5369047619047619,0.2330267395070163,0.5192307692307693,10.4,10.4,4.454211490264018,6,10.0,18,elasticnet_then_mrmr_auto_k_no_smote,nested_cv_outputs_all_pairwise_concat_batch/Post1_Pre/fs_method_comparison/elasticnet_then_mrmr_auto_k_no_smote,elasticnet_then_mrmr_auto_k,elasticnet_then_mrmr,auto,False,35,3,1.4857142857142858
Post1_Pre,Post1,Pre,NaiveBayes,0.5422471210706505,0.1026439622158764,0.5030048076923077,0.5966757928438893,0.1389123378341205,0.5815107777674167,0.4518078016409496,0.0874223323171068,0.4655172413793103,0.4559197012138188,0.0607898812890338,0.4362980769230769,0.4838383838383837,0.1217328880418814,0.5111111111111111,0.7388235294117648,0.216086615979649,0.71875,0.5571206571206571,0.1204976959647567,0.5974025974025974,0.173015873015873,0.1705444573785814,0.1538461538461538,11.6,11.6,4.963869458396343,4,14.0,18,corr_mrmr_auto_k_no_smote,nested_cv_outputs_all_pairwise_concat_batch/Post1_Pre/fs_method_comparison/corr_mrmr_auto_k_no_smote,corr_mrmr_auto_k,corr_mrmr,auto,False,35,3,1.6571428571428573
Post1_Pre,Post1,Pre,GradientBoosting,0.5413375350140056,0.0398497413945039,0.5634014423076923,0.5935709989338425,0.1457542146479002,0.6192667912396829,0.5405764239468355,0.0794479465818759,0.5603448275862069,0.5391946778711485,0.029273749141486,0.5474759615384616,0.5474675324675324,0.155064935064935,0.589041095890411,0.6486274509803922,0.1482249192344032,0.671875,0.5727417256829022,0.1399671118690133,0.6277372262773723,0.4297619047619047,0.1156907677452984,0.4230769230769231,11.6,11.6,4.963869458396343,4,14.0,18,corr_mrmr_auto_k_no_smote,nested_cv_outputs_all_pairwise_concat_batch/Post1_Pre/fs_method_comparison/corr_mrmr_auto_k_no_smote,corr_mrmr_auto_k,corr_mrmr,auto,False,35,3,1.6571428571428573
Post1_Pre,Post1,Pre,RandomForest,0.5367569249922192,0.0338053162944281,0.5489783653846154,0.6384031557679967,0.1404082006146449,0.6147692926810581,0.5104437028797429,0.0388786900057821,0.5086206896551724,0.5136227824463118,0.0556585887155284,0.5006009615384616,0.5385964912280701,0.1359782514274838,0.5522388059701493,0.5780392156862745,0.1080418845974749,0.578125,0.5335559328428598,0.0790861277828642,0.5648854961832062,0.4492063492063492,0.1665419034157723,0.4230769230769231,11.6,11.6,4.963869458396343,4,14.0,18,corr_mrmr_auto_k_no_smote,nested_cv_outputs_all_pairwise_concat_batch/Post1_Pre/fs_method_comparison/corr_mrmr_auto_k_no_smote,corr_mrmr_auto_k,corr_mrmr,auto,False,35,3,1.6571428571428573
Post1_Pre,Post1,Pre,SVM_RBF,0.5117538126361655,0.0782580722773197,0.5799278846153847,0.614085662980987,0.1843094092076883,0.6684266088351916,0.6309066103838072,0.0640787909885809,0.6206896551724138,0.5661181139122315,0.0374433459613659,0.6129807692307692,0.5221949891067539,0.2643025137029038,0.6470588235294118,0.5588235294117647,0.31348029634057,0.6875,0.5310754604872252,0.2720574248657725,0.6666666666666666,0.5734126984126984,0.2570375053635504,0.5384615384615384,11.6,11.6,4.963869458396343,4,14.0,18,corr_mrmr_auto_k_no_smote,nested_cv_outputs_all_pairwise_concat_batch/Post1_Pre/fs_method_comparison/corr_mrmr_auto_k_no_smote,corr_mrmr_auto_k,corr_mrmr,auto,False,35,3,1.6571428571428573
Post1_T2,Post1,T2,SVM_RBF,0.74036453470277,0.0703681747081231,0.676983173076923,0.7826429690519804,0.0549489745301814,0.7240467653508216,0.5842840573096413,0.0914581820285139,0.603448275862069,0.6183916900093371,0.0420581964932983,0.5919471153846154,0.6128571428571429,0.1714391531125683,0.625,0.7435294117647059,0.1538254976817049,0.703125,0.6342411056995512,0.095627362306494,0.6617647058823529,0.4932539682539681,0.1969933359319865,0.4807692307692308,9.6,9.6,4.963869458396343,4,8.0,18,mrmr_then_elasticnet_no_corr_auto_k_no_smote,nested_cv_outputs_all_pairwise_concat_batch/Post1_T2/fs_method_comparison/mrmr_then_elasticnet_no_corr_auto_k_no_smote,mrmr_then_elasticnet_no_corr_auto_k,mrmr_then_elasticnet_no_corr,auto,False,38,4,1.263157894736842
Post1_T2,Post1,T2,SVM_Linear,0.7368004979769684,0.0553708325508224,0.6727764423076923,0.7834298553502608,0.0627139949227456,0.7516984600479426,0.5792799216603444,0.1252271426552936,0.6120689655172413,0.620077030812325,0.0331059083450593,0.6015625,0.6354025974025974,0.1886806524220609,0.6338028169014085,0.7270588235294118,0.2222751186563678,0.703125,0.6192487082809663,0.123637111639291,0.6666666666666666,0.5130952380952382,0.2616388741733728,0.5,9.6,9.6,4.963869458396343,4,8.0,18,mrmr_then_elasticnet_no_corr_auto_k_no_smote,nested_cv_outputs_all_pairwise_concat_batch/Post1_T2/fs_method_comparison/mrmr_then_elasticnet_no_corr_auto_k_no_smote,mrmr_then_elasticnet_no_corr_auto_k,mrmr_then_elasticnet_no_corr,auto,False,38,4,1.263157894736842
Post1_T2,Post1,T2,XGBoost,0.7264721444133209,0.0687454117118203,0.704627403846154,0.7472701733939772,0.0626688311820543,0.7619481054978698,0.6186726942566765,0.1087836422881139,0.646551724137931,0.6448179271708683,0.0319727616397574,0.6346153846153846,0.6372727272727272,0.1757424555797571,0.6575342465753424,0.7705882352941177,0.1768623103337989,0.75,0.6576421407540952,0.1208959538784111,0.7007299270072993,0.5190476190476191,0.2042228662220062,0.5192307692307693,9.6,9.6,4.963869458396343,4,8.0,18,mrmr_then_elasticnet_no_corr_auto_k_no_smote,nested_cv_outputs_all_pairwise_concat_batch/Post1_T2/fs_method_comparison/mrmr_then_elasticnet_no_corr_auto_k_no_smote,mrmr_then_elasticnet_no_corr_auto_k,mrmr_then_elasticnet_no_corr,auto,False,38,4,1.263157894736842
Post1_T2,Post1,T2,NaiveBayes,0.7262760659819485,0.0811838941046053,0.6935096153846154,0.7326918036335768,0.1842611866986929,0.7481755095682106,0.6270956333247768,0.0878363377583679,0.6379310344827587,0.6266223155929038,0.0786433619422641,0.6231971153846154,0.637420634920635,0.2016680409490726,0.6447368421052632,0.7274509803921568,0.1341955971158327,0.765625,0.6502907452907454,0.1375096645987034,0.7,0.5257936507936508,0.2431927860084272,0.4807692307692308,9.6,9.6,4.963869458396343,4,8.0,18,mrmr_then_elasticnet_no_corr_auto_k_no_smote,nested_cv_outputs_all_pairwise_concat_batch/Post1_T2/fs_method_comparison/mrmr_then_elasticnet_no_corr_auto_k_no_smote,mrmr_then_elasticnet_no_corr_auto_k,mrmr_then_elasticnet_no_corr,auto,False,38,4,1.263157894736842
Post1_T2,Post1,T2,ExtraTrees,0.7217156862745098,0.0936615845341422,0.6959134615384617,0.7869331267093982,0.0381164128091128,0.7575756639461875,0.6865211108258938,0.0484560771242297,0.6724137931034483,0.6993930905695611,0.0829576831387434,0.6688701923076923,0.7234173669467787,0.166798911825253,0.703125,0.7352941176470588,0.1642851769855169,0.703125,0.6939499484004127,0.0364187185132341,0.703125,0.6634920634920635,0.1897871133667952,0.6346153846153846,14.8,14.8,3.249615361854384,10,16.0,18,corr_mrmr_auto_k_no_smote,nested_cv_outputs_all_pairwise_concat_batch/Post1_T2/fs_method_comparison/corr_mrmr_auto_k_no_smote,corr_mrmr_auto_k,corr_mrmr,auto,False,43,5,1.7209302325581397
Post1_T2,Post1,T2,GradientBoosting,0.7079512916277623,0.0962601523961728,0.6598557692307693,0.7830474152678616,0.048087042383797,0.7315120455898941,0.5958462869475105,0.1390781204654018,0.6206896551724138,0.6274486461251166,0.059934173594919,0.609375,0.6415584415584416,0.1975734052544063,0.6388888888888888,0.7552941176470588,0.1927976510646729,0.71875,0.6426609510200841,0.128162044039083,0.6764705882352942,0.4996031746031746,0.2782943043410558,0.5,9.6,9.6,4.963869458396343,4,8.0,18,mrmr_then_elasticnet_no_corr_auto_k_no_smote,nested_cv_outputs_all_pairwise_concat_batch/Post1_T2/fs_method_comparison/mrmr_then_elasticnet_no_corr_auto_k_no_smote,mrmr_then_elasticnet_no_corr_auto_k,mrmr_then_elasticnet_no_corr,auto,False,38,4,1.263157894736842
Post1_T2,Post1,T2,LogisticRegression,0.7054458450046684,0.09406883814819,0.6902043269230769,0.7583954982868442,0.0899854560361059,0.7632408595069922,0.6264976279436791,0.0607725617406176,0.6206896551724138,0.6089192343604107,0.0544066965768263,0.6237980769230769,0.6412121212121212,0.1704485520831854,0.6785714285714286,0.5349019607843137,0.193148302660038,0.59375,0.566923076923077,0.1526414369823072,0.6333333333333333,0.682936507936508,0.1490733111720689,0.6538461538461539,9.6,9.6,4.963869458396343,4,8.0,18,mrmr_then_elasticnet_no_corr_auto_k_no_smote,nested_cv_outputs_all_pairwise_concat_batch/Post1_T2/fs_method_comparison/mrmr_then_elasticnet_no_corr_auto_k_no_smote,mrmr_then_elasticnet_no_corr_auto_k,mrmr_then_elasticnet_no_corr,auto,False,38,4,1.263157894736842
Post1_T2,Post1,T2,KNN,0.7044631185807656,0.0995561213615032,0.6591045673076923,0.7185914374666625,0.0610196734733629,0.6778556524801788,0.6161323597919816,0.1121193948365334,0.6379310344827587,0.6564869281045751,0.0517352775001284,0.6304086538461539,0.658968678380443,0.1892834970990889,0.6617647058823529,0.7435294117647059,0.1748790981276428,0.703125,0.6526447183647995,0.1065866090922324,0.6818181818181818,0.5694444444444444,0.213726489574126,0.5576923076923077,14.8,14.8,3.249615361854384,10,16.0,18,corr_mrmr_auto_k_no_smote,nested_cv_outputs_all_pairwise_concat_batch/Post1_T2/fs_method_comparison/corr_mrmr_auto_k_no_smote,corr_mrmr_auto_k,corr_mrmr,auto,False,43,5,1.7209302325581397
Post1_T2,Post1,T2,RandomForest,0.6956146903205725,0.1262037086328111,0.6532451923076922,0.7531871624758285,0.0770515836022608,0.7195041213444797,0.6102169552113935,0.0790006920200275,0.5948275862068966,0.6201587301587301,0.1087037685880629,0.5895432692307692,0.6193258574332743,0.0694267585854478,0.6307692307692307,0.6799999999999999,0.2217764078672598,0.640625,0.6211764705882353,0.0870146505140103,0.6356589147286822,0.5603174603174603,0.143196246560357,0.5384615384615384,14.8,14.8,3.249615361854384,10,16.0,18,corr_mrmr_auto_k_no_smote,nested_cv_outputs_all_pairwise_concat_batch/Post1_T2/fs_method_comparison/corr_mrmr_auto_k_no_smote,corr_mrmr_auto_k,corr_mrmr,auto,False,43,5,1.7209302325581397
Post1_T2,Post1,T2,KNN,0.6910978835978836,0.0818538799203704,0.6658653846153846,0.7214203361877386,0.1100872786389906,0.7292881352083909,0.5756695473603148,0.1839647439708143,0.6293103448275862,0.6118604108309991,0.0958582459723347,0.6135817307692308,0.6045889179470414,0.1948410452990388,0.6363636363636364,0.7741176470588236,0.2025990295682753,0.765625,0.6372489601901367,0.1668612338888012,0.6950354609929078,0.4496031746031746,0.2544068633189845,0.4615384615384615,11.2,11.2,4.48998886412873,6,12.0,16,elasticnet_then_mrmr_auto_k_no_smote,nested_cv_outputs_all_pairwise_concat_batch/Post1_T2/fs_method_comparison/elasticnet_then_mrmr_auto_k_no_smote,elasticnet_then_mrmr_auto_k,elasticnet_then_mrmr,auto,False,32,4,1.75
Post1_T2,Post1,T2,XGBoost,0.6861469032057268,0.1159508915661391,0.655048076923077,0.7355168333377771,0.0971848768917132,0.7263256204064201,0.6248709392202161,0.097293724038844,0.6379310344827587,0.6539565826330531,0.0773891588484634,0.6304086538461539,0.6534803921568628,0.1825099734994198,0.6617647058823529,0.7352941176470588,0.1764705882352941,0.703125,0.6515741677506384,0.1070841296666718,0.6818181818181818,0.5726190476190476,0.1907141370904836,0.5576923076923077,14.8,14.8,3.249615361854384,10,16.0,18,corr_mrmr_auto_k_no_smote,nested_cv_outputs_all_pairwise_concat_batch/Post1_T2/fs_method_comparison/corr_mrmr_auto_k_no_smote,corr_mrmr_auto_k,corr_mrmr,auto,False,43,5,1.7209302325581397
Post1_T2,Post1,T2,KNN,0.6820206971677558,0.0734474739135799,0.6524939903846154,0.7067782177651465,0.1026739446385815,0.6858383603838543,0.6132435849899698,0.0964173483568461,0.6120689655172413,0.6517787114845939,0.0765154340547121,0.6105769230769231,0.6551545530492899,0.1802436878157721,0.6557377049180327,0.7011764705882353,0.194256634734591,0.625,0.6318500137854977,0.1103335474498118,0.64,0.6023809523809524,0.1907141370904836,0.5961538461538461,9.6,9.6,4.963869458396343,4,8.0,18,mrmr_then_elasticnet_no_corr_auto_k_no_smote,nested_cv_outputs_all_pairwise_concat_batch/Post1_T2/fs_method_comparison/mrmr_then_elasticnet_no_corr_auto_k_no_smote,mrmr_then_elasticnet_no_corr_auto_k,mrmr_then_elasticnet_no_corr,auto,False,38,4,1.263157894736842
Post1_T2,Post1,T2,RandomForest,0.6709757236227825,0.0730775790515754,0.6649639423076923,0.7360384794288957,0.0312515371561498,0.707812928125813,0.6400050388370745,0.0690055948767066,0.6551724137931034,0.6425676937441642,0.046443473842482,0.6532451923076923,0.6455555555555555,0.1608004668011159,0.6935483870967742,0.6486274509803921,0.1658522199488935,0.671875,0.6243781712747231,0.1387276449095487,0.6825396825396826,0.6365079365079366,0.092846967289433,0.6346153846153846,9.6,9.6,4.963869458396343,4,8.0,18,mrmr_then_elasticnet_no_corr_auto_k_no_smote,nested_cv_outputs_all_pairwise_concat_batch/Post1_T2/fs_method_comparison/mrmr_then_elasticnet_no_corr_auto_k_no_smote,mrmr_then_elasticnet_no_corr_auto_k,mrmr_then_elasticnet_no_corr,auto,False,38,4,1.263157894736842
Post1_T2,Post1,T2,ExtraTrees,0.6664775910364146,0.0415268562729803,0.6790865384615384,0.7382098370949219,0.0883872298048299,0.7232234407600366,0.6387053991614615,0.0596729424043008,0.646551724137931,0.6276493930905696,0.0780323476174034,0.6508413461538461,0.6617460317460317,0.2099168991776094,0.7090909090909091,0.5549019607843138,0.1940681259868019,0.609375,0.5852299016772701,0.1706770285882649,0.6554621848739496,0.7003968253968254,0.1318392288453427,0.6923076923076923,9.6,9.6,4.963869458396343,4,8.0,18,mrmr_then_elasticnet_no_corr_auto_k_no_smote,nested_cv_outputs_all_pairwise_concat_batch/Post1_T2/fs_method_comparison/mrmr_then_elasticnet_no_corr_auto_k_no_smote,mrmr_then_elasticnet_no_corr_auto_k,mrmr_then_elasticnet_no_corr,auto,False,38,4,1.263157894736842
Post1_T2,Post1,T2,RandomForest,0.6590359477124184,0.0899906429508213,0.6439302884615384,0.7048925180875831,0.1351609531273347,0.7234186305107622,0.5552717644486276,0.1140742478883608,0.5862068965517241,0.5641363211951447,0.0855292996203299,0.5799278846153846,0.5677777777777778,0.1770261890369283,0.6212121212121212,0.6250980392156862,0.1643993412589665,0.640625,0.5718837691251484,0.1571140287682191,0.6307692307692307,0.5031746031746032,0.1128659608548011,0.5192307692307693,11.2,11.2,4.48998886412873,6,12.0,16,elasticnet_then_mrmr_auto_k_no_smote,nested_cv_outputs_all_pairwise_concat_batch/Post1_T2/fs_method_comparison/elasticnet_then_mrmr_auto_k_no_smote,elasticnet_then_mrmr_auto_k,elasticnet_then_mrmr,auto,False,32,4,1.75
Post1_T2,Post1,T2,SVM_RBF,0.6584228135698723,0.0785030471085657,0.6664663461538463,0.7060956807040044,0.1130863801500138,0.7017015643523796,0.5941606533375166,0.0762416188883927,0.6120689655172413,0.5989869281045751,0.0488128974958229,0.6069711538461539,0.6046176046176045,0.1607421999425908,0.6461538461538462,0.6368627450980392,0.1795821541693853,0.65625,0.5927624100037894,0.1422082007716007,0.6511627906976745,0.5611111111111111,0.1247219128924647,0.5576923076923077,11.2,11.2,4.48998886412873,6,12.0,16,elasticnet_then_mrmr_auto_k_no_smote,nested_cv_outputs_all_pairwise_concat_batch/Post1_T2/fs_method_comparison/elasticnet_then_mrmr_auto_k_no_smote,elasticnet_then_mrmr_auto_k,elasticnet_then_mrmr,auto,False,32,4,1.75
Post1_T2,Post1,T2,ExtraTrees,0.6575871459694989,0.0648844292123999,0.6403245192307693,0.7187767299612691,0.1131125001746387,0.7228208065975725,0.5561026972039207,0.0757811190393313,0.5775862068965517,0.5609617180205415,0.0550264738185337,0.5703125,0.5860606060606062,0.1708763132119143,0.6119402985074627,0.6250980392156862,0.1643993412589665,0.640625,0.5711432711432711,0.1318941138431019,0.6259541984732825,0.4968253968253968,0.2167901851536105,0.5,11.2,11.2,4.48998886412873,6,12.0,16,elasticnet_then_mrmr_auto_k_no_smote,nested_cv_outputs_all_pairwise_concat_batch/Post1_T2/fs_method_comparison/elasticnet_then_mrmr_auto_k_no_smote,elasticnet_then_mrmr_auto_k,elasticnet_then_mrmr,auto,False,32,4,1.75
Post1_T2,Post1,T2,SVM_Linear,0.6523840647370058,0.1020793470679317,0.6373197115384615,0.6763619426756247,0.1747906840194387,0.6767884653051327,0.5680685091697327,0.0992607802542381,0.5948275862068966,0.5765662931839403,0.0580521514766587,0.5877403846153846,0.5843814080656186,0.1779567629456248,0.6268656716417911,0.6368627450980392,0.1756862745098039,0.65625,0.5802759332171097,0.1529726408577794,0.6412213740458015,0.5162698412698413,0.1501783604068586,0.5192307692307693,11.2,11.2,4.48998886412873,6,12.0,16,elasticnet_then_mrmr_auto_k_no_smote,nested_cv_outputs_all_pairwise_concat_batch/Post1_T2/fs_method_comparison/elasticnet_then_mrmr_auto_k_no_smote,elasticnet_then_mrmr_auto_k,elasticnet_then_mrmr,auto,False,32,4,1.75
Post1_T2,Post1,T2,LogisticRegression,0.651129007158419,0.0943773992338621,0.66796875,0.6721377399943662,0.1737173084084538,0.7103713992164271,0.5839455995740757,0.1092459149003916,0.6120689655172413,0.5727964519140989,0.1082581812884333,0.6087740384615384,0.5873015873015872,0.2115939102791499,0.6507936507936508,0.5701960784313725,0.2146011921326261,0.640625,0.5612554374441853,0.2019154986010866,0.6456692913385826,0.5753968253968254,0.1209373818971456,0.5769230769230769,11.2,11.2,4.48998886412873,6,12.0,16,elasticnet_then_mrmr_auto_k_no_smote,nested_cv_outputs_all_pairwise_concat_batch/Post1_T2/fs_method_comparison/elasticnet_then_mrmr_auto_k_no_smote,elasticnet_then_mrmr_auto_k,elasticnet_then_mrmr,auto,False,32,4,1.75
Post1_T2,Post1,T2,XGBoost,0.6388414254590725,0.0744636425247133,0.62109375,0.6806896150907484,0.1566989028153918,0.6949165297156328,0.566032058412481,0.0943403525093833,0.5948275862068966,0.5910597572362277,0.058267363962398,0.5823317307692308,0.5883879989829646,0.1572352668764408,0.6164383561643836,0.7352941176470588,0.1950955759032588,0.703125,0.6161532256813563,0.1106007779814862,0.656934306569343,0.4468253968253968,0.1779902358599382,0.4615384615384615,11.2,11.2,4.48998886412873,6,12.0,16,elasticnet_then_mrmr_auto_k_no_smote,nested_cv_outputs_all_pairwise_concat_batch/Post1_T2/fs_method_comparison/elasticnet_then_mrmr_auto_k_no_smote,elasticnet_then_mrmr_auto_k,elasticnet_then_mrmr,auto,False,32,4,1.75
Post1_T2,Post1,T2,LogisticRegression,0.6260994397759104,0.0983117062644017,0.591045673076923,0.6892271842991928,0.095079580271559,0.6474168151416758,0.6006973560366219,0.085354798366949,0.5948275862068966,0.5973506069094305,0.0892264866444744,0.5877403846153846,0.6159663865546219,0.1770618346750532,0.6268656716417911,0.6450980392156862,0.1127067283388228,0.65625,0.6095545235638115,0.1127548009155453,0.6412213740458015,0.5496031746031746,0.1829618995565536,0.5192307692307693,14.8,14.8,3.249615361854384,10,16.0,18,corr_mrmr_auto_k_no_smote,nested_cv_outputs_all_pairwise_concat_batch/Post1_T2/fs_method_comparison/corr_mrmr_auto_k_no_smote,corr_mrmr_auto_k,corr_mrmr,auto,False,43,5,1.7209302325581397
Post1_T2,Post1,T2,LightGBM,0.6259741674447556,0.1049399476893918,0.5689603365384615,0.6981818569373305,0.0737433977339519,0.5986826373473674,0.5114990064934448,0.072399222039354,0.5258620689655172,0.547156862745098,0.0928708263574314,0.5270432692307692,0.5681085065605189,0.1665084335599969,0.5789473684210527,0.5776470588235294,0.2806911884128092,0.515625,0.5060606060606061,0.133747343544978,0.5454545454545454,0.5166666666666667,0.2134374745810949,0.5384615384615384,11.2,11.2,4.48998886412873,6,12.0,16,elasticnet_then_mrmr_auto_k_no_smote,nested_cv_outputs_all_pairwise_concat_batch/Post1_T2/fs_method_comparison/elasticnet_then_mrmr_auto_k_no_smote,elasticnet_then_mrmr_auto_k,elasticnet_then_mrmr,auto,False,32,4,1.75
Post1_T2,Post1,T2,SVM_Linear,0.6213445378151261,0.1035363882260495,0.5677584134615384,0.6570187850448059,0.0982452946235479,0.6158130749451801,0.5488462964547502,0.0882434405560226,0.5431034482758621,0.5885947712418301,0.0767082224716666,0.5390625,0.473010752688172,0.2805071963441089,0.5873015873015873,0.6494117647058824,0.3660619948629534,0.578125,0.5125,0.2666666666666667,0.5826771653543307,0.5277777777777778,0.3433674920080543,0.5,14.8,14.8,3.249615361854384,10,16.0,18,corr_mrmr_auto_k_no_smote,nested_cv_outputs_all_pairwise_concat_batch/Post1_T2/fs_method_comparison/corr_mrmr_auto_k_no_smote,corr_mrmr_auto_k,corr_mrmr,auto,False,43,5,1.7209302325581397
Post1_T2,Post1,T2,GradientBoosting,0.6092779333955806,0.0552785613867062,0.603515625,0.6823120760240007,0.1641951566623754,0.6930233055628354,0.567658747135944,0.0769829645612773,0.5862068965517241,0.5736694677871148,0.0555929794938398,0.5763221153846154,0.5961904761904762,0.1802404541583069,0.6142857142857143,0.6568627450980392,0.1372549019607843,0.671875,0.5945122625852849,0.1238481535480725,0.6417910447761194,0.4904761904761905,0.2126125152305316,0.4807692307692308,11.2,11.2,4.48998886412873,6,12.0,16,elasticnet_then_mrmr_auto_k_no_smote,nested_cv_outputs_all_pairwise_concat_batch/Post1_T2/fs_method_comparison/elasticnet_then_mrmr_auto_k_no_smote,elasticnet_then_mrmr_auto_k,elasticnet_then_mrmr,auto,False,32,4,1.75
Post1_T2,Post1,T2,NaiveBayes,0.6056380329909741,0.0471564993376388,0.6213942307692307,0.6495768757879579,0.150228900796941,0.6677608451681961,0.5984631546922983,0.0513418057000921,0.603448275862069,0.5677521008403361,0.0566066254643277,0.5811298076923077,0.5704650856389988,0.1252125292116201,0.6071428571428571,0.7509803921568627,0.1482435935014572,0.796875,0.6371794871794872,0.1223476733496856,0.6891891891891891,0.3845238095238095,0.1958822770571767,0.3653846153846153,14.8,14.8,3.249615361854384,10,16.0,18,corr_mrmr_auto_k_no_smote,nested_cv_outputs_all_pairwise_concat_batch/Post1_T2/fs_method_comparison/corr_mrmr_auto_k_no_smote,corr_mrmr_auto_k,corr_mrmr,auto,False,43,5,1.7209302325581397
Post1_T2,Post1,T2,NaiveBayes,0.6049805477746655,0.1635176933245915,0.6246995192307693,0.6582518828254078,0.2216891550698078,0.6757527315914322,0.5744549974805815,0.1294805042858788,0.5948275862068966,0.5609383753501401,0.0895930414407169,0.5697115384615384,0.566225380899294,0.1768864305399741,0.5977011494252874,0.7956862745098039,0.1137011468198909,0.8125,0.646056622851365,0.1614532259143409,0.6887417218543046,0.3261904761904762,0.1821666305334744,0.3269230769230769,11.2,11.2,4.48998886412873,6,12.0,16,elasticnet_then_mrmr_auto_k_no_smote,nested_cv_outputs_all_pairwise_concat_batch/Post1_T2/fs_method_comparison/elasticnet_then_mrmr_auto_k_no_smote,elasticnet_then_mrmr_auto_k,elasticnet_then_mrmr,auto,False,32,4,1.75
Post1_T2,Post1,T2,LightGBM,0.599906629318394,0.0742540582126898,0.5829326923076923,0.6628065518646746,0.0506761782300202,0.6431490050205678,0.5819528821197342,0.0890639224755315,0.5862068965517241,0.5775,0.0628851412378846,0.5817307692307692,0.5739348370927319,0.1358716171608232,0.625,0.6133333333333333,0.1843487659641235,0.625,0.5750537555811389,0.1417494575490209,0.625,0.5416666666666666,0.0633430791721743,0.5384615384615384,9.6,9.6,4.963869458396343,4,8.0,18,mrmr_then_elasticnet_no_corr_auto_k_no_smote,nested_cv_outputs_all_pairwise_concat_batch/Post1_T2/fs_method_comparison/mrmr_then_elasticnet_no_corr_auto_k_no_smote,mrmr_then_elasticnet_no_corr_auto_k,mrmr_then_elasticnet_no_corr,auto,False,38,4,1.263157894736842
Post1_T2,Post1,T2,SVM_RBF,0.5969102085278555,0.1734306106139757,0.561748798076923,0.6610187922237509,0.099340527541005,0.6122740688641973,0.5356573780934182,0.0912340035584359,0.5431034482758621,0.5770751633986928,0.0631331528864084,0.5336538461538461,0.5801536098310291,0.1610147422620134,0.5797101449275363,0.6847058823529412,0.3051937951452416,0.625,0.5567710868644655,0.1683435881402157,0.6015037593984962,0.4694444444444444,0.3088709027537253,0.4423076923076923,14.8,14.8,3.249615361854384,10,16.0,18,corr_mrmr_auto_k_no_smote,nested_cv_outputs_all_pairwise_concat_batch/Post1_T2/fs_method_comparison/corr_mrmr_auto_k_no_smote,corr_mrmr_auto_k,corr_mrmr,auto,False,43,5,1.7209302325581397
Post1_T2,Post1,T2,GradientBoosting,0.595655929038282,0.1513528950207641,0.5688100961538461,0.6971570213389866,0.1134487622855211,0.6239706908223198,0.544186798246865,0.0772427263059472,0.5431034482758621,0.5672525676937441,0.0963361533404017,0.5336538461538461,0.587843137254902,0.162224065549138,0.5797101449275363,0.668235294117647,0.2020517594449741,0.625,0.5804300098417745,0.0817975847145733,0.6015037593984962,0.4662698412698413,0.2160567612028757,0.4423076923076923,14.8,14.8,3.249615361854384,10,16.0,18,corr_mrmr_auto_k_no_smote,nested_cv_outputs_all_pairwise_concat_batch/Post1_T2/fs_method_comparison/corr_mrmr_auto_k_no_smote,corr_mrmr_auto_k,corr_mrmr,auto,False,43,5,1.7209302325581397
Post1_T2,Post1,T2,LightGBM,0.5695969498910676,0.1440170301390541,0.5889423076923077,0.6835257760791851,0.1119129077789717,0.6946915580027321,0.546064002738085,0.1495248523937543,0.5172413793103449,0.5350630252100841,0.1413958105336089,0.515625,0.5553968253968253,0.114319219074643,0.5666666666666667,0.5427450980392157,0.1417331074268425,0.53125,0.5431436210847975,0.1175075877517769,0.5483870967741935,0.5273809523809524,0.1787318503401861,0.5,14.8,14.8,3.249615361854384,10,16.0,18,corr_mrmr_auto_k_no_smote,nested_cv_outputs_all_pairwise_concat_batch/Post1_T2/fs_method_comparison/corr_mrmr_auto_k_no_smote,corr_mrmr_auto_k,corr_mrmr,auto,False,43,5,1.7209302325581397
Post2_Pre,Post2,Pre,SVM_RBF,0.7582210998877665,0.1479834539274216,0.7310650887573966,0.8456095310692664,0.0783700252622094,0.816734149410876,0.6844995864350703,0.0631573873041437,0.6752136752136753,0.7005176767676767,0.0816104655353055,0.6730769230769231,0.7175091575091574,0.1008582366703485,0.7142857142857143,0.7299242424242424,0.1789130275907532,0.6923076923076923,0.6997317066282583,0.0492134427660693,0.703125,0.671111111111111,0.1195877693073218,0.6538461538461539,10.4,10.4,5.122499389946279,4,10.0,18,elasticnet_then_mrmr_auto_k_no_smote,nested_cv_outputs_all_pairwise_concat_batch/Post2_Pre/fs_method_comparison/elasticnet_then_mrmr_auto_k_no_smote,elasticnet_then_mrmr_auto_k,elasticnet_then_mrmr,auto,False,28,4,1.8571428571428572
Post2_Pre,Post2,Pre,SVM_Linear,0.7553423120089786,0.1094242867635643,0.7328402366863905,0.794220639106429,0.0747998747891378,0.7724343075236334,0.6862733204668688,0.0975288426884825,0.7008547008547008,0.7063510101010101,0.0944680532799367,0.698076923076923,0.71984126984127,0.1473200590498045,0.734375,0.7549242424242424,0.1799684953553746,0.7230769230769231,0.7073906485671191,0.0920826523688933,0.7286821705426356,0.6577777777777778,0.163057211803059,0.6730769230769231,10.4,10.4,5.122499389946279,4,10.0,18,elasticnet_then_mrmr_auto_k_no_smote,nested_cv_outputs_all_pairwise_concat_batch/Post2_Pre/fs_method_comparison/elasticnet_then_mrmr_auto_k_no_smote,elasticnet_then_mrmr_auto_k,elasticnet_then_mrmr,auto,False,28,4,1.8571428571428572
Post2_Pre,Post2,Pre,SVM_RBF,0.7485578002244668,0.1020990728067133,0.6859467455621302,0.8252164468729873,0.0413291802681493,0.7548411647947195,0.6776518702325154,0.0651170088876908,0.6666666666666666,0.7129545454545454,0.0900717469578602,0.6692307692307693,0.7576190476190476,0.1620615487345203,0.7241379310344828,0.6881313131313131,0.2135742680250895,0.6461538461538462,0.6779026652860324,0.0654061750843348,0.6829268292682927,0.7377777777777778,0.2298254839795181,0.6923076923076923,11.6,11.6,4.800000000000001,4,14.0,16,mrmr_then_elasticnet_no_corr_auto_k_no_smote,nested_cv_outputs_all_pairwise_concat_batch/Post2_Pre/fs_method_comparison/mrmr_then_elasticnet_no_corr_auto_k_no_smote,mrmr_then_elasticnet_no_corr_auto_k,mrmr_then_elasticnet_no_corr,auto,False,41,4,1.4146341463414631
Post2_Pre,Post2,Pre,ExtraTrees,0.7441035353535352,0.1249732371105036,0.7136094674556213,0.8192395345813189,0.0516183280389116,0.77261613966522,0.7052688172043011,0.1170275215377726,0.6837606837606838,0.7271212121212122,0.1127357026485762,0.6923076923076923,0.7882950967161493,0.0573712370409473,0.7692307692307693,0.6631313131313131,0.2158310302505607,0.6153846153846154,0.6979317490437035,0.1180502949219557,0.6837606837606838,0.7911111111111111,0.105736686696625,0.7692307692307693,10.4,10.4,5.122499389946279,4,10.0,18,elasticnet_then_mrmr_auto_k_no_smote,nested_cv_outputs_all_pairwise_concat_batch/Post2_Pre/fs_method_comparison/elasticnet_then_mrmr_auto_k_no_smote,elasticnet_then_mrmr_auto_k,elasticnet_then_mrmr,auto,False,28,4,1.8571428571428572
Post2_Pre,Post2,Pre,SVM_Linear,0.7420075757575757,0.1018204208257505,0.7056213017751479,0.8070067056662591,0.0715202164150275,0.7739224367757477,0.6477373403179854,0.0267217448091278,0.6410256410256411,0.6681565656565656,0.0593186279552005,0.6307692307692307,0.6752747252747252,0.1167165407108098,0.6619718309859155,0.7563131313131313,0.200775839331884,0.7230769230769231,0.6805347027443216,0.031321333556366,0.6911764705882353,0.5799999999999998,0.2029899954963419,0.5384615384615384,11.6,11.6,4.800000000000001,4,14.0,16,mrmr_then_elasticnet_no_corr_auto_k_no_smote,nested_cv_outputs_all_pairwise_concat_batch/Post2_Pre/fs_method_comparison/mrmr_then_elasticnet_no_corr_auto_k_no_smote,mrmr_then_elasticnet_no_corr_auto_k,mrmr_then_elasticnet_no_corr,auto,False,41,4,1.4146341463414631
Post2_Pre,Post2,Pre,LogisticRegression,0.741703142536476,0.1214033853621868,0.728698224852071,0.7907487464336849,0.077452431135494,0.7976988754380183,0.7172162485065711,0.128228843444922,0.7008547008547008,0.7278787878787879,0.132821931138222,0.7038461538461538,0.7655555555555555,0.0564811778983948,0.7586206896551724,0.7202020202020203,0.1838248552020706,0.676923076923077,0.7311650410022527,0.1047683775255315,0.7154471544715447,0.7355555555555555,0.1285051759537863,0.7307692307692307,10.4,10.4,5.122499389946279,4,10.0,18,elasticnet_then_mrmr_auto_k_no_smote,nested_cv_outputs_all_pairwise_concat_batch/Post2_Pre/fs_method_comparison/elasticnet_then_mrmr_auto_k_no_smote,elasticnet_then_mrmr_auto_k,elasticnet_then_mrmr,auto,False,28,4,1.8571428571428572
Post2_Pre,Post2,Pre,LogisticRegression,0.7345089786756454,0.098293177002272,0.6961538461538462,0.7854528995826665,0.0591155044152816,0.7718172279440287,0.6985323040161748,0.0396608202271143,0.6923076923076923,0.7280934343434342,0.0600354026085507,0.6961538461538461,0.7609523809523809,0.12880578288732,0.7543859649122807,0.7006313131313131,0.1878448432461482,0.6615384615384615,0.6970698582463288,0.0547745239771855,0.7049180327868853,0.7555555555555554,0.1377060745318192,0.7307692307692307,11.6,11.6,4.800000000000001,4,14.0,16,mrmr_then_elasticnet_no_corr_auto_k_no_smote,nested_cv_outputs_all_pairwise_concat_batch/Post2_Pre/fs_method_comparison/mrmr_then_elasticnet_no_corr_auto_k_no_smote,mrmr_then_elasticnet_no_corr_auto_k,mrmr_then_elasticnet_no_corr,auto,False,41,4,1.4146341463414631
Post2_Pre,Post2,Pre,LightGBM,0.7320735129068463,0.1130056133777166,0.724112426035503,0.8010811781969226,0.0558038906891726,0.7768702086567392,0.6950951199338296,0.1062554711935692,0.6837606837606838,0.7155176767676767,0.1049119071624513,0.6903846153846154,0.7462745098039215,0.0437979703507311,0.7592592592592593,0.6799242424242424,0.2150634689669862,0.6307692307692307,0.6893460925039872,0.1118752829989563,0.6890756302521008,0.7511111111111111,0.0474536811201391,0.75,10.4,10.4,5.122499389946279,4,10.0,18,elasticnet_then_mrmr_auto_k_no_smote,nested_cv_outputs_all_pairwise_concat_batch/Post2_Pre/fs_method_comparison/elasticnet_then_mrmr_auto_k_no_smote,elasticnet_then_mrmr_auto_k,elasticnet_then_mrmr,auto,False,28,4,1.8571428571428572
Post2_Pre,Post2,Pre,RandomForest,0.7254208754208754,0.1396078448108575,0.695414201183432,0.813848371118627,0.0756547513674919,0.7658881871075478,0.6978871427258524,0.1063172509739226,0.6923076923076923,0.7073989898989899,0.1126627086928374,0.6923076923076923,0.7212573099415205,0.0661565845817826,0.7377049180327869,0.7214646464646465,0.2119521933649593,0.6923076923076923,0.7038956365272154,0.1125161953640875,0.7142857142857143,0.6933333333333334,0.0882197032945742,0.6923076923076923,10.4,10.4,5.122499389946279,4,10.0,18,elasticnet_then_mrmr_auto_k_no_smote,nested_cv_outputs_all_pairwise_concat_batch/Post2_Pre/fs_method_comparison/elasticnet_then_mrmr_auto_k_no_smote,elasticnet_then_mrmr_auto_k,elasticnet_then_mrmr,auto,False,28,4,1.8571428571428572
Post2_Pre,Post2,Pre,KNN,0.7191231762065096,0.1513716016527046,0.6784023668639053,0.808054083876122,0.0596571247606354,0.7615583495554434,0.5996719051557762,0.0543839195750035,0.6068376068376068,0.6253787878787879,0.055234032877562,0.6,0.6402272727272726,0.1261631830619796,0.6417910447761194,0.7063131313131313,0.1960669548667894,0.6615384615384615,0.6359002080364309,0.0572094329486658,0.6515151515151515,0.5444444444444445,0.166888740937943,0.5384615384615384,10.4,10.4,5.122499389946279,4,10.0,18,elasticnet_then_mrmr_auto_k_no_smote,nested_cv_outputs_all_pairwise_concat_batch/Post2_Pre/fs_method_comparison/elasticnet_then_mrmr_auto_k_no_smote,elasticnet_then_mrmr_auto_k,elasticnet_then_mrmr,auto,False,28,4,1.8571428571428572
Post2_Pre,Post2,Pre,XGBoost,0.7188888888888888,0.1315435429950999,0.7150887573964497,0.7896932636871139,0.0486607993369905,0.7643181329575166,0.6922176270563366,0.061726838648399,0.7008547008547008,0.7025378787878787,0.0624917400929018,0.6961538461538461,0.7062428799270906,0.1087802337736042,0.7272727272727273,0.7561868686868687,0.2096059995161395,0.7384615384615385,0.7018803418803419,0.0975623710588328,0.732824427480916,0.6488888888888888,0.1343663685140531,0.6538461538461539,10.4,10.4,5.122499389946279,4,10.0,18,elasticnet_then_mrmr_auto_k_no_smote,nested_cv_outputs_all_pairwise_concat_batch/Post2_Pre/fs_method_comparison/elasticnet_then_mrmr_auto_k_no_smote,elasticnet_then_mrmr_auto_k,elasticnet_then_mrmr,auto,False,28,4,1.8571428571428572
Post2_Pre,Post2,Pre,GradientBoosting,0.7087696408529742,0.1413769759307514,0.6795857988165681,0.7877406981105557,0.0579722659191066,0.7358545448115599,0.5901562356401066,0.0898574649230303,0.5897435897435898,0.5854545454545454,0.1205420941077956,0.573076923076923,0.5869047619047618,0.072178601862972,0.6103896103896104,0.7464646464646465,0.2101499463454245,0.7230769230769231,0.6421611721611721,0.0972597763786363,0.6619718309859155,0.4244444444444444,0.113833319776584,0.4230769230769231,10.4,10.4,5.122499389946279,4,10.0,18,elasticnet_then_mrmr_auto_k_no_smote,nested_cv_outputs_all_pairwise_concat_batch/Post2_Pre/fs_method_comparison/elasticnet_then_mrmr_auto_k_no_smote,elasticnet_then_mrmr_auto_k,elasticnet_then_mrmr,auto,False,28,4,1.8571428571428572
Post2_Pre,Post2,Pre,KNN,0.6961482884399551,0.0842157051724235,0.6791420118343195,0.7692905739632867,0.0642065463706437,0.7630903236558986,0.573678889807922,0.0672355439258833,0.5641025641025641,0.5871085858585858,0.104658849472858,0.5538461538461539,0.5995236647410561,0.0844256704938533,0.6,0.7008838383838384,0.1830661784471834,0.6461538461538462,0.623063973063973,0.0363277663213951,0.6222222222222222,0.4733333333333333,0.1401234024038617,0.4615384615384615,11.6,11.6,4.800000000000001,4,14.0,16,mrmr_then_elasticnet_no_corr_auto_k_no_smote,nested_cv_outputs_all_pairwise_concat_batch/Post2_Pre/fs_method_comparison/mrmr_then_elasticnet_no_corr_auto_k_no_smote,mrmr_then_elasticnet_no_corr_auto_k,mrmr_then_elasticnet_no_corr,auto,False,41,4,1.4146341463414631
Post2_Pre,Post2,Pre,ExtraTrees,0.6916694725028057,0.1242248068033534,0.6437869822485207,0.7946133917997605,0.0488693745850434,0.7633308960902194,0.6476261373035567,0.1066689756270157,0.6239316239316239,0.6819191919191919,0.1147524498427985,0.6346153846153846,0.7725641025641026,0.1540417559962267,0.7142857142857143,0.594949494949495,0.2474575468151411,0.5384615384615384,0.6193958013312851,0.122963739164022,0.6140350877192983,0.7688888888888888,0.2020145453753513,0.7307692307692307,11.6,11.6,4.800000000000001,4,14.0,16,mrmr_then_elasticnet_no_corr_auto_k_no_smote,nested_cv_outputs_all_pairwise_concat_batch/Post2_Pre/fs_method_comparison/mrmr_then_elasticnet_no_corr_auto_k_no_smote,mrmr_then_elasticnet_no_corr_auto_k,mrmr_then_elasticnet_no_corr,auto,False,41,4,1.4146341463414631
Post2_Pre,Post2,Pre,NaiveBayes,0.691017115600449,0.1460977516889555,0.5912721893491124,0.7387033984008189,0.0614077270269596,0.6448520349759344,0.6034822167080232,0.140211877338018,0.5811965811965812,0.6015656565656566,0.1677146726049909,0.5615384615384615,0.6257899090157155,0.1254949422212307,0.6,0.7631313131313131,0.2148121760812358,0.7384615384615385,0.6666771252083536,0.1059340156313151,0.6620689655172414,0.44,0.3096473501928952,0.3846153846153846,10.4,10.4,5.122499389946279,4,10.0,18,elasticnet_then_mrmr_auto_k_no_smote,nested_cv_outputs_all_pairwise_concat_batch/Post2_Pre/fs_method_comparison/elasticnet_then_mrmr_auto_k_no_smote,elasticnet_then_mrmr_auto_k,elasticnet_then_mrmr,auto,False,28,4,1.8571428571428572
Post2_Pre,Post2,Pre,RandomForest,0.6781116722783389,0.1439877529614265,0.6186390532544379,0.7783016031380579,0.0626826673419071,0.7003711639690129,0.5614722911497105,0.1078954350626096,0.5555555555555556,0.5932323232323232,0.1325403957168758,0.5557692307692308,0.612997002997003,0.1459214547796143,0.6101694915254238,0.6131313131313132,0.2326932851032659,0.5538461538461539,0.5753566520747446,0.1113681963119467,0.5806451612903226,0.5733333333333333,0.1903343387143454,0.5576923076923077,11.6,11.6,4.800000000000001,4,14.0,16,mrmr_then_elasticnet_no_corr_auto_k_no_smote,nested_cv_outputs_all_pairwise_concat_batch/Post2_Pre/fs_method_comparison/mrmr_then_elasticnet_no_corr_auto_k_no_smote,mrmr_then_elasticnet_no_corr_auto_k,mrmr_then_elasticnet_no_corr,auto,False,41,4,1.4146341463414631
Post2_Pre,Post2,Pre,ExtraTrees,0.6757673961840628,0.1540897456081765,0.6127218934911243,0.7530727450661184,0.1142163055001884,0.6564934763500632,0.6087786049076371,0.0463076567157853,0.5982905982905983,0.6483080808080808,0.0770343421363535,0.5980769230769231,0.7203448275862069,0.1802310579366011,0.65,0.6477272727272727,0.2915830261812659,0.6,0.6046464646464647,0.0770160787106252,0.624,0.6488888888888888,0.3018952479598523,0.5961538461538461,10.4,10.4,4.963869458396343,4,8.0,18,corr_mrmr_auto_k_no_smote,nested_cv_outputs_all_pairwise_concat_batch/Post2_Pre/fs_method_comparison/corr_mrmr_auto_k_no_smote,corr_mrmr_auto_k,corr_mrmr,auto,False,36,4,1.4444444444444444
Post2_Pre,Post2,Pre,RandomForest,0.6685760381593715,0.162684146319356,0.5958579881656805,0.7445485993351917,0.1302745063525452,0.6617285455000768,0.6004052936311002,0.0678693108814963,0.5897435897435898,0.6301767676767677,0.0925819706181635,0.5884615384615384,0.660776397515528,0.1445014603454708,0.639344262295082,0.6492424242424242,0.222082141340306,0.6,0.6114757858464952,0.0797184247516624,0.6190476190476191,0.611111111111111,0.20560059566614,0.5769230769230769,10.4,10.4,4.963869458396343,4,8.0,18,corr_mrmr_auto_k_no_smote,nested_cv_outputs_all_pairwise_concat_batch/Post2_Pre/fs_method_comparison/corr_mrmr_auto_k_no_smote,corr_mrmr_auto_k,corr_mrmr,auto,False,36,4,1.4444444444444444
Post2_Pre,Post2,Pre,NaiveBayes,0.6611798540965208,0.163634083181,0.5863905325443788,0.7420033678332155,0.1078051962387576,0.6944169352841534,0.5934822167080231,0.1520822635313266,0.5726495726495726,0.5831565656565656,0.1678664270571254,0.551923076923077,0.6179972668752473,0.1101637069156136,0.5925925925925926,0.7618686868686868,0.2553623456158178,0.7384615384615385,0.6522677737415672,0.1307311297072022,0.6575342465753424,0.4044444444444444,0.3242922017236391,0.3653846153846153,11.6,11.6,4.800000000000001,4,14.0,16,mrmr_then_elasticnet_no_corr_auto_k_no_smote,nested_cv_outputs_all_pairwise_concat_batch/Post2_Pre/fs_method_comparison/mrmr_then_elasticnet_no_corr_auto_k_no_smote,mrmr_then_elasticnet_no_corr_auto_k,mrmr_then_elasticnet_no_corr,auto,False,41,4,1.4146341463414631
Post2_Pre,Post2,Pre,LightGBM,0.6506818181818181,0.1059305238834175,0.6171597633136096,0.6998550687250576,0.0530683619901793,0.676540114126492,0.6007260362099072,0.0792309903192844,0.5982905982905983,0.6253156565656566,0.1074872039137847,0.6000000000000001,0.6527777777777778,0.1285003722913375,0.6551724137931034,0.6395202020202021,0.2117684356068089,0.5846153846153846,0.6123885918003565,0.070996675694605,0.6178861788617886,0.611111111111111,0.1533172294280919,0.6153846153846154,11.6,11.6,4.800000000000001,4,14.0,16,mrmr_then_elasticnet_no_corr_auto_k_no_smote,nested_cv_outputs_all_pairwise_concat_batch/Post2_Pre/fs_method_comparison/mrmr_then_elasticnet_no_corr_auto_k_no_smote,mrmr_then_elasticnet_no_corr_auto_k,mrmr_then_elasticnet_no_corr,auto,False,41,4,1.4146341463414631
Post2_Pre,Post2,Pre,LogisticRegression,0.6407519640852974,0.1371831677743509,0.6248520710059172,0.7084771139143974,0.1120262487706263,0.7197247562031883,0.6058753791011855,0.093555419914604,0.5811965811965812,0.6182954545454546,0.1206316620248145,0.5692307692307692,0.645011520737327,0.0870364645021233,0.6111111111111112,0.7188131313131313,0.2361872615276009,0.676923076923077,0.6450446200923772,0.0625921683134622,0.6423357664233577,0.5177777777777778,0.2815828277592384,0.4615384615384615,10.4,10.4,4.963869458396343,4,8.0,18,corr_mrmr_auto_k_no_smote,nested_cv_outputs_all_pairwise_concat_batch/Post2_Pre/fs_method_comparison/corr_mrmr_auto_k_no_smote,corr_mrmr_auto_k,corr_mrmr,auto,False,36,4,1.4444444444444444
Post2_Pre,Post2,Pre,SVM_RBF,0.6376921997755332,0.1522420706466331,0.578698224852071,0.727093683415158,0.1157545672522676,0.6961676539984747,0.5363597095855159,0.0889002709637807,0.5470085470085471,0.5685101010101009,0.0592163694460095,0.5307692307692308,0.6234012450481041,0.1785739153285829,0.5789473684210527,0.7103535353535353,0.2629945940787402,0.676923076923077,0.5943578121300275,0.0860975917776403,0.624113475177305,0.4266666666666666,0.3587082448707746,0.3846153846153846,10.4,10.4,4.963869458396343,4,8.0,18,corr_mrmr_auto_k_no_smote,nested_cv_outputs_all_pairwise_concat_batch/Post2_Pre/fs_method_comparison/corr_mrmr_auto_k_no_smote,corr_mrmr_auto_k,corr_mrmr,auto,False,36,4,1.4444444444444444
Post2_Pre,Post2,Pre,SVM_Linear,0.6363930976430976,0.1269014657912795,0.631508875739645,0.7017243232836664,0.1370329766732262,0.720886896173045,0.5899209631467696,0.0527787606932318,0.5897435897435898,0.6067676767676767,0.0670631004570619,0.5711538461538461,0.6332258064516129,0.1510063363956417,0.6075949367088608,0.7646464646464646,0.2140270325357418,0.7384615384615385,0.6472170606549106,0.0568606103534886,0.6666666666666666,0.4488888888888889,0.3032010293477429,0.4038461538461538,10.4,10.4,4.963869458396343,4,8.0,18,corr_mrmr_auto_k_no_smote,nested_cv_outputs_all_pairwise_concat_batch/Post2_Pre/fs_method_comparison/corr_mrmr_auto_k_no_smote,corr_mrmr_auto_k,corr_mrmr,auto,False,36,4,1.4444444444444444
Post2_Pre,Post2,Pre,LightGBM,0.619709595959596,0.174697812905882,0.5594674556213017,0.7272315687189901,0.1083103390329875,0.651513834251245,0.5800192996967191,0.179345215643521,0.5470085470085471,0.593030303030303,0.1779144018819171,0.5480769230769231,0.6258333333333332,0.1074450764085746,0.603448275862069,0.594949494949495,0.293658368645894,0.5384615384615384,0.5785429259423067,0.2081667426505704,0.5691056910569106,0.591111111111111,0.2281866249421055,0.5576923076923077,10.4,10.4,4.963869458396343,4,8.0,18,corr_mrmr_auto_k_no_smote,nested_cv_outputs_all_pairwise_concat_batch/Post2_Pre/fs_method_comparison/corr_mrmr_auto_k_no_smote,corr_mrmr_auto_k,corr_mrmr,auto,False,36,4,1.4444444444444444
Post2_Pre,Post2,Pre,XGBoost,0.6170089786756453,0.1030830142029547,0.5967455621301776,0.6922496217267398,0.0783791444737209,0.6834535332547409,0.5397472658762982,0.0861847160754395,0.5384615384615384,0.5628156565656566,0.1020678050507343,0.5326923076923077,0.5642857142857143,0.1030646544809392,0.5846153846153846,0.6367424242424242,0.2383307326140636,0.5846153846153846,0.5692212186329834,0.1134958865721397,0.5846153846153846,0.4888888888888889,0.0756861616263395,0.4807692307692308,11.6,11.6,4.800000000000001,4,14.0,16,mrmr_then_elasticnet_no_corr_auto_k_no_smote,nested_cv_outputs_all_pairwise_concat_batch/Post2_Pre/fs_method_comparison/mrmr_then_elasticnet_no_corr_auto_k_no_smote,mrmr_then_elasticnet_no_corr_auto_k,mrmr_then_elasticnet_no_corr,auto,False,41,4,1.4146341463414631
Post2_Pre,Post2,Pre,NaiveBayes,0.6041666666666667,0.1616752575037036,0.5517751479289941,0.6621918809071062,0.1168663455988062,0.6082574924116124,0.5366574763348957,0.0958400915189515,0.5384615384615384,0.5310732323232323,0.1247706318219493,0.5096153846153846,0.5475237112388814,0.1035054313689247,0.5617977528089888,0.7910353535353536,0.1806085251114249,0.7692307692307693,0.6320812317334056,0.0820149830263293,0.6493506493506493,0.2711111111111111,0.153574689272631,0.25,10.4,10.4,4.963869458396343,4,8.0,18,corr_mrmr_auto_k_no_smote,nested_cv_outputs_all_pairwise_concat_batch/Post2_Pre/fs_method_comparison/corr_mrmr_auto_k_no_smote,corr_mrmr_auto_k,corr_mrmr,auto,False,36,4,1.4444444444444444
Post2_Pre,Post2,Pre,GradientBoosting,0.595270061728395,0.1440385003145157,0.5705621301775149,0.6993658228017077,0.0841491650337198,0.6589753293823603,0.5660123150445731,0.1047275591657941,0.5641025641025641,0.5886489898989898,0.1279709458364183,0.5615384615384615,0.5983437615016562,0.1114467643177617,0.6129032258064516,0.6395202020202021,0.2117684356068089,0.5846153846153846,0.5941212431535011,0.0910542509398207,0.5984251968503937,0.5377777777777778,0.1119082516623481,0.5384615384615384,11.6,11.6,4.800000000000001,4,14.0,16,mrmr_then_elasticnet_no_corr_auto_k_no_smote,nested_cv_outputs_all_pairwise_concat_batch/Post2_Pre/fs_method_comparison/mrmr_then_elasticnet_no_corr_auto_k_no_smote,mrmr_then_elasticnet_no_corr_auto_k,mrmr_then_elasticnet_no_corr,auto,False,41,4,1.4146341463414631
Post2_Pre,Post2,Pre,GradientBoosting,0.5714688552188553,0.1637355967126004,0.5497041420118343,0.664481674326377,0.1286690424011471,0.6485476474357745,0.5357770425512361,0.1058899532297143,0.5213675213675214,0.5624747474747475,0.1355081046802638,0.5134615384615384,0.5757575757575758,0.1299855187244074,0.5671641791044776,0.6338383838383839,0.2601414600301334,0.5846153846153846,0.5670388091440721,0.1104524277273149,0.5757575757575758,0.4911111111111111,0.2326869353370387,0.4423076923076923,10.4,10.4,4.963869458396343,4,8.0,18,corr_mrmr_auto_k_no_smote,nested_cv_outputs_all_pairwise_concat_batch/Post2_Pre/fs_method_comparison/corr_mrmr_auto_k_no_smote,corr_mrmr_auto_k,corr_mrmr,auto,False,36,4,1.4444444444444444
Post2_Pre,Post2,Pre,XGBoost,0.5688916947250281,0.1593619687800972,0.5215976331360946,0.7009730636522644,0.0984130601909619,0.6054902414550096,0.5612728609502804,0.0398910801045715,0.5555555555555556,0.5983712121212121,0.0662075318737112,0.5557692307692308,0.6196830946830947,0.1162418979013017,0.6101694915254238,0.6145202020202021,0.2396807885925888,0.5538461538461539,0.5706446502489907,0.079612718740551,0.5806451612903226,0.5822222222222223,0.1688888888888889,0.5576923076923077,10.4,10.4,4.963869458396343,4,8.0,18,corr_mrmr_auto_k_no_smote,nested_cv_outputs_all_pairwise_concat_batch/Post2_Pre/fs_method_comparison/corr_mrmr_auto_k_no_smote,corr_mrmr_auto_k,corr_mrmr,auto,False,36,4,1.4444444444444444
Post2_Pre,Post2,Pre,KNN,0.553294051627385,0.112071903120295,0.5597633136094675,0.622657629109242,0.1864607922560715,0.6063432211851654,0.4914594246852311,0.0965357230563924,0.4957264957264957,0.4910732323232323,0.1072266321050349,0.473076923076923,0.5216323998582063,0.1285509026188536,0.5365853658536586,0.6799242424242424,0.19203462105598,0.676923076923077,0.5698984074921238,0.1013538147795229,0.5986394557823129,0.3022222222222223,0.2106310330857384,0.2692307692307692,10.4,10.4,4.963869458396343,4,8.0,18,corr_mrmr_auto_k_no_smote,nested_cv_outputs_all_pairwise_concat_batch/Post2_Pre/fs_method_comparison/corr_mrmr_auto_k_no_smote,corr_mrmr_auto_k,corr_mrmr,auto,False,36,4,1.4444444444444444
Post2_T2,Post2,T2,XGBoost,0.7623569023569023,0.0904077028081456,0.6618343195266272,0.8082710444446295,0.0554215321609352,0.7047592110012391,0.6750592776399228,0.0805949072257702,0.6666666666666666,0.6778030303030302,0.0896081562052485,0.6557692307692308,0.6697402597402597,0.0898918973713468,0.6805555555555556,0.780050505050505,0.1607797762956111,0.7538461538461538,0.7065618591934382,0.0752151818029144,0.7153284671532847,0.5755555555555556,0.1052686158429067,0.5576923076923077,8.4,8.4,3.878143885933063,4,6.0,14,mrmr_then_elasticnet_no_corr_auto_k_no_smote,nested_cv_outputs_all_pairwise_concat_batch/Post2_T2/fs_method_comparison/mrmr_then_elasticnet_no_corr_auto_k_no_smote,mrmr_then_elasticnet_no_corr_auto_k,mrmr_then_elasticnet_no_corr,auto,False,29,4,1.4482758620689655
Post2_T2,Post2,T2,ExtraTrees,0.7596408529741863,0.0855726711739445,0.7103550295857989,0.817179914921858,0.0216244621049478,0.7757087604983777,0.6639297858652696,0.0639613309032311,0.6666666666666666,0.6830934343434343,0.0605821238504528,0.6673076923076924,0.697483905843039,0.1041748078395141,0.7166666666666667,0.6950757575757576,0.2187741853349301,0.6615384615384615,0.664061152061152,0.0981225174275089,0.688,0.671111111111111,0.1046097981861317,0.6730769230769231,9.6,9.6,3.878143885933063,4,12.0,14,elasticnet_then_mrmr_auto_k_no_smote,nested_cv_outputs_all_pairwise_concat_batch/Post2_T2/fs_method_comparison/elasticnet_then_mrmr_auto_k_no_smote,elasticnet_then_mrmr_auto_k,elasticnet_then_mrmr,auto,False,26,5,1.8461538461538465
Post2_T2,Post2,T2,ExtraTrees,0.7473625140291806,0.0967060250596862,0.6878698224852071,0.8140948892552966,0.0316600933970509,0.7625306724597836,0.6927515853322305,0.1453518811880046,0.6666666666666666,0.7057323232323232,0.1358983680161243,0.6692307692307693,0.7543722943722944,0.0926053256113841,0.7241379310344828,0.6825757575757576,0.2566398996811608,0.6461538461538462,0.6858901302702622,0.1646464512918409,0.6829268292682927,0.7288888888888889,0.1834645994715581,0.6923076923076923,8.4,8.4,3.878143885933063,4,6.0,14,mrmr_then_elasticnet_no_corr_auto_k_no_smote,nested_cv_outputs_all_pairwise_concat_batch/Post2_T2/fs_method_comparison/mrmr_then_elasticnet_no_corr_auto_k_no_smote,mrmr_then_elasticnet_no_corr_auto_k,mrmr_then_elasticnet_no_corr,auto,False,29,4,1.4482758620689655
Post2_T2,Post2,T2,RandomForest,0.7458978675645341,0.1249657995791418,0.7310650887573963,0.8129622440215891,0.0626671151985383,0.807221318962243,0.6916845878136201,0.1377392263981948,0.6666666666666666,0.6878156565656566,0.1387516194934307,0.6615384615384616,0.7156043956043956,0.0843520950116732,0.696969696969697,0.7311868686868687,0.2012312561892493,0.7076923076923077,0.7111776022846803,0.130414350293076,0.7022900763358778,0.6444444444444445,0.1715578583610558,0.6153846153846154,8.4,8.4,3.878143885933063,4,6.0,14,mrmr_then_elasticnet_no_corr_auto_k_no_smote,nested_cv_outputs_all_pairwise_concat_batch/Post2_T2/fs_method_comparison/mrmr_then_elasticnet_no_corr_auto_k_no_smote,mrmr_then_elasticnet_no_corr_auto_k,mrmr_then_elasticnet_no_corr,auto,False,29,4,1.4482758620689655
Post2_T2,Post2,T2,SVM_RBF,0.7447769360269361,0.1284550481851757,0.6988165680473373,0.8112092143701339,0.0788062408476442,0.7657817397391937,0.6323784578623288,0.053814059090278,0.6410256410256411,0.6447601010101011,0.0528754955416266,0.6307692307692307,0.641161616161616,0.1119584312935861,0.6619718309859155,0.7450757575757576,0.2036653343389262,0.7230769230769231,0.6621746674378254,0.0925206748693923,0.6911764705882353,0.5444444444444445,0.11417984514369,0.5384615384615384,9.6,9.6,3.878143885933063,4,12.0,14,elasticnet_then_mrmr_auto_k_no_smote,nested_cv_outputs_all_pairwise_concat_batch/Post2_T2/fs_method_comparison/elasticnet_then_mrmr_auto_k_no_smote,elasticnet_then_mrmr_auto_k,elasticnet_then_mrmr,auto,False,26,5,1.8461538461538465
Post2_T2,Post2,T2,GradientBoosting,0.7378647586980921,0.0927283635397479,0.670414201183432,0.7788923604138203,0.0145560145058199,0.7366084504711627,0.5691774653064975,0.1376387445343458,0.5982905982905983,0.6016287878787879,0.0618185531777318,0.5826923076923076,0.6173169825343738,0.173114218595661,0.618421052631579,0.7521464646464646,0.1578725190532447,0.7230769230769231,0.6409375704304711,0.1024259870707997,0.6666666666666666,0.4511111111111111,0.2594961880354666,0.4423076923076923,8.4,8.4,3.878143885933063,4,6.0,14,mrmr_then_elasticnet_no_corr_auto_k_no_smote,nested_cv_outputs_all_pairwise_concat_batch/Post2_T2/fs_method_comparison/mrmr_then_elasticnet_no_corr_auto_k_no_smote,mrmr_then_elasticnet_no_corr_auto_k,mrmr_then_elasticnet_no_corr,auto,False,29,4,1.4482758620689655
Post2_T2,Post2,T2,KNN,0.7378367003367003,0.0796038557369559,0.6923076923076924,0.8124505925885446,0.0371147287318384,0.7765748118464451,0.5969681095487547,0.0891859133930599,0.6153846153846154,0.6243434343434344,0.0712933575613047,0.6038461538461539,0.6406565656565657,0.178315016981447,0.6388888888888888,0.7353535353535353,0.1901275354780695,0.7076923076923077,0.644522417153996,0.094560887145108,0.6715328467153284,0.5133333333333334,0.2428635749744755,0.5,8.4,8.4,3.878143885933063,4,6.0,14,mrmr_then_elasticnet_no_corr_auto_k_no_smote,nested_cv_outputs_all_pairwise_concat_batch/Post2_T2/fs_method_comparison/mrmr_then_elasticnet_no_corr_auto_k_no_smote,mrmr_then_elasticnet_no_corr_auto_k,mrmr_then_elasticnet_no_corr,auto,False,29,4,1.4482758620689655
Post2_T2,Post2,T2,SVM_Linear,0.7358585858585859,0.0900938827751286,0.685207100591716,0.7686886494072929,0.0523941831426513,0.7318444849375314,0.6461005422295745,0.0770381277124196,0.6324786324786325,0.645239898989899,0.097183282901236,0.6153846153846154,0.6464254136667928,0.0746129274617553,0.6410256410256411,0.7882575757575758,0.200809027140424,0.7692307692307693,0.6897094355533557,0.0701903851289319,0.6993006993006993,0.5022222222222222,0.2015250497556379,0.4615384615384615,8.4,8.4,3.878143885933063,4,6.0,14,mrmr_then_elasticnet_no_corr_auto_k_no_smote,nested_cv_outputs_all_pairwise_concat_batch/Post2_T2/fs_method_comparison/mrmr_then_elasticnet_no_corr_auto_k_no_smote,mrmr_then_elasticnet_no_corr_auto_k,mrmr_then_elasticnet_no_corr,auto,False,29,4,1.4482758620689655
Post2_T2,Post2,T2,XGBoost,0.7271604938271604,0.070417733681848,0.7180473372781065,0.7710453746375714,0.0869393069862365,0.7745549922590746,0.6382345372667954,0.041842160256533,0.6410256410256411,0.6593308080808081,0.0351954981422434,0.6326923076923077,0.6617391304347826,0.1252393074397344,0.6666666666666666,0.7453282828282829,0.1946057313503921,0.7076923076923077,0.6675555555555556,0.0761304193344938,0.6865671641791045,0.5733333333333335,0.1463295789613718,0.5576923076923077,9.6,9.6,3.878143885933063,4,12.0,14,elasticnet_then_mrmr_auto_k_no_smote,nested_cv_outputs_all_pairwise_concat_batch/Post2_T2/fs_method_comparison/elasticnet_then_mrmr_auto_k_no_smote,elasticnet_then_mrmr_auto_k,elasticnet_then_mrmr,auto,False,26,5,1.8461538461538465
Post2_T2,Post2,T2,NaiveBayes,0.7179377104377105,0.0876524346622808,0.6278106508875739,0.7790546740297019,0.055313617415347,0.6956963937869483,0.6195505927763992,0.0930073306262297,0.6239316239316239,0.6345328282828283,0.0805492619687723,0.601923076923077,0.6263054187192119,0.1518810240992427,0.6265060240963856,0.8246212121212121,0.1363089115779812,0.8,0.6867494824016562,0.0844649450996806,0.7027027027027027,0.4444444444444445,0.2195393606262838,0.4038461538461538,9.6,9.6,3.878143885933063,4,12.0,14,elasticnet_then_mrmr_auto_k_no_smote,nested_cv_outputs_all_pairwise_concat_batch/Post2_T2/fs_method_comparison/elasticnet_then_mrmr_auto_k_no_smote,elasticnet_then_mrmr_auto_k,elasticnet_then_mrmr,auto,False,26,5,1.8461538461538465
Post2_T2,Post2,T2,NaiveBayes,0.7126585297418631,0.1239736482986205,0.6198224852071006,0.7497729752135134,0.0622787565515726,0.6920174624450695,0.6399338296112489,0.1127062382582185,0.6153846153846154,0.6148232323232323,0.106687110644136,0.6000000000000001,0.6759999999999999,0.0792576669968135,0.631578947368421,0.722979797979798,0.2362718892989399,0.7384615384615385,0.6672699696663296,0.1052508406697169,0.6808510638297872,0.5066666666666666,0.3486552650214255,0.4615384615384615,8.4,8.4,3.878143885933063,4,6.0,14,mrmr_then_elasticnet_no_corr_auto_k_no_smote,nested_cv_outputs_all_pairwise_concat_batch/Post2_T2/fs_method_comparison/mrmr_then_elasticnet_no_corr_auto_k_no_smote,mrmr_then_elasticnet_no_corr_auto_k,mrmr_then_elasticnet_no_corr,auto,False,29,4,1.4482758620689655
Post2_T2,Post2,T2,RandomForest,0.7030569584736253,0.1091327093761715,0.691715976331361,0.7752582054595982,0.0497575673975006,0.7608712429947659,0.6452816836687804,0.0842088803771266,0.6495726495726496,0.6626767676767676,0.0876577989564301,0.648076923076923,0.665,0.0959616693024284,0.6935483870967742,0.6964646464646465,0.2180813256458458,0.6615384615384615,0.6547855309465216,0.107132145989573,0.6771653543307087,0.6288888888888888,0.0611010092660778,0.6346153846153846,9.6,9.6,3.878143885933063,4,12.0,14,elasticnet_then_mrmr_auto_k_no_smote,nested_cv_outputs_all_pairwise_concat_batch/Post2_T2/fs_method_comparison/elasticnet_then_mrmr_auto_k_no_smote,elasticnet_then_mrmr_auto_k,elasticnet_then_mrmr,auto,False,26,5,1.8461538461538465
Post2_T2,Post2,T2,KNN,0.6983901515151515,0.1260225874868547,0.6442307692307692,0.7227018974361817,0.0383095977312568,0.7078438040702164,0.6099466960757283,0.0590828414287051,0.6153846153846154,0.6225252525252525,0.0628189037788168,0.6000000000000001,0.6231015037593985,0.1373327412293093,0.631578947368421,0.7717171717171717,0.1215126745173538,0.7384615384615385,0.6674328109622227,0.0622358553829432,0.6808510638297872,0.4733333333333333,0.1611072796479276,0.4615384615384615,9.6,9.6,3.878143885933063,4,12.0,14,elasticnet_then_mrmr_auto_k_no_smote,nested_cv_outputs_all_pairwise_concat_batch/Post2_T2/fs_method_comparison/elasticnet_then_mrmr_auto_k_no_smote,elasticnet_then_mrmr_auto_k,elasticnet_then_mrmr,auto,False,26,5,1.8461538461538465
Post2_T2,Post2,T2,LogisticRegression,0.6956986531986531,0.0791011606579279,0.6775147928994083,0.7391513899896831,0.0970097506744337,0.7329288529340645,0.6473044756915725,0.1062613554176427,0.6495726495726496,0.6612878787878788,0.0957101139544412,0.648076923076923,0.6646825396825398,0.0937213885121803,0.6935483870967742,0.6936868686868687,0.2640227899614321,0.6615384615384615,0.64482151835093,0.1454234873418302,0.6771653543307087,0.6288888888888888,0.1166613755413927,0.6346153846153846,9.6,9.6,3.878143885933063,4,12.0,14,elasticnet_then_mrmr_auto_k_no_smote,nested_cv_outputs_all_pairwise_concat_batch/Post2_T2/fs_method_comparison/elasticnet_then_mrmr_auto_k_no_smote,elasticnet_then_mrmr_auto_k,elasticnet_then_mrmr,auto,False,26,5,1.8461538461538465
Post2_T2,Post2,T2,SVM_Linear,0.6891863075196408,0.0616862252971647,0.6576923076923078,0.7253864295803785,0.1090884023775971,0.7025032068392009,0.5897729988052569,0.08394000526559,0.6068376068376068,0.6144823232323232,0.02542095346388,0.5961538461538461,0.6273235460191983,0.1398368525219662,0.6338028169014085,0.7200757575757576,0.2304525033280708,0.6923076923076923,0.6269545659019343,0.1061943212174627,0.6617647058823529,0.5088888888888888,0.2034759669735039,0.5,9.6,9.6,3.878143885933063,4,12.0,14,elasticnet_then_mrmr_auto_k_no_smote,nested_cv_outputs_all_pairwise_concat_batch/Post2_T2/fs_method_comparison/elasticnet_then_mrmr_auto_k_no_smote,elasticnet_then_mrmr_auto_k,elasticnet_then_mrmr,auto,False,26,5,1.8461538461538465
Post2_T2,Post2,T2,GradientBoosting,0.68081088664422,0.1112724508546205,0.624112426035503,0.7043747650136003,0.0618657984833386,0.6651526394168055,0.6001203933461998,0.0807420797685291,0.5897435897435898,0.6086994949494949,0.101494045873744,0.5692307692307692,0.6130670762928828,0.1082606684054425,0.6049382716049383,0.788510101010101,0.208100573985201,0.7538461538461538,0.660751409347154,0.076836958293065,0.6712328767123288,0.4288888888888889,0.2444040370643115,0.3846153846153846,9.6,9.6,3.878143885933063,4,12.0,14,elasticnet_then_mrmr_auto_k_no_smote,nested_cv_outputs_all_pairwise_concat_batch/Post2_T2/fs_method_comparison/elasticnet_then_mrmr_auto_k_no_smote,elasticnet_then_mrmr_auto_k,elasticnet_then_mrmr,auto,False,26,5,1.8461538461538465
Post2_T2,Post2,T2,LightGBM,0.6795412457912458,0.133522987226891,0.6562130177514793,0.7194996487680194,0.0826528113691605,0.70171786396688,0.5878255675029869,0.1190445150231109,0.5811965811965812,0.6068434343434344,0.1002108578779211,0.5846153846153846,0.6270868347338936,0.1688958936095572,0.6428571428571429,0.5714646464646465,0.223160539100467,0.5538461538461539,0.5635056446821152,0.169520099028039,0.5950413223140496,0.642222222222222,0.161841257386961,0.6153846153846154,12.0,12.0,3.3466401061363023,8,10.0,16,corr_mrmr_auto_k_no_smote,nested_cv_outputs_all_pairwise_concat_batch/Post2_T2/fs_method_comparison/corr_mrmr_auto_k_no_smote,corr_mrmr_auto_k,corr_mrmr,auto,False,38,5,1.5789473684210529
Post2_T2,Post2,T2,LightGBM,0.679233305274972,0.0655471362605358,0.6542899408284024,0.7231150915215926,0.0990943870285475,0.6590735159720758,0.6128756548111387,0.1098900601973677,0.6324786324786325,0.6278156565656566,0.0798348471605018,0.6326923076923077,0.6539542483660131,0.1695290660430078,0.6833333333333333,0.6311868686868687,0.2132636682721111,0.6307692307692307,0.6047846889952153,0.1522208028527475,0.656,0.6244444444444444,0.1546641123671583,0.6346153846153846,9.6,9.6,3.878143885933063,4,12.0,14,elasticnet_then_mrmr_auto_k_no_smote,nested_cv_outputs_all_pairwise_concat_batch/Post2_T2/fs_method_comparison/elasticnet_then_mrmr_auto_k_no_smote,elasticnet_then_mrmr_auto_k,elasticnet_then_mrmr,auto,False,26,5,1.8461538461538465
Post2_T2,Post2,T2,LightGBM,0.6788096240179573,0.1554571084353878,0.6914201183431954,0.7432400969218198,0.0683657404875696,0.7207558946350249,0.6710136935943387,0.1416485881496242,0.6495726495726496,0.6733712121212122,0.1482735432165771,0.648076923076923,0.6986904761904762,0.1016043202510404,0.6935483870967742,0.6978535353535353,0.176918045711792,0.6615384615384615,0.6934640522875817,0.1292796579292004,0.6771653543307087,0.6488888888888888,0.1283513695839435,0.6346153846153846,8.4,8.4,3.878143885933063,4,6.0,14,mrmr_then_elasticnet_no_corr_auto_k_no_smote,nested_cv_outputs_all_pairwise_concat_batch/Post2_T2/fs_method_comparison/mrmr_then_elasticnet_no_corr_auto_k_no_smote,mrmr_then_elasticnet_no_corr_auto_k,mrmr_then_elasticnet_no_corr,auto,False,29,4,1.4482758620689655
Post2_T2,Post2,T2,ExtraTrees,0.6697993827160493,0.1660136067981408,0.65,0.7660394977061962,0.1059708562267324,0.7159572928688558,0.6377630732469441,0.1020235283287103,0.6324786324786325,0.6648358585858585,0.1050800481719726,0.6384615384615384,0.6910714285714287,0.1133205775134501,0.7037037037037037,0.6296717171717171,0.2575112565308117,0.5846153846153846,0.6193701723113488,0.1400114175588462,0.6386554621848739,0.7,0.1032795558988644,0.6923076923076923,12.0,12.0,3.3466401061363023,8,10.0,16,corr_mrmr_auto_k_no_smote,nested_cv_outputs_all_pairwise_concat_batch/Post2_T2/fs_method_comparison/corr_mrmr_auto_k_no_smote,corr_mrmr_auto_k,corr_mrmr,auto,False,38,5,1.5789473684210529
Post2_T2,Post2,T2,LogisticRegression,0.6650561167227834,0.132162933170066,0.6695266272189349,0.699555574768363,0.1032778014049102,0.7001473274457708,0.6572300340042275,0.1581664975588664,0.6239316239316239,0.6627398989898989,0.154203467674738,0.6403846153846153,0.5912280701754385,0.2999866622663479,0.7441860465116279,0.5632575757575757,0.3455650075919039,0.4923076923076923,0.5676322476322476,0.3119123637690524,0.5925925925925926,0.7622222222222222,0.1601850781416897,0.7884615384615384,8.4,8.4,3.878143885933063,4,6.0,14,mrmr_then_elasticnet_no_corr_auto_k_no_smote,nested_cv_outputs_all_pairwise_concat_batch/Post2_T2/fs_method_comparison/mrmr_then_elasticnet_no_corr_auto_k_no_smote,mrmr_then_elasticnet_no_corr_auto_k,mrmr_then_elasticnet_no_corr,auto,False,29,4,1.4482758620689655
Post2_T2,Post2,T2,XGBoost,0.6621562850729518,0.0834188268575051,0.6411242603550296,0.6924160528582567,0.1034248768886231,0.6764902322050532,0.627563643047514,0.0554627652990175,0.6239316239316239,0.6408712121212121,0.0802913124351947,0.6230769230769231,0.6581349206349206,0.0814884599842653,0.6721311475409836,0.6728535353535353,0.1935010895735642,0.6307692307692307,0.6406746031746031,0.0656635127066974,0.6507936507936508,0.6088888888888888,0.1111999644728604,0.6153846153846154,12.0,12.0,3.3466401061363023,8,10.0,16,corr_mrmr_auto_k_no_smote,nested_cv_outputs_all_pairwise_concat_batch/Post2_T2/fs_method_comparison/corr_mrmr_auto_k_no_smote,corr_mrmr_auto_k,corr_mrmr,auto,False,38,5,1.5789473684210529
Post2_T2,Post2,T2,NaiveBayes,0.649767115600449,0.0798996983507528,0.6334319526627219,0.6901508249438422,0.0768125582828394,0.6522940804924183,0.6275250436540759,0.1187466277196758,0.6153846153846154,0.60385101010101,0.1435504780415039,0.5980769230769231,0.6354401154401155,0.1141540775552735,0.6282051282051282,0.7410353535353535,0.1243904123976584,0.7538461538461538,0.6752924594785059,0.0813137322702671,0.6853146853146853,0.4666666666666667,0.2849301408857708,0.4423076923076923,12.0,12.0,3.3466401061363023,8,10.0,16,corr_mrmr_auto_k_no_smote,nested_cv_outputs_all_pairwise_concat_batch/Post2_T2/fs_method_comparison/corr_mrmr_auto_k_no_smote,corr_mrmr_auto_k,corr_mrmr,auto,False,38,5,1.5789473684210529
Post2_T2,Post2,T2,LogisticRegression,0.6496226150392818,0.1440556661420094,0.6349112426035504,0.7002339983185671,0.0524272978480844,0.6720450730209924,0.6425521551328004,0.167360685490129,0.6153846153846154,0.6539267676767677,0.1558231333691185,0.6153846153846154,0.6772222222222222,0.092402768383519,0.6666666666666666,0.6589646464646465,0.2970384033762266,0.6153846153846154,0.6357393483709273,0.2111303371712067,0.64,0.6488888888888888,0.1944412698153543,0.6153846153846154,12.0,12.0,3.3466401061363023,8,10.0,16,corr_mrmr_auto_k_no_smote,nested_cv_outputs_all_pairwise_concat_batch/Post2_T2/fs_method_comparison/corr_mrmr_auto_k_no_smote,corr_mrmr_auto_k,corr_mrmr,auto,False,38,5,1.5789473684210529
Post2_T2,Post2,T2,RandomForest,0.6454096520763188,0.1394952288028011,0.6201183431952664,0.7341568661523253,0.0928392581786808,0.7251018474465798,0.6140906166712619,0.086741606740368,0.6068376068376068,0.6337247474747475,0.0936131104466963,0.6076923076923078,0.6577777777777778,0.1140500215142786,0.6610169491525424,0.6407828282828283,0.2439007017017019,0.6,0.6106083459024635,0.1156484571511667,0.6290322580645161,0.6266666666666667,0.132888145668676,0.6153846153846154,12.0,12.0,3.3466401061363023,8,10.0,16,corr_mrmr_auto_k_no_smote,nested_cv_outputs_all_pairwise_concat_batch/Post2_T2/fs_method_comparison/corr_mrmr_auto_k_no_smote,corr_mrmr_auto_k,corr_mrmr,auto,False,38,5,1.5789473684210529
Post2_T2,Post2,T2,KNN,0.6441505331088665,0.1298552805003101,0.5909763313609468,0.6980111563541888,0.0427779630939719,0.6904982265171455,0.5306148331954783,0.0755561616240478,0.5384615384615384,0.5438510101010101,0.0829469501311997,0.5192307692307692,0.5614452214452215,0.1116255271522,0.569620253164557,0.7299242424242424,0.2034327196929973,0.6923076923076923,0.6060829493087557,0.0758939276189988,0.625,0.3577777777777777,0.1587606319954822,0.3461538461538461,12.0,12.0,3.3466401061363023,8,10.0,16,corr_mrmr_auto_k_no_smote,nested_cv_outputs_all_pairwise_concat_batch/Post2_T2/fs_method_comparison/corr_mrmr_auto_k_no_smote,corr_mrmr_auto_k,corr_mrmr,auto,False,38,5,1.5789473684210529
Post2_T2,Post2,T2,GradientBoosting,0.6409441638608305,0.1040525526848337,0.6177514792899409,0.6840140095870455,0.1198696623303204,0.7072410768829811,0.5674395735686059,0.0597660470671503,0.5641025641025641,0.5894823232323232,0.0715945343175619,0.5596153846153846,0.5976190476190476,0.0907455611350177,0.609375,0.6478535353535353,0.2407495554177271,0.6,0.5858475884791674,0.1054330775833969,0.6046511627906976,0.5311111111111112,0.125786415094088,0.5192307692307693,12.0,12.0,3.3466401061363023,8,10.0,16,corr_mrmr_auto_k_no_smote,nested_cv_outputs_all_pairwise_concat_batch/Post2_T2/fs_method_comparison/corr_mrmr_auto_k_no_smote,corr_mrmr_auto_k,corr_mrmr,auto,False,38,5,1.5789473684210529
Post2_T2,Post2,T2,SVM_RBF,0.6314050224466891,0.1898805643616509,0.6403846153846153,0.7108015884945916,0.1385423952173735,0.7056021328210302,0.6539665471923536,0.1487535538506976,0.6239316239316239,0.6430176767676767,0.1572914688981702,0.6057692307692308,0.6716873449131514,0.1023324701017763,0.6329113924050633,0.7882575757575758,0.200809027140424,0.7692307692307693,0.7102663727060375,0.1151911327031791,0.6944444444444444,0.4977777777777777,0.2889230749003557,0.4423076923076923,8.4,8.4,3.878143885933063,4,6.0,14,mrmr_then_elasticnet_no_corr_auto_k_no_smote,nested_cv_outputs_all_pairwise_concat_batch/Post2_T2/fs_method_comparison/mrmr_then_elasticnet_no_corr_auto_k_no_smote,mrmr_then_elasticnet_no_corr_auto_k,mrmr_then_elasticnet_no_corr,auto,False,29,4,1.4482758620689655
Post2_T2,Post2,T2,SVM_RBF,0.6168125701459035,0.2209785260093429,0.564792899408284,0.7272395000573887,0.1871967500997628,0.6713216287222352,0.5311745244003309,0.0899684033532988,0.5299145299145299,0.5732323232323232,0.0691753279525815,0.5230769230769231,0.4611669829222011,0.260159310330039,0.5757575757575758,0.6353535353535353,0.3767879865622995,0.5846153846153846,0.504290513517837,0.263586501242312,0.5801526717557252,0.5111111111111112,0.3340732528527312,0.4615384615384615,12.0,12.0,3.3466401061363023,8,10.0,16,corr_mrmr_auto_k_no_smote,nested_cv_outputs_all_pairwise_concat_batch/Post2_T2/fs_method_comparison/corr_mrmr_auto_k_no_smote,corr_mrmr_auto_k,corr_mrmr,auto,False,38,5,1.5789473684210529
Post2_T2,Post2,T2,SVM_Linear,0.6142017396184063,0.1869550365158613,0.6121301775147929,0.6798035452391982,0.1166931944636097,0.6638421543300452,0.569351162576969,0.0836663913869674,0.5641025641025641,0.5853787878787878,0.0931877855251673,0.5461538461538462,0.5876702508960573,0.1114241399347021,0.5897435897435898,0.7396464646464647,0.2480723561551724,0.7076923076923077,0.6213960979918427,0.1059032372516642,0.6433566433566433,0.4311111111111111,0.2215991264412073,0.3846153846153846,12.0,12.0,3.3466401061363023,8,10.0,16,corr_mrmr_auto_k_no_smote,nested_cv_outputs_all_pairwise_concat_batch/Post2_T2/fs_method_comparison/corr_mrmr_auto_k_no_smote,corr_mrmr_auto_k,corr_mrmr,auto,False,38,5,1.5789473684210529
Pre_T2,Pre,T2,NaiveBayes,0.6651262626262626,0.0481892292544839,0.6325443786982249,0.692787189680582,0.1129375039013067,0.6758627820332497,0.5718325521551328,0.0840593025185507,0.5726495726495726,0.5832323232323232,0.0808274676870477,0.551923076923077,0.5944088669950739,0.1339966131445076,0.5925925925925926,0.7575757575757576,0.193752869583892,0.7384615384615385,0.6352213868003341,0.0904229037180884,0.6575342465753424,0.4088888888888889,0.235429735789316,0.3653846153846153,9.6,9.6,4.963869458396343,4,8.0,18,elasticnet_then_mrmr_auto_k_no_smote,nested_cv_outputs_all_pairwise_concat_batch/Pre_T2/fs_method_comparison/elasticnet_then_mrmr_auto_k_no_smote,elasticnet_then_mrmr_auto_k,elasticnet_then_mrmr,auto,False,34,3,1.411764705882353
Pre_T2,Pre,T2,LogisticRegression,0.6159736251402919,0.0665992048427599,0.5931952662721893,0.6523823437641892,0.1508862094093794,0.6293473165381374,0.5867944122782832,0.074710130161739,0.5897435897435898,0.6073232323232323,0.0752796795289718,0.5961538461538461,0.6352380952380952,0.1346735365661983,0.660377358490566,0.5702020202020203,0.1218695345468599,0.5384615384615384,0.5823509823509824,0.0778390397478421,0.5932203389830508,0.6444444444444445,0.0932274531706801,0.6538461538461539,9.6,9.6,4.963869458396343,4,8.0,18,elasticnet_then_mrmr_auto_k_no_smote,nested_cv_outputs_all_pairwise_concat_batch/Pre_T2/fs_method_comparison/elasticnet_then_mrmr_auto_k_no_smote,elasticnet_then_mrmr_auto_k,elasticnet_then_mrmr,auto,False,34,3,1.411764705882353
Pre_T2,Pre,T2,RandomForest,0.6145889450056117,0.0801696762321521,0.599112426035503,0.6680769614160115,0.1489621519406899,0.6213128685469091,0.6117829243635696,0.0519538172505555,0.6153846153846154,0.641489898989899,0.0691020761546627,0.6153846153846154,0.6507720057720059,0.1372984661973064,0.6666666666666666,0.6674242424242424,0.1762467070464578,0.6153846153846154,0.6308811558811558,0.0623933548751193,0.64,0.6155555555555556,0.115384488762197,0.6153846153846154,9.6,9.6,4.963869458396343,4,8.0,18,elasticnet_then_mrmr_auto_k_no_smote,nested_cv_outputs_all_pairwise_concat_batch/Pre_T2/fs_method_comparison/elasticnet_then_mrmr_auto_k_no_smote,elasticnet_then_mrmr_auto_k,elasticnet_then_mrmr,auto,False,34,3,1.411764705882353
Pre_T2,Pre,T2,ExtraTrees,0.612003367003367,0.1548450731484327,0.5887573964497042,0.6941289242984487,0.0897663112199404,0.6526550144741523,0.5693870048708758,0.0784488787146522,0.5726495726495726,0.5721843434343434,0.0933487322772714,0.5634615384615385,0.5884240759240759,0.1123036677286881,0.6086956521739131,0.6577020202020203,0.1325399181956695,0.6461538461538462,0.6070824972989659,0.0746607772523763,0.6268656716417911,0.4866666666666667,0.1217972409426197,0.4807692307692308,12.0,12.0,2.8284271247461903,8,12.0,16,mrmr_then_elasticnet_no_corr_auto_k_no_smote,nested_cv_outputs_all_pairwise_concat_batch/Pre_T2/fs_method_comparison/mrmr_then_elasticnet_no_corr_auto_k_no_smote,mrmr_then_elasticnet_no_corr_auto_k,mrmr_then_elasticnet_no_corr,auto,False,40,4,1.5
Pre_T2,Pre,T2,GradientBoosting,0.6081832210998879,0.0476492186160281,0.5997041420118344,0.6651281732111135,0.1234939785231146,0.6272162839308028,0.6180608399963239,0.0757978749944615,0.6324786324786325,0.621489898989899,0.0603248500150124,0.625,0.6293024227234754,0.1351365015567466,0.6617647058823529,0.6896464646464646,0.1126589559379333,0.6923076923076923,0.6441269841269841,0.1022517949927487,0.6766917293233082,0.5533333333333333,0.0771082292128776,0.5576923076923077,9.6,9.6,4.963869458396343,4,8.0,18,elasticnet_then_mrmr_auto_k_no_smote,nested_cv_outputs_all_pairwise_concat_batch/Pre_T2/fs_method_comparison/elasticnet_then_mrmr_auto_k_no_smote,elasticnet_then_mrmr_auto_k,elasticnet_then_mrmr,auto,False,34,3,1.411764705882353
Pre_T2,Pre,T2,SVM_Linear,0.6045594837261504,0.1305159452268853,0.5248520710059171,0.6766418653968523,0.1893494531739848,0.5957615259360254,0.4889523021781086,0.0632917162148934,0.5042735042735043,0.5276767676767676,0.0474375525904945,0.4865384615384616,0.5532258064516129,0.1443265525639786,0.5454545454545454,0.6909090909090909,0.2529168680589737,0.6461538461538462,0.5656940222897668,0.0732086316026827,0.5915492957746479,0.3644444444444444,0.2646591098837227,0.3269230769230769,12.0,12.0,2.8284271247461903,8,12.0,16,mrmr_then_elasticnet_no_corr_auto_k_no_smote,nested_cv_outputs_all_pairwise_concat_batch/Pre_T2/fs_method_comparison/mrmr_then_elasticnet_no_corr_auto_k_no_smote,mrmr_then_elasticnet_no_corr_auto_k,mrmr_then_elasticnet_no_corr,auto,False,40,4,1.5
Pre_T2,Pre,T2,XGBoost,0.6025939955106623,0.0781482346341812,0.5677514792899409,0.6521044185729955,0.1368482576763812,0.6185140221859223,0.5428370554177006,0.0908254361895682,0.5555555555555556,0.5634974747474748,0.0714941135665437,0.5538461538461539,0.5794444444444445,0.1495837846893015,0.6065573770491803,0.5981060606060605,0.1493519825525537,0.5692307692307692,0.5645013681970205,0.1181268765420352,0.5873015873015873,0.528888888888889,0.1220402686021865,0.5384615384615384,9.6,9.6,4.963869458396343,4,8.0,18,elasticnet_then_mrmr_auto_k_no_smote,nested_cv_outputs_all_pairwise_concat_batch/Pre_T2/fs_method_comparison/elasticnet_then_mrmr_auto_k_no_smote,elasticnet_then_mrmr_auto_k,elasticnet_then_mrmr,auto,False,34,3,1.411764705882353
Pre_T2,Pre,T2,SVM_RBF,0.5995679012345679,0.0732457805490292,0.5718934911242604,0.6274894449582302,0.1166783453348143,0.589857004200211,0.5676132708390773,0.0518401076821292,0.5641025641025641,0.5791287878787879,0.0727173595586748,0.55,0.6031592063850127,0.1430472317259445,0.5945945945945946,0.6827020202020202,0.1758741848743406,0.676923076923077,0.6118232953155917,0.0577249728636544,0.6330935251798561,0.4755555555555556,0.2609006243811408,0.4230769230769231,9.6,9.6,4.963869458396343,4,8.0,18,elasticnet_then_mrmr_auto_k_no_smote,nested_cv_outputs_all_pairwise_concat_batch/Pre_T2/fs_method_comparison/elasticnet_then_mrmr_auto_k_no_smote,elasticnet_then_mrmr_auto_k,elasticnet_then_mrmr,auto,False,34,3,1.411764705882353
Pre_T2,Pre,T2,LightGBM,0.59297278338945,0.0860543881170008,0.5625739644970413,0.6772871988174176,0.1211223662672711,0.6087486950797212,0.5251061483319548,0.0706935236391871,0.5299145299145299,0.5379671717171718,0.0713687653192741,0.525,0.5511904761904762,0.141441397526468,0.578125,0.5781565656565657,0.1658181645893625,0.5692307692307692,0.5439189189189189,0.118730228406281,0.5736434108527132,0.4977777777777777,0.096966329907873,0.4807692307692308,12.0,12.0,2.8284271247461903,8,12.0,16,mrmr_then_elasticnet_no_corr_auto_k_no_smote,nested_cv_outputs_all_pairwise_concat_batch/Pre_T2/fs_method_comparison/mrmr_then_elasticnet_no_corr_auto_k_no_smote,mrmr_then_elasticnet_no_corr_auto_k,mrmr_then_elasticnet_no_corr,auto,False,40,4,1.5
Pre_T2,Pre,T2,SVM_Linear,0.5916105499438833,0.064832706534978,0.5807692307692308,0.6419706297997148,0.1441809428962474,0.6176663450024602,0.5580351070673651,0.0941794906461958,0.5641025641025641,0.5687878787878787,0.1000562172992904,0.5596153846153846,0.5848484848484847,0.1308219091726103,0.609375,0.6131313131313132,0.1513147875528026,0.6,0.5817442442442442,0.0972719849501863,0.6046511627906976,0.5244444444444445,0.1155555555555555,0.5192307692307693,9.6,9.6,4.963869458396343,4,8.0,18,elasticnet_then_mrmr_auto_k_no_smote,nested_cv_outputs_all_pairwise_concat_batch/Pre_T2/fs_method_comparison/elasticnet_then_mrmr_auto_k_no_smote,elasticnet_then_mrmr_auto_k,elasticnet_then_mrmr,auto,False,34,3,1.411764705882353
Pre_T2,Pre,T2,NaiveBayes,0.5867957351290685,0.048435473102618,0.5909763313609468,0.6621919398100606,0.1210908244621115,0.6403641556258245,0.5545363477621542,0.0624272694126654,0.5641025641025641,0.5567045454545454,0.0318843107901648,0.5461538461538462,0.5773148148148148,0.1402831254328443,0.5897435897435898,0.6978535353535353,0.1371130734046894,0.7076923076923077,0.6097478527864085,0.099335804321712,0.6433566433566433,0.4155555555555555,0.17744413135713,0.3846153846153846,12.0,12.0,2.8284271247461903,8,12.0,16,mrmr_then_elasticnet_no_corr_auto_k_no_smote,nested_cv_outputs_all_pairwise_concat_batch/Pre_T2/fs_method_comparison/mrmr_then_elasticnet_no_corr_auto_k_no_smote,mrmr_then_elasticnet_no_corr_auto_k,mrmr_then_elasticnet_no_corr,auto,False,40,4,1.5
Pre_T2,Pre,T2,KNN,0.586165824915825,0.0952683673879064,0.5579881656804734,0.6420560002592669,0.0876058570618096,0.6060848534698703,0.5487914713721166,0.0579895471811637,0.5641025641025641,0.551489898989899,0.053092219746133,0.5423076923076924,0.5647337828411998,0.1130585086353458,0.5853658536585366,0.7674242424242423,0.1583605167327748,0.7384615384615385,0.6298235098235099,0.0757307409850856,0.6530612244897959,0.3355555555555556,0.1478070146516968,0.3461538461538461,9.6,9.6,4.963869458396343,4,8.0,18,elasticnet_then_mrmr_auto_k_no_smote,nested_cv_outputs_all_pairwise_concat_batch/Pre_T2/fs_method_comparison/elasticnet_then_mrmr_auto_k_no_smote,elasticnet_then_mrmr_auto_k,elasticnet_then_mrmr,auto,False,34,3,1.411764705882353
Pre_T2,Pre,T2,RandomForest,0.5805555555555555,0.101192732623457,0.5644970414201184,0.6660938181407466,0.1284796491076241,0.6150621005141996,0.56293539196765,0.0505953564710882,0.5726495726495726,0.5750378787878788,0.0452817915260853,0.5673076923076923,0.5899206349206348,0.1222107807466797,0.6153846153846154,0.6256313131313131,0.138312624528157,0.6153846153846154,0.5881595881595881,0.0837945575258245,0.6153846153846154,0.5244444444444445,0.0589622184952071,0.5192307692307693,12.0,12.0,2.8284271247461903,8,12.0,16,mrmr_then_elasticnet_no_corr_auto_k_no_smote,nested_cv_outputs_all_pairwise_concat_batch/Pre_T2/fs_method_comparison/mrmr_then_elasticnet_no_corr_auto_k_no_smote,mrmr_then_elasticnet_no_corr_auto_k,mrmr_then_elasticnet_no_corr,auto,False,40,4,1.5
Pre_T2,Pre,T2,ExtraTrees,0.5760872615039283,0.1220465460216046,0.5538461538461539,0.6532483163293432,0.0739261209358876,0.6037101365246307,0.545043654075912,0.0757185995351566,0.5470085470085471,0.5567676767676768,0.0921305723165329,0.5442307692307693,0.5890819964349376,0.1247950394659651,0.5967741935483871,0.597979797979798,0.1083649679506764,0.5692307692307692,0.5727690700104493,0.0566437854915036,0.5826771653543307,0.5155555555555555,0.17744413135713,0.5192307692307693,9.6,9.6,4.963869458396343,4,8.0,18,elasticnet_then_mrmr_auto_k_no_smote,nested_cv_outputs_all_pairwise_concat_batch/Pre_T2/fs_method_comparison/elasticnet_then_mrmr_auto_k_no_smote,elasticnet_then_mrmr_auto_k,elasticnet_then_mrmr,auto,False,34,3,1.411764705882353
Pre_T2,Pre,T2,NaiveBayes,0.5714576318742985,0.1172732721793936,0.5822485207100592,0.623591659471013,0.1746177792053699,0.6074945029970131,0.5857016818307141,0.086717816231977,0.5982905982905983,0.5424494949494949,0.1084033040852459,0.5788461538461538,0.5563343050811081,0.1899280881942986,0.6125,0.6760101010101011,0.2152803326368733,0.7538461538461538,0.6086868686868687,0.1982554255340786,0.6758620689655173,0.4088888888888888,0.1753162926516979,0.4038461538461538,16.0,16.0,3.0983866769659336,10,18.0,18,corr_mrmr_auto_k_no_smote,nested_cv_outputs_all_pairwise_concat_batch/Pre_T2/fs_method_comparison/corr_mrmr_auto_k_no_smote,corr_mrmr_auto_k,corr_mrmr,auto,False,47,5,1.702127659574468
Pre_T2,Pre,T2,LightGBM,0.5700925925925926,0.0817669662069506,0.5399408284023669,0.6282360798581929,0.146811431806535,0.5788652182579508,0.5221661611984192,0.0943200872646403,0.5299145299145299,0.5405934343434343,0.0874214742309845,0.5346153846153846,0.5601282051282052,0.1333976669252179,0.5925925925925926,0.5256313131313132,0.1673518590578831,0.4923076923076923,0.519376026272578,0.1173126505323699,0.5378151260504201,0.5555555555555556,0.1079551804576988,0.5769230769230769,9.6,9.6,4.963869458396343,4,8.0,18,elasticnet_then_mrmr_auto_k_no_smote,nested_cv_outputs_all_pairwise_concat_batch/Pre_T2/fs_method_comparison/elasticnet_then_mrmr_auto_k_no_smote,elasticnet_then_mrmr_auto_k,elasticnet_then_mrmr,auto,False,34,3,1.411764705882353
Pre_T2,Pre,T2,XGBoost,0.5669318181818183,0.0775384164456266,0.535207100591716,0.6447849077142338,0.1479411175704688,0.6179657497694306,0.5612728609502804,0.0629139267351417,0.5726495726495726,0.5796843434343434,0.0530490647426934,0.5653846153846154,0.6060606060606061,0.1669034131205673,0.6119402985074627,0.6438131313131313,0.0893386378051347,0.6307692307692307,0.5995758627337575,0.0772957224009603,0.6212121212121212,0.5155555555555555,0.1735041892972723,0.5,12.0,12.0,2.8284271247461903,8,12.0,16,mrmr_then_elasticnet_no_corr_auto_k_no_smote,nested_cv_outputs_all_pairwise_concat_batch/Pre_T2/fs_method_comparison/mrmr_then_elasticnet_no_corr_auto_k_no_smote,mrmr_then_elasticnet_no_corr_auto_k,mrmr_then_elasticnet_no_corr,auto,False,40,4,1.5
Pre_T2,Pre,T2,GradientBoosting,0.5654110549943884,0.0461196221643752,0.5372781065088758,0.6807797590308403,0.0944809221750769,0.65323246665896,0.4944481205771529,0.109076412418267,0.5213675213675214,0.5257954545454545,0.0615534848468065,0.5076923076923077,0.5535184114131482,0.143241040784477,0.5616438356164384,0.6827020202020202,0.1667534974302301,0.6307692307692307,0.5787252134055203,0.0719813694605345,0.5942028985507246,0.3688888888888889,0.2029899954963419,0.3846153846153846,12.0,12.0,2.8284271247461903,8,12.0,16,mrmr_then_elasticnet_no_corr_auto_k_no_smote,nested_cv_outputs_all_pairwise_concat_batch/Pre_T2/fs_method_comparison/mrmr_then_elasticnet_no_corr_auto_k_no_smote,mrmr_then_elasticnet_no_corr_auto_k,mrmr_then_elasticnet_no_corr,auto,False,40,4,1.5
Pre_T2,Pre,T2,SVM_RBF,0.5542045454545454,0.0519297106921082,0.4970414201183432,0.5994662561495427,0.1014097821971984,0.5798556021319261,0.4838525870783935,0.0502254834856842,0.4957264957264957,0.5156565656565656,0.0230559842636633,0.475,0.5405218437476502,0.1201580609417941,0.5375,0.7090909090909091,0.2381054700674326,0.6615384615384615,0.571734981701138,0.0603700479986275,0.593103448275862,0.3222222222222222,0.223330569358242,0.2884615384615384,12.0,12.0,2.8284271247461903,8,12.0,16,mrmr_then_elasticnet_no_corr_auto_k_no_smote,nested_cv_outputs_all_pairwise_concat_batch/Pre_T2/fs_method_comparison/mrmr_then_elasticnet_no_corr_auto_k_no_smote,mrmr_then_elasticnet_no_corr_auto_k,mrmr_then_elasticnet_no_corr,auto,False,40,4,1.5
Pre_T2,Pre,T2,XGBoost,0.5356032547699214,0.165174917008014,0.5236686390532544,0.6258324288423914,0.158856227422705,0.6200052618947747,0.5145492142266337,0.1064975302371218,0.5213675213675214,0.5153787878787879,0.1135738997796233,0.5096153846153846,0.5448366013071896,0.1426512176620502,0.5633802816901409,0.6285353535353535,0.0969197051270488,0.6153846153846154,0.5697815909580616,0.0992256075316375,0.5882352941176471,0.4022222222222223,0.1716154184560695,0.4038461538461538,16.0,16.0,3.0983866769659336,10,18.0,18,corr_mrmr_auto_k_no_smote,nested_cv_outputs_all_pairwise_concat_batch/Pre_T2/fs_method_comparison/corr_mrmr_auto_k_no_smote,corr_mrmr_auto_k,corr_mrmr,auto,False,47,5,1.702127659574468
Pre_T2,Pre,T2,KNN,0.5337443883277216,0.1560511914195048,0.5057692307692307,0.5887967699058653,0.1411138276883914,0.5529904852980022,0.5175507765830346,0.103502289346133,0.5384615384615384,0.5230934343434344,0.1075620960405773,0.5134615384615384,0.5372370766488415,0.127274529763496,0.5647058823529412,0.7617424242424242,0.1955528881089467,0.7384615384615385,0.6104408422966217,0.1098493290695133,0.64,0.2844444444444444,0.0925896295822207,0.2884615384615384,12.0,12.0,2.8284271247461903,8,12.0,16,mrmr_then_elasticnet_no_corr_auto_k_no_smote,nested_cv_outputs_all_pairwise_concat_batch/Pre_T2/fs_method_comparison/mrmr_then_elasticnet_no_corr_auto_k_no_smote,mrmr_then_elasticnet_no_corr_auto_k,mrmr_then_elasticnet_no_corr,auto,False,40,4,1.5
Pre_T2,Pre,T2,GradientBoosting,0.5306242985409652,0.1181295379611105,0.4717455621301775,0.6220676120920111,0.1584741503920025,0.5459068921869239,0.4929978862236927,0.1074991879358661,0.4957264957264957,0.4945454545454545,0.0870052074994787,0.475,0.5098924731182796,0.1323243124579757,0.5375,0.6646464646464646,0.2524616081414131,0.6615384615384615,0.5516705019504572,0.154282640327844,0.593103448275862,0.3244444444444444,0.181407392284076,0.2884615384615384,16.0,16.0,3.0983866769659336,10,18.0,18,corr_mrmr_auto_k_no_smote,nested_cv_outputs_all_pairwise_concat_batch/Pre_T2/fs_method_comparison/corr_mrmr_auto_k_no_smote,corr_mrmr_auto_k,corr_mrmr,auto,False,47,5,1.702127659574468
Pre_T2,Pre,T2,ExtraTrees,0.5294991582491583,0.1249153671704246,0.5514792899408285,0.6066099225745711,0.1442951712478225,0.6241121405491842,0.53302086205312,0.0590629139535287,0.5384615384615384,0.5446212121212122,0.0622213382750736,0.5326923076923077,0.5632539682539683,0.1006540715842147,0.5846153846153846,0.6047979797979798,0.1511965294620725,0.5846153846153846,0.5633362394652717,0.0756911390925283,0.5846153846153846,0.4844444444444445,0.061903947898596,0.4807692307692308,16.0,16.0,3.0983866769659336,10,18.0,18,corr_mrmr_auto_k_no_smote,nested_cv_outputs_all_pairwise_concat_batch/Pre_T2/fs_method_comparison/corr_mrmr_auto_k_no_smote,corr_mrmr_auto_k,corr_mrmr,auto,False,47,5,1.702127659574468
Pre_T2,Pre,T2,SVM_RBF,0.5270693041526375,0.0372372116880071,0.579585798816568,0.6179456172682313,0.1058440441180605,0.6281458032826874,0.5619437551695616,0.1110393060361889,0.5470085470085471,0.5101010101010102,0.0202020202020202,0.5384615384615385,0.3565591397849462,0.2950123799311434,0.5882352941176471,0.509090909090909,0.4475830409124062,0.6153846153846154,0.4104559270516718,0.3428464505004578,0.6015037593984962,0.5111111111111111,0.4477653706579974,0.4615384615384615,16.0,16.0,3.0983866769659336,10,18.0,18,corr_mrmr_auto_k_no_smote,nested_cv_outputs_all_pairwise_concat_batch/Pre_T2/fs_method_comparison/corr_mrmr_auto_k_no_smote,corr_mrmr_auto_k,corr_mrmr,auto,False,47,5,1.702127659574468
Pre_T2,Pre,T2,LightGBM,0.5248232323232322,0.1931754735869734,0.4952662721893491,0.6110043137352492,0.1723375824303345,0.5319941793766099,0.5376261373035567,0.1231554431263581,0.5299145299145299,0.5533712121212121,0.1478003661009316,0.5288461538461539,0.5882467532467531,0.1770576212652326,0.5833333333333334,0.564520202020202,0.1397279521870462,0.5384615384615384,0.5545073236906267,0.0961438071164025,0.56,0.5422222222222223,0.2337456674187503,0.5192307692307693,16.0,16.0,3.0983866769659336,10,18.0,18,corr_mrmr_auto_k_no_smote,nested_cv_outputs_all_pairwise_concat_batch/Pre_T2/fs_method_comparison/corr_mrmr_auto_k_no_smote,corr_mrmr_auto_k,corr_mrmr,auto,False,47,5,1.702127659574468
Pre_T2,Pre,T2,LogisticRegression,0.5233599887766556,0.0386634040033831,0.5136094674556213,0.5996852849236317,0.1301760183442936,0.5869161229209934,0.4881702049443984,0.0477129980094378,0.4871794871794871,0.5049747474747475,0.0535701002162575,0.5096153846153846,0.4343434343434343,0.2602848227621237,0.5714285714285714,0.3366161616161616,0.1754052837574851,0.3076923076923077,0.3663448275862069,0.1917064740064377,0.4,0.6733333333333332,0.1864019286712068,0.7115384615384616,12.0,12.0,2.8284271247461903,8,12.0,16,mrmr_then_elasticnet_no_corr_auto_k_no_smote,nested_cv_outputs_all_pairwise_concat_batch/Pre_T2/fs_method_comparison/mrmr_then_elasticnet_no_corr_auto_k_no_smote,mrmr_then_elasticnet_no_corr_auto_k,mrmr_then_elasticnet_no_corr,auto,False,40,4,1.5
Pre_T2,Pre,T2,SVM_Linear,0.5039604377104377,0.0984778555893135,0.5292899408284024,0.5965212907547988,0.1688040142071852,0.5816731299451798,0.552314125539932,0.1541990260513764,0.5726495726495726,0.5684974747474747,0.0981024855373463,0.5423076923076923,0.5841760326959567,0.1587076994842988,0.5824175824175825,0.8369949494949495,0.1757947612468255,0.8153846153846154,0.6560021455390668,0.1160244054165382,0.6794871794871795,0.3,0.2666666666666666,0.2692307692307692,16.0,16.0,3.0983866769659336,10,18.0,18,corr_mrmr_auto_k_no_smote,nested_cv_outputs_all_pairwise_concat_batch/Pre_T2/fs_method_comparison/corr_mrmr_auto_k_no_smote,corr_mrmr_auto_k,corr_mrmr,auto,False,47,5,1.702127659574468
Pre_T2,Pre,T2,RandomForest,0.4947783389450055,0.1545509088153494,0.4899408284023668,0.5895830152161997,0.1622053378886443,0.5683237669573526,0.5044738535061115,0.1137480026894947,0.5128205128205128,0.5324116161616161,0.1245591117672754,0.5096153846153846,0.5296058327637274,0.1300331447636817,0.5645161290322581,0.5892676767676768,0.2726944190836464,0.5384615384615384,0.5255026455026455,0.1474444359953921,0.5511811023622047,0.4755555555555555,0.0917322997357791,0.4807692307692308,16.0,16.0,3.0983866769659336,10,18.0,18,corr_mrmr_auto_k_no_smote,nested_cv_outputs_all_pairwise_concat_batch/Pre_T2/fs_method_comparison/corr_mrmr_auto_k_no_smote,corr_mrmr_auto_k,corr_mrmr,auto,False,47,5,1.702127659574468
Pre_T2,Pre,T2,LogisticRegression,0.4895650953984287,0.0612781279789009,0.520414201183432,0.5711479768574412,0.1356225102263433,0.5719654828239303,0.5104778972520908,0.0332046064190869,0.5128205128205128,0.4914267676767676,0.050590149265785,0.525,0.4205555555555555,0.2698856639485289,0.5869565217391305,0.389520202020202,0.241569806328225,0.4153846153846154,0.4003314882571849,0.2494229753544942,0.4864864864864865,0.5933333333333334,0.2368100765290172,0.6346153846153846,16.0,16.0,3.0983866769659336,10,18.0,18,corr_mrmr_auto_k_no_smote,nested_cv_outputs_all_pairwise_concat_batch/Pre_T2/fs_method_comparison/corr_mrmr_auto_k_no_smote,corr_mrmr_auto_k,corr_mrmr,auto,False,47,5,1.702127659574468
Pre_T2,Pre,T2,KNN,0.4577763748597082,0.1056256671360768,0.4795857988165681,0.5428057583965977,0.1421937993471433,0.5250289850658612,0.507996507673927,0.0395552926145587,0.5128205128205128,0.5004419191919192,0.0510877996106132,0.4884615384615385,0.5309990662931839,0.1057409468484171,0.5476190476190477,0.7119949494949495,0.1230956354042082,0.7076923076923077,0.5937718036439265,0.0730783272410641,0.6174496644295302,0.2888888888888888,0.1097696803131419,0.2692307692307692,16.0,16.0,3.0983866769659336,10,18.0,18,corr_mrmr_auto_k_no_smote,nested_cv_outputs_all_pairwise_concat_batch/Pre_T2/fs_method_comparison/corr_mrmr_auto_k_no_smote,corr_mrmr_auto_k,corr_mrmr,auto,False,47,5,1.702127659574468
