Quad_Tag,Dataset_A,Dataset_B,Dataset_C,Dataset_D,Model,Mean_AUC,Std_AUC,Pooled_AUC,Mean_PR_AUC,Std_PR_AUC,Pooled_PR_AUC,Mean_Acc,Std_Acc,Pooled_Acc,Mean_Bal_Acc,Std_Bal_Acc,Pooled_Bal_Acc,Mean_Prec,Std_Prec,Pooled_Prec,Mean_Rec,Std_Rec,Pooled_Rec,Mean_F1,Std_F1,Pooled_F1,Mean_Specificity,Std_Specificity,Pooled_Specificity,Avg_Features,Mean_Selected_K,Std_Selected_K,Min_Selected_K,Median_Selected_K,Max_Selected_K,Run_Name,Run_Dir,Experiment_ID,FS_METHOD,FS_N_FEATURES,USE_SMOTE,N_Unique_Selected_Features,Max_Selection_Count,Mean_Selection_Count
ADC_Post1_Post2_Pre,ADC,Post1,Post2,Pre,SVM_RBF,0.8125,0.0353375188268145,0.765079365079365,0.848908421123077,0.0768116582334915,0.823823126081703,0.7053221288515406,0.0503961388430194,0.6991150442477876,0.6997222222222222,0.0590090973509069,0.6847619047619048,0.7326814362108479,0.1523948055183276,0.6986301369863014,0.8434920634920635,0.1760534287532116,0.8095238095238095,0.7505298142717497,0.0612029030718274,0.75,0.555952380952381,0.26281228050565,0.56,7.6,7.6,2.939387691339814,4,6.0,12,elasticnet_then_mrmr_auto_k_no_smote,nested_cv_outputs_all_quad_concat_batch_smote_compare/ADC_Post1_Post2_Pre/fs_method_comparison/elasticnet_then_mrmr_auto_k_no_smote,elasticnet_then_mrmr_auto_k,elasticnet_then_mrmr,auto,False,21,4,1.8095238095238095
ADC_Post1_Post2_Pre,ADC,Post1,Post2,Pre,SVM_RBF,0.8057539682539682,0.0443603938804142,0.7806349206349207,0.8331315471256149,0.0887875471867106,0.8077187212172838,0.7403221288515406,0.0426288844643752,0.7345132743362832,0.7300396825396825,0.017958968939828,0.7309523809523809,0.7631060606060606,0.0875423287357464,0.7619047619047619,0.7812698412698413,0.1367786168327335,0.7619047619047619,0.7594125159642401,0.0661745659988261,0.7619047619047619,0.6788095238095238,0.1444561306976797,0.7,7.6,7.6,2.939387691339814,4,6.0,12,elasticnet_then_mrmr_auto_k_smote,nested_cv_outputs_all_quad_concat_batch_smote_compare/ADC_Post1_Post2_Pre/fs_method_comparison/elasticnet_then_mrmr_auto_k_smote,elasticnet_then_mrmr_auto_k,elasticnet_then_mrmr,auto,True,21,4,1.8095238095238095
ADC_Post1_Post2_Pre,ADC,Post1,Post2,Pre,ExtraTrees,0.7918253968253969,0.067935580768039,0.7425396825396826,0.823575134635966,0.1434823380348452,0.752714439116676,0.7048459383753501,0.0386616880871026,0.6991150442477876,0.7030555555555555,0.0362815617893653,0.6971428571428572,0.7432034632034632,0.0937216540107017,0.7377049180327869,0.7415873015873016,0.1357617108262864,0.7142857142857143,0.7271957671957672,0.0627457013640659,0.7258064516129032,0.6645238095238095,0.1364898474541234,0.68,7.6,7.6,2.939387691339814,4,6.0,12,elasticnet_then_mrmr_auto_k_no_smote,nested_cv_outputs_all_quad_concat_batch_smote_compare/ADC_Post1_Post2_Pre/fs_method_comparison/elasticnet_then_mrmr_auto_k_no_smote,elasticnet_then_mrmr_auto_k,elasticnet_then_mrmr,auto,False,21,4,1.8095238095238095
ADC_Post1_Post2_Pre,ADC,Post1,Post2,Pre,SVM_Linear,0.7903968253968254,0.055147252431497,0.7784126984126983,0.8385583375735243,0.0699097335828224,0.8097468382205573,0.7420868347338937,0.0488500468766565,0.7345132743362832,0.7369841269841271,0.0474822108021054,0.735079365079365,0.7994117647058824,0.1147948373023816,0.7796610169491526,0.7525396825396825,0.1694197409597186,0.7301587301587301,0.7523290986085904,0.0754176115762844,0.7540983606557377,0.7214285714285714,0.197432499444075,0.74,7.6,7.6,2.939387691339814,4,6.0,12,elasticnet_then_mrmr_auto_k_smote,nested_cv_outputs_all_quad_concat_batch_smote_compare/ADC_Post1_Post2_Pre/fs_method_comparison/elasticnet_then_mrmr_auto_k_smote,elasticnet_then_mrmr_auto_k,elasticnet_then_mrmr,auto,True,21,4,1.8095238095238095
ADC_Post1_Post2_Pre,ADC,Post1,Post2,Pre,LogisticRegression,0.7901587301587302,0.0418054378449612,0.7765079365079365,0.8403212033299768,0.0610471474122713,0.8113737352637214,0.7254201680672269,0.0679893734661135,0.7168141592920354,0.7187301587301589,0.065123581572232,0.715079365079365,0.7618181818181817,0.1045098753687266,0.7540983606557377,0.7503174603174603,0.1192290680694667,0.7301587301587301,0.7452026618269812,0.0741267419965312,0.7419354838709677,0.687142857142857,0.1606364891070925,0.7,7.6,7.6,2.939387691339814,4,6.0,12,elasticnet_then_mrmr_auto_k_smote,nested_cv_outputs_all_quad_concat_batch_smote_compare/ADC_Post1_Post2_Pre/fs_method_comparison/elasticnet_then_mrmr_auto_k_smote,elasticnet_then_mrmr_auto_k,elasticnet_then_mrmr,auto,True,21,4,1.8095238095238095
ADC_Post1_Post2_Pre,ADC,Post1,Post2,Pre,LogisticRegression,0.7792857142857142,0.0471246825102098,0.7682539682539682,0.8341191074382526,0.0838372365440471,0.8083378917009849,0.7199439775910366,0.0802875518708459,0.7079646017699115,0.7103174603174602,0.0626335811086137,0.7071428571428571,0.7558333333333332,0.107870807501896,0.75,0.7334920634920635,0.1642043353386753,0.7142857142857143,0.7299749373433584,0.1025056651390881,0.7317073170731707,0.687142857142857,0.1606364891070925,0.7,7.6,7.6,2.939387691339814,4,6.0,12,elasticnet_then_mrmr_auto_k_no_smote,nested_cv_outputs_all_quad_concat_batch_smote_compare/ADC_Post1_Post2_Pre/fs_method_comparison/elasticnet_then_mrmr_auto_k_no_smote,elasticnet_then_mrmr_auto_k,elasticnet_then_mrmr,auto,False,21,4,1.8095238095238095
ADC_Post1_Post2_Pre,ADC,Post1,Post2,Pre,SVM_Linear,0.778095238095238,0.0568147547009214,0.7622222222222222,0.8268325339653677,0.0865324725114295,0.809528173447005,0.7254201680672269,0.0568653322809756,0.7168141592920354,0.723968253968254,0.0507915426149804,0.7088888888888889,0.7455156608097784,0.1205769561572166,0.7313432835820896,0.8036507936507936,0.1299723791809713,0.7777777777777778,0.7569267997580157,0.0706022027680802,0.7538461538461538,0.6442857142857144,0.1571688290225722,0.64,7.6,7.6,2.939387691339814,4,6.0,12,elasticnet_then_mrmr_auto_k_no_smote,nested_cv_outputs_all_quad_concat_batch_smote_compare/ADC_Post1_Post2_Pre/fs_method_comparison/elasticnet_then_mrmr_auto_k_no_smote,elasticnet_then_mrmr_auto_k,elasticnet_then_mrmr,auto,False,21,4,1.8095238095238095
ADC_Post1_Post2_Pre,ADC,Post1,Post2,Pre,KNN,0.7778968253968254,0.0354957156595542,0.743968253968254,0.7918675081845876,0.1037072646265663,0.7682110571099576,0.7077030812324929,0.0610306873620209,0.6991150442477876,0.7005952380952382,0.0357746403604582,0.7012698412698413,0.7618037518037518,0.0813506010253418,0.7543859649122807,0.7080952380952381,0.1660444925150575,0.6825396825396826,0.7158306316927007,0.0868698216482859,0.7166666666666667,0.6930952380952381,0.1572842077115972,0.72,7.6,7.6,2.939387691339814,4,6.0,12,elasticnet_then_mrmr_auto_k_smote,nested_cv_outputs_all_quad_concat_batch_smote_compare/ADC_Post1_Post2_Pre/fs_method_comparison/elasticnet_then_mrmr_auto_k_smote,elasticnet_then_mrmr_auto_k,elasticnet_then_mrmr,auto,True,21,4,1.8095238095238095
ADC_Post1_Post2_Pre,ADC,Post1,Post2,Pre,LogisticRegression,0.7751984126984126,0.0505294467978938,0.7536507936507937,0.8275829254247583,0.0986724001863703,0.8057047435726976,0.6692717086834735,0.0633198590185747,0.6637168141592921,0.6666269841269842,0.0566157901528664,0.655079365079365,0.7052777777777777,0.1250567772288419,0.6865671641791045,0.7592063492063492,0.1646021796666751,0.7301587301587301,0.7061067197909303,0.0862715872605777,0.7076923076923077,0.574047619047619,0.1939247346809799,0.58,10.0,10.0,4.560701700396552,4,10.0,18,mrmr_then_elasticnet_no_corr_auto_k_smote,nested_cv_outputs_all_quad_concat_batch_smote_compare/ADC_Post1_Post2_Pre/fs_method_comparison/mrmr_then_elasticnet_no_corr_auto_k_smote,mrmr_then_elasticnet_no_corr_auto_k,mrmr_then_elasticnet_no_corr,auto,True,41,3,1.2195121951219512
ADC_Post1_Post2_Pre,ADC,Post1,Post2,Pre,NaiveBayes,0.7723809523809524,0.072223356000171,0.6704761904761904,0.772094769625662,0.1259429986367258,0.6893426755286183,0.6390756302521009,0.097524257817906,0.6371681415929203,0.6396428571428572,0.0875444313639479,0.6292063492063492,0.696111111111111,0.1358966564510249,0.6666666666666666,0.7147619047619048,0.1826042673875065,0.6984126984126984,0.6765491288817861,0.0906672971640453,0.6821705426356589,0.5645238095238095,0.2736193956870476,0.56,10.0,10.0,4.560701700396552,4,10.0,18,mrmr_then_elasticnet_no_corr_auto_k_no_smote,nested_cv_outputs_all_quad_concat_batch_smote_compare/ADC_Post1_Post2_Pre/fs_method_comparison/mrmr_then_elasticnet_no_corr_auto_k_no_smote,mrmr_then_elasticnet_no_corr_auto_k,mrmr_then_elasticnet_no_corr,auto,False,41,3,1.2195121951219512
ADC_Post1_Post2_Pre,ADC,Post1,Post2,Pre,LogisticRegression,0.7721031746031745,0.0531742478073887,0.7533333333333333,0.8222393633239496,0.1112925927365875,0.8079207637539492,0.6910364145658263,0.0787638013082113,0.6814159292035398,0.6957936507936509,0.0549018226336415,0.6750793650793651,0.7308333333333333,0.1320084640009921,0.7076923076923077,0.7592063492063492,0.1646021796666751,0.7301587301587301,0.7198110956731646,0.0963413500035609,0.71875,0.6323809523809524,0.1714193119192415,0.62,10.0,10.0,4.560701700396552,4,10.0,18,mrmr_then_elasticnet_no_corr_auto_k_no_smote,nested_cv_outputs_all_quad_concat_batch_smote_compare/ADC_Post1_Post2_Pre/fs_method_comparison/mrmr_then_elasticnet_no_corr_auto_k_no_smote,mrmr_then_elasticnet_no_corr_auto_k,mrmr_then_elasticnet_no_corr,auto,False,41,3,1.2195121951219512
ADC_Post1_Post2_Pre,ADC,Post1,Post2,Pre,ExtraTrees,0.7669841269841269,0.0938155666412439,0.7346031746031745,0.8223169659041132,0.1272309195177379,0.8015068182183771,0.678655462184874,0.074171392464648,0.672566371681416,0.6714682539682539,0.0838647455158506,0.6712698412698412,0.7066378066378066,0.153628903136409,0.7166666666666667,0.6926984126984127,0.1851493238141677,0.6825396825396826,0.6874325660895534,0.1386619591401809,0.6991869918699187,0.6502380952380953,0.1342536266965594,0.66,7.6,7.6,2.939387691339814,4,6.0,12,elasticnet_then_mrmr_auto_k_smote,nested_cv_outputs_all_quad_concat_batch_smote_compare/ADC_Post1_Post2_Pre/fs_method_comparison/elasticnet_then_mrmr_auto_k_smote,elasticnet_then_mrmr_auto_k,elasticnet_then_mrmr,auto,True,21,4,1.8095238095238095
ADC_Post1_Post2_Pre,ADC,Post1,Post2,Pre,SVM_Linear,0.7659920634920635,0.0750757155393407,0.7269841269841268,0.812154115325297,0.1270564546870911,0.7872111753647317,0.6360364145658264,0.0921108498789743,0.6283185840707964,0.6584126984126984,0.080269999780126,0.6253968253968254,0.7102450980392156,0.1567881392571853,0.6721311475409836,0.6820634920634919,0.1632326497952651,0.6507936507936508,0.6668238530307495,0.0924387593668108,0.6612903225806451,0.6347619047619047,0.1896745033829272,0.6,10.0,10.0,4.560701700396552,4,10.0,18,mrmr_then_elasticnet_no_corr_auto_k_smote,nested_cv_outputs_all_quad_concat_batch_smote_compare/ADC_Post1_Post2_Pre/fs_method_comparison/mrmr_then_elasticnet_no_corr_auto_k_smote,mrmr_then_elasticnet_no_corr_auto_k,mrmr_then_elasticnet_no_corr,auto,True,41,3,1.2195121951219512
ADC_Post1_Post2_Pre,ADC,Post1,Post2,Pre,NaiveBayes,0.7607142857142857,0.0888655014584304,0.6749206349206348,0.7589319774432621,0.14064158247956,0.6919780375297566,0.6473109243697479,0.1332982382077879,0.6460176991150443,0.6618650793650794,0.130519269333775,0.6412698412698412,0.7100122100122099,0.168868485848907,0.6825396825396826,0.6925396825396827,0.2059015902138876,0.6825396825396826,0.6711626064567241,0.131608477689542,0.6825396825396826,0.6311904761904763,0.2899002878072877,0.6,10.0,10.0,4.560701700396552,4,10.0,18,mrmr_then_elasticnet_no_corr_auto_k_smote,nested_cv_outputs_all_quad_concat_batch_smote_compare/ADC_Post1_Post2_Pre/fs_method_comparison/mrmr_then_elasticnet_no_corr_auto_k_smote,mrmr_then_elasticnet_no_corr_auto_k,mrmr_then_elasticnet_no_corr,auto,True,41,3,1.2195121951219512
ADC_Post1_Post2_Pre,ADC,Post1,Post2,Pre,RandomForest,0.7603571428571428,0.0531219236804373,0.7409523809523809,0.7893417345872994,0.1056259213287546,0.7664801907572583,0.7165126050420169,0.0872957222274291,0.7079646017699115,0.716388888888889,0.0783138313801408,0.7071428571428571,0.7435497835497836,0.1393311681418476,0.75,0.7325396825396825,0.1907999893303074,0.7142857142857143,0.7229629629629629,0.1330452081318508,0.7317073170731707,0.7002380952380952,0.1011061273098314,0.7,7.6,7.6,2.939387691339814,4,6.0,12,elasticnet_then_mrmr_auto_k_no_smote,nested_cv_outputs_all_quad_concat_batch_smote_compare/ADC_Post1_Post2_Pre/fs_method_comparison/elasticnet_then_mrmr_auto_k_no_smote,elasticnet_then_mrmr_auto_k,elasticnet_then_mrmr,auto,False,21,4,1.8095238095238095
ADC_Post1_Post2_Pre,ADC,Post1,Post2,Pre,NaiveBayes,0.7566666666666666,0.0486653568404896,0.6549206349206349,0.8183941072946306,0.0470650114702426,0.7128831215179545,0.5925070028011205,0.1044550359623392,0.584070796460177,0.5846428571428571,0.062398266913287,0.5568253968253968,0.635179643646463,0.1634184738888452,0.5952380952380952,0.8333333333333334,0.2048787657176197,0.7936507936507936,0.6798821548821549,0.0966994046736735,0.6802721088435374,0.3359523809523809,0.2989858140561233,0.32,7.6,7.6,2.939387691339814,4,6.0,12,elasticnet_then_mrmr_auto_k_no_smote,nested_cv_outputs_all_quad_concat_batch_smote_compare/ADC_Post1_Post2_Pre/fs_method_comparison/elasticnet_then_mrmr_auto_k_no_smote,elasticnet_then_mrmr_auto_k,elasticnet_then_mrmr,auto,False,21,4,1.8095238095238095
ADC_Post1_Post2_Pre,ADC,Post1,Post2,Pre,SVM_Linear,0.7559920634920635,0.0710690245354844,0.7158730158730159,0.8129970772637405,0.1191440733393978,0.779039558029587,0.6619887955182072,0.0749882937506957,0.6548672566371682,0.660952380952381,0.0711469757914777,0.6388888888888888,0.6979000531632111,0.1537003046673693,0.6621621621621622,0.8014285714285714,0.1319947928762148,0.7777777777777778,0.7195600049437647,0.0642296075791799,0.7153284671532847,0.5204761904761905,0.2537232945633523,0.5,10.0,10.0,4.560701700396552,4,10.0,18,mrmr_then_elasticnet_no_corr_auto_k_no_smote,nested_cv_outputs_all_quad_concat_batch_smote_compare/ADC_Post1_Post2_Pre/fs_method_comparison/mrmr_then_elasticnet_no_corr_auto_k_no_smote,mrmr_then_elasticnet_no_corr_auto_k,mrmr_then_elasticnet_no_corr,auto,False,41,3,1.2195121951219512
ADC_Post1_Post2_Pre,ADC,Post1,Post2,Pre,SVM_RBF,0.7482936507936507,0.0585915889939114,0.7152380952380952,0.7959617496496868,0.1268128042213809,0.7600794536855306,0.6497478991596639,0.0397385511222017,0.6460176991150443,0.6417063492063491,0.0701486292376794,0.6309523809523809,0.6833986928104576,0.1315734164959001,0.6575342465753424,0.7903174603174603,0.152906171569714,0.7619047619047619,0.7060166545395747,0.0535214836103338,0.7058823529411765,0.493095238095238,0.2505395538177772,0.5,10.0,10.0,4.560701700396552,4,10.0,18,mrmr_then_elasticnet_no_corr_auto_k_no_smote,nested_cv_outputs_all_quad_concat_batch_smote_compare/ADC_Post1_Post2_Pre/fs_method_comparison/mrmr_then_elasticnet_no_corr_auto_k_no_smote,mrmr_then_elasticnet_no_corr_auto_k,mrmr_then_elasticnet_no_corr,auto,False,41,3,1.2195121951219512
ADC_Post1_Post2_Pre,ADC,Post1,Post2,Pre,RandomForest,0.7475793650793652,0.0634856643600671,0.7279365079365079,0.7917801425841555,0.1118070908586756,0.7610490847243807,0.6944677871148459,0.0811973506521042,0.6814159292035398,0.6955555555555555,0.0704498198911887,0.6833333333333333,0.735944055944056,0.1058562954380936,0.7368421052631579,0.6882539682539682,0.1367093383228859,0.6666666666666666,0.7035219466290247,0.103154697202325,0.7,0.7028571428571427,0.0740074152073218,0.7,7.6,7.6,2.939387691339814,4,6.0,12,elasticnet_then_mrmr_auto_k_smote,nested_cv_outputs_all_quad_concat_batch_smote_compare/ADC_Post1_Post2_Pre/fs_method_comparison/elasticnet_then_mrmr_auto_k_smote,elasticnet_then_mrmr_auto_k,elasticnet_then_mrmr,auto,True,21,4,1.8095238095238095
ADC_Post1_Post2_Pre,ADC,Post1,Post2,Pre,KNN,0.7449801587301587,0.0650283384937385,0.7061904761904761,0.7567384020430239,0.1410761389391163,0.7025365456103609,0.6797478991596639,0.0670808024047683,0.672566371681416,0.6796031746031745,0.0317971810163185,0.660952380952381,0.7017156862745098,0.136273980814321,0.6857142857142857,0.7934920634920635,0.1591980405814358,0.7619047619047619,0.7209523809523809,0.0835493798074716,0.7218045112781954,0.5657142857142857,0.169416766632841,0.56,7.6,7.6,2.939387691339814,4,6.0,12,elasticnet_then_mrmr_auto_k_no_smote,nested_cv_outputs_all_quad_concat_batch_smote_compare/ADC_Post1_Post2_Pre/fs_method_comparison/elasticnet_then_mrmr_auto_k_no_smote,elasticnet_then_mrmr_auto_k,elasticnet_then_mrmr,auto,False,21,4,1.8095238095238095
ADC_Post1_Post2_Pre,ADC,Post1,Post2,Pre,GradientBoosting,0.7441666666666666,0.042858539071907,0.7231746031746031,0.7645728635665611,0.0877607114128058,0.7355618153932613,0.6928011204481793,0.0718958516727358,0.6814159292035398,0.6872222222222222,0.066578929416728,0.6812698412698412,0.7293506493506493,0.089746179818637,0.7288135593220338,0.704920634920635,0.1381339117531088,0.6825396825396826,0.7081633792704572,0.0933348200634916,0.7049180327868853,0.6695238095238094,0.1110596252596405,0.68,7.6,7.6,2.939387691339814,4,6.0,12,elasticnet_then_mrmr_auto_k_smote,nested_cv_outputs_all_quad_concat_batch_smote_compare/ADC_Post1_Post2_Pre/fs_method_comparison/elasticnet_then_mrmr_auto_k_smote,elasticnet_then_mrmr_auto_k,elasticnet_then_mrmr,auto,True,21,4,1.8095238095238095
ADC_Post1_Post2_Pre,ADC,Post1,Post2,Pre,KNN,0.7436111111111112,0.0678687913514464,0.686984126984127,0.7833265980182729,0.1003023884528809,0.7337084486264354,0.6502240896358543,0.096517150505927,0.6460176991150443,0.665436507936508,0.0722599761778153,0.633015873015873,0.694945054945055,0.150861222767591,0.6619718309859155,0.7673015873015874,0.0992823835610482,0.746031746031746,0.7074272391759658,0.0661414524250978,0.7014925373134329,0.5635714285714285,0.2225720602309842,0.52,10.0,10.0,4.560701700396552,4,10.0,18,mrmr_then_elasticnet_no_corr_auto_k_no_smote,nested_cv_outputs_all_quad_concat_batch_smote_compare/ADC_Post1_Post2_Pre/fs_method_comparison/mrmr_then_elasticnet_no_corr_auto_k_no_smote,mrmr_then_elasticnet_no_corr_auto_k,mrmr_then_elasticnet_no_corr,auto,False,41,3,1.2195121951219512
ADC_Post1_Post2_Pre,ADC,Post1,Post2,Pre,NaiveBayes,0.7398412698412697,0.0608666518475451,0.660952380952381,0.8068627979606898,0.0611229506714385,0.7150189284936859,0.6008403361344538,0.0982183737172057,0.5929203539823009,0.5929761904761905,0.0525414808113104,0.5668253968253968,0.6404428015411997,0.1593532469544556,0.6024096385542169,0.8333333333333334,0.2048787657176197,0.7936507936507936,0.683914412946671,0.0947270460924181,0.684931506849315,0.3526190476190476,0.2913087210762092,0.34,7.6,7.6,2.939387691339814,4,6.0,12,elasticnet_then_mrmr_auto_k_smote,nested_cv_outputs_all_quad_concat_batch_smote_compare/ADC_Post1_Post2_Pre/fs_method_comparison/elasticnet_then_mrmr_auto_k_smote,elasticnet_then_mrmr_auto_k,elasticnet_then_mrmr,auto,True,21,4,1.8095238095238095
ADC_Post1_Post2_Pre,ADC,Post1,Post2,Pre,GradientBoosting,0.7327777777777778,0.0597986248621098,0.7092063492063492,0.7579410256343889,0.1239981159881411,0.7263901570324591,0.6903221288515405,0.0817481988129674,0.6814159292035398,0.6775,0.062661934335075,0.670952380952381,0.6948323735088441,0.131999110649779,0.6956521739130435,0.7723809523809523,0.1395764387800987,0.7619047619047619,0.7222907607779688,0.1089755505802045,0.7272727272727273,0.5826190476190476,0.1292609377293687,0.58,7.6,7.6,2.939387691339814,4,6.0,12,elasticnet_then_mrmr_auto_k_no_smote,nested_cv_outputs_all_quad_concat_batch_smote_compare/ADC_Post1_Post2_Pre/fs_method_comparison/elasticnet_then_mrmr_auto_k_no_smote,elasticnet_then_mrmr_auto_k,elasticnet_then_mrmr,auto,False,21,4,1.8095238095238095
ADC_Post1_Post2_Pre,ADC,Post1,Post2,Pre,KNN,0.731984126984127,0.055334936093135,0.7092063492063493,0.7584990035416187,0.1047083401150331,0.7515330861241816,0.6881792717086835,0.0498957988036676,0.6814159292035398,0.6952380952380952,0.0418450452327586,0.6833333333333333,0.7420357420357421,0.1091864427831892,0.7368421052631579,0.6828571428571429,0.0731565242963,0.6666666666666666,0.703604607952434,0.0636298904079211,0.7,0.7076190476190475,0.0804381425977782,0.7,10.0,10.0,4.560701700396552,4,10.0,18,mrmr_then_elasticnet_no_corr_auto_k_smote,nested_cv_outputs_all_quad_concat_batch_smote_compare/ADC_Post1_Post2_Pre/fs_method_comparison/mrmr_then_elasticnet_no_corr_auto_k_smote,mrmr_then_elasticnet_no_corr_auto_k,mrmr_then_elasticnet_no_corr,auto,True,41,3,1.2195121951219512
ADC_Post1_Post2_Pre,ADC,Post1,Post2,Pre,LightGBM,0.7249603174603174,0.0508070418855991,0.7101587301587302,0.763697024735263,0.095171307592211,0.7757205597618719,0.7168907563025211,0.0388317388986391,0.7168141592920354,0.7198809523809524,0.048457954387401,0.715079365079365,0.7625974025974026,0.1053002517841499,0.7540983606557377,0.7538095238095238,0.1116093139118642,0.7301587301587301,0.7429640518086822,0.0368942890208716,0.7419354838709677,0.6859523809523809,0.1542379408693857,0.7,10.0,10.0,4.560701700396552,4,10.0,18,mrmr_then_elasticnet_no_corr_auto_k_smote,nested_cv_outputs_all_quad_concat_batch_smote_compare/ADC_Post1_Post2_Pre/fs_method_comparison/mrmr_then_elasticnet_no_corr_auto_k_smote,mrmr_then_elasticnet_no_corr_auto_k,mrmr_then_elasticnet_no_corr,auto,True,41,3,1.2195121951219512
ADC_Post1_Post2_Pre,ADC,Post1,Post2,Pre,LogisticRegression,0.7088888888888889,0.0805114039611808,0.7028571428571428,0.7593533958069931,0.0627392567124961,0.7176178919088438,0.6523669467787115,0.1104422010656443,0.6371681415929203,0.6579365079365079,0.092663955870452,0.6312698412698412,0.6812012987012988,0.1080580940747068,0.671875,0.7125396825396825,0.1812781806660369,0.6825396825396826,0.6809516379496097,0.1193971345858321,0.6771653543307087,0.6033333333333333,0.0968389269755596,0.58,9.6,9.6,5.4258639865002145,4,6.0,18,corr_mrmr_auto_k_no_smote,nested_cv_outputs_all_quad_concat_batch_smote_compare/ADC_Post1_Post2_Pre/fs_method_comparison/corr_mrmr_auto_k_no_smote,corr_mrmr_auto_k,corr_mrmr,auto,False,38,3,1.263157894736842
ADC_Post1_Post2_Pre,ADC,Post1,Post2,Pre,LogisticRegression,0.7050396825396825,0.0754159958919986,0.7003174603174603,0.757038996030261,0.0635007789476729,0.7274361470563435,0.6489355742296918,0.1104722220325759,0.6371681415929203,0.6554365079365079,0.0971748831947345,0.6292063492063492,0.6696816908581614,0.0977240252689781,0.6666666666666666,0.7325396825396825,0.2048418694603254,0.6984126984126984,0.6827951103813172,0.1218931363777737,0.6821705426356589,0.5783333333333334,0.0674124947205222,0.56,9.6,9.6,5.4258639865002145,4,6.0,18,corr_mrmr_auto_k_smote,nested_cv_outputs_all_quad_concat_batch_smote_compare/ADC_Post1_Post2_Pre/fs_method_comparison/corr_mrmr_auto_k_smote,corr_mrmr_auto_k,corr_mrmr,auto,True,38,3,1.263157894736842
ADC_Post1_Post2_Pre,ADC,Post1,Post2,Pre,ExtraTrees,0.6988492063492063,0.0756572777963064,0.6717460317460318,0.7763204828510556,0.1079029092719159,0.7302891450730504,0.6108403361344538,0.0621560580015894,0.6106194690265486,0.6090873015873017,0.0943896065952568,0.6033333333333333,0.6718954248366013,0.1324332040984464,0.6461538461538462,0.6917460317460318,0.137157553592329,0.6666666666666666,0.6564495530012772,0.0573889008224107,0.65625,0.5264285714285715,0.2492373855913619,0.54,10.0,10.0,4.560701700396552,4,10.0,18,mrmr_then_elasticnet_no_corr_auto_k_no_smote,nested_cv_outputs_all_quad_concat_batch_smote_compare/ADC_Post1_Post2_Pre/fs_method_comparison/mrmr_then_elasticnet_no_corr_auto_k_no_smote,mrmr_then_elasticnet_no_corr_auto_k,mrmr_then_elasticnet_no_corr,auto,False,41,3,1.2195121951219512
ADC_Post1_Post2_Pre,ADC,Post1,Post2,Pre,XGBoost,0.6928174603174604,0.0429771981004272,0.6603174603174603,0.7725844560863476,0.1133171652516159,0.7194403071474049,0.6329831932773109,0.0796703362262362,0.6283185840707964,0.6337698412698413,0.0835807363031552,0.6274603174603175,0.6753846153846154,0.180361241720035,0.6779661016949152,0.6482539682539683,0.1793035433141206,0.6349206349206349,0.644988936988937,0.1383188087052993,0.6557377049180327,0.6192857142857142,0.1698845813340831,0.62,7.6,7.6,2.939387691339814,4,6.0,12,elasticnet_then_mrmr_auto_k_smote,nested_cv_outputs_all_quad_concat_batch_smote_compare/ADC_Post1_Post2_Pre/fs_method_comparison/elasticnet_then_mrmr_auto_k_smote,elasticnet_then_mrmr_auto_k,elasticnet_then_mrmr,auto,True,21,4,1.8095238095238095
ADC_Post1_Post2_Pre,ADC,Post1,Post2,Pre,LightGBM,0.6871825396825396,0.0859441362620111,0.6952380952380952,0.7437585454418777,0.1116815705872477,0.7409260957837476,0.6624649859943977,0.0999854342898112,0.6548672566371682,0.6536904761904762,0.0981067312319901,0.6492063492063491,0.6863636363636363,0.1701670976971145,0.6875,0.7047619047619047,0.1478322406587307,0.6984126984126984,0.6859405218025907,0.1326861415365375,0.6929133858267716,0.6026190476190476,0.1643278068919373,0.6,7.6,7.6,2.939387691339814,4,6.0,12,elasticnet_then_mrmr_auto_k_no_smote,nested_cv_outputs_all_quad_concat_batch_smote_compare/ADC_Post1_Post2_Pre/fs_method_comparison/elasticnet_then_mrmr_auto_k_no_smote,elasticnet_then_mrmr_auto_k,elasticnet_then_mrmr,auto,False,21,4,1.8095238095238095
ADC_Post1_Post2_Pre,ADC,Post1,Post2,Pre,LightGBM,0.6869444444444445,0.0569742884021089,0.6774603174603173,0.7485204017424888,0.0946386773135837,0.7479394462502722,0.6353221288515406,0.0892647869141797,0.6283185840707964,0.6364285714285715,0.0968300805528634,0.6274603174603175,0.6888389388389389,0.1736357301826252,0.6779661016949152,0.6428571428571429,0.1018844859421029,0.6349206349206349,0.6556207521724764,0.1143471163949184,0.6557377049180327,0.63,0.1661324772583615,0.62,7.6,7.6,2.939387691339814,4,6.0,12,elasticnet_then_mrmr_auto_k_smote,nested_cv_outputs_all_quad_concat_batch_smote_compare/ADC_Post1_Post2_Pre/fs_method_comparison/elasticnet_then_mrmr_auto_k_smote,elasticnet_then_mrmr_auto_k,elasticnet_then_mrmr,auto,True,21,4,1.8095238095238095
ADC_Post1_Post2_Pre,ADC,Post1,Post2,Pre,GradientBoosting,0.6790079365079366,0.1032920881770223,0.6626984126984128,0.7371625335654015,0.1341496079061186,0.722532912903562,0.6180812324929972,0.1054981171652076,0.6106194690265486,0.6290873015873016,0.1041614586755532,0.6074603174603175,0.6780952380952381,0.1912745174953629,0.6557377049180327,0.6484126984126984,0.1228390946917197,0.6349206349206349,0.6464526701368806,0.1236671762938694,0.6451612903225806,0.6097619047619047,0.1808715358248924,0.58,10.0,10.0,4.560701700396552,4,10.0,18,mrmr_then_elasticnet_no_corr_auto_k_no_smote,nested_cv_outputs_all_quad_concat_batch_smote_compare/ADC_Post1_Post2_Pre/fs_method_comparison/mrmr_then_elasticnet_no_corr_auto_k_no_smote,mrmr_then_elasticnet_no_corr_auto_k,mrmr_then_elasticnet_no_corr,auto,False,41,3,1.2195121951219512
ADC_Post1_Post2_Pre,ADC,Post1,Post2,Pre,XGBoost,0.6776587301587302,0.0426969374855798,0.6726984126984127,0.7288614574984791,0.1021897720854607,0.6966909810817539,0.6596498599439776,0.0737068740172135,0.6548672566371682,0.6571031746031746,0.0414894948258229,0.643015873015873,0.6855769230769231,0.14749636441212,0.6714285714285714,0.7734920634920636,0.1506110841360988,0.746031746031746,0.7037695637695638,0.0894278613439635,0.706766917293233,0.5407142857142857,0.1857087911275091,0.54,7.6,7.6,2.939387691339814,4,6.0,12,elasticnet_then_mrmr_auto_k_no_smote,nested_cv_outputs_all_quad_concat_batch_smote_compare/ADC_Post1_Post2_Pre/fs_method_comparison/elasticnet_then_mrmr_auto_k_no_smote,elasticnet_then_mrmr_auto_k,elasticnet_then_mrmr,auto,False,21,4,1.8095238095238095
ADC_Post1_Post2_Pre,ADC,Post1,Post2,Pre,NaiveBayes,0.6731349206349206,0.1039845800825091,0.5377777777777777,0.7543603980861703,0.0965758614700106,0.6279245093494539,0.589985994397759,0.1161135380815004,0.5752212389380531,0.6238492063492063,0.1047075075222368,0.5592063492063492,0.6909969257795344,0.188404435553666,0.6027397260273972,0.7317460317460317,0.2419997313891927,0.6984126984126984,0.6515824915824917,0.0919359390769885,0.6470588235294118,0.5159523809523809,0.3934811782559915,0.42,9.6,9.6,5.4258639865002145,4,6.0,18,corr_mrmr_auto_k_no_smote,nested_cv_outputs_all_quad_concat_batch_smote_compare/ADC_Post1_Post2_Pre/fs_method_comparison/corr_mrmr_auto_k_no_smote,corr_mrmr_auto_k,corr_mrmr,auto,False,38,3,1.263157894736842
ADC_Post1_Post2_Pre,ADC,Post1,Post2,Pre,NaiveBayes,0.6681349206349206,0.1029865196520047,0.552063492063492,0.7455752188595566,0.1025362653874292,0.6262944381056001,0.5828431372549019,0.1258993025055962,0.5663716814159292,0.618015873015873,0.1105443595556971,0.5553968253968254,0.7179841897233201,0.2240566400070045,0.6029411764705882,0.6784126984126984,0.2559793390503619,0.6507936507936508,0.6250274725274725,0.1140435012559785,0.6259541984732825,0.5576190476190476,0.3979436940993907,0.46,9.6,9.6,5.4258639865002145,4,6.0,18,corr_mrmr_auto_k_smote,nested_cv_outputs_all_quad_concat_batch_smote_compare/ADC_Post1_Post2_Pre/fs_method_comparison/corr_mrmr_auto_k_smote,corr_mrmr_auto_k,corr_mrmr,auto,True,38,3,1.263157894736842
ADC_Post1_Post2_Pre,ADC,Post1,Post2,Pre,RandomForest,0.6647619047619048,0.073078992731389,0.6577777777777778,0.7292047022699774,0.1074433039535477,0.7002817751819634,0.6093697478991598,0.0892917546152556,0.6017699115044248,0.6098412698412699,0.1046317734347159,0.6015873015873016,0.675128205128205,0.1606065462778003,0.6551724137931034,0.623015873015873,0.1322804231746074,0.6031746031746031,0.6316498316498316,0.1064867714047788,0.628099173553719,0.5966666666666667,0.2017699460056207,0.6,10.0,10.0,4.560701700396552,4,10.0,18,mrmr_then_elasticnet_no_corr_auto_k_no_smote,nested_cv_outputs_all_quad_concat_batch_smote_compare/ADC_Post1_Post2_Pre/fs_method_comparison/mrmr_then_elasticnet_no_corr_auto_k_no_smote,mrmr_then_elasticnet_no_corr_auto_k,mrmr_then_elasticnet_no_corr,auto,False,41,3,1.2195121951219512
ADC_Post1_Post2_Pre,ADC,Post1,Post2,Pre,ExtraTrees,0.6597619047619048,0.1346368631097638,0.6384126984126984,0.7298345003478751,0.1525334355965318,0.6816218181022995,0.6142717086834735,0.064173058133481,0.6106194690265486,0.6004365079365079,0.1015485727266853,0.6136507936507937,0.6733333333333333,0.1411767126601652,0.6727272727272727,0.6006349206349206,0.1505364556836513,0.5873015873015873,0.6213618337030316,0.1104569117904207,0.6271186440677966,0.6002380952380952,0.2386141963376813,0.64,10.0,10.0,4.560701700396552,4,10.0,18,mrmr_then_elasticnet_no_corr_auto_k_smote,nested_cv_outputs_all_quad_concat_batch_smote_compare/ADC_Post1_Post2_Pre/fs_method_comparison/mrmr_then_elasticnet_no_corr_auto_k_smote,mrmr_then_elasticnet_no_corr_auto_k,mrmr_then_elasticnet_no_corr,auto,True,41,3,1.2195121951219512
ADC_Post1_Post2_Pre,ADC,Post1,Post2,Pre,XGBoost,0.6596428571428572,0.0912268359689572,0.6590476190476189,0.722914143972748,0.1320121741347977,0.7287931564187509,0.60093837535014,0.0979732631304536,0.5929203539823009,0.5973412698412698,0.0970685212002948,0.5895238095238096,0.6589499389499389,0.174971637483047,0.639344262295082,0.6349206349206348,0.1404560114643107,0.6190476190476191,0.6289444108355179,0.1224445761657656,0.6290322580645161,0.5597619047619048,0.2063482295459175,0.56,10.0,10.0,4.560701700396552,4,10.0,18,mrmr_then_elasticnet_no_corr_auto_k_no_smote,nested_cv_outputs_all_quad_concat_batch_smote_compare/ADC_Post1_Post2_Pre/fs_method_comparison/mrmr_then_elasticnet_no_corr_auto_k_no_smote,mrmr_then_elasticnet_no_corr_auto_k,mrmr_then_elasticnet_no_corr,auto,False,41,3,1.2195121951219512
ADC_Post1_Post2_Pre,ADC,Post1,Post2,Pre,RandomForest,0.6568253968253968,0.1359073165427318,0.606031746031746,0.7271492492224467,0.08911184248239,0.6640887696257252,0.5987955182072829,0.1629930289162817,0.5752212389380531,0.6147619047619047,0.1366604445240307,0.5674603174603174,0.6182883679787705,0.1592167980508477,0.6153846153846154,0.6880952380952381,0.2835633320182744,0.6349206349206349,0.6226740075340481,0.2063148469341853,0.625,0.5414285714285714,0.1672615234701636,0.5,9.6,9.6,5.4258639865002145,4,6.0,18,corr_mrmr_auto_k_no_smote,nested_cv_outputs_all_quad_concat_batch_smote_compare/ADC_Post1_Post2_Pre/fs_method_comparison/corr_mrmr_auto_k_no_smote,corr_mrmr_auto_k,corr_mrmr,auto,False,38,3,1.263157894736842
ADC_Post1_Post2_Pre,ADC,Post1,Post2,Pre,SVM_Linear,0.655515873015873,0.1048298541061531,0.633968253968254,0.7064898700459972,0.0865396030164798,0.6723935073458727,0.6295518207282913,0.0831300630350235,0.6283185840707964,0.6,0.0658969166814193,0.5944444444444444,0.6244805194805195,0.1101111078112336,0.6153846153846154,0.8714285714285713,0.1238095238095238,0.8888888888888888,0.7162119128405722,0.0803726673362505,0.7272727272727273,0.3285714285714285,0.2147613768338987,0.3,9.6,9.6,5.4258639865002145,4,6.0,18,corr_mrmr_auto_k_no_smote,nested_cv_outputs_all_quad_concat_batch_smote_compare/ADC_Post1_Post2_Pre/fs_method_comparison/corr_mrmr_auto_k_no_smote,corr_mrmr_auto_k,corr_mrmr,auto,False,38,3,1.263157894736842
ADC_Post1_Post2_Pre,ADC,Post1,Post2,Pre,RandomForest,0.6465476190476191,0.0801673341288412,0.6476190476190476,0.7037491335683754,0.151851986084791,0.6720343992443927,0.6110364145658264,0.0858461573225709,0.6017699115044248,0.6057936507936508,0.1010463025212322,0.6036507936507937,0.6704761904761904,0.169767377487719,0.6607142857142857,0.6006349206349206,0.1505364556836513,0.5873015873015873,0.62000814000814,0.1288069023798849,0.6218487394957983,0.610952380952381,0.1968896464515556,0.62,10.0,10.0,4.560701700396552,4,10.0,18,mrmr_then_elasticnet_no_corr_auto_k_smote,nested_cv_outputs_all_quad_concat_batch_smote_compare/ADC_Post1_Post2_Pre/fs_method_comparison/mrmr_then_elasticnet_no_corr_auto_k_smote,mrmr_then_elasticnet_no_corr_auto_k,mrmr_then_elasticnet_no_corr,auto,True,41,3,1.2195121951219512
ADC_Post1_Post2_Pre,ADC,Post1,Post2,Pre,SVM_RBF,0.645,0.2148838800017481,0.6844444444444444,0.736598925676329,0.1257134973547047,0.7198940799743674,0.6692717086834735,0.0633198590185747,0.6637168141592921,0.6475793650793651,0.0858846411166921,0.650952380952381,0.6952777777777778,0.1230640202757075,0.676056338028169,0.7877777777777778,0.1896195020443719,0.7619047619047619,0.7108126021438714,0.0917336881637798,0.7164179104477612,0.5073809523809524,0.2957698743856519,0.54,10.0,10.0,4.560701700396552,4,10.0,18,mrmr_then_elasticnet_no_corr_auto_k_smote,nested_cv_outputs_all_quad_concat_batch_smote_compare/ADC_Post1_Post2_Pre/fs_method_comparison/mrmr_then_elasticnet_no_corr_auto_k_smote,mrmr_then_elasticnet_no_corr_auto_k,mrmr_then_elasticnet_no_corr,auto,True,41,3,1.2195121951219512
ADC_Post1_Post2_Pre,ADC,Post1,Post2,Pre,XGBoost,0.6404761904761905,0.072199979131898,0.6501587301587302,0.6986610686399144,0.1279775738078963,0.6920793626372952,0.5903641456582632,0.0717789041467661,0.584070796460177,0.5849603174603175,0.0744424137537364,0.5836507936507936,0.6477272727272727,0.1687160502189084,0.6379310344827587,0.5982539682539681,0.1708724076397877,0.5873015873015873,0.6022735884804848,0.1309903872134364,0.6115702479338843,0.5716666666666667,0.1885323432317236,0.58,10.0,10.0,4.560701700396552,4,10.0,18,mrmr_then_elasticnet_no_corr_auto_k_smote,nested_cv_outputs_all_quad_concat_batch_smote_compare/ADC_Post1_Post2_Pre/fs_method_comparison/mrmr_then_elasticnet_no_corr_auto_k_smote,mrmr_then_elasticnet_no_corr_auto_k,mrmr_then_elasticnet_no_corr,auto,True,41,3,1.2195121951219512
ADC_Post1_Post2_Pre,ADC,Post1,Post2,Pre,LightGBM,0.6402380952380952,0.1305062989051404,0.6296825396825397,0.6678439962280895,0.1703039173119856,0.667778290879482,0.60093837535014,0.0979732631304536,0.5929203539823009,0.599563492063492,0.0979230007922152,0.5915873015873016,0.6472261072261072,0.1711365714992249,0.6440677966101694,0.6117460317460318,0.1403002215942308,0.6031746031746031,0.6203817729625352,0.1373699129779287,0.6229508196721312,0.5873809523809523,0.1260907062917483,0.58,10.0,10.0,4.560701700396552,4,10.0,18,mrmr_then_elasticnet_no_corr_auto_k_no_smote,nested_cv_outputs_all_quad_concat_batch_smote_compare/ADC_Post1_Post2_Pre/fs_method_comparison/mrmr_then_elasticnet_no_corr_auto_k_no_smote,mrmr_then_elasticnet_no_corr_auto_k,mrmr_then_elasticnet_no_corr,auto,False,41,3,1.2195121951219512
ADC_Post1_Post2_Pre,ADC,Post1,Post2,Pre,ExtraTrees,0.634920634920635,0.0834281395702866,0.6031746031746033,0.710964417552398,0.1323003068491242,0.6595909899525767,0.5933613445378152,0.093838187212918,0.584070796460177,0.6026984126984127,0.0870466696716894,0.5753968253968254,0.631904761904762,0.1108777594967557,0.6212121212121212,0.6839682539682539,0.1669252717813706,0.6507936507936508,0.6405282436861384,0.0995578354734043,0.6356589147286822,0.5214285714285715,0.1027953959282042,0.5,9.6,9.6,5.4258639865002145,4,6.0,18,corr_mrmr_auto_k_no_smote,nested_cv_outputs_all_quad_concat_batch_smote_compare/ADC_Post1_Post2_Pre/fs_method_comparison/corr_mrmr_auto_k_no_smote,corr_mrmr_auto_k,corr_mrmr,auto,False,38,3,1.263157894736842
ADC_Post1_Post2_Pre,ADC,Post1,Post2,Pre,RandomForest,0.6294444444444446,0.1012439634548866,0.6073015873015873,0.6870699342393091,0.0900338832828795,0.6646784802830217,0.6025070028011206,0.1567793420732425,0.584070796460177,0.6182142857142857,0.1318581230939161,0.5795238095238096,0.6224089635854342,0.1328115156781729,0.6290322580645161,0.6714285714285714,0.2818790207037856,0.6190476190476191,0.6171957671957672,0.2060158751221108,0.624,0.565,0.1342054809279826,0.54,9.6,9.6,5.4258639865002145,4,6.0,18,corr_mrmr_auto_k_smote,nested_cv_outputs_all_quad_concat_batch_smote_compare/ADC_Post1_Post2_Pre/fs_method_comparison/corr_mrmr_auto_k_smote,corr_mrmr_auto_k,corr_mrmr,auto,True,38,3,1.263157894736842
ADC_Post1_Post2_Pre,ADC,Post1,Post2,Pre,GradientBoosting,0.6287698412698413,0.1209649828872307,0.6506349206349206,0.7217266057025238,0.1367325508333564,0.7090431957490659,0.6293697478991597,0.0848423686981017,0.6194690265486725,0.6117460317460317,0.1027937414825526,0.6195238095238096,0.6775867269984917,0.1651732341623555,0.6724137931034483,0.6292063492063492,0.1800579397805176,0.6190476190476191,0.6369127837514934,0.139133340529414,0.6446280991735537,0.5942857142857142,0.2454418940523583,0.62,10.0,10.0,4.560701700396552,4,10.0,18,mrmr_then_elasticnet_no_corr_auto_k_smote,nested_cv_outputs_all_quad_concat_batch_smote_compare/ADC_Post1_Post2_Pre/fs_method_comparison/mrmr_then_elasticnet_no_corr_auto_k_smote,mrmr_then_elasticnet_no_corr_auto_k,mrmr_then_elasticnet_no_corr,auto,True,41,3,1.2195121951219512
ADC_Post1_Post2_Pre,ADC,Post1,Post2,Pre,ExtraTrees,0.6249206349206349,0.1090360082541265,0.5603174603174603,0.7114213210964825,0.1054227238021179,0.6577121617642321,0.5535994397759104,0.1186407745701752,0.5398230088495575,0.5722222222222222,0.1121942669655383,0.5357142857142857,0.5944550770866561,0.1243818688213126,0.5901639344262295,0.623015873015873,0.2476393968032558,0.5714285714285714,0.5841727498823687,0.1514572468039341,0.5806451612903226,0.5214285714285715,0.1027953959282042,0.5,9.6,9.6,5.4258639865002145,4,6.0,18,corr_mrmr_auto_k_smote,nested_cv_outputs_all_quad_concat_batch_smote_compare/ADC_Post1_Post2_Pre/fs_method_comparison/corr_mrmr_auto_k_smote,corr_mrmr_auto_k,corr_mrmr,auto,True,38,3,1.263157894736842
ADC_Post1_Post2_Pre,ADC,Post1,Post2,Pre,XGBoost,0.6209920634920636,0.1332468776770502,0.5825396825396826,0.6969212250900878,0.0928093864868283,0.6494497865603668,0.6307983193277311,0.1299878980652358,0.6106194690265486,0.6392857142857142,0.1066083079206881,0.6012698412698413,0.6632794106478317,0.1384198594437022,0.6417910447761194,0.7180952380952381,0.1827606667893035,0.6825396825396826,0.6707507052334638,0.1319919429664647,0.6615384615384615,0.5604761904761905,0.1599433006112817,0.52,9.6,9.6,5.4258639865002145,4,6.0,18,corr_mrmr_auto_k_no_smote,nested_cv_outputs_all_quad_concat_batch_smote_compare/ADC_Post1_Post2_Pre/fs_method_comparison/corr_mrmr_auto_k_no_smote,corr_mrmr_auto_k,corr_mrmr,auto,False,38,3,1.263157894736842
ADC_Post1_Post2_Pre,ADC,Post1,Post2,Pre,GradientBoosting,0.6009126984126985,0.1067998330222724,0.5549206349206349,0.6799647187009957,0.0780184456833526,0.620816782121083,0.5704621848739496,0.1400937232170936,0.5486725663716814,0.5742063492063492,0.1323270797466095,0.5457142857142857,0.61238344988345,0.1535659908416504,0.6,0.6017460317460317,0.1695981051154621,0.5714285714285714,0.5969073963341536,0.1502509661144367,0.5853658536585366,0.5466666666666666,0.1388044187577134,0.52,9.6,9.6,5.4258639865002145,4,6.0,18,corr_mrmr_auto_k_no_smote,nested_cv_outputs_all_quad_concat_batch_smote_compare/ADC_Post1_Post2_Pre/fs_method_comparison/corr_mrmr_auto_k_no_smote,corr_mrmr_auto_k,corr_mrmr,auto,False,38,3,1.263157894736842
ADC_Post1_Post2_Pre,ADC,Post1,Post2,Pre,XGBoost,0.5906746031746032,0.174458634256856,0.5647619047619047,0.6580397534711443,0.1098187033771799,0.6295398046114136,0.6093697478991598,0.1608410483648264,0.584070796460177,0.6125396825396825,0.1489631165023923,0.5753968253968254,0.6346764346764346,0.1519882192081822,0.6212121212121212,0.6903174603174603,0.2089641394828814,0.6507936507936508,0.6475555555555556,0.161156115381382,0.6356589147286822,0.5347619047619048,0.1514225814927913,0.5,9.6,9.6,5.4258639865002145,4,6.0,18,corr_mrmr_auto_k_smote,nested_cv_outputs_all_quad_concat_batch_smote_compare/ADC_Post1_Post2_Pre/fs_method_comparison/corr_mrmr_auto_k_smote,corr_mrmr_auto_k,corr_mrmr,auto,True,38,3,1.263157894736842
ADC_Post1_Post2_Pre,ADC,Post1,Post2,Pre,LightGBM,0.5882539682539683,0.1489089826357006,0.5657142857142856,0.6837588825478215,0.1124089018664063,0.6389697515514083,0.6264145658263306,0.1208235909098958,0.6106194690265486,0.6185714285714285,0.1091001121315655,0.6033333333333333,0.653434800493624,0.0971619535761941,0.6461538461538462,0.7014285714285714,0.2013649567451811,0.6666666666666666,0.6612684246112238,0.1311178295736493,0.65625,0.5357142857142857,0.1528267289131544,0.54,9.6,9.6,5.4258639865002145,4,6.0,18,corr_mrmr_auto_k_no_smote,nested_cv_outputs_all_quad_concat_batch_smote_compare/ADC_Post1_Post2_Pre/fs_method_comparison/corr_mrmr_auto_k_no_smote,corr_mrmr_auto_k,corr_mrmr,auto,False,38,3,1.263157894736842
ADC_Post1_Post2_Pre,ADC,Post1,Post2,Pre,SVM_Linear,0.5862698412698413,0.1726370817071109,0.6523809523809524,0.664780642899439,0.071188462272525,0.6692121644516997,0.6561764705882354,0.0795143370483098,0.6460176991150443,0.625,0.1054092553389459,0.6309523809523809,0.6647899159663865,0.0553592117675029,0.6575342465753424,0.7833333333333333,0.19436506316151,0.7619047619047619,0.7049920395508631,0.0846105725147978,0.7058823529411765,0.4666666666666667,0.2505549396395485,0.5,9.6,9.6,5.4258639865002145,4,6.0,18,corr_mrmr_auto_k_smote,nested_cv_outputs_all_quad_concat_batch_smote_compare/ADC_Post1_Post2_Pre/fs_method_comparison/corr_mrmr_auto_k_smote,corr_mrmr_auto_k,corr_mrmr,auto,True,38,3,1.263157894736842
ADC_Post1_Post2_Pre,ADC,Post1,Post2,Pre,LightGBM,0.5713095238095238,0.1746990898169398,0.5628571428571427,0.6517391373946178,0.1238585278980671,0.6477346313020089,0.5879411764705882,0.1997628351606441,0.5575221238938053,0.5837698412698413,0.173658356383298,0.5515873015873016,0.5805035650623885,0.1706152703037476,0.6031746031746031,0.6601587301587302,0.3113549417029576,0.6031746031746031,0.602020202020202,0.2363929879038919,0.6031746031746031,0.5073809523809524,0.0864859444887104,0.5,9.6,9.6,5.4258639865002145,4,6.0,18,corr_mrmr_auto_k_smote,nested_cv_outputs_all_quad_concat_batch_smote_compare/ADC_Post1_Post2_Pre/fs_method_comparison/corr_mrmr_auto_k_smote,corr_mrmr_auto_k,corr_mrmr,auto,True,38,3,1.263157894736842
ADC_Post1_Post2_Pre,ADC,Post1,Post2,Pre,KNN,0.5636507936507937,0.0911858136318898,0.5565079365079365,0.6409811933398601,0.0636595432273438,0.6133046745787911,0.5465966386554622,0.0970821795577242,0.5398230088495575,0.5555952380952381,0.0990101552062373,0.5398412698412698,0.6011821511821511,0.1171992720542026,0.5964912280701754,0.5552380952380952,0.148717198872944,0.5396825396825397,0.5666666666666667,0.1053248941767013,0.5666666666666667,0.555952380952381,0.0892142571199771,0.54,9.6,9.6,5.4258639865002145,4,6.0,18,corr_mrmr_auto_k_smote,nested_cv_outputs_all_quad_concat_batch_smote_compare/ADC_Post1_Post2_Pre/fs_method_comparison/corr_mrmr_auto_k_smote,corr_mrmr_auto_k,corr_mrmr,auto,True,38,3,1.263157894736842
ADC_Post1_Post2_Pre,ADC,Post1,Post2,Pre,GradientBoosting,0.5630555555555556,0.1046032348194542,0.5507936507936507,0.6397879403311918,0.0871085007053003,0.6246784129021423,0.5496498599439776,0.1303966698680741,0.5309734513274337,0.5412698412698413,0.105255271647669,0.5319047619047619,0.5861904761904763,0.1482235151834126,0.5892857142857143,0.5325396825396825,0.1789220543614203,0.5238095238095238,0.5511414747171869,0.1572332812172604,0.5546218487394958,0.55,0.0999999999999999,0.54,9.6,9.6,5.4258639865002145,4,6.0,18,corr_mrmr_auto_k_smote,nested_cv_outputs_all_quad_concat_batch_smote_compare/ADC_Post1_Post2_Pre/fs_method_comparison/corr_mrmr_auto_k_smote,corr_mrmr_auto_k,corr_mrmr,auto,True,38,3,1.263157894736842
ADC_Post1_Post2_Pre,ADC,Post1,Post2,Pre,KNN,0.5434325396825397,0.0755037983823913,0.5358730158730158,0.6271886689625891,0.098794288542747,0.5920608737959125,0.5281652661064425,0.0935273144662223,0.5221238938053098,0.526984126984127,0.0916094441061242,0.5136507936507937,0.5732600732600732,0.1348015209097505,0.5692307692307692,0.5906349206349206,0.129242224261748,0.5873015873015873,0.5723116269919338,0.1074039029129421,0.578125,0.4633333333333332,0.1367885635245546,0.44,9.6,9.6,5.4258639865002145,4,6.0,18,corr_mrmr_auto_k_no_smote,nested_cv_outputs_all_quad_concat_batch_smote_compare/ADC_Post1_Post2_Pre/fs_method_comparison/corr_mrmr_auto_k_no_smote,corr_mrmr_auto_k,corr_mrmr,auto,False,38,3,1.263157894736842
ADC_Post1_Post2_Pre,ADC,Post1,Post2,Pre,SVM_RBF,0.5394444444444445,0.1832820652565231,0.5723809523809524,0.6253747869254528,0.0741158809201268,0.6331982882455516,0.5756442577030813,0.1288488795243418,0.5663716814159292,0.5702380952380952,0.0884804960764858,0.5533333333333333,0.484343891402715,0.2555862796559214,0.6,0.75,0.3872983346207417,0.6666666666666666,0.580500754147813,0.2951031851686698,0.631578947368421,0.3904761904761905,0.3908244672130131,0.44,9.6,9.6,5.4258639865002145,4,6.0,18,corr_mrmr_auto_k_smote,nested_cv_outputs_all_quad_concat_batch_smote_compare/ADC_Post1_Post2_Pre/fs_method_comparison/corr_mrmr_auto_k_smote,corr_mrmr_auto_k,corr_mrmr,auto,True,38,3,1.263157894736842
ADC_Post1_Post2_Pre,ADC,Post1,Post2,Pre,SVM_RBF,0.473015873015873,0.236973415380029,0.5815873015873017,0.6082444904789799,0.114929774662572,0.6436583014032959,0.5960224089635855,0.076237246725546,0.6017699115044248,0.5452380952380953,0.0585152653687833,0.5747619047619048,0.4810714285714285,0.2500091835047959,0.6071428571428571,0.75,0.3872983346207417,0.8095238095238095,0.5831323833881379,0.2993893553014742,0.6938775510204082,0.3404761904761905,0.3675931399703862,0.34,9.6,9.6,5.4258639865002145,4,6.0,18,corr_mrmr_auto_k_no_smote,nested_cv_outputs_all_quad_concat_batch_smote_compare/ADC_Post1_Post2_Pre/fs_method_comparison/corr_mrmr_auto_k_no_smote,corr_mrmr_auto_k,corr_mrmr,auto,False,38,3,1.263157894736842
ADC_Post1_Post2_T2,ADC,Post1,Post2,T2,SVM_RBF,0.806031746031746,0.0569692026262523,0.7780952380952381,0.8443411704912884,0.0811845202526454,0.8311314816169346,0.7278011204481794,0.0708334631429237,0.7168141592920354,0.7198412698412697,0.058590030168729,0.715079365079365,0.7569696969696971,0.0614008491729161,0.7540983606557377,0.7558730158730158,0.1432073309301907,0.7301587301587301,0.7462243731935201,0.0821445328363731,0.7419354838709677,0.6838095238095239,0.1201227641125939,0.7,7.6,7.6,5.276362383309167,4,6.0,18,elasticnet_then_mrmr_auto_k_smote,nested_cv_outputs_all_quad_concat_batch_smote_compare/ADC_Post1_Post2_T2/fs_method_comparison/elasticnet_then_mrmr_auto_k_smote,elasticnet_then_mrmr_auto_k,elasticnet_then_mrmr,auto,True,26,4,1.4615384615384617
ADC_Post1_Post2_T2,ADC,Post1,Post2,T2,SVM_RBF,0.805,0.0604945187408085,0.765079365079365,0.8463073307070615,0.0796386459596914,0.8262420245015072,0.7194677871148459,0.0701795978382181,0.7079646017699115,0.7184126984126984,0.0580964307276316,0.6988888888888889,0.733048128342246,0.0908942422601371,0.7205882352941176,0.8125396825396825,0.1574747177235007,0.7777777777777778,0.7538003629764065,0.0801576780823613,0.7480916030534351,0.6242857142857143,0.1267811870419073,0.62,7.6,7.6,5.276362383309167,4,6.0,18,elasticnet_then_mrmr_auto_k_no_smote,nested_cv_outputs_all_quad_concat_batch_smote_compare/ADC_Post1_Post2_T2/fs_method_comparison/elasticnet_then_mrmr_auto_k_no_smote,elasticnet_then_mrmr_auto_k,elasticnet_then_mrmr,auto,False,26,4,1.4615384615384617
ADC_Post1_Post2_T2,ADC,Post1,Post2,T2,SVM_Linear,0.7880952380952381,0.0790609251247559,0.7603174603174604,0.8408748171994708,0.073423775165379,0.8199615040782928,0.7178011204481793,0.0705223504272477,0.7079646017699115,0.7098412698412698,0.0639277708757379,0.7092063492063492,0.7641125541125542,0.0536150987338562,0.7586206896551724,0.7215873015873016,0.1472913242182725,0.6984126984126984,0.7311833222904003,0.079674207258354,0.7272727272727273,0.6980952380952381,0.1347492842820045,0.72,7.6,7.6,5.276362383309167,4,6.0,18,elasticnet_then_mrmr_auto_k_smote,nested_cv_outputs_all_quad_concat_batch_smote_compare/ADC_Post1_Post2_T2/fs_method_comparison/elasticnet_then_mrmr_auto_k_smote,elasticnet_then_mrmr_auto_k,elasticnet_then_mrmr,auto,True,26,4,1.4615384615384617
ADC_Post1_Post2_T2,ADC,Post1,Post2,T2,LogisticRegression,0.7831746031746032,0.0788689253268493,0.7669841269841269,0.8392106470288875,0.0567091961477633,0.8207676945761426,0.7078011204481793,0.0756929608269296,0.6991150442477876,0.7055555555555555,0.0736767024762936,0.6992063492063492,0.7508158508158509,0.0582403626318749,0.7457627118644068,0.7273015873015873,0.1341148674906543,0.6984126984126984,0.7288552799623579,0.071610776587778,0.7213114754098361,0.6838095238095239,0.1201227641125939,0.7,7.6,7.6,5.276362383309167,4,6.0,18,elasticnet_then_mrmr_auto_k_smote,nested_cv_outputs_all_quad_concat_batch_smote_compare/ADC_Post1_Post2_T2/fs_method_comparison/elasticnet_then_mrmr_auto_k_smote,elasticnet_then_mrmr_auto_k,elasticnet_then_mrmr,auto,True,26,4,1.4615384615384617
ADC_Post1_Post2_T2,ADC,Post1,Post2,T2,SVM_Linear,0.7784523809523809,0.0763881776920098,0.7517460317460317,0.8310251004674012,0.0888197384983615,0.8095088867719649,0.7011344537815125,0.0707899501047567,0.6902654867256637,0.7012698412698413,0.0637145902033992,0.6830158730158731,0.7244766997708174,0.0976234778902132,0.7121212121212122,0.7782539682539682,0.1478864279291161,0.746031746031746,0.7347593120732866,0.0804206725625617,0.7286821705426356,0.6242857142857143,0.1267811870419073,0.62,7.6,7.6,5.276362383309167,4,6.0,18,elasticnet_then_mrmr_auto_k_no_smote,nested_cv_outputs_all_quad_concat_batch_smote_compare/ADC_Post1_Post2_T2/fs_method_comparison/elasticnet_then_mrmr_auto_k_no_smote,elasticnet_then_mrmr_auto_k,elasticnet_then_mrmr,auto,False,26,4,1.4615384615384617
ADC_Post1_Post2_T2,ADC,Post1,Post2,T2,LogisticRegression,0.7690873015873015,0.0845987074075989,0.7501587301587301,0.8319621169212242,0.0818501250868158,0.8138602612665049,0.6994677871148459,0.0728277930279908,0.6902654867256637,0.6955555555555556,0.0712897239561814,0.6912698412698413,0.7441491841491842,0.0651710234292415,0.7413793103448276,0.7073015873015873,0.1438014644365601,0.6825396825396826,0.7151710694360421,0.081650825139861,0.7107438016528925,0.6838095238095239,0.1201227641125939,0.7,7.6,7.6,5.276362383309167,4,6.0,18,elasticnet_then_mrmr_auto_k_no_smote,nested_cv_outputs_all_quad_concat_batch_smote_compare/ADC_Post1_Post2_T2/fs_method_comparison/elasticnet_then_mrmr_auto_k_no_smote,elasticnet_then_mrmr_auto_k,elasticnet_then_mrmr,auto,False,26,4,1.4615384615384617
ADC_Post1_Post2_T2,ADC,Post1,Post2,T2,GradientBoosting,0.7619047619047619,0.0304486896422854,0.7561904761904761,0.773116689022151,0.0808194411907566,0.770972963245401,0.7211344537815126,0.0810298641525051,0.7079646017699115,0.7098412698412699,0.0606514354639254,0.7092063492063492,0.7515909090909091,0.0825334893210273,0.7586206896551724,0.7168253968253968,0.1659033161358225,0.6984126984126984,0.7250227517820037,0.11058935522878,0.7272727272727273,0.7028571428571428,0.1050364368265817,0.72,7.6,7.6,5.276362383309167,4,6.0,18,elasticnet_then_mrmr_auto_k_smote,nested_cv_outputs_all_quad_concat_batch_smote_compare/ADC_Post1_Post2_T2/fs_method_comparison/elasticnet_then_mrmr_auto_k_smote,elasticnet_then_mrmr_auto_k,elasticnet_then_mrmr,auto,True,26,4,1.4615384615384617
ADC_Post1_Post2_T2,ADC,Post1,Post2,T2,ExtraTrees,0.7487698412698413,0.0484056070788728,0.7196825396825396,0.7932105658905011,0.1113526795648148,0.7801248917472132,0.6506582633053222,0.0909430635361583,0.6371681415929203,0.6490476190476191,0.087308297000455,0.6415873015873016,0.7011188811188811,0.1173339053388683,0.7037037037037037,0.6261904761904763,0.1597270284202448,0.6031746031746031,0.6525940455002239,0.1228691884403487,0.6495726495726496,0.6719047619047618,0.1028880024253746,0.68,7.6,7.6,5.276362383309167,4,6.0,18,elasticnet_then_mrmr_auto_k_no_smote,nested_cv_outputs_all_quad_concat_batch_smote_compare/ADC_Post1_Post2_T2/fs_method_comparison/elasticnet_then_mrmr_auto_k_no_smote,elasticnet_then_mrmr_auto_k,elasticnet_then_mrmr,auto,False,26,4,1.4615384615384617
ADC_Post1_Post2_T2,ADC,Post1,Post2,T2,ExtraTrees,0.7397619047619047,0.0592152850825052,0.7133333333333334,0.7898500726154275,0.1106760325528988,0.776870751527952,0.6661344537815126,0.0798718829715984,0.6548672566371682,0.6646031746031745,0.0786425043282857,0.6553968253968254,0.7096503496503497,0.1089387499005243,0.7068965517241379,0.673968253968254,0.1293104373839455,0.6507936507936508,0.6829928460999242,0.0967762784942084,0.6776859504132231,0.6552380952380952,0.1089571261037945,0.66,7.6,7.6,5.276362383309167,4,6.0,18,elasticnet_then_mrmr_auto_k_smote,nested_cv_outputs_all_quad_concat_batch_smote_compare/ADC_Post1_Post2_T2/fs_method_comparison/elasticnet_then_mrmr_auto_k_smote,elasticnet_then_mrmr_auto_k,elasticnet_then_mrmr,auto,True,26,4,1.4615384615384617
ADC_Post1_Post2_T2,ADC,Post1,Post2,T2,KNN,0.737281746031746,0.0964828216328917,0.7253968253968254,0.7644380655075591,0.0989604887713249,0.7385829422125374,0.7094677871148459,0.0735457418174254,0.6991150442477876,0.7059523809523809,0.06333114528583,0.7074603174603175,0.7849206349206349,0.0623993268306164,0.7843137254901961,0.6604761904761904,0.1575658888282848,0.6349206349206349,0.7046884888990151,0.0939446475387024,0.7017543859649122,0.7514285714285714,0.1389024029706484,0.78,7.6,7.6,5.276362383309167,4,6.0,18,elasticnet_then_mrmr_auto_k_smote,nested_cv_outputs_all_quad_concat_batch_smote_compare/ADC_Post1_Post2_T2/fs_method_comparison/elasticnet_then_mrmr_auto_k_smote,elasticnet_then_mrmr_auto_k,elasticnet_then_mrmr,auto,True,26,4,1.4615384615384617
ADC_Post1_Post2_T2,ADC,Post1,Post2,T2,RandomForest,0.7368253968253968,0.0616536420638959,0.7273015873015873,0.7648857654336425,0.1098973072692719,0.7553062610714296,0.6856582633053222,0.0968223237377062,0.672566371681416,0.6773809523809524,0.0908111316283087,0.6692063492063491,0.72,0.1122497216032182,0.7096774193548387,0.7280952380952381,0.1576291977102386,0.6984126984126984,0.7093734335839599,0.111710628757893,0.704,0.6266666666666667,0.1803083778173136,0.64,7.6,7.6,5.276362383309167,4,6.0,18,elasticnet_then_mrmr_auto_k_no_smote,nested_cv_outputs_all_quad_concat_batch_smote_compare/ADC_Post1_Post2_T2/fs_method_comparison/elasticnet_then_mrmr_auto_k_no_smote,elasticnet_then_mrmr_auto_k,elasticnet_then_mrmr,auto,False,26,4,1.4615384615384617
ADC_Post1_Post2_T2,ADC,Post1,Post2,T2,KNN,0.7365674603174603,0.0981818047941826,0.7065079365079365,0.7691022296267025,0.1084294514080088,0.7306603480520553,0.6828011204481793,0.0782271074574285,0.672566371681416,0.6847619047619048,0.0836135123693728,0.6671428571428571,0.7287883358471594,0.119838057119548,0.703125,0.7538095238095238,0.1651407089929429,0.7142857142857143,0.7159970424144653,0.0841406281410632,0.7086614173228346,0.6157142857142858,0.2079464434800679,0.62,7.6,7.6,5.276362383309167,4,6.0,18,elasticnet_then_mrmr_auto_k_no_smote,nested_cv_outputs_all_quad_concat_batch_smote_compare/ADC_Post1_Post2_T2/fs_method_comparison/elasticnet_then_mrmr_auto_k_no_smote,elasticnet_then_mrmr_auto_k,elasticnet_then_mrmr,auto,False,26,4,1.4615384615384617
ADC_Post1_Post2_T2,ADC,Post1,Post2,T2,SVM_RBF,0.7356746031746032,0.0907186947782128,0.7134920634920636,0.8092326726612071,0.104600723674625,0.7751387288777192,0.6730812324929972,0.0906263723945542,0.672566371681416,0.6678968253968254,0.1164640557908629,0.6630158730158731,0.7146428571428571,0.13147708731865,0.6911764705882353,0.7760317460317461,0.1492894061297213,0.746031746031746,0.7204087140929246,0.0752029690466527,0.7175572519083969,0.5597619047619047,0.2652496364078798,0.58,8.0,8.0,4.381780460041329,4,8.0,16,mrmr_then_elasticnet_no_corr_auto_k_no_smote,nested_cv_outputs_all_quad_concat_batch_smote_compare/ADC_Post1_Post2_T2/fs_method_comparison/mrmr_then_elasticnet_no_corr_auto_k_no_smote,mrmr_then_elasticnet_no_corr_auto_k,mrmr_then_elasticnet_no_corr,auto,False,30,3,1.3333333333333333
ADC_Post1_Post2_T2,ADC,Post1,Post2,T2,RandomForest,0.7300793650793651,0.0470939300378475,0.7050793650793651,0.7812428343957165,0.0792545646726418,0.7419063454381019,0.6621288515406164,0.0549336678864675,0.6548672566371682,0.6671825396825397,0.0401201270010074,0.6533333333333333,0.741336898395722,0.1508644768186086,0.7,0.706984126984127,0.2030048894356849,0.6666666666666666,0.6798321891685737,0.1004526280933994,0.6829268292682927,0.6273809523809525,0.2365904830912317,0.64,8.0,8.0,4.381780460041329,4,8.0,16,mrmr_then_elasticnet_no_corr_auto_k_smote,nested_cv_outputs_all_quad_concat_batch_smote_compare/ADC_Post1_Post2_T2/fs_method_comparison/mrmr_then_elasticnet_no_corr_auto_k_smote,mrmr_then_elasticnet_no_corr_auto_k,mrmr_then_elasticnet_no_corr,auto,True,30,3,1.3333333333333333
ADC_Post1_Post2_T2,ADC,Post1,Post2,T2,LogisticRegression,0.7299603174603175,0.1102614908836357,0.7082539682539682,0.8060021258127937,0.1072152663104385,0.7716867134866776,0.6653221288515405,0.1045040509930772,0.6637168141592921,0.6687301587301587,0.1244983382651696,0.6653968253968254,0.7401709401709402,0.1730299609179428,0.7192982456140351,0.6707936507936508,0.1206875407376089,0.6507936507936508,0.6865700483091787,0.0991430527513956,0.6833333333333333,0.6666666666666667,0.2297341458681703,0.68,8.0,8.0,4.381780460041329,4,8.0,16,mrmr_then_elasticnet_no_corr_auto_k_smote,nested_cv_outputs_all_quad_concat_batch_smote_compare/ADC_Post1_Post2_T2/fs_method_comparison/mrmr_then_elasticnet_no_corr_auto_k_smote,mrmr_then_elasticnet_no_corr_auto_k,mrmr_then_elasticnet_no_corr,auto,True,30,3,1.3333333333333333
ADC_Post1_Post2_T2,ADC,Post1,Post2,T2,NaiveBayes,0.7290079365079365,0.1639051454330232,0.61015873015873,0.8039155612789699,0.083097658878146,0.6810293307170405,0.5651820728291316,0.1346666251241259,0.5486725663716814,0.5601587301587301,0.1465335151105114,0.5271428571428571,0.6266606841058315,0.1506771222305475,0.5769230769230769,0.7626984126984127,0.206233178612694,0.7142857142857143,0.651401393676436,0.1135642117547665,0.6382978723404256,0.3576190476190476,0.3452311986174862,0.34,7.6,7.6,5.276362383309167,4,6.0,18,elasticnet_then_mrmr_auto_k_no_smote,nested_cv_outputs_all_quad_concat_batch_smote_compare/ADC_Post1_Post2_T2/fs_method_comparison/elasticnet_then_mrmr_auto_k_no_smote,elasticnet_then_mrmr_auto_k,elasticnet_then_mrmr,auto,False,26,4,1.4615384615384617
ADC_Post1_Post2_T2,ADC,Post1,Post2,T2,NaiveBayes,0.7289285714285715,0.0764686143433489,0.6736507936507935,0.7888942903788105,0.075718057111065,0.7399844594592162,0.6376050420168068,0.0779383765582138,0.6371681415929203,0.6390079365079365,0.1173217221802461,0.6333333333333333,0.7150974025974026,0.1516845450742099,0.6774193548387096,0.7196825396825396,0.2141165705164252,0.6666666666666666,0.6746851409460105,0.0728880888273265,0.672,0.5583333333333333,0.2905932629027116,0.6,8.0,8.0,4.381780460041329,4,8.0,16,mrmr_then_elasticnet_no_corr_auto_k_no_smote,nested_cv_outputs_all_quad_concat_batch_smote_compare/ADC_Post1_Post2_T2/fs_method_comparison/mrmr_then_elasticnet_no_corr_auto_k_no_smote,mrmr_then_elasticnet_no_corr_auto_k,mrmr_then_elasticnet_no_corr,auto,False,30,3,1.3333333333333333
ADC_Post1_Post2_T2,ADC,Post1,Post2,T2,LogisticRegression,0.7272619047619048,0.1148342765062791,0.7050793650793651,0.8060286091333948,0.102226510468992,0.7697538802267114,0.6681792717086834,0.0957722149799146,0.6637168141592921,0.6703174603174603,0.1114596008892257,0.6653968253968254,0.7445665445665446,0.1720345224711721,0.7192982456140351,0.6739682539682541,0.138529148625466,0.6507936507936508,0.685837447576578,0.1041030987288356,0.6833333333333333,0.6666666666666667,0.2297341458681703,0.68,8.0,8.0,4.381780460041329,4,8.0,16,mrmr_then_elasticnet_no_corr_auto_k_no_smote,nested_cv_outputs_all_quad_concat_batch_smote_compare/ADC_Post1_Post2_T2/fs_method_comparison/mrmr_then_elasticnet_no_corr_auto_k_no_smote,mrmr_then_elasticnet_no_corr_auto_k,mrmr_then_elasticnet_no_corr,auto,False,30,3,1.3333333333333333
ADC_Post1_Post2_T2,ADC,Post1,Post2,T2,RandomForest,0.7266269841269841,0.0952210963665493,0.7209523809523809,0.7564980864917838,0.1250666746684833,0.7447194262640898,0.6334173669467786,0.0891121276284938,0.6194690265486725,0.6133333333333333,0.0818571443961205,0.6174603174603175,0.6695415695415695,0.1227694667745562,0.6666666666666666,0.6523809523809524,0.1922798204505135,0.6349206349206349,0.6449973544973545,0.1343170940149913,0.6504065040650406,0.5742857142857143,0.2227400995048661,0.6,7.6,7.6,5.276362383309167,4,6.0,18,elasticnet_then_mrmr_auto_k_smote,nested_cv_outputs_all_quad_concat_batch_smote_compare/ADC_Post1_Post2_T2/fs_method_comparison/elasticnet_then_mrmr_auto_k_smote,elasticnet_then_mrmr_auto_k,elasticnet_then_mrmr,auto,True,26,4,1.4615384615384617
ADC_Post1_Post2_T2,ADC,Post1,Post2,T2,GradientBoosting,0.7226587301587302,0.0804409615762997,0.7120634920634921,0.7562761927096662,0.1100733198716833,0.7392917376979806,0.6970868347338937,0.082809875855693,0.6902654867256637,0.678968253968254,0.1129317950137112,0.6850793650793651,0.72585179526356,0.1346225206876586,0.71875,0.7469841269841269,0.1399838021079857,0.7301587301587301,0.7241278597288199,0.1015598668281014,0.7244094488188977,0.6109523809523809,0.2469569903890975,0.64,7.6,7.6,5.276362383309167,4,6.0,18,elasticnet_then_mrmr_auto_k_no_smote,nested_cv_outputs_all_quad_concat_batch_smote_compare/ADC_Post1_Post2_T2/fs_method_comparison/elasticnet_then_mrmr_auto_k_no_smote,elasticnet_then_mrmr_auto_k,elasticnet_then_mrmr,auto,False,26,4,1.4615384615384617
ADC_Post1_Post2_T2,ADC,Post1,Post2,T2,SVM_Linear,0.7213095238095238,0.1267669024968942,0.7009523809523809,0.7963977845886744,0.1195577308898634,0.766839595436051,0.6360364145658264,0.0921108498789743,0.6283185840707964,0.6349206349206349,0.0958180095540523,0.6192063492063492,0.6789608267549444,0.133952372587704,0.6567164179104478,0.7217460317460318,0.1347838709264945,0.6984126984126984,0.6819670750705233,0.0899430075655394,0.676923076923077,0.5480952380952382,0.1944840257737872,0.54,8.0,8.0,4.381780460041329,4,8.0,16,mrmr_then_elasticnet_no_corr_auto_k_no_smote,nested_cv_outputs_all_quad_concat_batch_smote_compare/ADC_Post1_Post2_T2/fs_method_comparison/mrmr_then_elasticnet_no_corr_auto_k_no_smote,mrmr_then_elasticnet_no_corr_auto_k,mrmr_then_elasticnet_no_corr,auto,False,30,3,1.3333333333333333
ADC_Post1_Post2_T2,ADC,Post1,Post2,T2,SVM_Linear,0.7209126984126984,0.1214890916721072,0.7092063492063492,0.7926081020489917,0.1163706100870107,0.7667043003760401,0.6415126050420168,0.126217143086208,0.6371681415929203,0.6488888888888888,0.1370043116325019,0.6374603174603175,0.727863247863248,0.193400956985493,0.6896551724137931,0.6596825396825398,0.1373125053003803,0.6349206349206349,0.667965811965812,0.1162663417552314,0.6611570247933884,0.6380952380952382,0.2560603316096351,0.64,8.0,8.0,4.381780460041329,4,8.0,16,mrmr_then_elasticnet_no_corr_auto_k_smote,nested_cv_outputs_all_quad_concat_batch_smote_compare/ADC_Post1_Post2_T2/fs_method_comparison/mrmr_then_elasticnet_no_corr_auto_k_smote,mrmr_then_elasticnet_no_corr_auto_k,mrmr_then_elasticnet_no_corr,auto,True,30,3,1.3333333333333333
ADC_Post1_Post2_T2,ADC,Post1,Post2,T2,ExtraTrees,0.7152777777777778,0.1054701886572185,0.6977777777777777,0.7985155946949417,0.1214020351349555,0.7393355183470804,0.6272268907563024,0.1088465307770486,0.6194690265486725,0.6242063492063492,0.1313941562179757,0.6236507936507937,0.7222222222222222,0.188398055086813,0.6851851851851852,0.6150793650793651,0.1715461090299212,0.5873015873015873,0.6343956809474051,0.1322003772054845,0.6324786324786325,0.6333333333333333,0.2818589087547961,0.66,8.0,8.0,4.381780460041329,4,8.0,16,mrmr_then_elasticnet_no_corr_auto_k_no_smote,nested_cv_outputs_all_quad_concat_batch_smote_compare/ADC_Post1_Post2_T2/fs_method_comparison/mrmr_then_elasticnet_no_corr_auto_k_no_smote,mrmr_then_elasticnet_no_corr_auto_k,mrmr_then_elasticnet_no_corr,auto,False,30,3,1.3333333333333333
ADC_Post1_Post2_T2,ADC,Post1,Post2,T2,NaiveBayes,0.7136904761904762,0.1486181838654335,0.6079365079365079,0.7888651703119123,0.06543718785941,0.6728257010342462,0.5534173669467787,0.1122941326347186,0.5398230088495575,0.5476587301587301,0.1249597062796628,0.5171428571428571,0.6121152295603769,0.1360414564566891,0.569620253164557,0.7626984126984127,0.206233178612694,0.7142857142857143,0.6429803410448572,0.099843037099632,0.6338028169014085,0.3326190476190476,0.319476967682834,0.32,7.6,7.6,5.276362383309167,4,6.0,18,elasticnet_then_mrmr_auto_k_smote,nested_cv_outputs_all_quad_concat_batch_smote_compare/ADC_Post1_Post2_T2/fs_method_comparison/elasticnet_then_mrmr_auto_k_smote,elasticnet_then_mrmr_auto_k,elasticnet_then_mrmr,auto,True,26,4,1.4615384615384617
ADC_Post1_Post2_T2,ADC,Post1,Post2,T2,NaiveBayes,0.7130555555555557,0.0814078766363111,0.6726984126984127,0.7710484854859041,0.0761462254935564,0.7322538779532712,0.6630812324929971,0.0618446765959396,0.6637168141592921,0.6602380952380953,0.110740424746185,0.6612698412698412,0.7321212121212121,0.1398621911271486,0.7049180327868853,0.722857142857143,0.1671470024659686,0.6825396825396826,0.6965193447232428,0.0478692116162098,0.6935483870967742,0.5976190476190475,0.2760672960121094,0.64,8.0,8.0,4.381780460041329,4,8.0,16,mrmr_then_elasticnet_no_corr_auto_k_smote,nested_cv_outputs_all_quad_concat_batch_smote_compare/ADC_Post1_Post2_T2/fs_method_comparison/mrmr_then_elasticnet_no_corr_auto_k_smote,mrmr_then_elasticnet_no_corr_auto_k,mrmr_then_elasticnet_no_corr,auto,True,30,3,1.3333333333333333
ADC_Post1_Post2_T2,ADC,Post1,Post2,T2,RandomForest,0.7128571428571429,0.0528505882775198,0.6915873015873015,0.7701488876688641,0.0910519881263278,0.7272478861044838,0.6554621848739496,0.0690932003343795,0.6460176991150443,0.6559920634920635,0.0305128541037719,0.6412698412698412,0.7215126050420168,0.16440084942302,0.6825396825396826,0.7179365079365081,0.2018069045076979,0.6825396825396826,0.6766488180749641,0.1140966798419349,0.6825396825396826,0.594047619047619,0.2285714285714285,0.6,8.0,8.0,4.381780460041329,4,8.0,16,mrmr_then_elasticnet_no_corr_auto_k_no_smote,nested_cv_outputs_all_quad_concat_batch_smote_compare/ADC_Post1_Post2_T2/fs_method_comparison/mrmr_then_elasticnet_no_corr_auto_k_no_smote,mrmr_then_elasticnet_no_corr_auto_k,mrmr_then_elasticnet_no_corr,auto,False,30,3,1.3333333333333333
ADC_Post1_Post2_T2,ADC,Post1,Post2,T2,KNN,0.7099007936507937,0.0758061778063002,0.6844444444444445,0.7678651214911046,0.091174695513378,0.7365948414802215,0.6129411764705882,0.1038552322498344,0.6017699115044248,0.6433333333333333,0.080134917097802,0.611904761904762,0.7418803418803418,0.1733505276456371,0.6875,0.5700000000000001,0.2011571463579263,0.5238095238095238,0.5983697848045674,0.1470100655945454,0.5945945945945946,0.7166666666666666,0.1632993161855452,0.7,8.0,8.0,4.381780460041329,4,8.0,16,mrmr_then_elasticnet_no_corr_auto_k_smote,nested_cv_outputs_all_quad_concat_batch_smote_compare/ADC_Post1_Post2_T2/fs_method_comparison/mrmr_then_elasticnet_no_corr_auto_k_smote,mrmr_then_elasticnet_no_corr_auto_k,mrmr_then_elasticnet_no_corr,auto,True,30,3,1.3333333333333333
ADC_Post1_Post2_T2,ADC,Post1,Post2,T2,XGBoost,0.6974206349206349,0.0789473131682628,0.6977777777777778,0.7487142200649171,0.1224030331373813,0.7474709903813386,0.6723669467787114,0.0502022133230804,0.672566371681416,0.6538492063492064,0.0815595036332677,0.6588888888888889,0.68593837535014,0.1138867369795871,0.6805555555555556,0.7869841269841269,0.066031746031746,0.7777777777777778,0.7234322019551221,0.0555630347801047,0.725925925925926,0.5207142857142857,0.212902413423905,0.54,7.6,7.6,5.276362383309167,4,6.0,18,elasticnet_then_mrmr_auto_k_no_smote,nested_cv_outputs_all_quad_concat_batch_smote_compare/ADC_Post1_Post2_T2/fs_method_comparison/elasticnet_then_mrmr_auto_k_no_smote,elasticnet_then_mrmr_auto_k,elasticnet_then_mrmr,auto,False,26,4,1.4615384615384617
ADC_Post1_Post2_T2,ADC,Post1,Post2,T2,LightGBM,0.6923611111111111,0.0866914556239892,0.6731746031746032,0.7530022932502602,0.1391448256181508,0.6770602094045615,0.642843137254902,0.0987618466071378,0.6460176991150443,0.6397222222222222,0.130455188901835,0.6371428571428572,0.7006837606837606,0.1769048258475102,0.6716417910447762,0.7306349206349207,0.0662754963845073,0.7142857142857143,0.6953093077521391,0.0659110623639692,0.6923076923076923,0.5488095238095239,0.2961487491661125,0.56,8.0,8.0,4.381780460041329,4,8.0,16,mrmr_then_elasticnet_no_corr_auto_k_no_smote,nested_cv_outputs_all_quad_concat_batch_smote_compare/ADC_Post1_Post2_T2/fs_method_comparison/mrmr_then_elasticnet_no_corr_auto_k_no_smote,mrmr_then_elasticnet_no_corr_auto_k,mrmr_then_elasticnet_no_corr,auto,False,30,3,1.3333333333333333
ADC_Post1_Post2_T2,ADC,Post1,Post2,T2,XGBoost,0.6921825396825396,0.0621730045059108,0.6853968253968256,0.7582451251905771,0.1158453029131705,0.756498931056321,0.620406162464986,0.0896637911646699,0.6283185840707964,0.5920238095238095,0.1060991492824426,0.6212698412698413,0.6401574895692543,0.1554132030891646,0.6615384615384615,0.6680952380952381,0.1512127842559913,0.6825396825396826,0.6488387096774193,0.1380704852493186,0.671875,0.5159523809523809,0.2228647739841207,0.56,7.6,7.6,5.276362383309167,4,6.0,18,elasticnet_then_mrmr_auto_k_smote,nested_cv_outputs_all_quad_concat_batch_smote_compare/ADC_Post1_Post2_T2/fs_method_comparison/elasticnet_then_mrmr_auto_k_smote,elasticnet_then_mrmr_auto_k,elasticnet_then_mrmr,auto,True,26,4,1.4615384615384617
ADC_Post1_Post2_T2,ADC,Post1,Post2,T2,ExtraTrees,0.6908333333333334,0.0992455795449291,0.6352380952380952,0.7803423988278773,0.1163785976819519,0.6974766061567423,0.5904621848739495,0.0878480944551074,0.584070796460177,0.5878968253968253,0.1116264974399583,0.5836507936507936,0.6788278388278388,0.1957562621278624,0.6379310344827587,0.6150793650793651,0.1715461090299212,0.5873015873015873,0.6107175157360591,0.1200058185624533,0.6115702479338843,0.5607142857142857,0.2721585838892106,0.58,8.0,8.0,4.381780460041329,4,8.0,16,mrmr_then_elasticnet_no_corr_auto_k_smote,nested_cv_outputs_all_quad_concat_batch_smote_compare/ADC_Post1_Post2_T2/fs_method_comparison/mrmr_then_elasticnet_no_corr_auto_k_smote,mrmr_then_elasticnet_no_corr_auto_k,mrmr_then_elasticnet_no_corr,auto,True,30,3,1.3333333333333333
ADC_Post1_Post2_T2,ADC,Post1,Post2,T2,GradientBoosting,0.6845238095238095,0.1154138543362049,0.6523809523809524,0.7699997825750075,0.1285604355744497,0.7196095078188145,0.6196498599439776,0.0945411307645562,0.6194690265486725,0.6226984126984128,0.1066999664574722,0.6153968253968254,0.692987012987013,0.1919436584563001,0.6612903225806451,0.6739682539682541,0.138529148625466,0.6507936507936508,0.6557802197802198,0.1007767825851949,0.656,0.5714285714285714,0.2451340509758809,0.58,8.0,8.0,4.381780460041329,4,8.0,16,mrmr_then_elasticnet_no_corr_auto_k_no_smote,nested_cv_outputs_all_quad_concat_batch_smote_compare/ADC_Post1_Post2_T2/fs_method_comparison/mrmr_then_elasticnet_no_corr_auto_k_no_smote,mrmr_then_elasticnet_no_corr_auto_k,mrmr_then_elasticnet_no_corr,auto,False,30,3,1.3333333333333333
ADC_Post1_Post2_T2,ADC,Post1,Post2,T2,LightGBM,0.6831349206349205,0.0845176613010943,0.6738095238095237,0.7469234207537752,0.1422022898462669,0.7410707421515512,0.5946498599439776,0.0701464069175307,0.5929203539823009,0.5873412698412699,0.0802461412448055,0.5895238095238096,0.6428571428571429,0.1479146097207495,0.639344262295082,0.6206349206349205,0.0797451218227331,0.6190476190476191,0.62448033126294,0.0978268538535124,0.6290322580645161,0.554047619047619,0.1617674487744466,0.56,8.0,8.0,4.381780460041329,4,8.0,16,mrmr_then_elasticnet_no_corr_auto_k_smote,nested_cv_outputs_all_quad_concat_batch_smote_compare/ADC_Post1_Post2_T2/fs_method_comparison/mrmr_then_elasticnet_no_corr_auto_k_smote,mrmr_then_elasticnet_no_corr_auto_k,mrmr_then_elasticnet_no_corr,auto,True,30,3,1.3333333333333333
ADC_Post1_Post2_T2,ADC,Post1,Post2,T2,KNN,0.6806746031746032,0.0929103429205679,0.6377777777777777,0.7634470177425111,0.1205362565468642,0.7236726539152865,0.5984173669467787,0.1040147867643844,0.584070796460177,0.6172222222222221,0.0879741767924708,0.5815873015873017,0.70425465057818,0.2013641510506316,0.6333333333333333,0.643968253968254,0.1851093117431663,0.6031746031746031,0.6229353577179664,0.1300426807746675,0.6178861788617886,0.5904761904761905,0.2547285247379899,0.56,8.0,8.0,4.381780460041329,4,8.0,16,mrmr_then_elasticnet_no_corr_auto_k_no_smote,nested_cv_outputs_all_quad_concat_batch_smote_compare/ADC_Post1_Post2_T2/fs_method_comparison/mrmr_then_elasticnet_no_corr_auto_k_no_smote,mrmr_then_elasticnet_no_corr_auto_k,mrmr_then_elasticnet_no_corr,auto,False,30,3,1.3333333333333333
ADC_Post1_Post2_T2,ADC,Post1,Post2,T2,LightGBM,0.6778174603174604,0.0754891247909472,0.6673015873015873,0.7270038803809852,0.1178146666264261,0.7147439046582542,0.5924089635854342,0.0280324359312671,0.5929203539823009,0.5835714285714285,0.0489712766940283,0.5936507936507937,0.6446753246753247,0.1209664796079201,0.6491228070175439,0.5928571428571429,0.086635263803144,0.5873015873015873,0.6102880890381878,0.0766312011001121,0.6166666666666667,0.5742857142857143,0.1568857926245638,0.6,7.6,7.6,5.276362383309167,4,6.0,18,elasticnet_then_mrmr_auto_k_smote,nested_cv_outputs_all_quad_concat_batch_smote_compare/ADC_Post1_Post2_T2/fs_method_comparison/elasticnet_then_mrmr_auto_k_smote,elasticnet_then_mrmr_auto_k,elasticnet_then_mrmr,auto,True,26,4,1.4615384615384617
ADC_Post1_Post2_T2,ADC,Post1,Post2,T2,GradientBoosting,0.6777976190476191,0.0810801396154475,0.6114285714285714,0.7496500936759736,0.0966233003888391,0.6823252422098542,0.6193697478991597,0.1188699580580908,0.6106194690265486,0.6209523809523809,0.1308550383755977,0.6177777777777778,0.7206349206349206,0.2166186934505648,0.6862745098039216,0.5728571428571428,0.1586367979406788,0.5555555555555556,0.6164733044733045,0.1450665550701026,0.6140350877192983,0.6690476190476191,0.2504417865200896,0.68,8.0,8.0,4.381780460041329,4,8.0,16,mrmr_then_elasticnet_no_corr_auto_k_smote,nested_cv_outputs_all_quad_concat_batch_smote_compare/ADC_Post1_Post2_T2/fs_method_comparison/mrmr_then_elasticnet_no_corr_auto_k_smote,mrmr_then_elasticnet_no_corr_auto_k,mrmr_then_elasticnet_no_corr,auto,True,30,3,1.3333333333333333
ADC_Post1_Post2_T2,ADC,Post1,Post2,T2,LightGBM,0.6730158730158731,0.0622492450228988,0.6614285714285714,0.7044301551119002,0.103311578031694,0.6923733088196795,0.6061204481792717,0.044799357147212,0.6106194690265486,0.5909126984126983,0.0547421174280731,0.6074603174603175,0.6455011655011655,0.1225416948752568,0.6557377049180327,0.6349206349206348,0.0992539568308792,0.6349206349206349,0.6330574712643677,0.0845470113004054,0.6451612903225806,0.5469047619047619,0.1730636310960892,0.58,7.6,7.6,5.276362383309167,4,6.0,18,elasticnet_then_mrmr_auto_k_no_smote,nested_cv_outputs_all_quad_concat_batch_smote_compare/ADC_Post1_Post2_T2/fs_method_comparison/elasticnet_then_mrmr_auto_k_no_smote,elasticnet_then_mrmr_auto_k,elasticnet_then_mrmr,auto,False,26,4,1.4615384615384617
ADC_Post1_Post2_T2,ADC,Post1,Post2,T2,RandomForest,0.668968253968254,0.1222011938207929,0.6555555555555556,0.7763918097890977,0.1478989660043887,0.7565212720083148,0.6606582633053222,0.0930455562573264,0.6460176991150443,0.6415873015873016,0.0955706495487899,0.6474603174603175,0.7067171717171717,0.1303401794980837,0.7017543859649122,0.6579365079365079,0.2142327976990855,0.6349206349206349,0.6603524907586692,0.1410118359288521,0.6666666666666666,0.6252380952380951,0.2463226135213184,0.66,6.8,6.8,5.6,4,4.0,18,corr_mrmr_auto_k_no_smote,nested_cv_outputs_all_quad_concat_batch_smote_compare/ADC_Post1_Post2_T2/fs_method_comparison/corr_mrmr_auto_k_no_smote,corr_mrmr_auto_k,corr_mrmr,auto,False,30,3,1.1333333333333333
ADC_Post1_Post2_T2,ADC,Post1,Post2,T2,XGBoost,0.6623809523809524,0.0852801321072191,0.6492063492063493,0.7271337213614493,0.1099502588838254,0.6975639598874737,0.5903641456582632,0.0928678270593904,0.584070796460177,0.5832936507936507,0.0987555152964193,0.5877777777777777,0.6483333333333333,0.1900584705353124,0.6481481481481481,0.5615873015873015,0.1846991656965994,0.5555555555555556,0.5860831122900088,0.1592909259853991,0.5982905982905983,0.605,0.1876462392671676,0.62,8.0,8.0,4.381780460041329,4,8.0,16,mrmr_then_elasticnet_no_corr_auto_k_smote,nested_cv_outputs_all_quad_concat_batch_smote_compare/ADC_Post1_Post2_T2/fs_method_comparison/mrmr_then_elasticnet_no_corr_auto_k_smote,mrmr_then_elasticnet_no_corr_auto_k,mrmr_then_elasticnet_no_corr,auto,True,30,3,1.3333333333333333
ADC_Post1_Post2_T2,ADC,Post1,Post2,T2,XGBoost,0.6603571428571429,0.0832244564637769,0.6695238095238095,0.731233183209988,0.1314446464302948,0.7183463040958813,0.6379831932773109,0.0538080692778155,0.6371681415929203,0.6355952380952381,0.0638991907301158,0.6312698412698412,0.6866666666666666,0.139204086785474,0.671875,0.6971428571428571,0.115060863318392,0.6825396825396826,0.6737770479839446,0.0716022267574558,0.6771653543307087,0.574047619047619,0.1939247346809799,0.58,8.0,8.0,4.381780460041329,4,8.0,16,mrmr_then_elasticnet_no_corr_auto_k_no_smote,nested_cv_outputs_all_quad_concat_batch_smote_compare/ADC_Post1_Post2_T2/fs_method_comparison/mrmr_then_elasticnet_no_corr_auto_k_no_smote,mrmr_then_elasticnet_no_corr_auto_k,mrmr_then_elasticnet_no_corr,auto,False,30,3,1.3333333333333333
ADC_Post1_Post2_T2,ADC,Post1,Post2,T2,GradientBoosting,0.6595238095238096,0.1084587041292018,0.679047619047619,0.7720065240397834,0.1343094869374311,0.7753436791575545,0.618655462184874,0.1165763737741473,0.6106194690265486,0.5935714285714286,0.134954804263322,0.5992063492063492,0.6581444140654666,0.1885287874560722,0.6376811594202898,0.7023809523809523,0.1559680310415538,0.6984126984126984,0.6629671095188338,0.1345845374076525,0.6666666666666666,0.4847619047619047,0.3158137457354649,0.5,6.8,6.8,5.6,4,4.0,18,corr_mrmr_auto_k_no_smote,nested_cv_outputs_all_quad_concat_batch_smote_compare/ADC_Post1_Post2_T2/fs_method_comparison/corr_mrmr_auto_k_no_smote,corr_mrmr_auto_k,corr_mrmr,auto,False,30,3,1.1333333333333333
ADC_Post1_Post2_T2,ADC,Post1,Post2,T2,GradientBoosting,0.6526190476190477,0.0947688838460549,0.6417460317460317,0.7027395601678512,0.1432477462524534,0.6923986118417351,0.645126050420168,0.056294029907262,0.6460176991150443,0.616388888888889,0.1013627229927099,0.6453968253968254,0.6984582668793194,0.1492413205181917,0.6949152542372882,0.6468253968253969,0.1507936507936507,0.6507936507936508,0.657411553963278,0.1010680397631095,0.6721311475409836,0.5859523809523809,0.3177732188119451,0.64,6.8,6.8,5.6,4,4.0,18,corr_mrmr_auto_k_smote,nested_cv_outputs_all_quad_concat_batch_smote_compare/ADC_Post1_Post2_T2/fs_method_comparison/corr_mrmr_auto_k_smote,corr_mrmr_auto_k,corr_mrmr,auto,True,30,3,1.1333333333333333
ADC_Post1_Post2_T2,ADC,Post1,Post2,T2,KNN,0.6519246031746031,0.1806338091368152,0.6514285714285714,0.7275558810711655,0.1890273614825483,0.7177179756529001,0.6241316526610644,0.1006780479036649,0.6194690265486725,0.5921031746031746,0.1302981734659638,0.6092063492063492,0.6412420912420912,0.1520912774888824,0.6470588235294118,0.6992063492063492,0.1517181351790288,0.6984126984126984,0.6629090909090909,0.1326418155774016,0.6717557251908397,0.485,0.266270539113887,0.52,6.8,6.8,5.6,4,4.0,18,corr_mrmr_auto_k_no_smote,nested_cv_outputs_all_quad_concat_batch_smote_compare/ADC_Post1_Post2_T2/fs_method_comparison/corr_mrmr_auto_k_no_smote,corr_mrmr_auto_k,corr_mrmr,auto,False,30,3,1.1333333333333333
ADC_Post1_Post2_T2,ADC,Post1,Post2,T2,SVM_RBF,0.6517857142857142,0.2157458338003707,0.6928571428571428,0.7551087281778364,0.1272695616070134,0.7475911949256873,0.6918907563025212,0.0666016148028819,0.6902654867256637,0.671468253968254,0.1040973994944478,0.680952380952381,0.7338461538461539,0.1606643014221868,0.7058823529411765,0.7822222222222222,0.1612604671691265,0.7619047619047619,0.7284845598158292,0.0785250023576805,0.732824427480916,0.5607142857142857,0.3360940101719598,0.6,8.0,8.0,4.381780460041329,4,8.0,16,mrmr_then_elasticnet_no_corr_auto_k_smote,nested_cv_outputs_all_quad_concat_batch_smote_compare/ADC_Post1_Post2_T2/fs_method_comparison/mrmr_then_elasticnet_no_corr_auto_k_smote,mrmr_then_elasticnet_no_corr_auto_k,mrmr_then_elasticnet_no_corr,auto,True,30,3,1.3333333333333333
ADC_Post1_Post2_T2,ADC,Post1,Post2,T2,SVM_Linear,0.6449206349206349,0.132118997798345,0.6623809523809524,0.7271122280068751,0.1136099717779488,0.7326265510505072,0.6081792717086835,0.1018083536764646,0.6017699115044248,0.5748015873015873,0.1434761720375714,0.5995238095238096,0.6217527570468747,0.1841214864282641,0.65,0.6193650793650793,0.2376936295461722,0.6190476190476191,0.6103276407337128,0.1952181654293451,0.6341463414634146,0.5302380952380952,0.2751021249251303,0.58,6.8,6.8,5.6,4,4.0,18,corr_mrmr_auto_k_smote,nested_cv_outputs_all_quad_concat_batch_smote_compare/ADC_Post1_Post2_T2/fs_method_comparison/corr_mrmr_auto_k_smote,corr_mrmr_auto_k,corr_mrmr,auto,True,30,3,1.1333333333333333
ADC_Post1_Post2_T2,ADC,Post1,Post2,T2,RandomForest,0.6448015873015873,0.1480977900050638,0.6323809523809524,0.7558126754970751,0.1544839585097943,0.7037563663367328,0.6248459383753501,0.0805058220063092,0.6194690265486725,0.5963888888888889,0.1316981171236622,0.6215873015873016,0.6678533231474407,0.1523827954988901,0.6785714285714286,0.6115873015873016,0.2085919634258359,0.6031746031746031,0.6228342781712966,0.1499149934880835,0.6386554621848739,0.5811904761904761,0.3054051990404011,0.64,6.8,6.8,5.6,4,4.0,18,corr_mrmr_auto_k_smote,nested_cv_outputs_all_quad_concat_batch_smote_compare/ADC_Post1_Post2_T2/fs_method_comparison/corr_mrmr_auto_k_smote,corr_mrmr_auto_k,corr_mrmr,auto,True,30,3,1.1333333333333333
ADC_Post1_Post2_T2,ADC,Post1,Post2,T2,LogisticRegression,0.640436507936508,0.1452580652417023,0.6615873015873015,0.7264127756268466,0.1156377282914652,0.7433064927753021,0.6143697478991597,0.112947322859186,0.6106194690265486,0.5887698412698412,0.1577729870563918,0.6115873015873016,0.6532667332667332,0.1323052483382484,0.6666666666666666,0.6163492063492064,0.2032028750171068,0.6031746031746031,0.6228640973630831,0.1507848475178465,0.6333333333333333,0.5611904761904762,0.2865657946240725,0.62,6.8,6.8,5.6,4,4.0,18,corr_mrmr_auto_k_smote,nested_cv_outputs_all_quad_concat_batch_smote_compare/ADC_Post1_Post2_T2/fs_method_comparison/corr_mrmr_auto_k_smote,corr_mrmr_auto_k,corr_mrmr,auto,True,30,3,1.1333333333333333
ADC_Post1_Post2_T2,ADC,Post1,Post2,T2,LightGBM,0.6286111111111111,0.0969119116481537,0.6176190476190477,0.7088435434790349,0.1203834330978559,0.6949030351292081,0.6371288515406162,0.0677965535017359,0.6283185840707964,0.6191666666666666,0.0659379580432208,0.6295238095238096,0.6903535353535354,0.1348343351256747,0.6842105263157895,0.6357142857142858,0.1939238252185696,0.6190476190476191,0.6400715512557618,0.1235244592432494,0.65,0.6026190476190476,0.2456358309596691,0.64,6.8,6.8,5.6,4,4.0,18,corr_mrmr_auto_k_no_smote,nested_cv_outputs_all_quad_concat_batch_smote_compare/ADC_Post1_Post2_T2/fs_method_comparison/corr_mrmr_auto_k_no_smote,corr_mrmr_auto_k,corr_mrmr,auto,False,30,3,1.1333333333333333
ADC_Post1_Post2_T2,ADC,Post1,Post2,T2,LogisticRegression,0.626825396825397,0.1399520758056049,0.653968253968254,0.7201759100644981,0.1089078090883769,0.738720527004578,0.607703081232493,0.0904545615933547,0.6017699115044248,0.5792460317460317,0.1365320207620675,0.6015873015873016,0.6428821178821179,0.1302741065713798,0.6551724137931034,0.6139682539682539,0.1999934491242595,0.6031746031746031,0.6160594996619337,0.1457539233862173,0.628099173553719,0.5445238095238095,0.2823387907174007,0.6,6.8,6.8,5.6,4,4.0,18,corr_mrmr_auto_k_no_smote,nested_cv_outputs_all_quad_concat_batch_smote_compare/ADC_Post1_Post2_T2/fs_method_comparison/corr_mrmr_auto_k_no_smote,corr_mrmr_auto_k,corr_mrmr,auto,False,30,3,1.1333333333333333
ADC_Post1_Post2_T2,ADC,Post1,Post2,T2,KNN,0.6260714285714286,0.1998968145257597,0.6493650793650794,0.7283076008099229,0.1756138872946408,0.7318291868439306,0.5882773109243697,0.1494924917324836,0.5752212389380531,0.5523015873015873,0.1743928025587012,0.5757142857142856,0.5885714285714285,0.251879105723811,0.631578947368421,0.5636507936507936,0.2927658910614585,0.5714285714285714,0.5661928886387091,0.2583277699571629,0.6,0.540952380952381,0.2850126305034309,0.58,6.8,6.8,5.6,4,4.0,18,corr_mrmr_auto_k_smote,nested_cv_outputs_all_quad_concat_batch_smote_compare/ADC_Post1_Post2_T2/fs_method_comparison/corr_mrmr_auto_k_smote,corr_mrmr_auto_k,corr_mrmr,auto,True,30,3,1.1333333333333333
ADC_Post1_Post2_T2,ADC,Post1,Post2,T2,ExtraTrees,0.6209523809523809,0.1435129128693368,0.6038095238095237,0.7421839250064168,0.1461110145843132,0.690538329926029,0.6098459383753502,0.0988203137875049,0.6017699115044248,0.5736111111111111,0.1332308988605372,0.6015873015873016,0.6225974025974026,0.1850997207883702,0.6551724137931034,0.6003174603174604,0.2535957585764234,0.6031746031746031,0.5994830659536542,0.2014590258959924,0.628099173553719,0.5469047619047619,0.2802893710422754,0.6,6.8,6.8,5.6,4,4.0,18,corr_mrmr_auto_k_smote,nested_cv_outputs_all_quad_concat_batch_smote_compare/ADC_Post1_Post2_T2/fs_method_comparison/corr_mrmr_auto_k_smote,corr_mrmr_auto_k,corr_mrmr,auto,True,30,3,1.1333333333333333
ADC_Post1_Post2_T2,ADC,Post1,Post2,T2,SVM_Linear,0.6161111111111112,0.1310239342753286,0.6133333333333333,0.7147634729716021,0.1144479996265376,0.6616353813019689,0.5934593837535014,0.0755265862826195,0.5929203539823009,0.554047619047619,0.09917345486399,0.5709523809523809,0.596060606060606,0.1433419819288383,0.6075949367088608,0.768095238095238,0.2142730154967443,0.7619047619047619,0.6591450216450216,0.1409579998374824,0.676056338028169,0.3399999999999999,0.2395829710142187,0.38,6.8,6.8,5.6,4,4.0,18,corr_mrmr_auto_k_no_smote,nested_cv_outputs_all_quad_concat_batch_smote_compare/ADC_Post1_Post2_T2/fs_method_comparison/corr_mrmr_auto_k_no_smote,corr_mrmr_auto_k,corr_mrmr,auto,False,30,3,1.1333333333333333
ADC_Post1_Post2_T2,ADC,Post1,Post2,T2,ExtraTrees,0.5981746031746031,0.1623724182771913,0.6015873015873016,0.7408849936604992,0.1342619736661221,0.6808016817466169,0.6265126050420168,0.0849413577063241,0.6194690265486725,0.5963888888888889,0.1273653998318461,0.6215873015873016,0.6671212121212121,0.1692252643154816,0.6785714285714286,0.6092063492063493,0.2276644261954433,0.6031746031746031,0.6195238095238096,0.1639257616386094,0.6386554621848739,0.5835714285714285,0.3077701235981034,0.64,6.8,6.8,5.6,4,4.0,18,corr_mrmr_auto_k_no_smote,nested_cv_outputs_all_quad_concat_batch_smote_compare/ADC_Post1_Post2_T2/fs_method_comparison/corr_mrmr_auto_k_no_smote,corr_mrmr_auto_k,corr_mrmr,auto,False,30,3,1.1333333333333333
ADC_Post1_Post2_T2,ADC,Post1,Post2,T2,NaiveBayes,0.5926587301587302,0.104972431563049,0.6015873015873016,0.704423035257806,0.0770825588203633,0.6984380849130489,0.6146498599439776,0.0829060486006273,0.6194690265486725,0.5769444444444444,0.1072882904788426,0.6195238095238096,0.6797435897435897,0.0443404437358303,0.6724137931034483,0.5965079365079365,0.1620180120566494,0.6190476190476191,0.6182678919521025,0.1052508394896817,0.6446280991735537,0.5573809523809523,0.2575750336488062,0.62,6.8,6.8,5.6,4,4.0,18,corr_mrmr_auto_k_smote,nested_cv_outputs_all_quad_concat_batch_smote_compare/ADC_Post1_Post2_T2/fs_method_comparison/corr_mrmr_auto_k_smote,corr_mrmr_auto_k,corr_mrmr,auto,True,30,3,1.1333333333333333
ADC_Post1_Post2_T2,ADC,Post1,Post2,T2,NaiveBayes,0.5884920634920634,0.1020802770764363,0.587936507936508,0.7030347046980975,0.0822955671958112,0.6903018756643482,0.6146498599439776,0.0829060486006273,0.6194690265486725,0.5798015873015873,0.1084288200613852,0.6174603174603175,0.6630769230769231,0.0271165211618508,0.6666666666666666,0.6165079365079364,0.1264496689219515,0.6349206349206349,0.6325536062378168,0.080462207216565,0.6504065040650406,0.5430952380952381,0.2378145965093925,0.6,6.8,6.8,5.6,4,4.0,18,corr_mrmr_auto_k_no_smote,nested_cv_outputs_all_quad_concat_batch_smote_compare/ADC_Post1_Post2_T2/fs_method_comparison/corr_mrmr_auto_k_no_smote,corr_mrmr_auto_k,corr_mrmr,auto,False,30,3,1.1333333333333333
ADC_Post1_Post2_T2,ADC,Post1,Post2,T2,XGBoost,0.5794444444444444,0.1393634522810612,0.5650793650793651,0.695795632329596,0.1341641604897051,0.6207874214951341,0.572310924369748,0.0312437205830785,0.5752212389380531,0.561984126984127,0.0667641011345344,0.5633333333333334,0.6288034188034188,0.1482807239501679,0.6086956521739131,0.6915873015873016,0.127162176761766,0.6666666666666666,0.633029341029341,0.0585440165372668,0.6363636363636364,0.4323809523809523,0.2540849930111367,0.46,6.8,6.8,5.6,4,4.0,18,corr_mrmr_auto_k_no_smote,nested_cv_outputs_all_quad_concat_batch_smote_compare/ADC_Post1_Post2_T2/fs_method_comparison/corr_mrmr_auto_k_no_smote,corr_mrmr_auto_k,corr_mrmr,auto,False,30,3,1.1333333333333333
ADC_Post1_Post2_T2,ADC,Post1,Post2,T2,LightGBM,0.5791468253968255,0.1218494431053519,0.5973015873015874,0.7073222140608723,0.1185486405501616,0.6781157760471839,0.5761764705882353,0.0700768513158936,0.5663716814159292,0.5533333333333333,0.0999627040553926,0.5719047619047619,0.635126050420168,0.1298629891634264,0.6346153846153846,0.5504761904761905,0.2488014099585846,0.5238095238095238,0.5573289139702802,0.1592247219092653,0.5739130434782609,0.5561904761904761,0.3059115221929878,0.62,6.8,6.8,5.6,4,4.0,18,corr_mrmr_auto_k_smote,nested_cv_outputs_all_quad_concat_batch_smote_compare/ADC_Post1_Post2_T2/fs_method_comparison/corr_mrmr_auto_k_smote,corr_mrmr_auto_k,corr_mrmr,auto,True,30,3,1.1333333333333333
ADC_Post1_Post2_T2,ADC,Post1,Post2,T2,XGBoost,0.5542857142857144,0.1705849686944006,0.5587301587301586,0.6880320463016238,0.1557720346516883,0.6132126128902724,0.5625070028011205,0.0803129105116338,0.5575221238938053,0.5457936507936509,0.1007654003654467,0.5557142857142857,0.6102428127428128,0.1927162475543474,0.6101694915254238,0.5782539682539681,0.1887885554520985,0.5714285714285714,0.5771851851851852,0.1528594574026125,0.5901639344262295,0.5133333333333333,0.2324746103221692,0.54,6.8,6.8,5.6,4,4.0,18,corr_mrmr_auto_k_smote,nested_cv_outputs_all_quad_concat_batch_smote_compare/ADC_Post1_Post2_T2/fs_method_comparison/corr_mrmr_auto_k_smote,corr_mrmr_auto_k,corr_mrmr,auto,True,30,3,1.1333333333333333
ADC_Post1_Post2_T2,ADC,Post1,Post2,T2,SVM_RBF,0.5538492063492063,0.1819629259623842,0.6,0.6586338812600199,0.1724378032583124,0.6809344360722296,0.6143697478991597,0.1059684857081548,0.6017699115044248,0.5772619047619048,0.1163362939195795,0.5892063492063492,0.6298989898989898,0.1930266822784385,0.6285714285714286,0.7066666666666667,0.3258114276997556,0.6984126984126984,0.626557734204793,0.2066098476948071,0.6616541353383458,0.4478571428571428,0.3762841956797645,0.48,6.8,6.8,5.6,4,4.0,18,corr_mrmr_auto_k_smote,nested_cv_outputs_all_quad_concat_batch_smote_compare/ADC_Post1_Post2_T2/fs_method_comparison/corr_mrmr_auto_k_smote,corr_mrmr_auto_k,corr_mrmr,auto,True,30,3,1.1333333333333333
ADC_Post1_Post2_T2,ADC,Post1,Post2,T2,SVM_RBF,0.5179761904761906,0.1962277151692754,0.5771428571428572,0.6685141404952001,0.1768391810012876,0.6625083077040594,0.5484033613445378,0.0827679476273167,0.5486725663716814,0.5215873015873016,0.0506207374274333,0.5477777777777778,0.4800000000000001,0.2785677655436823,0.603448275862069,0.5188888888888888,0.3387631825142167,0.5555555555555556,0.4789915966386554,0.2747968544340267,0.5785123966942148,0.5242857142857142,0.3618433531860133,0.54,6.8,6.8,5.6,4,4.0,18,corr_mrmr_auto_k_no_smote,nested_cv_outputs_all_quad_concat_batch_smote_compare/ADC_Post1_Post2_T2/fs_method_comparison/corr_mrmr_auto_k_no_smote,corr_mrmr_auto_k,corr_mrmr,auto,False,30,3,1.1333333333333333
ADC_Post1_Pre_T2,ADC,Post1,Pre,T2,ExtraTrees,0.7451984126984127,0.0599020259130757,0.7203174603174602,0.7984424634760969,0.1250576352812932,0.7831694580285102,0.6529831932773109,0.0512643613371813,0.6548672566371682,0.6729761904761905,0.0465529469609422,0.6533333333333333,0.7174999999999999,0.1245101513041317,0.7,0.690952380952381,0.1511137788213234,0.6666666666666666,0.6803809523809523,0.0538700881246524,0.6829268292682927,0.655,0.1343296111973992,0.64,10.4,10.4,6.374950980203691,4,8.0,18,elasticnet_then_mrmr_auto_k_no_smote,nested_cv_outputs_all_quad_concat_batch_smote_compare/ADC_Post1_Pre_T2/fs_method_comparison/elasticnet_then_mrmr_auto_k_no_smote,elasticnet_then_mrmr_auto_k,elasticnet_then_mrmr,auto,False,33,4,1.5757575757575757
ADC_Post1_Pre_T2,ADC,Post1,Pre,T2,SVM_Linear,0.7426984126984127,0.1100498066310494,0.7284126984126983,0.8050676802707615,0.1242883142582635,0.7850662571470493,0.6598459383753502,0.0679278581500937,0.6548672566371682,0.6731746031746031,0.0742666336911711,0.6533333333333333,0.7349673202614379,0.1644619004212279,0.7,0.6963492063492063,0.1558853000041043,0.6666666666666666,0.6854848216917182,0.07650145356455,0.6829268292682927,0.65,0.2,0.64,10.4,10.4,6.374950980203691,4,8.0,18,elasticnet_then_mrmr_auto_k_smote,nested_cv_outputs_all_quad_concat_batch_smote_compare/ADC_Post1_Pre_T2/fs_method_comparison/elasticnet_then_mrmr_auto_k_smote,elasticnet_then_mrmr_auto_k,elasticnet_then_mrmr,auto,True,33,4,1.5757575757575757
ADC_Post1_Pre_T2,ADC,Post1,Pre,T2,LogisticRegression,0.737420634920635,0.111642408890336,0.7247619047619048,0.8001624740934966,0.1199681506066388,0.7767709231406654,0.6503221288515406,0.0920608765108955,0.6460176991150443,0.6558730158730158,0.108962617919195,0.6474603174603175,0.7149673202614379,0.1950548884304605,0.7017543859649122,0.6474603174603175,0.185718627001219,0.6349206349206349,0.6590745652814618,0.1358540353805767,0.6666666666666666,0.6642857142857143,0.1911298308608521,0.66,10.4,10.4,6.374950980203691,4,8.0,18,elasticnet_then_mrmr_auto_k_smote,nested_cv_outputs_all_quad_concat_batch_smote_compare/ADC_Post1_Pre_T2/fs_method_comparison/elasticnet_then_mrmr_auto_k_smote,elasticnet_then_mrmr_auto_k,elasticnet_then_mrmr,auto,True,33,4,1.5757575757575757
ADC_Post1_Pre_T2,ADC,Post1,Pre,T2,RandomForest,0.7341269841269842,0.11207939767513,0.7104761904761905,0.7832513518227804,0.1625439952883972,0.7632495329714903,0.6296498599439776,0.0691256937809286,0.6283185840707964,0.6375396825396825,0.0803273411326063,0.6315873015873016,0.6893706293706294,0.1717619183191491,0.6909090909090909,0.6141269841269841,0.1448749906387311,0.6031746031746031,0.6365714285714287,0.1216136404809115,0.6440677966101694,0.660952380952381,0.135003149371176,0.66,10.4,10.4,6.374950980203691,4,8.0,18,elasticnet_then_mrmr_auto_k_smote,nested_cv_outputs_all_quad_concat_batch_smote_compare/ADC_Post1_Pre_T2/fs_method_comparison/elasticnet_then_mrmr_auto_k_smote,elasticnet_then_mrmr_auto_k,elasticnet_then_mrmr,auto,True,33,4,1.5757575757575757
ADC_Post1_Pre_T2,ADC,Post1,Pre,T2,SVM_RBF,0.7321031746031746,0.0669937648223272,0.7171428571428572,0.8001963226886195,0.0795724559055515,0.7745974059696308,0.645126050420168,0.0197797883057916,0.6460176991150443,0.6622619047619047,0.0449829899823822,0.6453968253968254,0.722309063485534,0.1680330953884057,0.6949152542372882,0.6685714285714285,0.1069723511017064,0.6507936507936508,0.6703368315842079,0.0365135695588349,0.6721311475409836,0.655952380952381,0.1917516818257227,0.64,10.4,10.4,6.374950980203691,4,8.0,18,elasticnet_then_mrmr_auto_k_smote,nested_cv_outputs_all_quad_concat_batch_smote_compare/ADC_Post1_Pre_T2/fs_method_comparison/elasticnet_then_mrmr_auto_k_smote,elasticnet_then_mrmr_auto_k,elasticnet_then_mrmr,auto,True,33,4,1.5757575757575757
ADC_Post1_Pre_T2,ADC,Post1,Pre,T2,LightGBM,0.731111111111111,0.0986302638613399,0.7428571428571429,0.7824336762152567,0.1172014333348001,0.7909706867668371,0.7086414565826331,0.137862184810206,0.7168141592920354,0.7138095238095238,0.1253250749116572,0.715079365079365,0.745,0.1805547008526778,0.7540983606557377,0.7299999999999999,0.2069651369222231,0.7301587301587301,0.7176414565826331,0.1473921157394655,0.7419354838709677,0.6976190476190476,0.1732705276062881,0.7,9.2,9.2,4.995998398718719,4,8.0,16,mrmr_then_elasticnet_no_corr_auto_k_smote,nested_cv_outputs_all_quad_concat_batch_smote_compare/ADC_Post1_Pre_T2/fs_method_comparison/mrmr_then_elasticnet_no_corr_auto_k_smote,mrmr_then_elasticnet_no_corr_auto_k,mrmr_then_elasticnet_no_corr,auto,True,35,3,1.3142857142857145
ADC_Post1_Pre_T2,ADC,Post1,Pre,T2,SVM_Linear,0.7301984126984128,0.117187343684283,0.7015873015873015,0.7961708464789697,0.1235155874793759,0.7660039111480954,0.6190336134453782,0.0994734073399562,0.6194690265486725,0.6253571428571428,0.1158589086867999,0.6092063492063492,0.6830367018602314,0.1895263694168848,0.6470588235294118,0.7185714285714286,0.1227997076689424,0.6984126984126984,0.673929267613478,0.0816342541583641,0.6717557251908397,0.5321428571428573,0.2611894994989769,0.52,10.4,10.4,6.374950980203691,4,8.0,18,elasticnet_then_mrmr_auto_k_no_smote,nested_cv_outputs_all_quad_concat_batch_smote_compare/ADC_Post1_Pre_T2/fs_method_comparison/elasticnet_then_mrmr_auto_k_no_smote,elasticnet_then_mrmr_auto_k,elasticnet_then_mrmr,auto,False,33,4,1.5757575757575757
ADC_Post1_Pre_T2,ADC,Post1,Pre,T2,ExtraTrees,0.7296031746031746,0.0537633833174538,0.7003174603174603,0.7924303947515837,0.1267484109983299,0.7767595656439361,0.6421288515406164,0.0557033385811421,0.6371681415929203,0.6646428571428571,0.0345266373590997,0.6395238095238096,0.7201282051282052,0.115270313755967,0.6964285714285714,0.6576190476190475,0.1567733349738754,0.6190476190476191,0.6603940620782726,0.070313547477349,0.6554621848739496,0.6716666666666666,0.1294861639970335,0.66,10.4,10.4,6.374950980203691,4,8.0,18,elasticnet_then_mrmr_auto_k_smote,nested_cv_outputs_all_quad_concat_batch_smote_compare/ADC_Post1_Pre_T2/fs_method_comparison/elasticnet_then_mrmr_auto_k_smote,elasticnet_then_mrmr_auto_k,elasticnet_then_mrmr,auto,True,33,4,1.5757575757575757
ADC_Post1_Pre_T2,ADC,Post1,Pre,T2,LogisticRegression,0.7292857142857143,0.1176650939150039,0.7155555555555556,0.7993546297691603,0.1173479084386719,0.7732960746643647,0.6403221288515406,0.0994064764539271,0.6371681415929203,0.6487301587301587,0.1152531255229408,0.6395238095238096,0.7104218657159833,0.1944494155866877,0.6964285714285714,0.6331746031746033,0.1882531652329027,0.6190476190476191,0.6486130268199234,0.1349027605497818,0.6554621848739496,0.6642857142857143,0.1911298308608521,0.66,10.4,10.4,6.374950980203691,4,8.0,18,elasticnet_then_mrmr_auto_k_no_smote,nested_cv_outputs_all_quad_concat_batch_smote_compare/ADC_Post1_Pre_T2/fs_method_comparison/elasticnet_then_mrmr_auto_k_no_smote,elasticnet_then_mrmr_auto_k,elasticnet_then_mrmr,auto,False,33,4,1.5757575757575757
ADC_Post1_Pre_T2,ADC,Post1,Pre,T2,SVM_RBF,0.7252777777777777,0.0901445117896531,0.6933333333333334,0.7854273607137753,0.1181570282773823,0.7604883959434092,0.656890756302521,0.0410462507690361,0.6548672566371682,0.6707539682539683,0.0511094473750708,0.6450793650793651,0.716068376068376,0.1681684693566612,0.6764705882352942,0.7617460317460318,0.1510860990370967,0.7301587301587301,0.7040879977722083,0.0410392943215868,0.7022900763358778,0.5797619047619047,0.2285466256384087,0.56,10.4,10.4,6.374950980203691,4,8.0,18,elasticnet_then_mrmr_auto_k_no_smote,nested_cv_outputs_all_quad_concat_batch_smote_compare/ADC_Post1_Pre_T2/fs_method_comparison/elasticnet_then_mrmr_auto_k_no_smote,elasticnet_then_mrmr_auto_k,elasticnet_then_mrmr,auto,False,33,4,1.5757575757575757
ADC_Post1_Pre_T2,ADC,Post1,Pre,T2,SVM_RBF,0.7231746031746031,0.0809066942352958,0.6869841269841269,0.7718159501811295,0.1192601029846953,0.739482529306529,0.6764145658263306,0.0576708865613875,0.672566371681416,0.6831746031746031,0.0435493771359499,0.6588888888888889,0.7038095238095237,0.1337883392822078,0.6805555555555556,0.8149206349206348,0.1714597267397682,0.7777777777777778,0.7266666666666667,0.0695042372972149,0.725925925925926,0.5514285714285714,0.1828571428571428,0.54,9.2,9.2,4.995998398718719,4,8.0,16,mrmr_then_elasticnet_no_corr_auto_k_no_smote,nested_cv_outputs_all_quad_concat_batch_smote_compare/ADC_Post1_Pre_T2/fs_method_comparison/mrmr_then_elasticnet_no_corr_auto_k_no_smote,mrmr_then_elasticnet_no_corr_auto_k,mrmr_then_elasticnet_no_corr,auto,False,35,3,1.3142857142857145
ADC_Post1_Pre_T2,ADC,Post1,Pre,T2,SVM_RBF,0.7183333333333334,0.0807031644723916,0.6996825396825397,0.7584668538089591,0.1349006439436229,0.7553952483608628,0.6896498599439775,0.0997682899560312,0.6902654867256637,0.7037301587301588,0.0913538605684835,0.6850793650793651,0.733939393939394,0.1456488601052342,0.71875,0.7584126984126984,0.1607440497619978,0.7301587301587301,0.7232722832722833,0.0981722825918746,0.7244094488188977,0.6490476190476191,0.169884581334083,0.64,9.2,9.2,4.995998398718719,4,8.0,16,mrmr_then_elasticnet_no_corr_auto_k_smote,nested_cv_outputs_all_quad_concat_batch_smote_compare/ADC_Post1_Pre_T2/fs_method_comparison/mrmr_then_elasticnet_no_corr_auto_k_smote,mrmr_then_elasticnet_no_corr_auto_k,mrmr_then_elasticnet_no_corr,auto,True,35,3,1.3142857142857145
ADC_Post1_Pre_T2,ADC,Post1,Pre,T2,SVM_Linear,0.7170634920634921,0.0684493328053797,0.6914285714285714,0.7808271137947367,0.1095869526612814,0.7632281989724612,0.6785574229691876,0.0829161272088101,0.672566371681416,0.685873015873016,0.0624384806829285,0.6568253968253968,0.7006977336389102,0.1625738727784431,0.6756756756756757,0.8203174603174602,0.1475504192751382,0.7936507936507936,0.7302590768108009,0.0872827417924815,0.7299270072992701,0.5514285714285714,0.2110636060645905,0.52,9.2,9.2,4.995998398718719,4,8.0,16,mrmr_then_elasticnet_no_corr_auto_k_no_smote,nested_cv_outputs_all_quad_concat_batch_smote_compare/ADC_Post1_Pre_T2/fs_method_comparison/mrmr_then_elasticnet_no_corr_auto_k_no_smote,mrmr_then_elasticnet_no_corr_auto_k,mrmr_then_elasticnet_no_corr,auto,False,35,3,1.3142857142857145
ADC_Post1_Pre_T2,ADC,Post1,Pre,T2,LogisticRegression,0.7133333333333335,0.0529345445960369,0.706031746031746,0.7648074951858324,0.1116340354406136,0.7488397301040461,0.6746498599439776,0.0470092985029209,0.672566371681416,0.6846825396825397,0.0341081527962979,0.665079365079365,0.7125819278760456,0.1379851839299417,0.696969696969697,0.756031746031746,0.1375812364526308,0.7301587301587301,0.711258529465426,0.067602308615073,0.7131782945736435,0.6133333333333333,0.1571976816340212,0.6,9.2,9.2,4.995998398718719,4,8.0,16,mrmr_then_elasticnet_no_corr_auto_k_no_smote,nested_cv_outputs_all_quad_concat_batch_smote_compare/ADC_Post1_Pre_T2/fs_method_comparison/mrmr_then_elasticnet_no_corr_auto_k_no_smote,mrmr_then_elasticnet_no_corr_auto_k,mrmr_then_elasticnet_no_corr,auto,False,35,3,1.3142857142857145
ADC_Post1_Pre_T2,ADC,Post1,Pre,T2,RandomForest,0.7120238095238095,0.0605532151246319,0.7149206349206348,0.7716020231563501,0.0812898935190836,0.7708634003307877,0.6343557422969188,0.1392254757617425,0.6371681415929203,0.6423015873015874,0.1430518074052713,0.6395238095238096,0.677948717948718,0.2090182429933103,0.6964285714285714,0.6069841269841271,0.1972412401804358,0.6190476190476191,0.628615001556178,0.1776258957447235,0.6554621848739496,0.6776190476190476,0.1583761130893131,0.66,9.2,9.2,4.995998398718719,4,8.0,16,mrmr_then_elasticnet_no_corr_auto_k_smote,nested_cv_outputs_all_quad_concat_batch_smote_compare/ADC_Post1_Pre_T2/fs_method_comparison/mrmr_then_elasticnet_no_corr_auto_k_smote,mrmr_then_elasticnet_no_corr_auto_k,mrmr_then_elasticnet_no_corr,auto,True,35,3,1.3142857142857145
ADC_Post1_Pre_T2,ADC,Post1,Pre,T2,RandomForest,0.7115079365079364,0.1066579267016488,0.6580952380952381,0.7708227713128445,0.1250202145947413,0.6777300069708202,0.6476050420168068,0.0610105703972172,0.6460176991150443,0.6366269841269842,0.1254118686978217,0.6392063492063491,0.6981699346405228,0.102046553501575,0.676923076923077,0.7349206349206348,0.1809523809523809,0.6984126984126984,0.6893039049235993,0.0551112169151982,0.6875,0.5383333333333333,0.2986822912579704,0.58,14.0,14.0,3.3466401061363023,10,12.0,18,corr_mrmr_auto_k_no_smote,nested_cv_outputs_all_quad_concat_batch_smote_compare/ADC_Post1_Pre_T2/fs_method_comparison/corr_mrmr_auto_k_no_smote,corr_mrmr_auto_k,corr_mrmr,auto,False,46,4,1.5217391304347827
ADC_Post1_Pre_T2,ADC,Post1,Pre,T2,LogisticRegression,0.707936507936508,0.0579441177868143,0.7022222222222222,0.77168916593478,0.1017627138642755,0.7512481961081869,0.6628851540616247,0.0741352922289812,0.6637168141592921,0.6747619047619048,0.0647443953921409,0.6571428571428571,0.7067307692307693,0.1491916086603886,0.6923076923076923,0.7338095238095238,0.1411999113526152,0.7142857142857143,0.6980699612278559,0.0844005510733576,0.703125,0.6157142857142857,0.163018577742975,0.6,9.2,9.2,4.995998398718719,4,8.0,16,mrmr_then_elasticnet_no_corr_auto_k_smote,nested_cv_outputs_all_quad_concat_batch_smote_compare/ADC_Post1_Pre_T2/fs_method_comparison/mrmr_then_elasticnet_no_corr_auto_k_smote,mrmr_then_elasticnet_no_corr_auto_k,mrmr_then_elasticnet_no_corr,auto,True,35,3,1.3142857142857145
ADC_Post1_Pre_T2,ADC,Post1,Pre,T2,SVM_Linear,0.7051587301587302,0.0478210003300052,0.6863492063492063,0.7790563675027488,0.0982334911723809,0.7593703914144634,0.6746498599439776,0.0655225722867322,0.672566371681416,0.6903174603174603,0.0534649735935644,0.665079365079365,0.7298368298368298,0.1743963661089147,0.696969696969697,0.7615873015873016,0.1787400262296288,0.7301587301587301,0.7091168091168092,0.0861236173018963,0.7131782945736435,0.6190476190476191,0.2059214124803776,0.6,9.2,9.2,4.995998398718719,4,8.0,16,mrmr_then_elasticnet_no_corr_auto_k_smote,nested_cv_outputs_all_quad_concat_batch_smote_compare/ADC_Post1_Pre_T2/fs_method_comparison/mrmr_then_elasticnet_no_corr_auto_k_smote,mrmr_then_elasticnet_no_corr_auto_k,mrmr_then_elasticnet_no_corr,auto,True,35,3,1.3142857142857145
ADC_Post1_Pre_T2,ADC,Post1,Pre,T2,KNN,0.7019047619047619,0.0781169314301611,0.6714285714285714,0.7413025043069631,0.1721414302287749,0.7423457010116088,0.653795518207283,0.0502534670315711,0.6460176991150443,0.6735714285714284,0.0245872964636677,0.6536507936507936,0.7576923076923078,0.155461604012555,0.7254901960784313,0.6161904761904762,0.1426538235684021,0.5873015873015873,0.6500950882025051,0.0914577448004137,0.6491228070175439,0.7309523809523809,0.1459195566289958,0.72,10.4,10.4,6.374950980203691,4,8.0,18,elasticnet_then_mrmr_auto_k_smote,nested_cv_outputs_all_quad_concat_batch_smote_compare/ADC_Post1_Pre_T2/fs_method_comparison/elasticnet_then_mrmr_auto_k_smote,elasticnet_then_mrmr_auto_k,elasticnet_then_mrmr,auto,True,33,4,1.5757575757575757
ADC_Post1_Pre_T2,ADC,Post1,Pre,T2,KNN,0.6935714285714286,0.091483669465023,0.6438095238095238,0.7209375854004529,0.1539556687644889,0.6990083670533258,0.5931232492997198,0.1071796535192492,0.584070796460177,0.5872619047619048,0.0434994490311266,0.5650793650793651,0.6236601307189542,0.1327940844727169,0.6052631578947368,0.7633333333333333,0.2075013014982238,0.7301587301587301,0.6561749680715198,0.1194643067286907,0.6618705035971223,0.4111904761904762,0.2016817051794278,0.4,9.2,9.2,4.995998398718719,4,8.0,16,mrmr_then_elasticnet_no_corr_auto_k_no_smote,nested_cv_outputs_all_quad_concat_batch_smote_compare/ADC_Post1_Pre_T2/fs_method_comparison/mrmr_then_elasticnet_no_corr_auto_k_no_smote,mrmr_then_elasticnet_no_corr_auto_k,mrmr_then_elasticnet_no_corr,auto,False,35,3,1.3142857142857145
ADC_Post1_Pre_T2,ADC,Post1,Pre,T2,RandomForest,0.6912301587301586,0.1639559607555374,0.6750793650793652,0.7747754552741732,0.1657276137239461,0.7288932494100868,0.6113165266106443,0.1091073414618043,0.6106194690265486,0.612063492063492,0.1217382708976884,0.6115873015873016,0.6601298701298701,0.1994018716713599,0.6666666666666666,0.6107936507936508,0.1935477217239462,0.6031746031746031,0.6208791208791208,0.1654187471625041,0.6333333333333333,0.6133333333333333,0.1571976816340212,0.62,10.4,10.4,6.374950980203691,4,8.0,18,elasticnet_then_mrmr_auto_k_no_smote,nested_cv_outputs_all_quad_concat_batch_smote_compare/ADC_Post1_Pre_T2/fs_method_comparison/elasticnet_then_mrmr_auto_k_no_smote,elasticnet_then_mrmr_auto_k,elasticnet_then_mrmr,auto,False,33,4,1.5757575757575757
ADC_Post1_Pre_T2,ADC,Post1,Pre,T2,RandomForest,0.6912301587301586,0.1415727312952945,0.66,0.7613347481729889,0.1443217655192253,0.7278871772771707,0.6373249299719888,0.1147430706895255,0.6283185840707964,0.6315873015873016,0.1527575950387596,0.6233333333333333,0.7054545454545454,0.1317915333565203,0.6666666666666666,0.7117460317460318,0.1860615394095939,0.6666666666666666,0.6771485570112572,0.0980540248692436,0.6666666666666666,0.5514285714285714,0.3292973347810115,0.58,14.0,14.0,3.3466401061363023,10,12.0,18,corr_mrmr_auto_k_smote,nested_cv_outputs_all_quad_concat_batch_smote_compare/ADC_Post1_Pre_T2/fs_method_comparison/corr_mrmr_auto_k_smote,corr_mrmr_auto_k,corr_mrmr,auto,True,46,4,1.5217391304347827
ADC_Post1_Pre_T2,ADC,Post1,Pre,T2,XGBoost,0.6909126984126985,0.1598975130001816,0.6460317460317461,0.7673127690464494,0.1688734197148542,0.7070723611512122,0.591218487394958,0.1222412108744127,0.5929203539823009,0.589563492063492,0.1384407509434772,0.5915873015873016,0.6286111111111111,0.2276212199094944,0.6440677966101694,0.6074603174603175,0.2463498199959629,0.6031746031746031,0.5996144206670522,0.2004897465963143,0.6229508196721312,0.5716666666666667,0.1771377367411523,0.58,10.4,10.4,6.374950980203691,4,8.0,18,elasticnet_then_mrmr_auto_k_smote,nested_cv_outputs_all_quad_concat_batch_smote_compare/ADC_Post1_Pre_T2/fs_method_comparison/elasticnet_then_mrmr_auto_k_smote,elasticnet_then_mrmr_auto_k,elasticnet_then_mrmr,auto,True,33,4,1.5757575757575757
ADC_Post1_Pre_T2,ADC,Post1,Pre,T2,KNN,0.6880753968253968,0.1216405194571156,0.6577777777777778,0.7275500047481472,0.162417165190711,0.7139521969549227,0.609313725490196,0.0895007297335467,0.6017699115044248,0.603531746031746,0.063022119957444,0.6077777777777778,0.6623809523809523,0.1477142550121241,0.6730769230769231,0.5758730158730159,0.2421108982983416,0.5555555555555556,0.5861054766734279,0.1757089951942892,0.6086956521739131,0.6311904761904762,0.1807022080160046,0.66,9.2,9.2,4.995998398718719,4,8.0,16,mrmr_then_elasticnet_no_corr_auto_k_smote,nested_cv_outputs_all_quad_concat_batch_smote_compare/ADC_Post1_Pre_T2/fs_method_comparison/mrmr_then_elasticnet_no_corr_auto_k_smote,mrmr_then_elasticnet_no_corr_auto_k,mrmr_then_elasticnet_no_corr,auto,True,35,3,1.3142857142857145
ADC_Post1_Pre_T2,ADC,Post1,Pre,T2,GradientBoosting,0.6877380952380954,0.1433501413970309,0.6876190476190476,0.7476679691492458,0.1714630868511563,0.7625248477481199,0.6279831932773109,0.1328092825004553,0.6283185840707964,0.6258730158730158,0.1478813167707003,0.6315873015873016,0.6644155844155843,0.2236359865450762,0.6909090909090909,0.6074603174603175,0.2463498199959629,0.6031746031746031,0.6207081807081807,0.2104856604953806,0.6440677966101694,0.6442857142857144,0.1571688290225722,0.66,10.4,10.4,6.374950980203691,4,8.0,18,elasticnet_then_mrmr_auto_k_smote,nested_cv_outputs_all_quad_concat_batch_smote_compare/ADC_Post1_Pre_T2/fs_method_comparison/elasticnet_then_mrmr_auto_k_smote,elasticnet_then_mrmr_auto_k,elasticnet_then_mrmr,auto,True,33,4,1.5757575757575757
ADC_Post1_Pre_T2,ADC,Post1,Pre,T2,NaiveBayes,0.6812698412698414,0.1003817354868402,0.6168253968253968,0.741584803521594,0.094743714427453,0.6867294093058012,0.5630252100840336,0.074052097155181,0.5663716814159292,0.5639285714285713,0.1095248447156047,0.5553968253968254,0.6338528138528139,0.1191715686885129,0.6029411764705882,0.6919047619047619,0.2123382404200223,0.6507936507936508,0.621904761904762,0.0808481121211874,0.6259541984732825,0.4359523809523809,0.2765641970719291,0.46,9.2,9.2,4.995998398718719,4,8.0,16,mrmr_then_elasticnet_no_corr_auto_k_no_smote,nested_cv_outputs_all_quad_concat_batch_smote_compare/ADC_Post1_Pre_T2/fs_method_comparison/mrmr_then_elasticnet_no_corr_auto_k_no_smote,mrmr_then_elasticnet_no_corr_auto_k,mrmr_then_elasticnet_no_corr,auto,False,35,3,1.3142857142857145
ADC_Post1_Pre_T2,ADC,Post1,Pre,T2,XGBoost,0.6808333333333334,0.134836434977831,0.6663492063492064,0.7485639043046163,0.1482332074314696,0.7087883080232149,0.6543697478991597,0.0626433122990084,0.6460176991150443,0.6412301587301588,0.0786708125661038,0.6309523809523809,0.673810503222268,0.0930085647035347,0.6575342465753424,0.7936507936507936,0.1603096021962234,0.7619047619047619,0.7105376344086022,0.0635279154843415,0.7058823529411765,0.4888095238095237,0.2190005125331808,0.5,14.0,14.0,3.3466401061363023,10,12.0,18,corr_mrmr_auto_k_no_smote,nested_cv_outputs_all_quad_concat_batch_smote_compare/ADC_Post1_Pre_T2/fs_method_comparison/corr_mrmr_auto_k_no_smote,corr_mrmr_auto_k,corr_mrmr,auto,False,46,4,1.5217391304347827
ADC_Post1_Pre_T2,ADC,Post1,Pre,T2,LogisticRegression,0.6792460317460318,0.1853233913601722,0.6828571428571428,0.7555321854654393,0.0601901590746085,0.6959354776593549,0.6551820728291317,0.123139911987094,0.6460176991150443,0.641825396825397,0.1626356053761119,0.6392063492063491,0.6941269841269841,0.0779643857941238,0.676923076923077,0.7450793650793651,0.1898895728749246,0.6984126984126984,0.6983152325257589,0.1067056085446689,0.6875,0.5385714285714286,0.2882600866422897,0.58,14.0,14.0,3.3466401061363023,10,12.0,18,corr_mrmr_auto_k_no_smote,nested_cv_outputs_all_quad_concat_batch_smote_compare/ADC_Post1_Pre_T2/fs_method_comparison/corr_mrmr_auto_k_no_smote,corr_mrmr_auto_k,corr_mrmr,auto,False,46,4,1.5217391304347827
ADC_Post1_Pre_T2,ADC,Post1,Pre,T2,KNN,0.6777777777777778,0.0548015729342648,0.6241269841269842,0.7323428844080345,0.161485699474956,0.6753029199688354,0.5757422969187675,0.0284703476421729,0.5752212389380531,0.5953571428571427,0.0522294586581737,0.5674603174603174,0.6680701754385965,0.189742012728534,0.6153846153846154,0.6752380952380952,0.1697940892782851,0.6349206349206349,0.6264513213478731,0.048061885135784,0.625,0.5154761904761905,0.2519088126418393,0.5,10.4,10.4,6.374950980203691,4,8.0,18,elasticnet_then_mrmr_auto_k_no_smote,nested_cv_outputs_all_quad_concat_batch_smote_compare/ADC_Post1_Pre_T2/fs_method_comparison/elasticnet_then_mrmr_auto_k_no_smote,elasticnet_then_mrmr_auto_k,elasticnet_then_mrmr,auto,False,33,4,1.5757575757575757
ADC_Post1_Pre_T2,ADC,Post1,Pre,T2,NaiveBayes,0.6765476190476191,0.1259000351312776,0.6422222222222221,0.7660913958332689,0.0939810763649952,0.7152123955060172,0.5649299719887957,0.0749162059660191,0.5752212389380531,0.5578571428571429,0.1375345303534954,0.550952380952381,0.6186013986013986,0.1487073090289075,0.5925925925925926,0.7952380952380952,0.1815639900676673,0.7619047619047619,0.6638514967115372,0.0318084101098252,0.6666666666666666,0.3204761904761904,0.3060671454201985,0.34,10.4,10.4,6.374950980203691,4,8.0,18,elasticnet_then_mrmr_auto_k_smote,nested_cv_outputs_all_quad_concat_batch_smote_compare/ADC_Post1_Pre_T2/fs_method_comparison/elasticnet_then_mrmr_auto_k_smote,elasticnet_then_mrmr_auto_k,elasticnet_then_mrmr,auto,True,33,4,1.5757575757575757
ADC_Post1_Pre_T2,ADC,Post1,Pre,T2,NaiveBayes,0.6762301587301588,0.0967727218154926,0.6250793650793651,0.7335229949597855,0.1067572870872429,0.6904415176946096,0.5490196078431373,0.1142062185758703,0.5575221238938053,0.5516269841269842,0.1359505740296346,0.5515873015873016,0.6226984126984128,0.1282492534101152,0.6031746031746031,0.6363492063492063,0.2504128111014267,0.6031746031746031,0.5882936507936508,0.1335038827978281,0.6031746031746031,0.4669047619047618,0.2698769350846844,0.5,9.2,9.2,4.995998398718719,4,8.0,16,mrmr_then_elasticnet_no_corr_auto_k_smote,nested_cv_outputs_all_quad_concat_batch_smote_compare/ADC_Post1_Pre_T2/fs_method_comparison/mrmr_then_elasticnet_no_corr_auto_k_smote,mrmr_then_elasticnet_no_corr_auto_k,mrmr_then_elasticnet_no_corr,auto,True,35,3,1.3142857142857145
ADC_Post1_Pre_T2,ADC,Post1,Pre,T2,SVM_Linear,0.676031746031746,0.1682432236760968,0.6955555555555555,0.7531716306633578,0.0659435197696107,0.706063039404494,0.6511344537815126,0.1229823662725075,0.6460176991150443,0.636984126984127,0.1676316358308231,0.6392063492063491,0.6912554112554112,0.1012188977841682,0.676923076923077,0.733015873015873,0.1423178533360481,0.6984126984126984,0.6981783961820259,0.0842953086184312,0.6875,0.540952380952381,0.2850126305034309,0.58,14.0,14.0,3.3466401061363023,10,12.0,18,corr_mrmr_auto_k_smote,nested_cv_outputs_all_quad_concat_batch_smote_compare/ADC_Post1_Pre_T2/fs_method_comparison/corr_mrmr_auto_k_smote,corr_mrmr_auto_k,corr_mrmr,auto,True,46,4,1.5217391304347827
ADC_Post1_Pre_T2,ADC,Post1,Pre,T2,NaiveBayes,0.6751190476190476,0.1191783409279307,0.6377777777777778,0.7622382583971852,0.0987393310356781,0.7088703841111015,0.549453781512605,0.0636009248273851,0.5575221238938053,0.5407142857142857,0.1215083252977098,0.530952380952381,0.5986879786879787,0.1237148531833267,0.5783132530120482,0.7952380952380952,0.1815639900676673,0.7619047619047619,0.6549527202932948,0.029483649010865,0.6575342465753424,0.2861904761904762,0.2708029548635166,0.3,10.4,10.4,6.374950980203691,4,8.0,18,elasticnet_then_mrmr_auto_k_no_smote,nested_cv_outputs_all_quad_concat_batch_smote_compare/ADC_Post1_Pre_T2/fs_method_comparison/elasticnet_then_mrmr_auto_k_no_smote,elasticnet_then_mrmr_auto_k,elasticnet_then_mrmr,auto,False,33,4,1.5757575757575757
ADC_Post1_Pre_T2,ADC,Post1,Pre,T2,LightGBM,0.6748015873015873,0.1284069592768559,0.682063492063492,0.7173336321264967,0.1804833935890804,0.7202456745669366,0.6615966386554623,0.13204956560431,0.6637168141592921,0.6648809523809524,0.116996483377497,0.6653968253968254,0.7151515151515151,0.1846905658759866,0.7192982456140351,0.6390476190476191,0.1618350301125481,0.6507936507936508,0.6626959247648903,0.1500169505266259,0.6833333333333333,0.6907142857142856,0.1659856836161868,0.68,9.2,9.2,4.995998398718719,4,8.0,16,mrmr_then_elasticnet_no_corr_auto_k_no_smote,nested_cv_outputs_all_quad_concat_batch_smote_compare/ADC_Post1_Pre_T2/fs_method_comparison/mrmr_then_elasticnet_no_corr_auto_k_no_smote,mrmr_then_elasticnet_no_corr_auto_k,mrmr_then_elasticnet_no_corr,auto,False,35,3,1.3142857142857145
ADC_Post1_Pre_T2,ADC,Post1,Pre,T2,LogisticRegression,0.672420634920635,0.1922382125392666,0.6784126984126984,0.7584873400214341,0.0744439735701592,0.7107789237785187,0.6528011204481793,0.1048480000934799,0.6460176991150443,0.6357936507936508,0.1516712972638733,0.6371428571428572,0.6879220779220779,0.1010130421134385,0.6716417910447762,0.7473015873015874,0.1359953462070385,0.7142857142857143,0.7020827931898712,0.0760113811627726,0.6923076923076923,0.5242857142857142,0.28448306143758,0.56,14.0,14.0,3.3466401061363023,10,12.0,18,corr_mrmr_auto_k_smote,nested_cv_outputs_all_quad_concat_batch_smote_compare/ADC_Post1_Pre_T2/fs_method_comparison/corr_mrmr_auto_k_smote,corr_mrmr_auto_k,corr_mrmr,auto,True,46,4,1.5217391304347827
ADC_Post1_Pre_T2,ADC,Post1,Pre,T2,GradientBoosting,0.6715079365079365,0.0657409989029668,0.6728571428571429,0.7201323628231147,0.1359344305537125,0.7128119420146173,0.624453781512605,0.0761162077265716,0.6283185840707964,0.6156349206349205,0.0771874258868733,0.6295238095238096,0.6622710622710622,0.1443879246656891,0.6842105263157895,0.6093650793650793,0.1417758016339507,0.6190476190476191,0.629797827903091,0.1287572576058498,0.65,0.621904761904762,0.1130328148528563,0.64,9.2,9.2,4.995998398718719,4,8.0,16,mrmr_then_elasticnet_no_corr_auto_k_smote,nested_cv_outputs_all_quad_concat_batch_smote_compare/ADC_Post1_Pre_T2/fs_method_comparison/mrmr_then_elasticnet_no_corr_auto_k_smote,mrmr_then_elasticnet_no_corr_auto_k,mrmr_then_elasticnet_no_corr,auto,True,35,3,1.3142857142857145
ADC_Post1_Pre_T2,ADC,Post1,Pre,T2,RandomForest,0.6701190476190477,0.0716110543777669,0.6647619047619048,0.7185506425165675,0.142145677716752,0.699166072651481,0.6261204481792717,0.0732268016072844,0.6283185840707964,0.6286111111111111,0.0755698099132185,0.6315873015873016,0.681163542340013,0.1603800784296769,0.6909090909090909,0.5926984126984127,0.1804800295552922,0.6031746031746031,0.6183543149060391,0.1330663862770722,0.6440677966101694,0.6645238095238095,0.1555153819196205,0.66,9.2,9.2,4.995998398718719,4,8.0,16,mrmr_then_elasticnet_no_corr_auto_k_no_smote,nested_cv_outputs_all_quad_concat_batch_smote_compare/ADC_Post1_Pre_T2/fs_method_comparison/mrmr_then_elasticnet_no_corr_auto_k_no_smote,mrmr_then_elasticnet_no_corr_auto_k,mrmr_then_elasticnet_no_corr,auto,False,35,3,1.3142857142857145
ADC_Post1_Pre_T2,ADC,Post1,Pre,T2,LightGBM,0.6687301587301588,0.1176171732601333,0.6230158730158729,0.7323764890820045,0.1517255955151937,0.7018058223301817,0.603501400560224,0.0923928253790073,0.6017699115044248,0.6124603174603175,0.1047359275152116,0.5995238095238096,0.6545104895104895,0.1817097713375917,0.65,0.6339682539682541,0.1775043248384578,0.6190476190476191,0.6244155844155843,0.1358081450121621,0.6341463414634146,0.590952380952381,0.2132376486096686,0.58,10.4,10.4,6.374950980203691,4,8.0,18,elasticnet_then_mrmr_auto_k_smote,nested_cv_outputs_all_quad_concat_batch_smote_compare/ADC_Post1_Pre_T2/fs_method_comparison/elasticnet_then_mrmr_auto_k_smote,elasticnet_then_mrmr_auto_k,elasticnet_then_mrmr,auto,True,33,4,1.5757575757575757
ADC_Post1_Pre_T2,ADC,Post1,Pre,T2,GradientBoosting,0.6652777777777779,0.0742593817797652,0.6711111111111111,0.705593426321293,0.1455983687438889,0.6945533068410601,0.626218487394958,0.0339420677454989,0.6283185840707964,0.6271825396825397,0.0480886238838205,0.6233333333333333,0.6755128205128205,0.1421484440457991,0.6666666666666666,0.6850793650793652,0.1207626725394116,0.6666666666666666,0.662000962000962,0.0676830405621923,0.6666666666666666,0.5692857142857143,0.1770449037933136,0.58,9.2,9.2,4.995998398718719,4,8.0,16,mrmr_then_elasticnet_no_corr_auto_k_no_smote,nested_cv_outputs_all_quad_concat_batch_smote_compare/ADC_Post1_Pre_T2/fs_method_comparison/mrmr_then_elasticnet_no_corr_auto_k_no_smote,mrmr_then_elasticnet_no_corr_auto_k,mrmr_then_elasticnet_no_corr,auto,False,35,3,1.3142857142857145
ADC_Post1_Pre_T2,ADC,Post1,Pre,T2,SVM_Linear,0.6649603174603175,0.1441000604179139,0.6441269841269841,0.7198854512824364,0.0631393314403961,0.6690158372724371,0.6268907563025211,0.0754866881002595,0.6283185840707964,0.6058333333333333,0.1257814825620415,0.6068253968253968,0.6429411764705882,0.0884966716868718,0.6329113924050633,0.8095238095238095,0.1044487865165847,0.7936507936507936,0.7054636591478697,0.0330790610887127,0.704225352112676,0.4021428571428571,0.2339501080598692,0.42,14.0,14.0,3.3466401061363023,10,12.0,18,corr_mrmr_auto_k_no_smote,nested_cv_outputs_all_quad_concat_batch_smote_compare/ADC_Post1_Pre_T2/fs_method_comparison/corr_mrmr_auto_k_no_smote,corr_mrmr_auto_k,corr_mrmr,auto,False,46,4,1.5217391304347827
ADC_Post1_Pre_T2,ADC,Post1,Pre,T2,GradientBoosting,0.6648015873015873,0.1549348646860624,0.6292063492063491,0.7631813952718683,0.1696524864405459,0.7145603985860705,0.6046498599439776,0.1173066687699109,0.6017699115044248,0.6008730158730159,0.1309928749319702,0.5995238095238096,0.6349750902692078,0.2274975449810467,0.65,0.6217460317460317,0.2500317944005047,0.6190476190476191,0.610548977808506,0.2039306548870529,0.6341463414634146,0.58,0.16,0.58,10.4,10.4,6.374950980203691,4,8.0,18,elasticnet_then_mrmr_auto_k_no_smote,nested_cv_outputs_all_quad_concat_batch_smote_compare/ADC_Post1_Pre_T2/fs_method_comparison/elasticnet_then_mrmr_auto_k_no_smote,elasticnet_then_mrmr_auto_k,elasticnet_then_mrmr,auto,False,33,4,1.5757575757575757
ADC_Post1_Pre_T2,ADC,Post1,Pre,T2,SVM_RBF,0.6642857142857144,0.1885037172671467,0.6411111111111111,0.723250795005998,0.1619960917495454,0.6340492608252761,0.6276050420168067,0.1410712392923137,0.6106194690265486,0.6231349206349206,0.1041501196230014,0.6053968253968254,0.5233823529411764,0.2695505999836711,0.6507936507936508,0.7188888888888889,0.366390468364888,0.6507936507936508,0.6025504938817632,0.3058080688812301,0.6507936507936508,0.5273809523809524,0.3237044647496636,0.56,14.0,14.0,3.3466401061363023,10,12.0,18,corr_mrmr_auto_k_smote,nested_cv_outputs_all_quad_concat_batch_smote_compare/ADC_Post1_Pre_T2/fs_method_comparison/corr_mrmr_auto_k_smote,corr_mrmr_auto_k,corr_mrmr,auto,True,46,4,1.5217391304347827
ADC_Post1_Pre_T2,ADC,Post1,Pre,T2,XGBoost,0.6603571428571429,0.1222096210778881,0.6631746031746032,0.7317261937191694,0.1145782245307834,0.7196984688894508,0.6710364145658263,0.0516470250970437,0.6637168141592921,0.6599603174603174,0.0829720437274653,0.653015873015873,0.6947118241235889,0.0855345900782291,0.6811594202898551,0.7825396825396825,0.1774373157140586,0.746031746031746,0.7151671169023783,0.0662718627881414,0.7121212121212122,0.5373809523809523,0.220285837811095,0.56,14.0,14.0,3.3466401061363023,10,12.0,18,corr_mrmr_auto_k_smote,nested_cv_outputs_all_quad_concat_batch_smote_compare/ADC_Post1_Pre_T2/fs_method_comparison/corr_mrmr_auto_k_smote,corr_mrmr_auto_k,corr_mrmr,auto,True,46,4,1.5217391304347827
ADC_Post1_Pre_T2,ADC,Post1,Pre,T2,ExtraTrees,0.6603571428571429,0.0593354692304118,0.6387301587301587,0.7364185509764226,0.1169439492100153,0.7101004157727175,0.6019327731092438,0.0336400921457526,0.6017699115044248,0.6174999999999999,0.0376261630133753,0.5974603174603175,0.675,0.1301708279317775,0.6451612903225806,0.6752380952380952,0.1697940892782851,0.6349206349206349,0.6413919413919414,0.0537900582440457,0.64,0.5597619047619047,0.2029549283655014,0.56,9.2,9.2,4.995998398718719,4,8.0,16,mrmr_then_elasticnet_no_corr_auto_k_smote,nested_cv_outputs_all_quad_concat_batch_smote_compare/ADC_Post1_Pre_T2/fs_method_comparison/mrmr_then_elasticnet_no_corr_auto_k_smote,mrmr_then_elasticnet_no_corr_auto_k,mrmr_then_elasticnet_no_corr,auto,True,35,3,1.3142857142857145
ADC_Post1_Pre_T2,ADC,Post1,Pre,T2,GradientBoosting,0.6595238095238095,0.1516950917354907,0.6477777777777778,0.7517253207222055,0.1334336404940432,0.7138505949897114,0.6007002801120448,0.1202708615987552,0.6017699115044248,0.5863095238095238,0.16355995277166,0.5974603174603175,0.6697619047619048,0.2048001071782599,0.6451612903225806,0.6428571428571429,0.1018844859421029,0.6349206349206349,0.6402255639097744,0.1150621625934019,0.64,0.5297619047619048,0.3344793225799767,0.56,14.0,14.0,3.3466401061363023,10,12.0,18,corr_mrmr_auto_k_smote,nested_cv_outputs_all_quad_concat_batch_smote_compare/ADC_Post1_Pre_T2/fs_method_comparison/corr_mrmr_auto_k_smote,corr_mrmr_auto_k,corr_mrmr,auto,True,46,4,1.5217391304347827
ADC_Post1_Pre_T2,ADC,Post1,Pre,T2,XGBoost,0.6546031746031745,0.0886386073959221,0.6663492063492064,0.72693665810548,0.1399102586062698,0.7205064957760624,0.5772128851540617,0.1065566578697815,0.584070796460177,0.5655952380952382,0.1214041629166586,0.5815873015873017,0.6422008547008546,0.1794987531881056,0.6333333333333333,0.6071428571428571,0.1363140002961719,0.6031746031746031,0.6074048648190524,0.1206520920810205,0.6178861788617886,0.5240476190476191,0.2651213729664738,0.56,9.2,9.2,4.995998398718719,4,8.0,16,mrmr_then_elasticnet_no_corr_auto_k_no_smote,nested_cv_outputs_all_quad_concat_batch_smote_compare/ADC_Post1_Pre_T2/fs_method_comparison/mrmr_then_elasticnet_no_corr_auto_k_no_smote,mrmr_then_elasticnet_no_corr_auto_k,mrmr_then_elasticnet_no_corr,auto,False,35,3,1.3142857142857145
ADC_Post1_Pre_T2,ADC,Post1,Pre,T2,ExtraTrees,0.6532142857142857,0.0626982117738392,0.6412698412698412,0.7182616301323443,0.1196966891240503,0.7176554448736134,0.5818347338935574,0.0489823708106964,0.584070796460177,0.5963888888888889,0.0527208190079186,0.5815873015873017,0.6615418894830659,0.1437741528193269,0.6333333333333333,0.633015873015873,0.1340472196372107,0.6031746031746031,0.618005698005698,0.0551107623486993,0.6178861788617886,0.5597619047619047,0.2029549283655014,0.56,9.2,9.2,4.995998398718719,4,8.0,16,mrmr_then_elasticnet_no_corr_auto_k_no_smote,nested_cv_outputs_all_quad_concat_batch_smote_compare/ADC_Post1_Pre_T2/fs_method_comparison/mrmr_then_elasticnet_no_corr_auto_k_no_smote,mrmr_then_elasticnet_no_corr_auto_k,mrmr_then_elasticnet_no_corr,auto,False,35,3,1.3142857142857145
ADC_Post1_Pre_T2,ADC,Post1,Pre,T2,ExtraTrees,0.6532142857142856,0.1489329858209996,0.6460317460317461,0.7323821707795429,0.1258387868320476,0.6945263103359929,0.6255602240896359,0.0891596022637557,0.6194690265486725,0.6166269841269841,0.1390888809547356,0.6195238095238096,0.7087912087912087,0.129805875328873,0.6724137931034483,0.6473015873015873,0.1380802765111689,0.6190476190476191,0.6523589743589743,0.0679243110495659,0.6446280991735537,0.5859523809523809,0.3242629878058409,0.62,14.0,14.0,3.3466401061363023,10,12.0,18,corr_mrmr_auto_k_no_smote,nested_cv_outputs_all_quad_concat_batch_smote_compare/ADC_Post1_Pre_T2/fs_method_comparison/corr_mrmr_auto_k_no_smote,corr_mrmr_auto_k,corr_mrmr,auto,False,46,4,1.5217391304347827
ADC_Post1_Pre_T2,ADC,Post1,Pre,T2,XGBoost,0.6476587301587301,0.1892348106323243,0.626031746031746,0.7595530331320852,0.1805827426234972,0.6970529559113501,0.6117927170868348,0.1204605931326821,0.6106194690265486,0.6092857142857142,0.1301973423176757,0.6053968253968254,0.6468942821883998,0.21157748451352,0.6507936507936508,0.6528571428571428,0.2111633781819432,0.6507936507936508,0.6349461777047983,0.1764516153253842,0.6507936507936508,0.5657142857142857,0.169416766632841,0.56,10.4,10.4,6.374950980203691,4,8.0,18,elasticnet_then_mrmr_auto_k_no_smote,nested_cv_outputs_all_quad_concat_batch_smote_compare/ADC_Post1_Pre_T2/fs_method_comparison/elasticnet_then_mrmr_auto_k_no_smote,elasticnet_then_mrmr_auto_k,elasticnet_then_mrmr,auto,False,33,4,1.5757575757575757
ADC_Post1_Pre_T2,ADC,Post1,Pre,T2,GradientBoosting,0.647579365079365,0.1642972352374705,0.6238095238095238,0.7373448363413591,0.1718244627840974,0.6954512702138396,0.6034173669467787,0.0868677921170078,0.5929203539823009,0.5838492063492063,0.1178060655713955,0.5874603174603175,0.6458064811005988,0.1085678900233272,0.6349206349206349,0.666031746031746,0.1703866041100833,0.6349206349206349,0.6379870136616279,0.1087916042819615,0.6349206349206349,0.5016666666666667,0.2692788723816094,0.54,14.0,14.0,3.3466401061363023,10,12.0,18,corr_mrmr_auto_k_no_smote,nested_cv_outputs_all_quad_concat_batch_smote_compare/ADC_Post1_Pre_T2/fs_method_comparison/corr_mrmr_auto_k_no_smote,corr_mrmr_auto_k,corr_mrmr,auto,False,46,4,1.5217391304347827
ADC_Post1_Pre_T2,ADC,Post1,Pre,T2,LightGBM,0.6435714285714286,0.1163228927129591,0.6320634920634921,0.7220856421631889,0.1492073970024743,0.7030755085574882,0.6046498599439776,0.0943384514754322,0.6017699115044248,0.5980952380952382,0.1020186773665492,0.5974603174603175,0.6327855477855479,0.1842044250448272,0.6451612903225806,0.6361904761904762,0.1921130724408693,0.6349206349206349,0.6243386243386244,0.1639217995661403,0.64,0.5599999999999999,0.12,0.56,10.4,10.4,6.374950980203691,4,8.0,18,elasticnet_then_mrmr_auto_k_no_smote,nested_cv_outputs_all_quad_concat_batch_smote_compare/ADC_Post1_Pre_T2/fs_method_comparison/elasticnet_then_mrmr_auto_k_no_smote,elasticnet_then_mrmr_auto_k,elasticnet_then_mrmr,auto,False,33,4,1.5757575757575757
ADC_Post1_Pre_T2,ADC,Post1,Pre,T2,KNN,0.6398412698412698,0.1478924333145399,0.6260317460317459,0.7141774123916629,0.1300900796283514,0.6775484349400095,0.5867507002801121,0.0929093523875029,0.5752212389380531,0.575952380952381,0.1246783718095377,0.5633333333333334,0.6405228758169934,0.1242689760904022,0.6086956521739131,0.7038095238095238,0.173910893104017,0.6666666666666666,0.6440518859873698,0.0929769050266008,0.6363636363636364,0.4480952380952381,0.2957077677373842,0.46,14.0,14.0,3.3466401061363023,10,12.0,18,corr_mrmr_auto_k_no_smote,nested_cv_outputs_all_quad_concat_batch_smote_compare/ADC_Post1_Pre_T2/fs_method_comparison/corr_mrmr_auto_k_no_smote,corr_mrmr_auto_k,corr_mrmr,auto,False,46,4,1.5217391304347827
ADC_Post1_Pre_T2,ADC,Post1,Pre,T2,ExtraTrees,0.6387301587301586,0.1623953041804284,0.626031746031746,0.7281738606857838,0.0969058570282837,0.6836288195741689,0.6021288515406161,0.1103572635030889,0.6017699115044248,0.5965873015873016,0.1583613970435035,0.5974603174603175,0.6653571428571429,0.0950805244119371,0.6451612903225806,0.6665079365079365,0.1548171655511983,0.6349206349206349,0.6466709760827408,0.0616348047800084,0.64,0.5266666666666667,0.2849171419514413,0.56,14.0,14.0,3.3466401061363023,10,12.0,18,corr_mrmr_auto_k_smote,nested_cv_outputs_all_quad_concat_batch_smote_compare/ADC_Post1_Pre_T2/fs_method_comparison/corr_mrmr_auto_k_smote,corr_mrmr_auto_k,corr_mrmr,auto,True,46,4,1.5217391304347827
ADC_Post1_Pre_T2,ADC,Post1,Pre,T2,KNN,0.6347619047619047,0.135948547004382,0.6166666666666667,0.7010268417131164,0.1140648497561083,0.6778433159166378,0.5661764705882353,0.0763825536501272,0.5575221238938053,0.540079365079365,0.1137980114165812,0.563968253968254,0.6207142857142858,0.1098793401315966,0.6274509803921569,0.513968253968254,0.1581557861998441,0.5079365079365079,0.5541889483065954,0.12583761259483,0.5614035087719298,0.5661904761904761,0.2843554991320219,0.62,14.0,14.0,3.3466401061363023,10,12.0,18,corr_mrmr_auto_k_smote,nested_cv_outputs_all_quad_concat_batch_smote_compare/ADC_Post1_Pre_T2/fs_method_comparison/corr_mrmr_auto_k_smote,corr_mrmr_auto_k,corr_mrmr,auto,True,46,4,1.5217391304347827
ADC_Post1_Pre_T2,ADC,Post1,Pre,T2,LightGBM,0.6303174603174603,0.1932517029951002,0.633968253968254,0.7180908284983899,0.1657323920426517,0.6661329975481033,0.6193697478991597,0.0998168335606054,0.6106194690265486,0.6021825396825397,0.1309794344349446,0.6074603174603175,0.689044289044289,0.1958741133910712,0.6557377049180327,0.6603174603174603,0.1951412845536889,0.6349206349206349,0.6422898550724637,0.131832523774377,0.6451612903225806,0.544047619047619,0.3282693573501137,0.58,14.0,14.0,3.3466401061363023,10,12.0,18,corr_mrmr_auto_k_no_smote,nested_cv_outputs_all_quad_concat_batch_smote_compare/ADC_Post1_Pre_T2/fs_method_comparison/corr_mrmr_auto_k_no_smote,corr_mrmr_auto_k,corr_mrmr,auto,False,46,4,1.5217391304347827
ADC_Post1_Pre_T2,ADC,Post1,Pre,T2,LightGBM,0.6249206349206349,0.1489036527692054,0.6203174603174603,0.7288407823133273,0.105164350299414,0.6597916876730976,0.617703081232493,0.0922567039392231,0.6106194690265486,0.6021825396825397,0.1348184720584062,0.6095238095238096,0.6915329768270945,0.1868566329038489,0.6610169491525424,0.646031746031746,0.182408510496183,0.6190476190476191,0.638177908113392,0.1199523590552491,0.639344262295082,0.5583333333333333,0.3244653722321964,0.6,14.0,14.0,3.3466401061363023,10,12.0,18,corr_mrmr_auto_k_smote,nested_cv_outputs_all_quad_concat_batch_smote_compare/ADC_Post1_Pre_T2/fs_method_comparison/corr_mrmr_auto_k_smote,corr_mrmr_auto_k,corr_mrmr,auto,True,46,4,1.5217391304347827
ADC_Post1_Pre_T2,ADC,Post1,Pre,T2,NaiveBayes,0.6247222222222223,0.1502066477791081,0.5726984126984126,0.7360697805125499,0.0549877167281929,0.6500552503309558,0.5857983193277312,0.1382531752913908,0.584070796460177,0.5751190476190475,0.1394354099936264,0.5568253968253968,0.6354145854145854,0.1562111767275282,0.5952380952380952,0.7942857142857143,0.1555445412362325,0.7936507936507936,0.6800897259488592,0.0883183427656482,0.6802721088435374,0.3559523809523809,0.2975809499425449,0.32,14.0,14.0,3.3466401061363023,10,12.0,18,corr_mrmr_auto_k_no_smote,nested_cv_outputs_all_quad_concat_batch_smote_compare/ADC_Post1_Pre_T2/fs_method_comparison/corr_mrmr_auto_k_no_smote,corr_mrmr_auto_k,corr_mrmr,auto,False,46,4,1.5217391304347827
ADC_Post1_Pre_T2,ADC,Post1,Pre,T2,XGBoost,0.6229761904761905,0.1204661779305514,0.6406349206349207,0.7013946683494022,0.159441873997617,0.7054589204965329,0.603641456582633,0.1207781211547149,0.6106194690265486,0.5978571428571428,0.1278259792748571,0.6177777777777778,0.6599999999999999,0.2313246876386329,0.6862745098039216,0.5314285714285714,0.1837308272468896,0.5555555555555556,0.5799356403178331,0.1795456309998548,0.6140350877192983,0.6642857142857143,0.1911298308608521,0.68,9.2,9.2,4.995998398718719,4,8.0,16,mrmr_then_elasticnet_no_corr_auto_k_smote,nested_cv_outputs_all_quad_concat_batch_smote_compare/ADC_Post1_Pre_T2/fs_method_comparison/mrmr_then_elasticnet_no_corr_auto_k_smote,mrmr_then_elasticnet_no_corr_auto_k,mrmr_then_elasticnet_no_corr,auto,True,35,3,1.3142857142857145
ADC_Post1_Pre_T2,ADC,Post1,Pre,T2,SVM_RBF,0.608452380952381,0.1880872679310663,0.6371428571428571,0.6881534377607113,0.1697099306764851,0.6364481257940799,0.6317366946778712,0.0994706860074517,0.6371681415929203,0.6039682539682539,0.1071986920946225,0.6250793650793651,0.5261111111111111,0.2683244189915642,0.6571428571428571,0.7055555555555555,0.3807075933113736,0.7301587301587301,0.5941176470588235,0.3031692401360626,0.6917293233082706,0.5023809523809524,0.3200056688840275,0.52,14.0,14.0,3.3466401061363023,10,12.0,18,corr_mrmr_auto_k_no_smote,nested_cv_outputs_all_quad_concat_batch_smote_compare/ADC_Post1_Pre_T2/fs_method_comparison/corr_mrmr_auto_k_no_smote,corr_mrmr_auto_k,corr_mrmr,auto,False,46,4,1.5217391304347827
ADC_Post1_Pre_T2,ADC,Post1,Pre,T2,NaiveBayes,0.6035714285714284,0.1427852552812242,0.5676190476190477,0.7150628614278997,0.0647341384612123,0.6348930891882758,0.5895098039215687,0.1175275536828006,0.5929203539823009,0.5785714285714285,0.1277730946593251,0.5688888888888889,0.6257335646809332,0.1293297106662158,0.6049382716049383,0.7776190476190477,0.1358236818907449,0.7777777777777778,0.6751904846022494,0.0798542921506535,0.6805555555555556,0.3795238095238095,0.2464882605420266,0.36,14.0,14.0,3.3466401061363023,10,12.0,18,corr_mrmr_auto_k_smote,nested_cv_outputs_all_quad_concat_batch_smote_compare/ADC_Post1_Pre_T2/fs_method_comparison/corr_mrmr_auto_k_smote,corr_mrmr_auto_k,corr_mrmr,auto,True,46,4,1.5217391304347827
ADC_Post2_Pre_T2,ADC,Post2,Pre,T2,SVM_RBF,0.8052392344497609,0.0774529083729101,0.7370312499999999,0.8425928907512624,0.1154571475114857,0.7843902629131095,0.6771460423634336,0.099621854645887,0.6754385964912281,0.6885585175058859,0.1057575119158023,0.678125,0.7360805860805859,0.1232185649293737,0.7368421052631579,0.6753854332801701,0.1954596509504226,0.65625,0.683550390703266,0.1189767009782882,0.6942148760330579,0.7017316017316018,0.1651808737443739,0.7,12.8,12.8,5.6000000000000005,6,16.0,18,elasticnet_then_mrmr_auto_k_smote,nested_cv_outputs_all_quad_concat_batch_smote_compare/ADC_Post2_Pre_T2/fs_method_comparison/elasticnet_then_mrmr_auto_k_smote,elasticnet_then_mrmr_auto_k,elasticnet_then_mrmr,auto,True,38,4,1.6842105263157894
ADC_Post2_Pre_T2,ADC,Post2,Pre,T2,SVM_RBF,0.7985230868723692,0.0776298598781189,0.7228125,0.8355788688644022,0.1053816907526887,0.795871206733347,0.6833195789717529,0.1184101348475126,0.6842105263157895,0.7068234981392876,0.1053646572710475,0.6728125,0.7310101010101011,0.1759860351937215,0.7,0.8030409356725146,0.1566895307354592,0.765625,0.732899984290418,0.085940852574938,0.7313432835820896,0.6106060606060606,0.2760571133731088,0.58,12.8,12.8,5.6000000000000005,6,16.0,18,elasticnet_then_mrmr_auto_k_no_smote,nested_cv_outputs_all_quad_concat_batch_smote_compare/ADC_Post2_Pre_T2/fs_method_comparison/elasticnet_then_mrmr_auto_k_no_smote,elasticnet_then_mrmr_auto_k,elasticnet_then_mrmr,auto,False,38,4,1.6842105263157894
ADC_Post2_Pre_T2,ADC,Post2,Pre,T2,SVM_Linear,0.7900402751598924,0.0978273368439209,0.72453125,0.8308542784285564,0.1250264138137893,0.7698655167050834,0.6850511807033546,0.0748473444028697,0.6842105263157895,0.7001568314726209,0.0849842374012112,0.6815625000000001,0.7252380952380951,0.1571544007304098,0.7258064516129032,0.7230409356725146,0.2250292397660818,0.703125,0.6952485952323795,0.1261018849711927,0.7142857142857143,0.6772727272727272,0.1865298593516653,0.66,12.8,12.8,5.6000000000000005,6,16.0,18,elasticnet_then_mrmr_auto_k_no_smote,nested_cv_outputs_all_quad_concat_batch_smote_compare/ADC_Post2_Pre_T2/fs_method_comparison/elasticnet_then_mrmr_auto_k_no_smote,elasticnet_then_mrmr_auto_k,elasticnet_then_mrmr,auto,False,38,4,1.6842105263157894
ADC_Post2_Pre_T2,ADC,Post2,Pre,T2,SVM_Linear,0.7833067747421814,0.0908262764989456,0.7225,0.8054227631206086,0.1338197866231852,0.7523310413210418,0.6872779394518524,0.0974880622099904,0.6842105263157895,0.70565124933546,0.1018312073180119,0.6859375,0.7411721611721612,0.1507797673212136,0.7413793103448276,0.6991812865497076,0.2315191605735121,0.671875,0.6908102877514642,0.1339609813459616,0.7049180327868853,0.7121212121212122,0.1709504570614343,0.7,12.8,12.8,5.6000000000000005,6,16.0,18,elasticnet_then_mrmr_auto_k_smote,nested_cv_outputs_all_quad_concat_batch_smote_compare/ADC_Post2_Pre_T2/fs_method_comparison/elasticnet_then_mrmr_auto_k_smote,elasticnet_then_mrmr_auto_k,elasticnet_then_mrmr,auto,True,38,4,1.6842105263157894
ADC_Post2_Pre_T2,ADC,Post2,Pre,T2,LogisticRegression,0.7718082856360369,0.0898980270008984,0.7128125,0.797688343553127,0.1361244930365624,0.7345988639130334,0.6512719164893077,0.0899253735198717,0.6491228070175439,0.6748936735778841,0.1003279711092012,0.6503125000000001,0.7136996336996336,0.1570306386543845,0.7068965517241379,0.672514619883041,0.23371804308179,0.640625,0.6596217082150586,0.1203230552556411,0.6721311475409836,0.6772727272727272,0.1865298593516653,0.66,12.8,12.8,5.6000000000000005,6,16.0,18,elasticnet_then_mrmr_auto_k_smote,nested_cv_outputs_all_quad_concat_batch_smote_compare/ADC_Post2_Pre_T2/fs_method_comparison/elasticnet_then_mrmr_auto_k_smote,elasticnet_then_mrmr_auto_k,elasticnet_then_mrmr,auto,True,38,4,1.6842105263157894
ADC_Post2_Pre_T2,ADC,Post2,Pre,T2,NaiveBayes,0.7684372087242901,0.1474368393945192,0.6526562499999999,0.7650908650942055,0.2121372130229215,0.6662149033542,0.6095267051788791,0.1180356484967073,0.6140350877192983,0.6119710260499734,0.1297838385716012,0.581875,0.6396217817270449,0.1987401634282657,0.6136363636363636,0.8640935672514619,0.1383668737251383,0.84375,0.7039761342083972,0.0892922785716426,0.7105263157894737,0.3598484848484848,0.3559155087982569,0.32,12.8,12.8,5.6000000000000005,6,16.0,18,elasticnet_then_mrmr_auto_k_smote,nested_cv_outputs_all_quad_concat_batch_smote_compare/ADC_Post2_Pre_T2/fs_method_comparison/elasticnet_then_mrmr_auto_k_smote,elasticnet_then_mrmr_auto_k,elasticnet_then_mrmr,auto,True,38,4,1.6842105263157894
ADC_Post2_Pre_T2,ADC,Post2,Pre,T2,ExtraTrees,0.7669075926731429,0.1304246562291298,0.715625,0.8459882502818967,0.1158934061016557,0.7851444514580088,0.71340977862717,0.1096798281580431,0.7105263157894737,0.7188216754006227,0.1188990257165473,0.7159375,0.7685314685314686,0.0958878145057898,0.7818181818181819,0.6859117490696438,0.1913567699256922,0.671875,0.7124844720496895,0.1294127960130774,0.7226890756302521,0.7517316017316018,0.1308111649584799,0.76,12.8,12.8,5.6000000000000005,6,16.0,18,elasticnet_then_mrmr_auto_k_no_smote,nested_cv_outputs_all_quad_concat_batch_smote_compare/ADC_Post2_Pre_T2/fs_method_comparison/elasticnet_then_mrmr_auto_k_no_smote,elasticnet_then_mrmr_auto_k,elasticnet_then_mrmr,auto,False,38,4,1.6842105263157894
ADC_Post2_Pre_T2,ADC,Post2,Pre,T2,LogisticRegression,0.7639413961902,0.0860632564940052,0.7053125,0.7930262170372855,0.1359392616198595,0.7396306756849418,0.6607957260131173,0.0935019675235942,0.6578947368421053,0.6832270069112175,0.1032924283080606,0.6603125000000001,0.7224908424908424,0.1498876034150338,0.7192982456140351,0.672514619883041,0.23371804308179,0.640625,0.6659458188869954,0.1228549406189536,0.6776859504132231,0.693939393939394,0.1731918261113158,0.68,12.8,12.8,5.6000000000000005,6,16.0,18,elasticnet_then_mrmr_auto_k_no_smote,nested_cv_outputs_all_quad_concat_batch_smote_compare/ADC_Post2_Pre_T2/fs_method_comparison/elasticnet_then_mrmr_auto_k_no_smote,elasticnet_then_mrmr_auto_k,elasticnet_then_mrmr,auto,False,38,4,1.6842105263157894
ADC_Post2_Pre_T2,ADC,Post2,Pre,T2,NaiveBayes,0.7593546308378845,0.1471958081663101,0.64140625,0.7601285490712835,0.2088962740888431,0.6536023331353399,0.6172190128711867,0.1266268941853891,0.6228070175438597,0.6172341839447102,0.1382031310137272,0.5896875,0.6396217817270449,0.1987401634282657,0.6179775280898876,0.8746198830409357,0.1212169972064587,0.859375,0.7116374245309778,0.0963525011693579,0.7189542483660131,0.3598484848484848,0.3559155087982569,0.32,12.8,12.8,5.6000000000000005,6,16.0,18,elasticnet_then_mrmr_auto_k_no_smote,nested_cv_outputs_all_quad_concat_batch_smote_compare/ADC_Post2_Pre_T2/fs_method_comparison/elasticnet_then_mrmr_auto_k_no_smote,elasticnet_then_mrmr_auto_k,elasticnet_then_mrmr,auto,False,38,4,1.6842105263157894
ADC_Post2_Pre_T2,ADC,Post2,Pre,T2,ExtraTrees,0.7531406339540311,0.1115840916083011,0.7250000000000001,0.8119936142871769,0.1124661574353474,0.7971139077653434,0.7158117245073767,0.1032948178324617,0.7105263157894737,0.7249620262778157,0.1026829560817799,0.7159375,0.7796536796536797,0.0786450348700846,0.7818181818181819,0.6981924508240297,0.1735851379221647,0.671875,0.7228244701178822,0.0998569545079541,0.7226890756302521,0.7517316017316018,0.1308111649584799,0.76,12.8,12.8,5.6000000000000005,6,16.0,18,elasticnet_then_mrmr_auto_k_smote,nested_cv_outputs_all_quad_concat_batch_smote_compare/ADC_Post2_Pre_T2/fs_method_comparison/elasticnet_then_mrmr_auto_k_smote,elasticnet_then_mrmr_auto_k,elasticnet_then_mrmr,auto,True,38,4,1.6842105263157894
ADC_Post2_Pre_T2,ADC,Post2,Pre,T2,GradientBoosting,0.7416233478554053,0.1167015990183997,0.67703125,0.8149536370801457,0.1107979869108971,0.7427339684958494,0.6708899795856318,0.0865656479692471,0.6666666666666666,0.6856079592921698,0.0832678029837254,0.6681250000000001,0.7247802197802198,0.1046053993757172,0.7241379310344828,0.6876661350345561,0.1849147626131677,0.65625,0.6853012887495646,0.0945543892729207,0.6885245901639344,0.6835497835497836,0.1266457596674513,0.68,12.8,12.8,5.6000000000000005,6,16.0,18,elasticnet_then_mrmr_auto_k_smote,nested_cv_outputs_all_quad_concat_batch_smote_compare/ADC_Post2_Pre_T2/fs_method_comparison/elasticnet_then_mrmr_auto_k_smote,elasticnet_then_mrmr_auto_k,elasticnet_then_mrmr,auto,True,38,4,1.6842105263157894
ADC_Post2_Pre_T2,ADC,Post2,Pre,T2,RandomForest,0.7395110710660949,0.0759386759512486,0.739375,0.7856717415915725,0.1067354435799214,0.7675470747934058,0.7034907121863643,0.0596435485680875,0.7017543859649122,0.7106398572188045,0.073452851362298,0.6993750000000001,0.7369963369963369,0.0954463769257515,0.7419354838709677,0.7392450824029771,0.1322797714697027,0.71875,0.7266277763373953,0.0592882165090419,0.7301587301587301,0.682034632034632,0.1189460408826924,0.68,12.8,12.8,5.6000000000000005,6,16.0,18,elasticnet_then_mrmr_auto_k_smote,nested_cv_outputs_all_quad_concat_batch_smote_compare/ADC_Post2_Pre_T2/fs_method_comparison/elasticnet_then_mrmr_auto_k_smote,elasticnet_then_mrmr_auto_k,elasticnet_then_mrmr,auto,True,38,4,1.6842105263157894
ADC_Post2_Pre_T2,ADC,Post2,Pre,T2,RandomForest,0.7330652963906552,0.0977529501014109,0.7028124999999998,0.7810833375809718,0.1115895639412601,0.7382427968191465,0.6840478362217493,0.0749039761979531,0.6842105263157895,0.6972307663097137,0.0805884502989818,0.6815625000000001,0.7177045177045176,0.1379685996638726,0.7258064516129032,0.7192450824029771,0.1570596741248238,0.703125,0.7039174022011551,0.1005885060911382,0.7142857142857143,0.6752164502164502,0.1175607660877179,0.66,12.8,12.8,5.6000000000000005,6,16.0,18,elasticnet_then_mrmr_auto_k_no_smote,nested_cv_outputs_all_quad_concat_batch_smote_compare/ADC_Post2_Pre_T2/fs_method_comparison/elasticnet_then_mrmr_auto_k_no_smote,elasticnet_then_mrmr_auto_k,elasticnet_then_mrmr,auto,False,38,4,1.6842105263157894
ADC_Post2_Pre_T2,ADC,Post2,Pre,T2,ExtraTrees,0.7323451420102138,0.1524258187787397,0.6140625000000001,0.8197147705337515,0.1266715744358628,0.7105168383786378,0.6068207155163676,0.1192484667613243,0.6052631578947368,0.6310951621477937,0.1270585047138217,0.606875,0.6822510822510823,0.2087489248859708,0.6666666666666666,0.6167357788410419,0.1756555821480843,0.59375,0.6224951016555214,0.1351554743362241,0.628099173553719,0.6454545454545454,0.2048202419117457,0.62,11.2,11.2,5.1536394906900505,4,14.0,16,mrmr_then_elasticnet_no_corr_auto_k_no_smote,nested_cv_outputs_all_quad_concat_batch_smote_compare/ADC_Post2_Pre_T2/fs_method_comparison/mrmr_then_elasticnet_no_corr_auto_k_no_smote,mrmr_then_elasticnet_no_corr_auto_k,mrmr_then_elasticnet_no_corr,auto,False,49,3,1.1428571428571428
ADC_Post2_Pre_T2,ADC,Post2,Pre,T2,GradientBoosting,0.7304971910952773,0.0933843481345435,0.6482812500000001,0.7784791242176547,0.1407837997636136,0.7349816387858045,0.588205996901649,0.0258198730866787,0.5877192982456141,0.6060625047467152,0.0456320426542471,0.578125,0.6458980785296575,0.1444833363357374,0.6268656716417911,0.6876661350345561,0.1849147626131677,0.65625,0.6339987900786448,0.0583177072721774,0.6412213740458015,0.5244588744588745,0.2282637638141008,0.5,12.8,12.8,5.6000000000000005,6,16.0,18,elasticnet_then_mrmr_auto_k_no_smote,nested_cv_outputs_all_quad_concat_batch_smote_compare/ADC_Post2_Pre_T2/fs_method_comparison/elasticnet_then_mrmr_auto_k_no_smote,elasticnet_then_mrmr_auto_k,elasticnet_then_mrmr,auto,False,38,4,1.6842105263157894
ADC_Post2_Pre_T2,ADC,Post2,Pre,T2,ExtraTrees,0.7203771250900437,0.1193292488647575,0.6290625000000001,0.8162931000552011,0.0984255468347427,0.7080245988037552,0.6440125092299006,0.0837083619054983,0.6403508771929824,0.6780396065922382,0.0782682349750689,0.6446875000000001,0.7276223776223776,0.1552242788738907,0.7090909090909091,0.6522913343965976,0.175416523026174,0.609375,0.657857440466136,0.0823586648196873,0.6554621848739496,0.7037878787878789,0.1571746059301924,0.68,15.6,15.6,1.9595917942265424,14,14.0,18,corr_mrmr_auto_k_no_smote,nested_cv_outputs_all_quad_concat_batch_smote_compare/ADC_Post2_Pre_T2/fs_method_comparison/corr_mrmr_auto_k_no_smote,corr_mrmr_auto_k,corr_mrmr,auto,False,58,4,1.3448275862068966
ADC_Post2_Pre_T2,ADC,Post2,Pre,T2,XGBoost,0.7198969070978641,0.1004951734803418,0.665,0.8077786274385502,0.0819470586739379,0.7662845143294559,0.6177054829228742,0.0695051475338571,0.6140350877192983,0.6288296498822815,0.0828209463865864,0.6059375,0.6638994991936168,0.121236603875299,0.6515151515151515,0.7104731525784157,0.1831787823115054,0.671875,0.6590480172001911,0.076998640265375,0.6615384615384615,0.5471861471861472,0.193870533152268,0.54,12.8,12.8,5.6000000000000005,6,16.0,18,elasticnet_then_mrmr_auto_k_no_smote,nested_cv_outputs_all_quad_concat_batch_smote_compare/ADC_Post2_Pre_T2/fs_method_comparison/elasticnet_then_mrmr_auto_k_no_smote,elasticnet_then_mrmr_auto_k,elasticnet_then_mrmr,auto,False,38,4,1.6842105263157894
ADC_Post2_Pre_T2,ADC,Post2,Pre,T2,KNN,0.7191611144481959,0.133508116491609,0.651875,0.7804154851843639,0.1149542392829765,0.7417099062955729,0.5861616644225339,0.0738215070605896,0.5877192982456141,0.6087174375332269,0.1084158726856376,0.5803125,0.6452991452991453,0.1844451573538815,0.6307692307692307,0.6697076023391813,0.2319632937899444,0.640625,0.6208297755883964,0.1073713488475622,0.6356589147286822,0.5477272727272727,0.2562756851782674,0.52,12.8,12.8,5.6000000000000005,6,16.0,18,elasticnet_then_mrmr_auto_k_no_smote,nested_cv_outputs_all_quad_concat_batch_smote_compare/ADC_Post2_Pre_T2/fs_method_comparison/elasticnet_then_mrmr_auto_k_no_smote,elasticnet_then_mrmr_auto_k,elasticnet_then_mrmr,auto,False,38,4,1.6842105263157894
ADC_Post2_Pre_T2,ADC,Post2,Pre,T2,SVM_RBF,0.7182630589329154,0.0895503799634896,0.6034375,0.792227762709323,0.1393661864842231,0.7019705216802657,0.5428513515470037,0.0419808716543884,0.543859649122807,0.5812107921318448,0.0606181839866205,0.536875,0.6433823529411764,0.2071129190699478,0.59375,0.632876129718235,0.1596451398538294,0.59375,0.5906879786879787,0.053310035253853,0.59375,0.5295454545454545,0.2740121249654824,0.48,15.6,15.6,1.9595917942265424,14,14.0,18,corr_mrmr_auto_k_no_smote,nested_cv_outputs_all_quad_concat_batch_smote_compare/ADC_Post2_Pre_T2/fs_method_comparison/corr_mrmr_auto_k_no_smote,corr_mrmr_auto_k,corr_mrmr,auto,False,58,4,1.3448275862068966
ADC_Post2_Pre_T2,ADC,Post2,Pre,T2,ExtraTrees,0.7180535590583437,0.1084132490903269,0.61375,0.8120023129646459,0.1105160699548456,0.692549639233973,0.6050268572007702,0.1004165299524229,0.6052631578947368,0.6365098351940458,0.1162802175448426,0.606875,0.6816017316017317,0.2155418167548076,0.6666666666666666,0.6139287612971824,0.1638254380557058,0.59375,0.6205567765567765,0.12253231679512,0.628099173553719,0.6590909090909091,0.2009504505167922,0.62,11.2,11.2,5.1536394906900505,4,14.0,16,mrmr_then_elasticnet_no_corr_auto_k_smote,nested_cv_outputs_all_quad_concat_batch_smote_compare/ADC_Post2_Pre_T2/fs_method_comparison/mrmr_then_elasticnet_no_corr_auto_k_smote,mrmr_then_elasticnet_no_corr_auto_k,mrmr_then_elasticnet_no_corr,auto,True,49,3,1.1428571428571428
ADC_Post2_Pre_T2,ADC,Post2,Pre,T2,LightGBM,0.7148996343015482,0.0789529821553315,0.6703125,0.7924003985238376,0.0930866554533335,0.6954111951556375,0.6177054829228742,0.0695051475338571,0.6140350877192983,0.6313296498822816,0.0756721350436839,0.6125,0.673015873015873,0.1160359802063305,0.6666666666666666,0.6571398192450824,0.2186942114453706,0.625,0.6347132833066336,0.1037029481340268,0.6451612903225806,0.6055194805194806,0.1743962913970004,0.6,12.8,12.8,5.6000000000000005,6,16.0,18,elasticnet_then_mrmr_auto_k_no_smote,nested_cv_outputs_all_quad_concat_batch_smote_compare/ADC_Post2_Pre_T2/fs_method_comparison/elasticnet_then_mrmr_auto_k_no_smote,elasticnet_then_mrmr_auto_k,elasticnet_then_mrmr,auto,False,38,4,1.6842105263157894
ADC_Post2_Pre_T2,ADC,Post2,Pre,T2,LightGBM,0.7147324578664291,0.0966177158713896,0.663125,0.8122008634583022,0.077909950610322,0.7550625513506469,0.6523129044868174,0.0461502223551478,0.6491228070175439,0.6633352320194426,0.0447172837579281,0.6503125000000001,0.7116483516483516,0.1019498613806437,0.7068965517241379,0.6628176501860712,0.1923867284831365,0.640625,0.6602591431556949,0.0901646993529912,0.6721311475409836,0.6638528138528139,0.1506213587966685,0.66,12.8,12.8,5.6000000000000005,6,16.0,18,elasticnet_then_mrmr_auto_k_smote,nested_cv_outputs_all_quad_concat_batch_smote_compare/ADC_Post2_Pre_T2/fs_method_comparison/elasticnet_then_mrmr_auto_k_smote,elasticnet_then_mrmr_auto_k,elasticnet_then_mrmr,auto,True,38,4,1.6842105263157894
ADC_Post2_Pre_T2,ADC,Post2,Pre,T2,LogisticRegression,0.7114249811857467,0.1308899498958506,0.645625,0.7848245643617034,0.1542742477242479,0.7397952464407563,0.6181383833557745,0.0681027038469376,0.6140350877192983,0.6501501860712386,0.0580697838191427,0.6234375,0.7171717171717171,0.1518514785694233,0.7,0.5813609782030834,0.1510890287347322,0.546875,0.6151628234465762,0.0740983317219363,0.6140350877192983,0.7189393939393939,0.1414943856024852,0.7,15.6,15.6,1.9595917942265424,14,14.0,18,corr_mrmr_auto_k_no_smote,nested_cv_outputs_all_quad_concat_batch_smote_compare/ADC_Post2_Pre_T2/fs_method_comparison/corr_mrmr_auto_k_no_smote,corr_mrmr_auto_k,corr_mrmr,auto,False,58,4,1.3448275862068966
ADC_Post2_Pre_T2,ADC,Post2,Pre,T2,SVM_RBF,0.7095426928202048,0.0693767923370859,0.6318750000000001,0.7889609630289293,0.1236081435374968,0.7281543991840038,0.560857982597113,0.042659886955432,0.5614035087719298,0.5904891015417331,0.0727327878126888,0.565625,0.6539393939393939,0.1892074233105368,0.6296296296296297,0.5537054758107389,0.1404834101101661,0.53125,0.5698653198653199,0.0653710445479698,0.576271186440678,0.6272727272727272,0.2205261260443667,0.6,15.6,15.6,1.9595917942265424,14,14.0,18,corr_mrmr_auto_k_smote,nested_cv_outputs_all_quad_concat_batch_smote_compare/ADC_Post2_Pre_T2/fs_method_comparison/corr_mrmr_auto_k_smote,corr_mrmr_auto_k,corr_mrmr,auto,True,58,4,1.3448275862068966
ADC_Post2_Pre_T2,ADC,Post2,Pre,T2,KNN,0.7094749442476715,0.127860782163805,0.68203125,0.7552698586746809,0.1301405917007173,0.7484044522444526,0.6329149111757808,0.091263446680285,0.631578947368421,0.6483639021796916,0.1165797094422626,0.6368750000000001,0.7030969030969031,0.1534608613875486,0.7037037037037037,0.6111217437533226,0.1602894790443134,0.59375,0.6363343958272965,0.1014897430431042,0.6440677966101694,0.6856060606060606,0.2011217394672135,0.68,12.8,12.8,5.6000000000000005,6,16.0,18,elasticnet_then_mrmr_auto_k_smote,nested_cv_outputs_all_quad_concat_batch_smote_compare/ADC_Post2_Pre_T2/fs_method_comparison/elasticnet_then_mrmr_auto_k_smote,elasticnet_then_mrmr_auto_k,elasticnet_then_mrmr,auto,True,38,4,1.6842105263157894
ADC_Post2_Pre_T2,ADC,Post2,Pre,T2,XGBoost,0.708511844349165,0.0940101409442466,0.6834374999999999,0.8019333995126361,0.076731584192706,0.7741969733910855,0.6444454096628008,0.0722427614352601,0.6403508771929824,0.6616685653527759,0.0737212790232639,0.638125,0.6967948717948718,0.106530670207868,0.6885245901639344,0.6943328017012228,0.1734683092051401,0.65625,0.6732384601350119,0.0655233459798602,0.672,0.629004329004329,0.1428020358096566,0.62,12.8,12.8,5.6000000000000005,6,16.0,18,elasticnet_then_mrmr_auto_k_smote,nested_cv_outputs_all_quad_concat_batch_smote_compare/ADC_Post2_Pre_T2/fs_method_comparison/elasticnet_then_mrmr_auto_k_smote,elasticnet_then_mrmr_auto_k,elasticnet_then_mrmr,auto,True,38,4,1.6842105263157894
ADC_Post2_Pre_T2,ADC,Post2,Pre,T2,NaiveBayes,0.7077588714670054,0.1179593267975836,0.6068749999999999,0.7646013835476626,0.1328039897431344,0.6691810918517875,0.6103172190128712,0.0825392416949937,0.6140350877192983,0.6356683375104428,0.0895109022762917,0.599375,0.6892857142857143,0.2081257469190495,0.6388888888888888,0.7451461988304093,0.2033939314344094,0.71875,0.663416149068323,0.0831623079451824,0.6764705882352942,0.5261904761904762,0.3314915101706117,0.48,11.2,11.2,5.1536394906900505,4,14.0,16,mrmr_then_elasticnet_no_corr_auto_k_no_smote,nested_cv_outputs_all_quad_concat_batch_smote_compare/ADC_Post2_Pre_T2/fs_method_comparison/mrmr_then_elasticnet_no_corr_auto_k_no_smote,mrmr_then_elasticnet_no_corr_auto_k,mrmr_then_elasticnet_no_corr,auto,False,49,3,1.1428571428571428
ADC_Post2_Pre_T2,ADC,Post2,Pre,T2,KNN,0.6973361894175291,0.1129250070159275,0.63234375,0.7782267805397881,0.1101930779998801,0.7364512523939478,0.6240368327324849,0.0978162057215851,0.6228070175438597,0.6465781878939774,0.1028973864008676,0.6246875000000001,0.6824242424242424,0.1716596457415803,0.6842105263157895,0.6293035619351408,0.1858614763576073,0.609375,0.6351794871794871,0.1252960622747768,0.6446280991735537,0.6638528138528138,0.1308863559359767,0.64,11.2,11.2,5.1536394906900505,4,14.0,16,mrmr_then_elasticnet_no_corr_auto_k_smote,nested_cv_outputs_all_quad_concat_batch_smote_compare/ADC_Post2_Pre_T2/fs_method_comparison/mrmr_then_elasticnet_no_corr_auto_k_smote,mrmr_then_elasticnet_no_corr_auto_k,mrmr_then_elasticnet_no_corr,auto,True,49,3,1.1428571428571428
ADC_Post2_Pre_T2,ADC,Post2,Pre,T2,NaiveBayes,0.6925599121771371,0.1168924339208772,0.60125,0.7495464152770079,0.1494672446953515,0.6492702781210439,0.5730877817834339,0.0954234981123898,0.5789473684210527,0.5962238930659983,0.1056145454128216,0.5659375,0.6583333333333333,0.2333333333333333,0.6142857142857143,0.6829239766081872,0.2125788185882508,0.671875,0.6202672689629212,0.1135249745026158,0.6417910447761194,0.5095238095238095,0.3344708482055196,0.46,11.2,11.2,5.1536394906900505,4,14.0,16,mrmr_then_elasticnet_no_corr_auto_k_smote,nested_cv_outputs_all_quad_concat_batch_smote_compare/ADC_Post2_Pre_T2/fs_method_comparison/mrmr_then_elasticnet_no_corr_auto_k_smote,mrmr_then_elasticnet_no_corr_auto_k,mrmr_then_elasticnet_no_corr,auto,True,49,3,1.1428571428571428
ADC_Post2_Pre_T2,ADC,Post2,Pre,T2,ExtraTrees,0.6895970988076251,0.1523937708309095,0.5946875,0.8008704349747559,0.1247097887036004,0.6770823967222774,0.5817747469921383,0.1091217056664321,0.5789473684210527,0.6162612971823498,0.1195188194669198,0.5856250000000001,0.6685314685314686,0.2137792217022636,0.6538461538461539,0.5635832004253056,0.2195893777409499,0.53125,0.5785121057432271,0.1468593404530533,0.5862068965517241,0.668939393939394,0.1723147652661894,0.64,15.6,15.6,1.9595917942265424,14,14.0,18,corr_mrmr_auto_k_smote,nested_cv_outputs_all_quad_concat_batch_smote_compare/ADC_Post2_Pre_T2/fs_method_comparison/corr_mrmr_auto_k_smote,corr_mrmr_auto_k,corr_mrmr,auto,True,58,4,1.3448275862068966
ADC_Post2_Pre_T2,ADC,Post2,Pre,T2,KNN,0.6774435745009908,0.1200045050626838,0.61203125,0.7600461188668666,0.1137210036868384,0.7156225171023674,0.54914505784071,0.069209309568247,0.5526315789473685,0.592772461456672,0.0930345721821526,0.538125,0.6446031746031745,0.2218729681790154,0.5915492957746479,0.6991812865497076,0.2072063103430903,0.65625,0.6170254309609148,0.0693850332531298,0.6222222222222222,0.4863636363636364,0.332174293479872,0.42,11.2,11.2,5.1536394906900505,4,14.0,16,mrmr_then_elasticnet_no_corr_auto_k_no_smote,nested_cv_outputs_all_quad_concat_batch_smote_compare/ADC_Post2_Pre_T2/fs_method_comparison/mrmr_then_elasticnet_no_corr_auto_k_no_smote,mrmr_then_elasticnet_no_corr_auto_k,mrmr_then_elasticnet_no_corr,auto,False,49,3,1.1428571428571428
ADC_Post2_Pre_T2,ADC,Post2,Pre,T2,SVM_Linear,0.6756123090094381,0.1603820412645743,0.6146875,0.7631251168910768,0.1589405794051829,0.7173731518609444,0.55769447943361,0.101870642796681,0.5526315789473685,0.5896996278575225,0.0987331921178929,0.56,0.6556060606060605,0.2004652531554567,0.6274509803921569,0.5384901648059542,0.2316022423256288,0.5,0.5469800569800569,0.1478121985336143,0.5565217391304348,0.6409090909090909,0.1936550946505509,0.62,15.6,15.6,1.9595917942265424,14,14.0,18,corr_mrmr_auto_k_smote,nested_cv_outputs_all_quad_concat_batch_smote_compare/ADC_Post2_Pre_T2/fs_method_comparison/corr_mrmr_auto_k_smote,corr_mrmr_auto_k,corr_mrmr,auto,True,58,4,1.3448275862068966
ADC_Post2_Pre_T2,ADC,Post2,Pre,T2,SVM_Linear,0.669926492079602,0.1539145264288633,0.569375,0.7565488952328352,0.1623250444801594,0.679847931838551,0.5273291925465838,0.0441659518715228,0.5263157894736842,0.5690031897926635,0.0669712979241353,0.5125,0.629438982070561,0.2044527132201208,0.5714285714285714,0.6849760765550239,0.2450339345551616,0.625,0.5912380952380952,0.0833567858155327,0.5970149253731343,0.453030303030303,0.2934234772584292,0.4,15.6,15.6,1.9595917942265424,14,14.0,18,corr_mrmr_auto_k_no_smote,nested_cv_outputs_all_quad_concat_batch_smote_compare/ADC_Post2_Pre_T2/fs_method_comparison/corr_mrmr_auto_k_no_smote,corr_mrmr_auto_k,corr_mrmr,auto,False,58,4,1.3448275862068966
ADC_Post2_Pre_T2,ADC,Post2,Pre,T2,LightGBM,0.6656479410187544,0.1644951154887313,0.5923437500000001,0.7498626157291499,0.1820417636514335,0.6877988260830195,0.5414527501484023,0.1107790937645874,0.543859649122807,0.57985778841042,0.1238535278032813,0.5346875,0.6305555555555556,0.2339937743183632,0.5909090909090909,0.643806485911749,0.2197367060057285,0.609375,0.5912457912457912,0.1263698758867598,0.6,0.5159090909090909,0.2847154750706746,0.46,11.2,11.2,5.1536394906900505,4,14.0,16,mrmr_then_elasticnet_no_corr_auto_k_no_smote,nested_cv_outputs_all_quad_concat_batch_smote_compare/ADC_Post2_Pre_T2/fs_method_comparison/mrmr_then_elasticnet_no_corr_auto_k_no_smote,mrmr_then_elasticnet_no_corr_auto_k,mrmr_then_elasticnet_no_corr,auto,False,49,3,1.1428571428571428
ADC_Post2_Pre_T2,ADC,Post2,Pre,T2,LogisticRegression,0.6642801448064606,0.1453916089032924,0.61078125,0.7501894577498068,0.1663904972866289,0.7293926611617315,0.5609332696289219,0.0516525380351798,0.5614035087719298,0.590860484544695,0.0714318014092337,0.5503125,0.64,0.1760446419983617,0.6029411764705882,0.6769590643274854,0.190992970276709,0.640625,0.6170918177274999,0.0499177981568461,0.6212121212121212,0.5047619047619047,0.2989588888686203,0.46,11.2,11.2,5.1536394906900505,4,14.0,16,mrmr_then_elasticnet_no_corr_auto_k_no_smote,nested_cv_outputs_all_quad_concat_batch_smote_compare/ADC_Post2_Pre_T2/fs_method_comparison/mrmr_then_elasticnet_no_corr_auto_k_no_smote,mrmr_then_elasticnet_no_corr_auto_k,mrmr_then_elasticnet_no_corr,auto,False,49,3,1.1428571428571428
ADC_Post2_Pre_T2,ADC,Post2,Pre,T2,RandomForest,0.6633140818069048,0.1841008399306278,0.5493750000000001,0.7503153854405155,0.1834710368538435,0.5976043394525546,0.5525952308561004,0.1073106278050491,0.5526315789473685,0.5811709197235513,0.1276933283619412,0.5446875,0.6294117647058823,0.20713111417231,0.6,0.6464327485380117,0.2132095413891687,0.609375,0.598642742121003,0.1120037339956771,0.6046511627906976,0.5159090909090909,0.2454171314545636,0.48,11.2,11.2,5.1536394906900505,4,14.0,16,mrmr_then_elasticnet_no_corr_auto_k_no_smote,nested_cv_outputs_all_quad_concat_batch_smote_compare/ADC_Post2_Pre_T2/fs_method_comparison/mrmr_then_elasticnet_no_corr_auto_k_no_smote,mrmr_then_elasticnet_no_corr_auto_k,mrmr_then_elasticnet_no_corr,auto,False,49,3,1.1428571428571428
ADC_Post2_Pre_T2,ADC,Post2,Pre,T2,GradientBoosting,0.6604255070642631,0.1641852796163278,0.56140625,0.7390044901290905,0.1711682429767529,0.6519111026735377,0.5821700039091343,0.1216783092745726,0.5789473684210527,0.6141074276600593,0.1256200796326115,0.58125,0.655959595959596,0.1731274235504762,0.6428571428571429,0.6029984051036682,0.2306310184620478,0.5625,0.5979307359307359,0.133472936417492,0.6,0.6252164502164501,0.1570844106781748,0.6,11.2,11.2,5.1536394906900505,4,14.0,16,mrmr_then_elasticnet_no_corr_auto_k_smote,nested_cv_outputs_all_quad_concat_batch_smote_compare/ADC_Post2_Pre_T2/fs_method_comparison/mrmr_then_elasticnet_no_corr_auto_k_smote,mrmr_then_elasticnet_no_corr_auto_k,mrmr_then_elasticnet_no_corr,auto,True,49,3,1.1428571428571428
ADC_Post2_Pre_T2,ADC,Post2,Pre,T2,GradientBoosting,0.6557186757067139,0.1717776977460418,0.5565625000000001,0.7386900118912278,0.1780132712229687,0.6090352797213447,0.545015853711506,0.1163402836378827,0.543859649122807,0.5650417710944027,0.1254326126357521,0.5303125,0.6103785103785104,0.1883227255147461,0.5857142857142857,0.6753216374269005,0.2414773902084308,0.640625,0.6037319002836244,0.1306103374311914,0.6119402985074627,0.4547619047619048,0.2835633320182744,0.42,11.2,11.2,5.1536394906900505,4,14.0,16,mrmr_then_elasticnet_no_corr_auto_k_no_smote,nested_cv_outputs_all_quad_concat_batch_smote_compare/ADC_Post2_Pre_T2/fs_method_comparison/mrmr_then_elasticnet_no_corr_auto_k_no_smote,mrmr_then_elasticnet_no_corr_auto_k,mrmr_then_elasticnet_no_corr,auto,False,49,3,1.1428571428571428
ADC_Post2_Pre_T2,ADC,Post2,Pre,T2,LogisticRegression,0.6555764411027569,0.1455218219013677,0.6057812499999999,0.7349199371469528,0.1758333783970465,0.7130422185264074,0.5609332696289219,0.0516525380351798,0.5614035087719298,0.590860484544695,0.0714318014092337,0.5503125,0.64,0.1760446419983617,0.6029411764705882,0.6769590643274854,0.190992970276709,0.640625,0.6170918177274999,0.0499177981568461,0.6212121212121212,0.5047619047619047,0.2989588888686203,0.46,11.2,11.2,5.1536394906900505,4,14.0,16,mrmr_then_elasticnet_no_corr_auto_k_smote,nested_cv_outputs_all_quad_concat_batch_smote_compare/ADC_Post2_Pre_T2/fs_method_comparison/mrmr_then_elasticnet_no_corr_auto_k_smote,mrmr_then_elasticnet_no_corr_auto_k,mrmr_then_elasticnet_no_corr,auto,True,49,3,1.1428571428571428
ADC_Post2_Pre_T2,ADC,Post2,Pre,T2,RandomForest,0.6536752464264426,0.1404823811646074,0.5759375,0.7788244799140057,0.1164161105083084,0.7294399137682384,0.4832356049747354,0.0659919775107595,0.4824561403508772,0.5004171413381939,0.0759257180408839,0.4756249999999999,0.5459369388781152,0.1608489895330093,0.5396825396825397,0.5587347155768208,0.2097111320577332,0.53125,0.5238815207780725,0.1199770074674049,0.5354330708661418,0.4420995670995671,0.1525068043357901,0.42,15.6,15.6,1.9595917942265424,14,14.0,18,corr_mrmr_auto_k_no_smote,nested_cv_outputs_all_quad_concat_batch_smote_compare/ADC_Post2_Pre_T2/fs_method_comparison/corr_mrmr_auto_k_no_smote,corr_mrmr_auto_k,corr_mrmr,auto,False,58,4,1.3448275862068966
ADC_Post2_Pre_T2,ADC,Post2,Pre,T2,XGBoost,0.6532867810020919,0.1753905215980298,0.55078125,0.7204614366729511,0.1857856894411181,0.6193358421811924,0.5542066629023151,0.1203934449935794,0.5526315789473685,0.5967557150451888,0.1186610530268782,0.5446875,0.6508403361344538,0.2194403909116941,0.6,0.6609356725146199,0.251263460323267,0.609375,0.5978095238095238,0.1330574015560334,0.6046511627906976,0.5325757575757576,0.2655797407830968,0.48,11.2,11.2,5.1536394906900505,4,14.0,16,mrmr_then_elasticnet_no_corr_auto_k_smote,nested_cv_outputs_all_quad_concat_batch_smote_compare/ADC_Post2_Pre_T2/fs_method_comparison/mrmr_then_elasticnet_no_corr_auto_k_smote,mrmr_then_elasticnet_no_corr_auto_k,mrmr_then_elasticnet_no_corr,auto,True,49,3,1.1428571428571428
ADC_Post2_Pre_T2,ADC,Post2,Pre,T2,RandomForest,0.6501177875819024,0.1205038652620721,0.5653125,0.7861301924402871,0.1148066791366252,0.7220590228673209,0.5299888517279822,0.1117345819480077,0.5263157894736842,0.561644072301967,0.1224274796626951,0.53,0.6301298701298701,0.2233545745687168,0.5925925925925926,0.5376820839978734,0.2318724195659843,0.5,0.5338744264231521,0.15009854626998,0.5423728813559322,0.5856060606060606,0.2256202551653179,0.56,15.6,15.6,1.9595917942265424,14,14.0,18,corr_mrmr_auto_k_smote,nested_cv_outputs_all_quad_concat_batch_smote_compare/ADC_Post2_Pre_T2/fs_method_comparison/corr_mrmr_auto_k_smote,corr_mrmr_auto_k,corr_mrmr,auto,True,58,4,1.3448275862068966
ADC_Post2_Pre_T2,ADC,Post2,Pre,T2,XGBoost,0.644946031285744,0.1332044321891078,0.5506249999999999,0.7570869543650571,0.1283557158310501,0.6711460131480469,0.4933298585472497,0.0501617844247494,0.4912280701754385,0.5393859649122807,0.0538602205810017,0.4834374999999999,0.616531713900135,0.2129417817236736,0.546875,0.6075598086124401,0.2598470104768093,0.546875,0.5361356839617708,0.1166908667978334,0.546875,0.4712121212121212,0.2882931626979769,0.42,15.6,15.6,1.9595917942265424,14,14.0,18,corr_mrmr_auto_k_no_smote,nested_cv_outputs_all_quad_concat_batch_smote_compare/ADC_Post2_Pre_T2/fs_method_comparison/corr_mrmr_auto_k_no_smote,corr_mrmr_auto_k,corr_mrmr,auto,False,58,4,1.3448275862068966
ADC_Post2_Pre_T2,ADC,Post2,Pre,T2,LogisticRegression,0.6446129211918684,0.1548492307799376,0.60703125,0.7127792922937041,0.1919806791688376,0.7026226637038053,0.5822076474250386,0.0923063720492196,0.5789473684210527,0.6121198830409356,0.0980764956971947,0.5790625,0.6854545454545454,0.1842204931125868,0.6379310344827587,0.615906432748538,0.2401720710517342,0.578125,0.6003598740440845,0.1013812193395901,0.6065573770491803,0.6083333333333333,0.3308238873546534,0.58,15.6,15.6,1.9595917942265424,14,14.0,18,corr_mrmr_auto_k_smote,nested_cv_outputs_all_quad_concat_batch_smote_compare/ADC_Post2_Pre_T2/fs_method_comparison/corr_mrmr_auto_k_smote,corr_mrmr_auto_k,corr_mrmr,auto,True,58,4,1.3448275862068966
ADC_Post2_Pre_T2,ADC,Post2,Pre,T2,XGBoost,0.6431276020630088,0.1504358521842119,0.5667187499999999,0.7247200243831688,0.1756051908539552,0.6410249351428269,0.5718180370354283,0.0764718881607062,0.5701754385964912,0.6070946305156831,0.0855537612412023,0.5625,0.6558424908424908,0.1935902842025851,0.6153846153846154,0.6732801701222754,0.2028659027065017,0.625,0.6177452177452177,0.0875233154387665,0.6201550387596899,0.5409090909090909,0.2359748161688701,0.5,11.2,11.2,5.1536394906900505,4,14.0,16,mrmr_then_elasticnet_no_corr_auto_k_no_smote,nested_cv_outputs_all_quad_concat_batch_smote_compare/ADC_Post2_Pre_T2/fs_method_comparison/mrmr_then_elasticnet_no_corr_auto_k_no_smote,mrmr_then_elasticnet_no_corr_auto_k,mrmr_then_elasticnet_no_corr,auto,False,49,3,1.1428571428571428
ADC_Post2_Pre_T2,ADC,Post2,Pre,T2,RandomForest,0.6418571624193634,0.1561124443963822,0.5389062499999999,0.7450093430223326,0.1682695083287421,0.5964655791196452,0.5526705178879092,0.1009324848886268,0.5526315789473685,0.581398192450824,0.1184759658500195,0.546875,0.6390567765567765,0.210502812664655,0.6031746031746031,0.6234024455077087,0.153942867611879,0.59375,0.5970899470899471,0.0941798941798941,0.5984251968503937,0.5393939393939394,0.257013646899106,0.5,11.2,11.2,5.1536394906900505,4,14.0,16,mrmr_then_elasticnet_no_corr_auto_k_smote,nested_cv_outputs_all_quad_concat_batch_smote_compare/ADC_Post2_Pre_T2/fs_method_comparison/mrmr_then_elasticnet_no_corr_auto_k_smote,mrmr_then_elasticnet_no_corr_auto_k,mrmr_then_elasticnet_no_corr,auto,True,49,3,1.1428571428571428
ADC_Post2_Pre_T2,ADC,Post2,Pre,T2,LightGBM,0.6372452826280577,0.1330635712116555,0.5571875000000001,0.7489634101423158,0.1283343278817713,0.6734355158052745,0.5552100073839205,0.1056596612156626,0.5526315789473685,0.6026794258373205,0.1038321223695654,0.555625,0.6636363636363637,0.2336283062714713,0.6181818181818182,0.5780861244019138,0.2746852239443951,0.53125,0.557416534647656,0.1596461522559469,0.5714285714285714,0.6272727272727272,0.2500413188995466,0.58,15.6,15.6,1.9595917942265424,14,14.0,18,corr_mrmr_auto_k_no_smote,nested_cv_outputs_all_quad_concat_batch_smote_compare/ADC_Post2_Pre_T2/fs_method_comparison/corr_mrmr_auto_k_no_smote,corr_mrmr_auto_k,corr_mrmr,auto,False,58,4,1.3448275862068966
ADC_Post2_Pre_T2,ADC,Post2,Pre,T2,LightGBM,0.6290755469942073,0.1276376970337617,0.5506249999999999,0.7213909129898832,0.153824830434438,0.642465861124334,0.5455486542443064,0.0628425210984428,0.543859649122807,0.5865031897926636,0.0806435145329951,0.5434375,0.6435746606334841,0.2106067073783937,0.603448275862069,0.5904306220095694,0.2373352364663394,0.546875,0.5644615384615383,0.110750188296716,0.5737704918032787,0.5825757575757576,0.2286373175070971,0.54,15.6,15.6,1.9595917942265424,14,14.0,18,corr_mrmr_auto_k_smote,nested_cv_outputs_all_quad_concat_batch_smote_compare/ADC_Post2_Pre_T2/fs_method_comparison/corr_mrmr_auto_k_smote,corr_mrmr_auto_k,corr_mrmr,auto,True,58,4,1.3448275862068966
ADC_Post2_Pre_T2,ADC,Post2,Pre,T2,KNN,0.6189792260725275,0.0878491549473828,0.57640625,0.7287148495228317,0.1065793750394449,0.6951107054409286,0.5491740143914057,0.0964561913384499,0.543859649122807,0.5858253588516746,0.0778374322403551,0.5587500000000001,0.6677272727272727,0.2025886195232362,0.6363636363636364,0.469377990430622,0.1825324117581768,0.4375,0.5128973238813056,0.1409429976640179,0.5185185185185185,0.7022727272727273,0.151242178345064,0.68,15.6,15.6,1.9595917942265424,14,14.0,18,corr_mrmr_auto_k_smote,nested_cv_outputs_all_quad_concat_batch_smote_compare/ADC_Post2_Pre_T2/fs_method_comparison/corr_mrmr_auto_k_smote,corr_mrmr_auto_k,corr_mrmr,auto,True,58,4,1.3448275862068966
ADC_Post2_Pre_T2,ADC,Post2,Pre,T2,XGBoost,0.6162637539671033,0.1105979625611428,0.5278125,0.7257426909055773,0.1184299059612852,0.6531263258787421,0.520107428803081,0.099378918858237,0.5175438596491229,0.5630582137161084,0.1131010601747698,0.515625,0.6285606060606062,0.2251547269235418,0.576271186440678,0.5799043062200957,0.250106270767138,0.53125,0.5445494505494505,0.1333045986023497,0.5528455284552846,0.5462121212121211,0.25317542563063,0.5,15.6,15.6,1.9595917942265424,14,14.0,18,corr_mrmr_auto_k_smote,nested_cv_outputs_all_quad_concat_batch_smote_compare/ADC_Post2_Pre_T2/fs_method_comparison/corr_mrmr_auto_k_smote,corr_mrmr_auto_k,corr_mrmr,auto,True,58,4,1.3448275862068966
ADC_Post2_Pre_T2,ADC,Post2,Pre,T2,GradientBoosting,0.6149559792502377,0.1956226494660374,0.5442187500000001,0.7329081357511867,0.1823917077162518,0.6843189414188753,0.5054756837365534,0.0873375037551521,0.5,0.549115402141718,0.0737917348159841,0.4825,0.5923683669271905,0.1161821423705628,0.547945205479452,0.712408293460925,0.3034993834353217,0.625,0.5777472527472527,0.1288733241162546,0.583941605839416,0.3858225108225108,0.2736298025924357,0.34,15.6,15.6,1.9595917942265424,14,14.0,18,corr_mrmr_auto_k_no_smote,nested_cv_outputs_all_quad_concat_batch_smote_compare/ADC_Post2_Pre_T2/fs_method_comparison/corr_mrmr_auto_k_no_smote,corr_mrmr_auto_k,corr_mrmr,auto,False,58,4,1.3448275862068966
ADC_Post2_Pre_T2,ADC,Post2,Pre,T2,GradientBoosting,0.6096064426447201,0.1614434588455259,0.5396875,0.7002514459386852,0.1572466994189617,0.658595517827372,0.5139961487787574,0.1129852104469267,0.5087719298245614,0.5409694691273639,0.1243883344303603,0.5078125,0.5934523809523811,0.1507599065028372,0.5689655172413793,0.5665709728867624,0.2504563287694921,0.515625,0.5378080310494104,0.1316780371275057,0.5409836065573771,0.5153679653679653,0.2104063111323475,0.5,15.6,15.6,1.9595917942265424,14,14.0,18,corr_mrmr_auto_k_smote,nested_cv_outputs_all_quad_concat_batch_smote_compare/ADC_Post2_Pre_T2/fs_method_comparison/corr_mrmr_auto_k_smote,corr_mrmr_auto_k,corr_mrmr,auto,True,58,4,1.3448275862068966
ADC_Post2_Pre_T2,ADC,Post2,Pre,T2,NaiveBayes,0.6047608461005589,0.1154863379071583,0.585625,0.663064221311754,0.1070065829028786,0.6159272259365709,0.529822351561482,0.1064941849944192,0.5350877192982456,0.50374895572264,0.089326678179614,0.5028125,0.5551169590643275,0.1389793488114457,0.5632183908045977,0.7619351408825094,0.0997047981565049,0.765625,0.6343071509824296,0.105590314473975,0.6490066225165563,0.2455627705627706,0.1465922574041629,0.24,15.6,15.6,1.9595917942265424,14,14.0,18,corr_mrmr_auto_k_no_smote,nested_cv_outputs_all_quad_concat_batch_smote_compare/ADC_Post2_Pre_T2/fs_method_comparison/corr_mrmr_auto_k_no_smote,corr_mrmr_auto_k,corr_mrmr,auto,False,58,4,1.3448275862068966
ADC_Post2_Pre_T2,ADC,Post2,Pre,T2,LightGBM,0.5955049181723823,0.1734015109780591,0.54609375,0.6984453042441555,0.1835176768003463,0.6261957905262161,0.5631223848615152,0.1059428084889866,0.5614035087719298,0.5899407609933925,0.1171408794259946,0.5634375,0.6392156862745099,0.1938611011330798,0.625,0.5781499202551834,0.2389149594456474,0.546875,0.5744236660026134,0.1392097591688541,0.5833333333333334,0.6017316017316017,0.202396577862889,0.58,11.2,11.2,5.1536394906900505,4,14.0,16,mrmr_then_elasticnet_no_corr_auto_k_smote,nested_cv_outputs_all_quad_concat_batch_smote_compare/ADC_Post2_Pre_T2/fs_method_comparison/mrmr_then_elasticnet_no_corr_auto_k_smote,mrmr_then_elasticnet_no_corr_auto_k,mrmr_then_elasticnet_no_corr,auto,True,49,3,1.1428571428571428
ADC_Post2_Pre_T2,ADC,Post2,Pre,T2,KNN,0.594282239114775,0.0664219159421952,0.53796875,0.6916181553224897,0.1223887384221564,0.6526180448093029,0.5088520175476697,0.094724641585574,0.5087719298245614,0.5485885167464114,0.0862888647680733,0.50125,0.6282870071105365,0.2212372766852493,0.5625,0.6047527910685805,0.1723002581308196,0.5625,0.558301404853129,0.1039605436061261,0.5625,0.4924242424242424,0.2916814242626215,0.44,15.6,15.6,1.9595917942265424,14,14.0,18,corr_mrmr_auto_k_no_smote,nested_cv_outputs_all_quad_concat_batch_smote_compare/ADC_Post2_Pre_T2/fs_method_comparison/corr_mrmr_auto_k_no_smote,corr_mrmr_auto_k,corr_mrmr,auto,False,58,4,1.3448275862068966
ADC_Post2_Pre_T2,ADC,Post2,Pre,T2,SVM_Linear,0.5922743958150657,0.2374108295667118,0.6228125000000001,0.7196097983693217,0.2090861764669597,0.7367278587256438,0.5886388973345495,0.0538328422974246,0.5877192982456141,0.6282163742690059,0.0728422963448725,0.6021875,0.5833333333333333,0.3356585566713094,0.6888888888888889,0.5064327485380117,0.2913065020386996,0.484375,0.5078518518518519,0.2550462342765635,0.5688073394495413,0.75,0.2297341458681703,0.72,11.2,11.2,5.1536394906900505,4,14.0,16,mrmr_then_elasticnet_no_corr_auto_k_smote,nested_cv_outputs_all_quad_concat_batch_smote_compare/ADC_Post2_Pre_T2/fs_method_comparison/mrmr_then_elasticnet_no_corr_auto_k_smote,mrmr_then_elasticnet_no_corr_auto_k,mrmr_then_elasticnet_no_corr,auto,True,49,3,1.1428571428571428
ADC_Post2_Pre_T2,ADC,Post2,Pre,T2,SVM_Linear,0.590436318067897,0.2385141128847598,0.58125,0.7179248783128849,0.2077022070015418,0.7167895808938141,0.5532409619366141,0.0515623316066443,0.5526315789473685,0.5800417710944027,0.0603742506600415,0.5315624999999999,0.6214192343604108,0.1583767318131402,0.5844155844155844,0.7553216374269006,0.1996493626174916,0.703125,0.6374019339536581,0.0464835707044508,0.6382978723404256,0.4047619047619047,0.2834233550467234,0.36,11.2,11.2,5.1536394906900505,4,14.0,16,mrmr_then_elasticnet_no_corr_auto_k_no_smote,nested_cv_outputs_all_quad_concat_batch_smote_compare/ADC_Post2_Pre_T2/fs_method_comparison/mrmr_then_elasticnet_no_corr_auto_k_no_smote,mrmr_then_elasticnet_no_corr_auto_k,mrmr_then_elasticnet_no_corr,auto,False,49,3,1.1428571428571428
ADC_Post2_Pre_T2,ADC,Post2,Pre,T2,SVM_RBF,0.5741177438545859,0.222438983663603,0.5709375,0.7104254949145916,0.2038167479206414,0.7073148865701469,0.5513718165892078,0.0340778709060163,0.5526315789473685,0.5934941520467836,0.0684712354081237,0.5359375,0.6462388591800357,0.198343155114976,0.589041095890411,0.7286549707602339,0.2177902145304687,0.671875,0.626005698005698,0.0252634331245419,0.6277372262773723,0.4583333333333333,0.3395258131243894,0.4,11.2,11.2,5.1536394906900505,4,14.0,16,mrmr_then_elasticnet_no_corr_auto_k_no_smote,nested_cv_outputs_all_quad_concat_batch_smote_compare/ADC_Post2_Pre_T2/fs_method_comparison/mrmr_then_elasticnet_no_corr_auto_k_no_smote,mrmr_then_elasticnet_no_corr_auto_k,mrmr_then_elasticnet_no_corr,auto,False,49,3,1.1428571428571428
ADC_Post2_Pre_T2,ADC,Post2,Pre,T2,NaiveBayes,0.5721597496956348,0.0946887767052689,0.5721875000000001,0.6328681904448612,0.1180864907123057,0.6076846987834794,0.5467807554764076,0.1087040462506661,0.5526315789473685,0.5267287537024379,0.0757114946782524,0.525,0.5679655870445345,0.150765692022639,0.5783132530120482,0.7397129186602871,0.1058878568205978,0.75,0.6345621554450078,0.1170879575949412,0.6530612244897959,0.3137445887445887,0.1153835990804219,0.3,15.6,15.6,1.9595917942265424,14,14.0,18,corr_mrmr_auto_k_smote,nested_cv_outputs_all_quad_concat_batch_smote_compare/ADC_Post2_Pre_T2/fs_method_comparison/corr_mrmr_auto_k_smote,corr_mrmr_auto_k,corr_mrmr,auto,True,58,4,1.3448275862068966
ADC_Post2_Pre_T2,ADC,Post2,Pre,T2,SVM_RBF,0.5720669327128658,0.2165383714558304,0.5737500000000001,0.7085030774627625,0.2046086044836424,0.7163737217149845,0.4701240788197309,0.1294436094396204,0.4736842105263157,0.5060518721045036,0.1509152160116119,0.4765625,0.5175854700854702,0.3146661291119297,0.5370370370370371,0.4664327485380116,0.2603345885837375,0.453125,0.4586335403726708,0.232473099819265,0.4915254237288136,0.5456709956709956,0.2241126419134746,0.5,11.2,11.2,5.1536394906900505,4,14.0,16,mrmr_then_elasticnet_no_corr_auto_k_smote,nested_cv_outputs_all_quad_concat_batch_smote_compare/ADC_Post2_Pre_T2/fs_method_comparison/mrmr_then_elasticnet_no_corr_auto_k_smote,mrmr_then_elasticnet_no_corr_auto_k,mrmr_then_elasticnet_no_corr,auto,True,49,3,1.1428571428571428
Post1_Post2_Pre_T2,Post1,Post2,Pre,T2,SVM_RBF,0.7559943977591036,0.1839374122358487,0.7133413461538461,0.8328546045814754,0.1338146082183603,0.7452620340191469,0.6728406681688106,0.1438875934820609,0.6637931034482759,0.6855648926237162,0.155948184106682,0.6646634615384616,0.6896428571428571,0.1045042828056178,0.711864406779661,0.691764705882353,0.2212765730919293,0.65625,0.6724549643904483,0.1321954481692872,0.6829268292682927,0.6793650793650793,0.137953768076411,0.6730769230769231,15.2,15.2,2.4,12,14.0,18,elasticnet_then_mrmr_auto_k_smote,nested_cv_outputs_all_quad_concat_batch_smote_compare/Post1_Post2_Pre_T2/fs_method_comparison/elasticnet_then_mrmr_auto_k_smote,elasticnet_then_mrmr_auto_k,elasticnet_then_mrmr,auto,True,41,4,1.853658536585366
Post1_Post2_Pre_T2,Post1,Post2,Pre,T2,SVM_RBF,0.7523062558356676,0.1849647835403156,0.658653846153846,0.8346301804775091,0.1332763417469493,0.7080020743693619,0.5680746888755788,0.1438788888200367,0.603448275862069,0.5977941176470589,0.0819406567002654,0.5865384615384616,0.5874065394828619,0.1695051864279652,0.6153846153846154,0.7705882352941177,0.1845222016630367,0.75,0.6319887955182073,0.1367465780356291,0.676056338028169,0.425,0.1841731606027864,0.4230769230769231,15.2,15.2,2.4,12,14.0,18,elasticnet_then_mrmr_auto_k_no_smote,nested_cv_outputs_all_quad_concat_batch_smote_compare/Post1_Post2_Pre_T2/fs_method_comparison/elasticnet_then_mrmr_auto_k_no_smote,elasticnet_then_mrmr_auto_k,elasticnet_then_mrmr,auto,False,41,4,1.853658536585366
Post1_Post2_Pre_T2,Post1,Post2,Pre,T2,SVM_Linear,0.7386064425770308,0.1609812780819452,0.6941105769230769,0.7657839592976631,0.1272882695181485,0.7340266731934922,0.6417443883517298,0.1333442082748532,0.6551724137931034,0.6625583566760037,0.1427929437165086,0.6514423076923077,0.642389306599833,0.1519760188589395,0.6875,0.7235294117647058,0.2084711193725806,0.6875,0.6574764195434823,0.130999118548934,0.6875,0.6015873015873016,0.1103602748937694,0.6153846153846154,15.2,15.2,2.4,12,14.0,18,elasticnet_then_mrmr_auto_k_smote,nested_cv_outputs_all_quad_concat_batch_smote_compare/Post1_Post2_Pre_T2/fs_method_comparison/elasticnet_then_mrmr_auto_k_smote,elasticnet_then_mrmr_auto_k,elasticnet_then_mrmr,auto,True,41,4,1.853658536585366
Post1_Post2_Pre_T2,Post1,Post2,Pre,T2,KNN,0.7359379863056332,0.1580792902247267,0.7016225961538461,0.7927397335494168,0.0900503316916459,0.7400868932097633,0.6586553910803077,0.1088147967025194,0.6637931034482759,0.6810690943043884,0.117842012377325,0.6574519230769231,0.7030555555555555,0.2176161531767731,0.6865671641791045,0.7470588235294117,0.1680336100833611,0.71875,0.678918918918919,0.1015936312785004,0.7022900763358778,0.615079365079365,0.2541913702478721,0.5961538461538461,15.2,15.2,2.4,12,14.0,18,elasticnet_then_mrmr_auto_k_smote,nested_cv_outputs_all_quad_concat_batch_smote_compare/Post1_Post2_Pre_T2/fs_method_comparison/elasticnet_then_mrmr_auto_k_smote,elasticnet_then_mrmr_auto_k,elasticnet_then_mrmr,auto,True,41,4,1.853658536585366
Post1_Post2_Pre_T2,Post1,Post2,Pre,T2,SVM_Linear,0.7306178026766261,0.1505900185328672,0.6914062499999999,0.7542981872270803,0.1349465391299994,0.7260480698154287,0.6014080222089121,0.0974482190176741,0.6206896551724138,0.619967320261438,0.080776249147984,0.6057692307692308,0.5963853367433931,0.1466025624054832,0.631578947368421,0.7788235294117647,0.16957508467508,0.75,0.6505882352941177,0.1135522683483638,0.6857142857142857,0.4611111111111111,0.0777777777777777,0.4615384615384615,15.2,15.2,2.4,12,14.0,18,elasticnet_then_mrmr_auto_k_no_smote,nested_cv_outputs_all_quad_concat_batch_smote_compare/Post1_Post2_Pre_T2/fs_method_comparison/elasticnet_then_mrmr_auto_k_no_smote,elasticnet_then_mrmr_auto_k,elasticnet_then_mrmr,auto,False,41,4,1.853658536585366
Post1_Post2_Pre_T2,Post1,Post2,Pre,T2,KNN,0.7272047152194212,0.1771482217571386,0.6721754807692307,0.8073881619894057,0.1307051186886671,0.7332849005797802,0.5954013481265983,0.0757820507350217,0.6120689655172413,0.5987044817927171,0.0581445912692499,0.5889423076923077,0.5807056277056277,0.1300912112464458,0.611764705882353,0.8176470588235294,0.1768623103337989,0.8125,0.654720133667502,0.1127490282700664,0.697986577181208,0.3797619047619047,0.1279083430339361,0.3653846153846153,15.2,15.2,2.4,12,14.0,18,elasticnet_then_mrmr_auto_k_no_smote,nested_cv_outputs_all_quad_concat_batch_smote_compare/Post1_Post2_Pre_T2/fs_method_comparison/elasticnet_then_mrmr_auto_k_no_smote,elasticnet_then_mrmr_auto_k,elasticnet_then_mrmr,auto,False,41,4,1.853658536585366
Post1_Post2_Pre_T2,Post1,Post2,Pre,T2,LightGBM,0.7231271397447868,0.0948903911085609,0.6505408653846154,0.7476424732424736,0.0805269194418633,0.6837437920867164,0.6179743874960782,0.1055502917760573,0.6293103448275862,0.6489098972922502,0.0651967635806973,0.6262019230769231,0.6316666666666667,0.1570130135363088,0.6666666666666666,0.7164705882352941,0.2335938568657102,0.65625,0.6285714285714286,0.152529689314733,0.6614173228346457,0.5813492063492064,0.138786810560616,0.5961538461538461,15.2,15.2,2.4,12,14.0,18,elasticnet_then_mrmr_auto_k_smote,nested_cv_outputs_all_quad_concat_batch_smote_compare/Post1_Post2_Pre_T2/fs_method_comparison/elasticnet_then_mrmr_auto_k_smote,elasticnet_then_mrmr_auto_k,elasticnet_then_mrmr,auto,True,41,4,1.853658536585366
Post1_Post2_Pre_T2,Post1,Post2,Pre,T2,XGBoost,0.7180788982259569,0.0592075457776064,0.7160456730769231,0.7212031645350304,0.15482804386055,0.7182690282795262,0.611431505091127,0.0926719429773908,0.6379310344827587,0.6201680672268907,0.078675728681884,0.6358173076923077,0.6292759528053645,0.1929430054987588,0.6774193548387096,0.6450980392156862,0.1127067283388228,0.65625,0.6153471915081822,0.1368390346982811,0.6666666666666666,0.5952380952380952,0.1358974907492317,0.6153846153846154,15.2,15.2,2.4,12,14.0,18,elasticnet_then_mrmr_auto_k_smote,nested_cv_outputs_all_quad_concat_batch_smote_compare/Post1_Post2_Pre_T2/fs_method_comparison/elasticnet_then_mrmr_auto_k_smote,elasticnet_then_mrmr_auto_k,elasticnet_then_mrmr,auto,True,41,4,1.853658536585366
Post1_Post2_Pre_T2,Post1,Post2,Pre,T2,LogisticRegression,0.7167841581076876,0.1562032096770755,0.689002403846154,0.7376520984374524,0.1546087509382462,0.7246742300563318,0.627951284903454,0.1482438614514802,0.6379310344827587,0.6483426704014938,0.1593794732706207,0.6340144230769231,0.6290559732664995,0.1579183425972193,0.671875,0.7117647058823529,0.2204116940611199,0.671875,0.6449764195434824,0.1419865470711388,0.671875,0.5849206349206348,0.1291384713088352,0.5961538461538461,15.2,15.2,2.4,12,14.0,18,elasticnet_then_mrmr_auto_k_no_smote,nested_cv_outputs_all_quad_concat_batch_smote_compare/Post1_Post2_Pre_T2/fs_method_comparison/elasticnet_then_mrmr_auto_k_no_smote,elasticnet_then_mrmr_auto_k,elasticnet_then_mrmr,auto,False,41,4,1.853658536585366
Post1_Post2_Pre_T2,Post1,Post2,Pre,T2,LogisticRegression,0.7158037659508247,0.1508596619034656,0.6956129807692308,0.7355090724494981,0.1516692169617102,0.7306788408666144,0.6348478366275919,0.1403146837166791,0.646551724137931,0.6566760037348273,0.1492235703704788,0.6436298076923077,0.6366750208855472,0.1539862713731146,0.6825396825396826,0.7117647058823529,0.2204116940611199,0.671875,0.6482022259950952,0.1388037143568125,0.6771653543307087,0.6015873015873016,0.1103602748937694,0.6153846153846154,15.2,15.2,2.4,12,14.0,18,elasticnet_then_mrmr_auto_k_smote,nested_cv_outputs_all_quad_concat_batch_smote_compare/Post1_Post2_Pre_T2/fs_method_comparison/elasticnet_then_mrmr_auto_k_smote,elasticnet_then_mrmr_auto_k,elasticnet_then_mrmr,auto,True,41,4,1.853658536585366
Post1_Post2_Pre_T2,Post1,Post2,Pre,T2,RandomForest,0.6998054777466542,0.0740235071826357,0.6980168269230769,0.745997132741934,0.1211717961058657,0.7671866461732233,0.6022978998507363,0.0730118116319595,0.6206896551724138,0.6101680672268908,0.047816334420608,0.6183894230769231,0.6179271708683473,0.1699391550892711,0.6612903225806451,0.6250980392156863,0.1263110408733954,0.640625,0.5991176470588235,0.1333868116512699,0.6507936507936508,0.5952380952380952,0.1006717172725497,0.5961538461538461,15.2,15.2,2.4,12,14.0,18,elasticnet_then_mrmr_auto_k_smote,nested_cv_outputs_all_quad_concat_batch_smote_compare/Post1_Post2_Pre_T2/fs_method_comparison/elasticnet_then_mrmr_auto_k_smote,elasticnet_then_mrmr_auto_k,elasticnet_then_mrmr,auto,True,41,4,1.853658536585366
Post1_Post2_Pre_T2,Post1,Post2,Pre,T2,NaiveBayes,0.6955026455026455,0.1558691682917246,0.6682692307692307,0.7649296537685953,0.1099035005866731,0.7465967414654174,0.6162763944743922,0.0532554552029624,0.6120689655172413,0.6090919701213818,0.0870968147991617,0.5907451923076923,0.5927655677655678,0.0934961504160949,0.6144578313253012,0.8058823529411765,0.1700803799388348,0.796875,0.6653828369373045,0.0814035792979322,0.6938775510204082,0.4123015873015873,0.153260934631602,0.3846153846153846,15.2,15.2,2.4,12,14.0,18,elasticnet_then_mrmr_auto_k_smote,nested_cv_outputs_all_quad_concat_batch_smote_compare/Post1_Post2_Pre_T2/fs_method_comparison/elasticnet_then_mrmr_auto_k_smote,elasticnet_then_mrmr_auto_k,elasticnet_then_mrmr,auto,True,41,4,1.853658536585366
Post1_Post2_Pre_T2,Post1,Post2,Pre,T2,RandomForest,0.6911647992530345,0.0838487143912856,0.6829927884615385,0.7574166741262035,0.0491825730566672,0.739382576729133,0.6225839726952074,0.0684472475858673,0.6379310344827587,0.6271615312791783,0.059295680817868,0.6358173076923077,0.6314020344980098,0.1507469241009537,0.6774193548387096,0.6368627450980392,0.1406876067437092,0.65625,0.6146531730971958,0.1248835509862534,0.6666666666666666,0.6174603174603176,0.0735402152927642,0.6153846153846154,15.2,15.2,2.4,12,14.0,18,elasticnet_then_mrmr_auto_k_no_smote,nested_cv_outputs_all_quad_concat_batch_smote_compare/Post1_Post2_Pre_T2/fs_method_comparison/elasticnet_then_mrmr_auto_k_no_smote,elasticnet_then_mrmr_auto_k,elasticnet_then_mrmr,auto,False,41,4,1.853658536585366
Post1_Post2_Pre_T2,Post1,Post2,Pre,T2,ExtraTrees,0.6897478991596638,0.0749942340733858,0.6802884615384616,0.7637379644664287,0.1093629496118902,0.7394174128901028,0.6369722293526521,0.0412529617005681,0.646551724137931,0.6605742296918767,0.0352689442829244,0.6418269230769231,0.6504975674480319,0.1401548199761909,0.676923076923077,0.7235294117647059,0.1721028098626799,0.6875,0.6531558468939873,0.0813532249528966,0.6821705426356589,0.5976190476190476,0.1038318504217542,0.5961538461538461,15.2,15.2,2.4,12,14.0,18,elasticnet_then_mrmr_auto_k_smote,nested_cv_outputs_all_quad_concat_batch_smote_compare/Post1_Post2_Pre_T2/fs_method_comparison/elasticnet_then_mrmr_auto_k_smote,elasticnet_then_mrmr_auto_k,elasticnet_then_mrmr,auto,True,41,4,1.853658536585366
Post1_Post2_Pre_T2,Post1,Post2,Pre,T2,ExtraTrees,0.6883730158730159,0.1019396893995718,0.6703725961538461,0.760002681164568,0.0944406905666978,0.752630597672765,0.5974791553768195,0.0599390811037371,0.603448275862069,0.6208333333333333,0.0696672703454962,0.5973557692307692,0.6064102564102564,0.1250805131895059,0.6363636363636364,0.7,0.1989592297092678,0.65625,0.6196916533758638,0.0920654794316581,0.6461538461538462,0.5416666666666666,0.0633430791721743,0.5384615384615384,15.2,15.2,2.4,12,14.0,18,elasticnet_then_mrmr_auto_k_no_smote,nested_cv_outputs_all_quad_concat_batch_smote_compare/Post1_Post2_Pre_T2/fs_method_comparison/elasticnet_then_mrmr_auto_k_no_smote,elasticnet_then_mrmr_auto_k,elasticnet_then_mrmr,auto,False,41,4,1.853658536585366
Post1_Post2_Pre_T2,Post1,Post2,Pre,T2,GradientBoosting,0.68109477124183,0.1074680991166085,0.6574519230769231,0.7044209262588417,0.15721629020755,0.7092058032851047,0.5965479212420257,0.122966766245933,0.6120689655172413,0.6243347338935574,0.1087807110712282,0.6051682692307692,0.607483660130719,0.1678119180747355,0.6417910447761194,0.7117647058823529,0.2006908483439056,0.671875,0.6243884220354808,0.1336973404254947,0.6564885496183206,0.5369047619047619,0.1354425014602656,0.5384615384615384,15.2,15.2,2.4,12,14.0,18,elasticnet_then_mrmr_auto_k_no_smote,nested_cv_outputs_all_quad_concat_batch_smote_compare/Post1_Post2_Pre_T2/fs_method_comparison/elasticnet_then_mrmr_auto_k_no_smote,elasticnet_then_mrmr_auto_k,elasticnet_then_mrmr,auto,False,41,4,1.853658536585366
Post1_Post2_Pre_T2,Post1,Post2,Pre,T2,XGBoost,0.680083255524432,0.0586939624990463,0.6736778846153847,0.6961549766286517,0.1481493364963441,0.7001994507019278,0.5911867887396253,0.0828448583823383,0.6120689655172413,0.6197712418300653,0.0632874166635827,0.6051682692307692,0.6095068330362449,0.1551807588683175,0.6417910447761194,0.7117647058823529,0.2006908483439056,0.671875,0.619858469703671,0.1096610092705284,0.6564885496183206,0.5277777777777778,0.1337954953199144,0.5384615384615384,15.2,15.2,2.4,12,14.0,18,elasticnet_then_mrmr_auto_k_no_smote,nested_cv_outputs_all_quad_concat_batch_smote_compare/Post1_Post2_Pre_T2/fs_method_comparison/elasticnet_then_mrmr_auto_k_no_smote,elasticnet_then_mrmr_auto_k,elasticnet_then_mrmr,auto,False,41,4,1.853658536585366
Post1_Post2_Pre_T2,Post1,Post2,Pre,T2,NaiveBayes,0.675812324929972,0.0618980234984101,0.6775841346153846,0.6934444404859221,0.1830279592428039,0.7431006501628075,0.620650200127397,0.0596926785738206,0.6293103448275862,0.6009477124183007,0.0228287096667439,0.6153846153846154,0.5990430622009569,0.137163309948194,0.64,0.7074509803921569,0.1812698172225846,0.75,0.62991452991453,0.1390721998710533,0.6906474820143885,0.4944444444444444,0.1555555555555555,0.4807692307692308,11.6,11.6,6.248199740725324,4,16.0,18,mrmr_then_elasticnet_no_corr_auto_k_smote,nested_cv_outputs_all_quad_concat_batch_smote_compare/Post1_Post2_Pre_T2/fs_method_comparison/mrmr_then_elasticnet_no_corr_auto_k_smote,mrmr_then_elasticnet_no_corr_auto_k,mrmr_then_elasticnet_no_corr,auto,True,46,3,1.2608695652173914
Post1_Post2_Pre_T2,Post1,Post2,Pre,T2,NaiveBayes,0.673897447868036,0.1317907495607501,0.6448317307692307,0.7109530928843674,0.1020088964577846,0.6902902773884221,0.5884986166966145,0.0611587086713002,0.5948275862068966,0.5854808590102707,0.076440370750243,0.5715144230769231,0.5681623931623931,0.1108951967004184,0.6,0.8058823529411765,0.1700803799388348,0.796875,0.6486257928118393,0.0991102544240566,0.6845637583892618,0.365079365079365,0.0992539568308792,0.3461538461538461,15.2,15.2,2.4,12,14.0,18,elasticnet_then_mrmr_auto_k_no_smote,nested_cv_outputs_all_quad_concat_batch_smote_compare/Post1_Post2_Pre_T2/fs_method_comparison/elasticnet_then_mrmr_auto_k_no_smote,elasticnet_then_mrmr_auto_k,elasticnet_then_mrmr,auto,False,41,4,1.853658536585366
Post1_Post2_Pre_T2,Post1,Post2,Pre,T2,NaiveBayes,0.6709617180205416,0.0660891311267752,0.6739783653846154,0.68829034397378,0.1812571070267944,0.7353514241774944,0.6039835334607303,0.0769299847018748,0.6206896551724138,0.5885760971055088,0.0276123628202666,0.6039663461538461,0.587012987012987,0.1550871465114436,0.6282051282051282,0.7192156862745098,0.1826895480663926,0.765625,0.6245344129554656,0.1527216616746303,0.6901408450704225,0.4579365079365079,0.1532301075520677,0.4423076923076923,11.6,11.6,6.248199740725324,4,16.0,18,mrmr_then_elasticnet_no_corr_auto_k_no_smote,nested_cv_outputs_all_quad_concat_batch_smote_compare/Post1_Post2_Pre_T2/fs_method_comparison/mrmr_then_elasticnet_no_corr_auto_k_no_smote,mrmr_then_elasticnet_no_corr_auto_k,mrmr_then_elasticnet_no_corr,auto,False,46,3,1.2608695652173914
Post1_Post2_Pre_T2,Post1,Post2,Pre,T2,LogisticRegression,0.6691230936819172,0.0926017559223332,0.65625,0.6917169286532382,0.1642106250182719,0.7163164343325719,0.5782835629331736,0.0728277897560149,0.5948275862068966,0.5962698412698414,0.0636645074047962,0.5931490384615384,0.6065742952699475,0.1831651952827458,0.639344262295082,0.5933333333333333,0.1740027884719136,0.609375,0.5666666666666667,0.1429840705968481,0.624,0.5992063492063492,0.1683587574253684,0.5769230769230769,11.6,11.6,6.248199740725324,4,16.0,18,mrmr_then_elasticnet_no_corr_auto_k_smote,nested_cv_outputs_all_quad_concat_batch_smote_compare/Post1_Post2_Pre_T2/fs_method_comparison/mrmr_then_elasticnet_no_corr_auto_k_smote,mrmr_then_elasticnet_no_corr_auto_k,mrmr_then_elasticnet_no_corr,auto,True,46,3,1.2608695652173914
Post1_Post2_Pre_T2,Post1,Post2,Pre,T2,LogisticRegression,0.6560932150638034,0.0878099154847355,0.6493389423076923,0.6882030841789031,0.1614847894374445,0.7139976953190509,0.5996097278077256,0.047619102052048,0.603448275862069,0.6065966386554622,0.0554911701540581,0.5991586538461539,0.6168243521184698,0.1655470657613279,0.640625,0.6250980392156863,0.1207078953570886,0.640625,0.5983006535947712,0.108277280227541,0.640625,0.5880952380952381,0.1577030259508482,0.5576923076923077,11.6,11.6,6.248199740725324,4,16.0,18,mrmr_then_elasticnet_no_corr_auto_k_no_smote,nested_cv_outputs_all_quad_concat_batch_smote_compare/Post1_Post2_Pre_T2/fs_method_comparison/mrmr_then_elasticnet_no_corr_auto_k_no_smote,mrmr_then_elasticnet_no_corr_auto_k,mrmr_then_elasticnet_no_corr,auto,False,46,3,1.2608695652173914
Post1_Post2_Pre_T2,Post1,Post2,Pre,T2,SVM_Linear,0.6533224400871459,0.0830601985746333,0.6349158653846154,0.6909099643959007,0.1658661026695695,0.6964679352685306,0.5559020944449198,0.0826249948786276,0.5689655172413793,0.5754668534080298,0.069050665048984,0.5625,0.5961904761904762,0.1950440382855838,0.6060606060606061,0.6215686274509804,0.1159352588164273,0.625,0.5773907318872193,0.118128269969217,0.6153846153846154,0.5293650793650794,0.2044725407096464,0.5,11.6,11.6,6.248199740725324,4,16.0,18,mrmr_then_elasticnet_no_corr_auto_k_smote,nested_cv_outputs_all_quad_concat_batch_smote_compare/Post1_Post2_Pre_T2/fs_method_comparison/mrmr_then_elasticnet_no_corr_auto_k_smote,mrmr_then_elasticnet_no_corr_auto_k,mrmr_then_elasticnet_no_corr,auto,True,46,3,1.2608695652173914
Post1_Post2_Pre_T2,Post1,Post2,Pre,T2,LightGBM,0.6503824307500778,0.0862367003751264,0.6524939903846154,0.6668193233347268,0.17328740635859,0.6855486513907527,0.571042373767624,0.0923227196460155,0.5948275862068966,0.583482726423903,0.0594927503596201,0.5895432692307692,0.5901754385964912,0.1766653600188617,0.6307692307692307,0.6415686274509803,0.10088725954645,0.640625,0.5929710902124696,0.1334825219284631,0.6356589147286822,0.5253968253968254,0.1100172917534187,0.5384615384615384,15.2,15.2,2.4,12,14.0,18,elasticnet_then_mrmr_auto_k_no_smote,nested_cv_outputs_all_quad_concat_batch_smote_compare/Post1_Post2_Pre_T2/fs_method_comparison/elasticnet_then_mrmr_auto_k_no_smote,elasticnet_then_mrmr_auto_k,elasticnet_then_mrmr,auto,False,41,4,1.853658536585366
Post1_Post2_Pre_T2,Post1,Post2,Pre,T2,SVM_Linear,0.6472790227201992,0.0775082042008643,0.6183894230769231,0.6825235858401224,0.1576167002925654,0.6817941056500206,0.592368538642176,0.0584837927360555,0.603448275862069,0.6251867413632118,0.0489112002109989,0.5919471153846154,0.6226190476190476,0.1653690986112889,0.625,0.7352941176470589,0.2185197131883142,0.703125,0.6279013256295204,0.0877704964047053,0.6617647058823529,0.5150793650793651,0.2226809324617529,0.4807692307692308,11.6,11.6,6.248199740725324,4,16.0,18,mrmr_then_elasticnet_no_corr_auto_k_no_smote,nested_cv_outputs_all_quad_concat_batch_smote_compare/Post1_Post2_Pre_T2/fs_method_comparison/mrmr_then_elasticnet_no_corr_auto_k_no_smote,mrmr_then_elasticnet_no_corr_auto_k,mrmr_then_elasticnet_no_corr,auto,False,46,3,1.2608695652173914
Post1_Post2_Pre_T2,Post1,Post2,Pre,T2,ExtraTrees,0.6281170245876128,0.0720217505572867,0.59765625,0.7260617505739492,0.1149468937400806,0.6932034908079834,0.5731140013119991,0.0839557226197769,0.5862068965517241,0.5988211951447245,0.0660270611579594,0.5853365384615384,0.6336363636363636,0.2113457687679715,0.6333333333333333,0.5980392156862745,0.0784313725490196,0.59375,0.581028431028431,0.1091069128497764,0.6129032258064516,0.5996031746031746,0.2039636217125773,0.5769230769230769,11.6,11.6,6.248199740725324,4,16.0,18,mrmr_then_elasticnet_no_corr_auto_k_no_smote,nested_cv_outputs_all_quad_concat_batch_smote_compare/Post1_Post2_Pre_T2/fs_method_comparison/mrmr_then_elasticnet_no_corr_auto_k_no_smote,mrmr_then_elasticnet_no_corr_auto_k,mrmr_then_elasticnet_no_corr,auto,False,46,3,1.2608695652173914
Post1_Post2_Pre_T2,Post1,Post2,Pre,T2,GradientBoosting,0.6210589791472145,0.1213857288389944,0.5698617788461537,0.6898032833611417,0.0627321648246826,0.6215943639369492,0.539176482891722,0.0403249368446831,0.5431034482758621,0.582156862745098,0.0541817253489027,0.5444711538461539,0.5888888888888889,0.1398853145779352,0.5964912280701754,0.5976470588235294,0.2202735009594061,0.53125,0.5464039408866995,0.0642296529991806,0.5619834710743802,0.5666666666666667,0.1433720877840437,0.5576923076923077,14.8,14.8,4.48998886412873,6,16.0,18,corr_mrmr_auto_k_no_smote,nested_cv_outputs_all_quad_concat_batch_smote_compare/Post1_Post2_Pre_T2/fs_method_comparison/corr_mrmr_auto_k_no_smote,corr_mrmr_auto_k,corr_mrmr,auto,False,53,3,1.3962264150943395
Post1_Post2_Pre_T2,Post1,Post2,Pre,T2,KNN,0.6188305322128851,0.1013220760166757,0.5984074519230769,0.6957789515314203,0.1091837156228213,0.6633608976321886,0.5673640227032885,0.1135230706167673,0.5775862068965517,0.5735644257703082,0.135990607427155,0.5811298076923077,0.6178966131907309,0.2618461173295454,0.6363636363636364,0.507843137254902,0.1074681537728998,0.546875,0.5417133520074697,0.1741436993252748,0.5882352941176471,0.6392857142857142,0.2049340976483336,0.6153846153846154,11.6,11.6,6.248199740725324,4,16.0,18,mrmr_then_elasticnet_no_corr_auto_k_smote,nested_cv_outputs_all_quad_concat_batch_smote_compare/Post1_Post2_Pre_T2/fs_method_comparison/mrmr_then_elasticnet_no_corr_auto_k_smote,mrmr_then_elasticnet_no_corr_auto_k,mrmr_then_elasticnet_no_corr,auto,True,46,3,1.2608695652173914
Post1_Post2_Pre_T2,Post1,Post2,Pre,T2,ExtraTrees,0.6129022720199191,0.1091674115140565,0.5925480769230769,0.7219239965434797,0.1228468393731781,0.6903379346885454,0.5292057651901924,0.0912462722905562,0.5344827586206896,0.5507959850606909,0.094032571236073,0.53125,0.5925490196078431,0.211730752543111,0.5806451612903226,0.5662745098039215,0.0960135835577694,0.5625,0.5421262457367935,0.1064098897537039,0.5714285714285714,0.5353174603174604,0.2397968296836491,0.5,11.6,11.6,6.248199740725324,4,16.0,18,mrmr_then_elasticnet_no_corr_auto_k_smote,nested_cv_outputs_all_quad_concat_batch_smote_compare/Post1_Post2_Pre_T2/fs_method_comparison/mrmr_then_elasticnet_no_corr_auto_k_smote,mrmr_then_elasticnet_no_corr_auto_k,mrmr_then_elasticnet_no_corr,auto,True,46,3,1.2608695652173914
Post1_Post2_Pre_T2,Post1,Post2,Pre,T2,XGBoost,0.6120385932150638,0.1275619913229179,0.6060697115384616,0.7030119199324172,0.1053461751510284,0.6926276289338092,0.5740599716684256,0.1138987396135686,0.5689655172413793,0.5728874883286648,0.107809128392081,0.5625,0.5706582633053221,0.1601331620897431,0.6060606060606061,0.6215686274509803,0.1474634955055934,0.625,0.5813442524717866,0.1395808104696612,0.6153846153846154,0.5242063492063492,0.1190899395676361,0.5,11.6,11.6,6.248199740725324,4,16.0,18,mrmr_then_elasticnet_no_corr_auto_k_no_smote,nested_cv_outputs_all_quad_concat_batch_smote_compare/Post1_Post2_Pre_T2/fs_method_comparison/mrmr_then_elasticnet_no_corr_auto_k_no_smote,mrmr_then_elasticnet_no_corr_auto_k,mrmr_then_elasticnet_no_corr,auto,False,46,3,1.2608695652173914
Post1_Post2_Pre_T2,Post1,Post2,Pre,T2,XGBoost,0.6053633675692499,0.1571873853651613,0.5877403846153847,0.6975317829293318,0.1145441013578793,0.6618655111255906,0.5564972476540886,0.1192993975485714,0.5517241379310345,0.5557446311858076,0.1135026527543178,0.5450721153846154,0.5547491723962312,0.1578796093123105,0.5909090909090909,0.6015686274509804,0.1679530517875974,0.609375,0.561111922022738,0.1453302015880677,0.6,0.5099206349206349,0.1406128830058645,0.4807692307692308,11.6,11.6,6.248199740725324,4,16.0,18,mrmr_then_elasticnet_no_corr_auto_k_smote,nested_cv_outputs_all_quad_concat_batch_smote_compare/Post1_Post2_Pre_T2/fs_method_comparison/mrmr_then_elasticnet_no_corr_auto_k_smote,mrmr_then_elasticnet_no_corr_auto_k,mrmr_then_elasticnet_no_corr,auto,True,46,3,1.2608695652173914
Post1_Post2_Pre_T2,Post1,Post2,Pre,T2,GradientBoosting,0.6047502334267041,0.1003993870336242,0.5923978365384615,0.6660519903027518,0.1779012248548756,0.6482865760979768,0.5729195782588441,0.087366043641713,0.5775862068965517,0.599673202614379,0.0814194552053301,0.5703125,0.5954474421347487,0.1527340228818239,0.6119402985074627,0.6882352941176471,0.1929555231394908,0.640625,0.6039215686274509,0.1016208511360779,0.6259541984732825,0.5111111111111112,0.141202944745987,0.5,15.2,15.2,2.4,12,14.0,18,elasticnet_then_mrmr_auto_k_smote,nested_cv_outputs_all_quad_concat_batch_smote_compare/Post1_Post2_Pre_T2/fs_method_comparison/elasticnet_then_mrmr_auto_k_smote,elasticnet_then_mrmr_auto_k,elasticnet_then_mrmr,auto,True,41,4,1.853658536585366
Post1_Post2_Pre_T2,Post1,Post2,Pre,T2,RandomForest,0.6044335511982571,0.0727164580732168,0.6177884615384615,0.7206790696762814,0.1099448007682725,0.730354832965284,0.568705018871871,0.0768260030730501,0.5775862068965517,0.5721428571428572,0.0660338749598713,0.5721153846153846,0.5839402427637721,0.1632472020168809,0.6153846153846154,0.6133333333333333,0.1208606837757316,0.625,0.5766386554621848,0.1244428583657358,0.6201550387596899,0.5309523809523811,0.1391131975530507,0.5192307692307693,11.6,11.6,6.248199740725324,4,16.0,18,mrmr_then_elasticnet_no_corr_auto_k_no_smote,nested_cv_outputs_all_quad_concat_batch_smote_compare/Post1_Post2_Pre_T2/fs_method_comparison/mrmr_then_elasticnet_no_corr_auto_k_no_smote,mrmr_then_elasticnet_no_corr_auto_k,mrmr_then_elasticnet_no_corr,auto,False,46,3,1.2608695652173914
Post1_Post2_Pre_T2,Post1,Post2,Pre,T2,SVM_RBF,0.5993012760659819,0.1413702079326348,0.567608173076923,0.6977362182387937,0.0375716674608606,0.6696114108826622,0.4734999952463801,0.1211011136047231,0.5086206896551724,0.4957679738562091,0.0177971407912226,0.4771634615384615,0.5102521319985168,0.1410852131674453,0.5376344086021505,0.7776470588235294,0.2871745186332679,0.78125,0.5694927536231884,0.1534209428900965,0.6369426751592356,0.2138888888888888,0.2681095224891923,0.173076923076923,14.8,14.8,4.48998886412873,6,16.0,18,corr_mrmr_auto_k_no_smote,nested_cv_outputs_all_quad_concat_batch_smote_compare/Post1_Post2_Pre_T2/fs_method_comparison/corr_mrmr_auto_k_no_smote,corr_mrmr_auto_k,corr_mrmr,auto,False,53,3,1.3962264150943395
Post1_Post2_Pre_T2,Post1,Post2,Pre,T2,ExtraTrees,0.5971420790538439,0.1462654977380233,0.5423677884615385,0.7048687217997861,0.0768120067481044,0.6638268819778459,0.5497423538024206,0.0705807847910214,0.5431034482758621,0.5923856209150327,0.0917737365908118,0.5498798076923077,0.6510683760683761,0.2174155536631434,0.6078431372549019,0.5458823529411765,0.2832925542266807,0.484375,0.5088792688792688,0.1345822553694921,0.5391304347826087,0.638888888888889,0.1956312984628779,0.6153846153846154,14.8,14.8,4.48998886412873,6,16.0,18,corr_mrmr_auto_k_smote,nested_cv_outputs_all_quad_concat_batch_smote_compare/Post1_Post2_Pre_T2/fs_method_comparison/corr_mrmr_auto_k_smote,corr_mrmr_auto_k,corr_mrmr,auto,True,53,3,1.3962264150943395
Post1_Post2_Pre_T2,Post1,Post2,Pre,T2,LogisticRegression,0.5946420790538438,0.1330693632083573,0.5615985576923078,0.6873203529835203,0.0465585644141449,0.649507837689838,0.5725036365192093,0.0949408293065273,0.5517241379310345,0.5757983193277312,0.081771694523678,0.5594951923076923,0.6087394957983193,0.0867894342851587,0.62,0.4992156862745097,0.1297772616422826,0.484375,0.5329040289951106,0.0799605563201289,0.543859649122807,0.6523809523809524,0.1372947057638735,0.6346153846153846,14.8,14.8,4.48998886412873,6,16.0,18,corr_mrmr_auto_k_smote,nested_cv_outputs_all_quad_concat_batch_smote_compare/Post1_Post2_Pre_T2/fs_method_comparison/corr_mrmr_auto_k_smote,corr_mrmr_auto_k,corr_mrmr,auto,True,53,3,1.3962264150943395
Post1_Post2_Pre_T2,Post1,Post2,Pre,T2,KNN,0.5913760504201682,0.0722158310346551,0.5686598557692307,0.6886258469278188,0.1097019190367487,0.6665713477613753,0.558424840516053,0.047393153150911,0.5603448275862069,0.5866479925303454,0.0592664195749538,0.5528846153846154,0.5896270086982162,0.1428241857927764,0.5970149253731343,0.6764705882352942,0.1704867852492875,0.625,0.5950163398692812,0.0598871255907768,0.6106870229007634,0.4968253968253968,0.1451621798300467,0.4807692307692308,11.6,11.6,6.248199740725324,4,16.0,18,mrmr_then_elasticnet_no_corr_auto_k_no_smote,nested_cv_outputs_all_quad_concat_batch_smote_compare/Post1_Post2_Pre_T2/fs_method_comparison/mrmr_then_elasticnet_no_corr_auto_k_no_smote,mrmr_then_elasticnet_no_corr_auto_k,mrmr_then_elasticnet_no_corr,auto,False,46,3,1.2608695652173914
Post1_Post2_Pre_T2,Post1,Post2,Pre,T2,GradientBoosting,0.5904652972300031,0.1374741369978598,0.6192908653846154,0.6868963140756066,0.13044949980287,0.6941691850284046,0.5939600505785155,0.0925491509709536,0.603448275862069,0.6016573295985062,0.0871533540844365,0.6009615384615384,0.616468253968254,0.1847557852311175,0.6451612903225806,0.6215686274509804,0.0889081101863108,0.625,0.5985407887495173,0.1251255924470656,0.6349206349206349,0.5817460317460318,0.1634920634920635,0.5769230769230769,11.6,11.6,6.248199740725324,4,16.0,18,mrmr_then_elasticnet_no_corr_auto_k_smote,nested_cv_outputs_all_quad_concat_batch_smote_compare/Post1_Post2_Pre_T2/fs_method_comparison/mrmr_then_elasticnet_no_corr_auto_k_smote,mrmr_then_elasticnet_no_corr_auto_k,mrmr_then_elasticnet_no_corr,auto,True,46,3,1.2608695652173914
Post1_Post2_Pre_T2,Post1,Post2,Pre,T2,LogisticRegression,0.5874159663865546,0.1001429290340687,0.5667067307692307,0.6972197849686894,0.0334560671490705,0.6700303350218706,0.5767181959061826,0.0923391384441157,0.5517241379310345,0.5774649859943978,0.0801894892713884,0.5576923076923077,0.6093455564043799,0.0816994306262015,0.6153846153846154,0.5192156862745098,0.1023401689874952,0.5,0.5492003252914068,0.0546544287019011,0.5517241379310345,0.6357142857142857,0.1292554799145145,0.6153846153846154,14.8,14.8,4.48998886412873,6,16.0,18,corr_mrmr_auto_k_no_smote,nested_cv_outputs_all_quad_concat_batch_smote_compare/Post1_Post2_Pre_T2/fs_method_comparison/corr_mrmr_auto_k_no_smote,corr_mrmr_auto_k,corr_mrmr,auto,False,53,3,1.3962264150943395
Post1_Post2_Pre_T2,Post1,Post2,Pre,T2,NaiveBayes,0.5855812324929973,0.0710484351160891,0.5555889423076923,0.640401143650642,0.1130835131447437,0.6369484960299414,0.5361964385879847,0.0846472235094475,0.5431034482758621,0.5550887021475257,0.07139389227903,0.5282451923076923,0.5695238095238094,0.1531705731849167,0.5733333333333334,0.711764705882353,0.1788080488655372,0.671875,0.5951436850043661,0.0892541031413278,0.6187050359712231,0.3984126984126984,0.2252989950892116,0.3846153846153846,14.8,14.8,4.48998886412873,6,16.0,18,corr_mrmr_auto_k_no_smote,nested_cv_outputs_all_quad_concat_batch_smote_compare/Post1_Post2_Pre_T2/fs_method_comparison/corr_mrmr_auto_k_no_smote,corr_mrmr_auto_k,corr_mrmr,auto,False,53,3,1.3962264150943395
Post1_Post2_Pre_T2,Post1,Post2,Pre,T2,SVM_RBF,0.5805501089324618,0.1568851998422199,0.5600961538461539,0.6618794990909397,0.141062809515023,0.6496899679485497,0.5417581738493863,0.0728334865330862,0.5517241379310345,0.5486601307189543,0.0593187577764067,0.5324519230769231,0.5633137829912023,0.1822294185758367,0.575,0.7250980392156863,0.1929571171479678,0.71875,0.5994653679653681,0.1305721526535943,0.6388888888888888,0.3722222222222222,0.25915341754868,0.3461538461538461,11.6,11.6,6.248199740725324,4,16.0,18,mrmr_then_elasticnet_no_corr_auto_k_no_smote,nested_cv_outputs_all_quad_concat_batch_smote_compare/Post1_Post2_Pre_T2/fs_method_comparison/mrmr_then_elasticnet_no_corr_auto_k_no_smote,mrmr_then_elasticnet_no_corr_auto_k,mrmr_then_elasticnet_no_corr,auto,False,46,3,1.2608695652173914
Post1_Post2_Pre_T2,Post1,Post2,Pre,T2,SVM_Linear,0.5803828197945845,0.1613726124984768,0.5151742788461539,0.6776295300335404,0.0631837288708641,0.6001170156614368,0.4934262190658185,0.0486857104325511,0.5,0.5279785247432306,0.0641665844250763,0.4909855769230769,0.5482983682983682,0.1312923814541393,0.5441176470588235,0.6329411764705882,0.2387278858034972,0.578125,0.5350402504472273,0.0664780166300338,0.5606060606060606,0.423015873015873,0.24212983738207,0.4038461538461538,14.8,14.8,4.48998886412873,6,16.0,18,corr_mrmr_auto_k_no_smote,nested_cv_outputs_all_quad_concat_batch_smote_compare/Post1_Post2_Pre_T2/fs_method_comparison/corr_mrmr_auto_k_no_smote,corr_mrmr_auto_k,corr_mrmr,auto,False,53,3,1.3962264150943395
Post1_Post2_Pre_T2,Post1,Post2,Pre,T2,SVM_RBF,0.5787239340180517,0.1564251944559238,0.5745192307692307,0.6591798200290315,0.146493847259831,0.659879142638343,0.5390700018063755,0.0642892519303323,0.5344827586206896,0.5722222222222222,0.0582226940001018,0.5528846153846154,0.4867132867132867,0.301830193927978,0.631578947368421,0.4333333333333333,0.2268416449251697,0.375,0.4328851540616246,0.2309903585770565,0.4705882352941176,0.711111111111111,0.1880701208867861,0.7307692307692307,11.6,11.6,6.248199740725324,4,16.0,18,mrmr_then_elasticnet_no_corr_auto_k_smote,nested_cv_outputs_all_quad_concat_batch_smote_compare/Post1_Post2_Pre_T2/fs_method_comparison/mrmr_then_elasticnet_no_corr_auto_k_smote,mrmr_then_elasticnet_no_corr_auto_k,mrmr_then_elasticnet_no_corr,auto,True,46,3,1.2608695652173914
Post1_Post2_Pre_T2,Post1,Post2,Pre,T2,GradientBoosting,0.5766265950824774,0.1306919847096191,0.5641526442307693,0.6736201578872997,0.1214357604868343,0.6268712506220272,0.5378530751167013,0.1267321474044708,0.5517241379310345,0.5544607843137255,0.1314565139927515,0.5306490384615384,0.5424388572633354,0.1629587407369283,0.573170731707317,0.7505882352941177,0.2455866502238387,0.734375,0.5996739844263064,0.1460810356484408,0.6438356164383562,0.3583333333333333,0.2134374745810949,0.3269230769230769,11.6,11.6,6.248199740725324,4,16.0,18,mrmr_then_elasticnet_no_corr_auto_k_no_smote,nested_cv_outputs_all_quad_concat_batch_smote_compare/Post1_Post2_Pre_T2/fs_method_comparison/mrmr_then_elasticnet_no_corr_auto_k_no_smote,mrmr_then_elasticnet_no_corr_auto_k,mrmr_then_elasticnet_no_corr,auto,False,46,3,1.2608695652173914
Post1_Post2_Pre_T2,Post1,Post2,Pre,T2,LightGBM,0.5764791472144414,0.1146998449685722,0.5643028846153846,0.6735611799697484,0.1094991356899025,0.6668772832542122,0.5287608263692801,0.0985857768546152,0.5344827586206896,0.5516806722689076,0.0800762270324736,0.5348557692307692,0.5657894736842105,0.1868916440885175,0.5862068965517241,0.5509803921568627,0.1417200862713149,0.53125,0.5286061117180662,0.1381326177191867,0.5573770491803278,0.5523809523809524,0.1525668508914361,0.5384615384615384,11.6,11.6,6.248199740725324,4,16.0,18,mrmr_then_elasticnet_no_corr_auto_k_no_smote,nested_cv_outputs_all_quad_concat_batch_smote_compare/Post1_Post2_Pre_T2/fs_method_comparison/mrmr_then_elasticnet_no_corr_auto_k_no_smote,mrmr_then_elasticnet_no_corr_auto_k,mrmr_then_elasticnet_no_corr,auto,False,46,3,1.2608695652173914
Post1_Post2_Pre_T2,Post1,Post2,Pre,T2,ExtraTrees,0.5764760348583878,0.1597287319417777,0.5324519230769231,0.6938265446807932,0.0826613585426408,0.6362845624125057,0.5762732570852704,0.092707002568874,0.5517241379310345,0.5972852474323063,0.1240170116083972,0.5540865384615384,0.6182539682539682,0.0966300397157106,0.6071428571428571,0.5894117647058824,0.2308521898618548,0.53125,0.5655913978494623,0.0869513058451646,0.5666666666666667,0.6051587301587301,0.1557558639051561,0.5769230769230769,14.8,14.8,4.48998886412873,6,16.0,18,corr_mrmr_auto_k_no_smote,nested_cv_outputs_all_quad_concat_batch_smote_compare/Post1_Post2_Pre_T2/fs_method_comparison/corr_mrmr_auto_k_no_smote,corr_mrmr_auto_k,corr_mrmr,auto,False,53,3,1.3962264150943395
Post1_Post2_Pre_T2,Post1,Post2,Pre,T2,NaiveBayes,0.5753688141923436,0.0596777716274863,0.5462740384615384,0.6250484702805171,0.1087122501878469,0.615060457324434,0.5268774421722141,0.069767964164017,0.5431034482758621,0.54687441643324,0.0433648231799725,0.5300480769230769,0.550952380952381,0.1342958456157891,0.5753424657534246,0.691764705882353,0.2050436699203232,0.65625,0.5777126793380664,0.1027768060862346,0.6131386861313869,0.401984126984127,0.1727790719669213,0.4038461538461538,14.8,14.8,4.48998886412873,6,16.0,18,corr_mrmr_auto_k_smote,nested_cv_outputs_all_quad_concat_batch_smote_compare/Post1_Post2_Pre_T2/fs_method_comparison/corr_mrmr_auto_k_smote,corr_mrmr_auto_k,corr_mrmr,auto,True,53,3,1.3962264150943395
Post1_Post2_Pre_T2,Post1,Post2,Pre,T2,RandomForest,0.5719102085278556,0.1174088883207392,0.5709134615384615,0.6875024750346598,0.1284223242943431,0.6876904277557501,0.5077203540496088,0.0970894969996312,0.5086206896551724,0.5032469654528477,0.1157282286964934,0.5060096153846154,0.5512971342383108,0.2296973618522862,0.5573770491803278,0.487843137254902,0.1160307268164416,0.53125,0.4974810104221869,0.1522043661681317,0.544,0.5186507936507937,0.2247923932330219,0.4807692307692308,11.6,11.6,6.248199740725324,4,16.0,18,mrmr_then_elasticnet_no_corr_auto_k_smote,nested_cv_outputs_all_quad_concat_batch_smote_compare/Post1_Post2_Pre_T2/fs_method_comparison/mrmr_then_elasticnet_no_corr_auto_k_smote,mrmr_then_elasticnet_no_corr_auto_k,mrmr_then_elasticnet_no_corr,auto,True,46,3,1.2608695652173914
Post1_Post2_Pre_T2,Post1,Post2,Pre,T2,SVM_Linear,0.571462029256147,0.1386178446346112,0.5492788461538461,0.6688523310113965,0.0650398973507697,0.6348372045656945,0.5343515587119592,0.0691582686755606,0.5172413793103449,0.5668113912231559,0.1075258249066815,0.5228365384615384,0.5700581771170006,0.0876454223965697,0.5769230769230769,0.5423529411764706,0.2467336796031685,0.46875,0.5147712418300653,0.081068518834612,0.5172413793103449,0.5912698412698413,0.1094547746543448,0.5769230769230769,14.8,14.8,4.48998886412873,6,16.0,18,corr_mrmr_auto_k_smote,nested_cv_outputs_all_quad_concat_batch_smote_compare/Post1_Post2_Pre_T2/fs_method_comparison/corr_mrmr_auto_k_smote,corr_mrmr_auto_k,corr_mrmr,auto,True,53,3,1.3962264150943395
Post1_Post2_Pre_T2,Post1,Post2,Pre,T2,RandomForest,0.5663562091503268,0.1362334423472796,0.5336538461538461,0.69467635097563,0.0741403669493578,0.6303371349605842,0.5552979093579761,0.0891485999901742,0.5517241379310345,0.5777917833800187,0.0864249787286758,0.5558894230769231,0.630989010989011,0.2419144350584042,0.6111111111111112,0.5309803921568628,0.158454667283757,0.515625,0.5314228514228514,0.1239702401864057,0.559322033898305,0.6246031746031745,0.2074998444267798,0.5961538461538461,14.8,14.8,4.48998886412873,6,16.0,18,corr_mrmr_auto_k_smote,nested_cv_outputs_all_quad_concat_batch_smote_compare/Post1_Post2_Pre_T2/fs_method_comparison/corr_mrmr_auto_k_smote,corr_mrmr_auto_k,corr_mrmr,auto,True,53,3,1.3962264150943395
Post1_Post2_Pre_T2,Post1,Post2,Pre,T2,XGBoost,0.560836445689387,0.0883742590960572,0.5369591346153846,0.6560929250789982,0.0699570833493442,0.6389594823302047,0.5199281252673911,0.0546189782029571,0.5258620689655172,0.5378408029878619,0.0491490822678663,0.5252403846153846,0.5483849483849483,0.1460269907352155,0.576271186440678,0.5427450980392157,0.1465344900897109,0.53125,0.518578799941029,0.0992832944657338,0.5528455284552846,0.5329365079365079,0.0960907597762994,0.5192307692307693,14.8,14.8,4.48998886412873,6,16.0,18,corr_mrmr_auto_k_no_smote,nested_cv_outputs_all_quad_concat_batch_smote_compare/Post1_Post2_Pre_T2/fs_method_comparison/corr_mrmr_auto_k_no_smote,corr_mrmr_auto_k,corr_mrmr,auto,False,53,3,1.3962264150943395
Post1_Post2_Pre_T2,Post1,Post2,Pre,T2,LightGBM,0.5536725801431683,0.0865291574412087,0.5315504807692307,0.6422232322822711,0.1465293742446427,0.643662673077463,0.5154126617419166,0.0973014810659626,0.5086206896551724,0.5226120448179272,0.116489909270131,0.5060096153846154,0.5391812865497077,0.1643118762227168,0.5573770491803278,0.5345098039215685,0.125107258864881,0.53125,0.5161056376573618,0.1081532127779544,0.544,0.5107142857142858,0.2056750280981373,0.4807692307692308,14.8,14.8,4.48998886412873,6,16.0,18,corr_mrmr_auto_k_no_smote,nested_cv_outputs_all_quad_concat_batch_smote_compare/Post1_Post2_Pre_T2/fs_method_comparison/corr_mrmr_auto_k_no_smote,corr_mrmr_auto_k,corr_mrmr,auto,False,53,3,1.3962264150943395
Post1_Post2_Pre_T2,Post1,Post2,Pre,T2,GradientBoosting,0.5533761282290695,0.1102071852648142,0.5199819711538461,0.6554079468495326,0.1148980055059997,0.5893944531995043,0.517649715258169,0.0915585945224454,0.5258620689655172,0.5509477124183007,0.0935344357684745,0.5306490384615384,0.5809803921568627,0.2122612189432676,0.5849056603773585,0.5074509803921569,0.1164276675389082,0.484375,0.5064662855737907,0.1107978799396361,0.5299145299145299,0.5944444444444444,0.1984507899943527,0.5769230769230769,14.8,14.8,4.48998886412873,6,16.0,18,corr_mrmr_auto_k_smote,nested_cv_outputs_all_quad_concat_batch_smote_compare/Post1_Post2_Pre_T2/fs_method_comparison/corr_mrmr_auto_k_smote,corr_mrmr_auto_k,corr_mrmr,auto,True,53,3,1.3962264150943395
Post1_Post2_Pre_T2,Post1,Post2,Pre,T2,LightGBM,0.5502699968876439,0.1511449682850319,0.5310997596153846,0.6361622613960914,0.1073101598395853,0.5888357965208961,0.5004791648840593,0.085437850874543,0.5,0.4894771241830066,0.1055155127512488,0.4981971153846154,0.5222222222222224,0.1870168672659643,0.55,0.467843137254902,0.1311212111397888,0.515625,0.4771495140460658,0.1422452084369518,0.532258064516129,0.5111111111111111,0.2308064230871221,0.4807692307692308,11.6,11.6,6.248199740725324,4,16.0,18,mrmr_then_elasticnet_no_corr_auto_k_smote,nested_cv_outputs_all_quad_concat_batch_smote_compare/Post1_Post2_Pre_T2/fs_method_comparison/mrmr_then_elasticnet_no_corr_auto_k_smote,mrmr_then_elasticnet_no_corr_auto_k,mrmr_then_elasticnet_no_corr,auto,True,46,3,1.2608695652173914
Post1_Post2_Pre_T2,Post1,Post2,Pre,T2,RandomForest,0.545083255524432,0.1057028529993092,0.544170673076923,0.6651582260533562,0.0975646063924239,0.6520735086316441,0.5381801241645514,0.0652781911513928,0.5344827586206896,0.5568884220354808,0.0679527011872637,0.5348557692307692,0.5891708291708292,0.1858917007170697,0.5862068965517241,0.5427450980392157,0.1417331074268425,0.53125,0.5287912087912088,0.1031114645947541,0.5573770491803278,0.571031746031746,0.1995617521473767,0.5384615384615384,14.8,14.8,4.48998886412873,6,16.0,18,corr_mrmr_auto_k_no_smote,nested_cv_outputs_all_quad_concat_batch_smote_compare/Post1_Post2_Pre_T2/fs_method_comparison/corr_mrmr_auto_k_no_smote,corr_mrmr_auto_k,corr_mrmr,auto,False,53,3,1.3962264150943395
Post1_Post2_Pre_T2,Post1,Post2,Pre,T2,KNN,0.5333123249299719,0.129496879442822,0.4989483173076922,0.623289923849795,0.0945392793934218,0.5684117988838745,0.508937280739283,0.0997370626002276,0.4827586206896552,0.4890429505135387,0.1112522873409676,0.484375,0.5628851540616246,0.2453893426965778,0.5357142857142857,0.4407843137254902,0.1250629983501295,0.46875,0.4684128622209116,0.1194265469478672,0.5,0.5373015873015873,0.2954854741047409,0.5,14.8,14.8,4.48998886412873,6,16.0,18,corr_mrmr_auto_k_smote,nested_cv_outputs_all_quad_concat_batch_smote_compare/Post1_Post2_Pre_T2/fs_method_comparison/corr_mrmr_auto_k_smote,corr_mrmr_auto_k,corr_mrmr,auto,True,53,3,1.3962264150943395
Post1_Post2_Pre_T2,Post1,Post2,Pre,T2,XGBoost,0.5171848739495799,0.0834777684720608,0.5333533653846153,0.6115633651789465,0.156648642432684,0.6314476930674302,0.5275201315801984,0.0818449222696816,0.5258620689655172,0.5380182072829132,0.0932092581042265,0.5234375,0.5484848484848486,0.1584474722715318,0.5737704918032787,0.5462745098039214,0.1605430997883678,0.546875,0.5227633477633477,0.1136099284398871,0.56,0.5297619047619048,0.1671101431679402,0.5,14.8,14.8,4.48998886412873,6,16.0,18,corr_mrmr_auto_k_smote,nested_cv_outputs_all_quad_concat_batch_smote_compare/Post1_Post2_Pre_T2/fs_method_comparison/corr_mrmr_auto_k_smote,corr_mrmr_auto_k,corr_mrmr,auto,True,53,3,1.3962264150943395
Post1_Post2_Pre_T2,Post1,Post2,Pre,T2,LightGBM,0.5137768440709618,0.0730363478161791,0.544170673076923,0.6449489688745217,0.0843718654096977,0.6481515202914838,0.5215196372037306,0.0875342981964137,0.5258620689655172,0.5341993464052287,0.089976756886826,0.5234375,0.5449238480817428,0.1623816400540358,0.5737704918032787,0.5545098039215686,0.1271846387490164,0.546875,0.5282843137254901,0.1151753840402192,0.56,0.513888888888889,0.1210805262094631,0.5,14.8,14.8,4.48998886412873,6,16.0,18,corr_mrmr_auto_k_smote,nested_cv_outputs_all_quad_concat_batch_smote_compare/Post1_Post2_Pre_T2/fs_method_comparison/corr_mrmr_auto_k_smote,corr_mrmr_auto_k,corr_mrmr,auto,True,53,3,1.3962264150943395
Post1_Post2_Pre_T2,Post1,Post2,Pre,T2,KNN,0.4972432306255836,0.126948737825611,0.4508713942307693,0.6122614936621351,0.1031873861414047,0.5399682086817481,0.4440627287679568,0.1169374637003895,0.4568965517241379,0.4401027077497665,0.1113028214931093,0.4483173076923077,0.4895042016806723,0.1970675140976647,0.5074626865671642,0.496078431372549,0.1720134290153828,0.53125,0.4695413518942931,0.1692029160116506,0.5190839694656488,0.3841269841269842,0.2384045609754091,0.3653846153846153,14.8,14.8,4.48998886412873,6,16.0,18,corr_mrmr_auto_k_no_smote,nested_cv_outputs_all_quad_concat_batch_smote_compare/Post1_Post2_Pre_T2/fs_method_comparison/corr_mrmr_auto_k_no_smote,corr_mrmr_auto_k,corr_mrmr,auto,False,53,3,1.3962264150943395
Post1_Post2_Pre_T2,Post1,Post2,Pre,T2,SVM_RBF,0.4678618113912232,0.0479842243590876,0.4758112980769231,0.5463080909321072,0.1612977315130807,0.5813276583144971,0.4445666124754,0.1012458038373189,0.4655172413793103,0.5179084967320262,0.0162042080806142,0.4831730769230769,0.4334615384615384,0.2656954701161401,0.5263157894736842,0.4247058823529411,0.3331385820929373,0.3125,0.36,0.1959591794226542,0.392156862745098,0.611111111111111,0.3365584717969102,0.6538461538461539,14.8,14.8,4.48998886412873,6,16.0,18,corr_mrmr_auto_k_smote,nested_cv_outputs_all_quad_concat_batch_smote_compare/Post1_Post2_Pre_T2/fs_method_comparison/corr_mrmr_auto_k_smote,corr_mrmr_auto_k,corr_mrmr,auto,True,53,3,1.3962264150943395
