Triple_Tag,Dataset_A,Dataset_B,Dataset_C,Model,Mean_AUC,Std_AUC,Pooled_AUC,Mean_PR_AUC,Std_PR_AUC,Pooled_PR_AUC,Mean_Acc,Std_Acc,Pooled_Acc,Mean_Bal_Acc,Std_Bal_Acc,Pooled_Bal_Acc,Mean_Prec,Std_Prec,Pooled_Prec,Mean_Rec,Std_Rec,Pooled_Rec,Mean_F1,Std_F1,Pooled_F1,Mean_Specificity,Std_Specificity,Pooled_Specificity,Avg_Features,Mean_Selected_K,Std_Selected_K,Min_Selected_K,Median_Selected_K,Max_Selected_K,Run_Name,Run_Dir,Experiment_ID,FS_METHOD,FS_N_FEATURES,USE_SMOTE,N_Unique_Selected_Features,Max_Selection_Count,Mean_Selection_Count
ADC_Post1_Post2,ADC,Post1,Post2,LogisticRegression,0.7971031746031746,0.0754809054992462,0.7904761904761903,0.8365358301840746,0.1218226059865871,0.8405974757837662,0.7325210084033613,0.1347571973301072,0.7168141592920354,0.7261904761904763,0.1419157696096356,0.7192063492063492,0.79,0.1356465996625053,0.7719298245614035,0.7304761904761904,0.1558642870862792,0.6984126984126984,0.7481845402737898,0.1329298329297068,0.7333333333333333,0.7219047619047619,0.2249837484682614,0.74,7.6,7.6,5.425863986500215,4,4.0,18,elasticnet_then_mrmr_auto_k_smote,nested_cv_outputs_all_triple_concat_batch_smote_compare/ADC_Post1_Post2/fs_method_comparison/elasticnet_then_mrmr_auto_k_smote,elasticnet_then_mrmr_auto_k,elasticnet_then_mrmr,auto,True,22,3,1.7272727272727273
ADC_Post1_Post2,ADC,Post1,Post2,SVM_Linear,0.7962301587301587,0.0725133674612441,0.7860317460317461,0.8297815055165048,0.1117622644735178,0.8272170904063334,0.7639495798319329,0.0965916684374856,0.7522123893805309,0.7611904761904762,0.1031405316147768,0.7509523809523809,0.8032967032967033,0.1243458915148627,0.7868852459016393,0.7838095238095237,0.0933646421949685,0.7619047619047619,0.7864440699140806,0.0874787959009583,0.7741935483870968,0.7385714285714287,0.1663289094608901,0.74,7.6,7.6,5.425863986500215,4,4.0,18,elasticnet_then_mrmr_auto_k_smote,nested_cv_outputs_all_triple_concat_batch_smote_compare/ADC_Post1_Post2/fs_method_comparison/elasticnet_then_mrmr_auto_k_smote,elasticnet_then_mrmr_auto_k,elasticnet_then_mrmr,auto,True,22,3,1.7272727272727273
ADC_Post1_Post2,ADC,Post1,Post2,SVM_RBF,0.7960714285714285,0.0737000382714924,0.773968253968254,0.8334870787451519,0.1141573494698828,0.8195294706800147,0.7617086834733893,0.0868974924561593,0.7522123893805309,0.761468253968254,0.0903891603144047,0.7509523809523809,0.7968253968253969,0.0836313642686951,0.7868852459016393,0.7926984126984127,0.1254615063242945,0.7619047619047619,0.7849206349206349,0.0753090550112791,0.7741935483870968,0.7302380952380952,0.139353056573644,0.74,7.6,7.6,5.425863986500215,4,4.0,18,elasticnet_then_mrmr_auto_k_smote,nested_cv_outputs_all_triple_concat_batch_smote_compare/ADC_Post1_Post2/fs_method_comparison/elasticnet_then_mrmr_auto_k_smote,elasticnet_then_mrmr_auto_k,elasticnet_then_mrmr,auto,True,22,3,1.7272727272727273
ADC_Post1_Post2,ADC,Post1,Post2,SVM_Linear,0.7951587301587301,0.0799874013763215,0.7587301587301587,0.8343374787537441,0.1204902747151866,0.7888610417875377,0.7371848739495798,0.0865138192151381,0.7256637168141593,0.7360714285714286,0.0785666585051967,0.7147619047619047,0.7503908999497234,0.129306102812889,0.7285714285714285,0.8347619047619048,0.1135030519710916,0.8095238095238095,0.7757066935042463,0.079814081039864,0.7669172932330827,0.6373809523809524,0.172223026843267,0.62,7.6,7.6,5.425863986500215,4,4.0,18,elasticnet_then_mrmr_auto_k_no_smote,nested_cv_outputs_all_triple_concat_batch_smote_compare/ADC_Post1_Post2/fs_method_comparison/elasticnet_then_mrmr_auto_k_no_smote,elasticnet_then_mrmr_auto_k,elasticnet_then_mrmr,auto,False,22,3,1.7272727272727273
ADC_Post1_Post2,ADC,Post1,Post2,LogisticRegression,0.7925793650793651,0.0746326773815047,0.7885714285714286,0.8379234296875827,0.1246095867987677,0.841708478469847,0.7075210084033613,0.1406611270125244,0.6902654867256637,0.7035714285714286,0.144135374904344,0.6892063492063492,0.7605128205128204,0.159746676514606,0.7333333333333333,0.7304761904761904,0.1558642870862792,0.6984126984126984,0.7309118130010624,0.1392598274176668,0.7154471544715447,0.6766666666666666,0.2341889076033373,0.68,7.6,7.6,5.425863986500215,4,4.0,18,elasticnet_then_mrmr_auto_k_no_smote,nested_cv_outputs_all_triple_concat_batch_smote_compare/ADC_Post1_Post2/fs_method_comparison/elasticnet_then_mrmr_auto_k_no_smote,elasticnet_then_mrmr_auto_k,elasticnet_then_mrmr,auto,False,22,3,1.7272727272727273
ADC_Post1_Post2,ADC,Post1,Post2,SVM_RBF,0.7886507936507936,0.0656410142849865,0.7603174603174603,0.8294065938008227,0.1139201706934269,0.8114057086737088,0.7182773109243696,0.0741343661472232,0.7079646017699115,0.718015873015873,0.058945123537179,0.6988888888888889,0.735406162464986,0.1102852879841252,0.7205882352941176,0.8069841269841269,0.1278959327520327,0.7777777777777778,0.7544511145237098,0.075713470761232,0.7480916030534351,0.6290476190476191,0.1429079274811634,0.62,7.6,7.6,5.425863986500215,4,4.0,18,elasticnet_then_mrmr_auto_k_no_smote,nested_cv_outputs_all_triple_concat_batch_smote_compare/ADC_Post1_Post2/fs_method_comparison/elasticnet_then_mrmr_auto_k_no_smote,elasticnet_then_mrmr_auto_k,elasticnet_then_mrmr,auto,False,22,3,1.7272727272727273
ADC_Post1_Post2,ADC,Post1,Post2,LogisticRegression,0.7868253968253968,0.0724679232434526,0.7660317460317461,0.8292216714668801,0.0883395374220052,0.8143951537541139,0.6960364145658263,0.0596660616894377,0.6902654867256637,0.6944444444444444,0.0582341776858165,0.6933333333333334,0.7514996114996115,0.048181627095133,0.75,0.6884126984126985,0.0980633841536452,0.6666666666666666,0.7118416347381864,0.0523415702906612,0.7058823529411765,0.7004761904761905,0.1104145969514658,0.72,10.4,10.4,4.6303347611160905,4,12.0,16,corr_mrmr_auto_k_smote,nested_cv_outputs_all_triple_concat_batch_smote_compare/ADC_Post1_Post2/fs_method_comparison/corr_mrmr_auto_k_smote,corr_mrmr_auto_k,corr_mrmr,auto,True,38,3,1.368421052631579
ADC_Post1_Post2,ADC,Post1,Post2,NaiveBayes,0.7864285714285714,0.053635998711432,0.72,0.8313475418760955,0.0519690006097726,0.7548024412830032,0.6928011204481793,0.0718958516727358,0.6814159292035398,0.6870238095238095,0.0888753887140461,0.6812698412698412,0.7719444444444445,0.1510927276399463,0.7288135593220338,0.7157142857142856,0.2036962549314951,0.6825396825396826,0.704940148087207,0.1014913775941672,0.7049180327868853,0.6583333333333333,0.2962731472438529,0.68,7.6,7.6,3.878143885933063,4,6.0,14,mrmr_then_elasticnet_no_corr_auto_k_no_smote,nested_cv_outputs_all_triple_concat_batch_smote_compare/ADC_Post1_Post2/fs_method_comparison/mrmr_then_elasticnet_no_corr_auto_k_no_smote,mrmr_then_elasticnet_no_corr_auto_k,mrmr_then_elasticnet_no_corr,auto,False,29,4,1.3103448275862069
ADC_Post1_Post2,ADC,Post1,Post2,SVM_RBF,0.7837698412698414,0.0699129772575512,0.76,0.8383440077417299,0.0888761591654701,0.8191333968718876,0.7117086834733893,0.1177324570005913,0.6991150442477876,0.7244047619047619,0.1149808007021534,0.7033333333333334,0.7820202020202021,0.1850293314162334,0.7636363636363637,0.6928571428571428,0.1938458554404859,0.6666666666666666,0.7129019129019128,0.1483728566374158,0.711864406779661,0.7559523809523809,0.1573051110396088,0.74,7.6,7.6,3.878143885933063,4,6.0,14,mrmr_then_elasticnet_no_corr_auto_k_smote,nested_cv_outputs_all_triple_concat_batch_smote_compare/ADC_Post1_Post2/fs_method_comparison/mrmr_then_elasticnet_no_corr_auto_k_smote,mrmr_then_elasticnet_no_corr_auto_k,mrmr_then_elasticnet_no_corr,auto,True,29,4,1.3103448275862069
ADC_Post1_Post2,ADC,Post1,Post2,KNN,0.781765873015873,0.0860681810916337,0.7477777777777777,0.7942389373366817,0.1413002269709973,0.7675825047816658,0.6790896358543417,0.1246326082544464,0.6637168141592921,0.6924206349206349,0.1111488314657675,0.6612698412698412,0.7435987215398979,0.1512788872067185,0.7049180327868853,0.7250793650793651,0.1773731222305,0.6825396825396826,0.7059829059829059,0.1261616182618625,0.6935483870967742,0.6597619047619048,0.2103290802420455,0.64,7.6,7.6,5.425863986500215,4,4.0,18,elasticnet_then_mrmr_auto_k_smote,nested_cv_outputs_all_triple_concat_batch_smote_compare/ADC_Post1_Post2/fs_method_comparison/elasticnet_then_mrmr_auto_k_smote,elasticnet_then_mrmr_auto_k,elasticnet_then_mrmr,auto,True,22,3,1.7272727272727273
ADC_Post1_Post2,ADC,Post1,Post2,LogisticRegression,0.7773015873015873,0.073696961446726,0.7565079365079365,0.8283830077799191,0.0871250274183597,0.80910013080489,0.6828011204481792,0.0736548429956348,0.672566371681416,0.6887698412698413,0.073027474923664,0.6774603174603174,0.7566239316239316,0.1181421057992677,0.7407407407407407,0.6606349206349206,0.1139518934182554,0.6349206349206349,0.6919786096256685,0.0816022782320479,0.6837606837606838,0.7169047619047618,0.1507133453668099,0.72,10.4,10.4,4.6303347611160905,4,12.0,16,corr_mrmr_auto_k_no_smote,nested_cv_outputs_all_triple_concat_batch_smote_compare/ADC_Post1_Post2/fs_method_comparison/corr_mrmr_auto_k_no_smote,corr_mrmr_auto_k,corr_mrmr,auto,False,38,3,1.368421052631579
ADC_Post1_Post2,ADC,Post1,Post2,SVM_RBF,0.7743253968253968,0.0740669686690404,0.7507936507936508,0.8331580108658466,0.0942524392084998,0.8130988296916959,0.723375350140056,0.1194615509289509,0.7079646017699115,0.7389285714285714,0.0970541469109005,0.7030158730158731,0.7808239962651727,0.1846598526051633,0.734375,0.7814285714285714,0.1729005003416489,0.746031746031746,0.7479446479446479,0.122411189700222,0.7401574803149606,0.6964285714285714,0.2248708372022399,0.66,7.6,7.6,3.878143885933063,4,6.0,14,mrmr_then_elasticnet_no_corr_auto_k_no_smote,nested_cv_outputs_all_triple_concat_batch_smote_compare/ADC_Post1_Post2/fs_method_comparison/mrmr_then_elasticnet_no_corr_auto_k_no_smote,mrmr_then_elasticnet_no_corr_auto_k,mrmr_then_elasticnet_no_corr,auto,False,29,4,1.3103448275862069
ADC_Post1_Post2,ADC,Post1,Post2,RandomForest,0.7717857142857143,0.0484992071219602,0.7371428571428571,0.8075322521007567,0.1088498778104811,0.7468241767456385,0.7037535014005603,0.071815241097517,0.6991150442477876,0.724920634920635,0.0648939480213364,0.6971428571428572,0.7579267791032496,0.1090797604110692,0.7377049180327869,0.7531746031746032,0.1740322556353037,0.7142857142857143,0.731833568595819,0.0606711791453811,0.7258064516129032,0.6966666666666665,0.1301281419729542,0.68,10.4,10.4,4.6303347611160905,4,12.0,16,corr_mrmr_auto_k_no_smote,nested_cv_outputs_all_triple_concat_batch_smote_compare/ADC_Post1_Post2/fs_method_comparison/corr_mrmr_auto_k_no_smote,corr_mrmr_auto_k,corr_mrmr,auto,False,38,3,1.368421052631579
ADC_Post1_Post2,ADC,Post1,Post2,SVM_Linear,0.7717857142857143,0.0922728189482366,0.7317460317460316,0.8303098293571761,0.0933075897541317,0.7812346512750787,0.6715126050420167,0.0601942209822225,0.6637168141592921,0.6750396825396826,0.0595011067816292,0.650952380952381,0.6928751803751804,0.114354842891426,0.676056338028169,0.7960317460317461,0.1485124017868707,0.7619047619047619,0.7219047619047619,0.0624953513010396,0.7164179104477612,0.5540476190476191,0.1435728105437713,0.54,10.4,10.4,4.6303347611160905,4,12.0,16,corr_mrmr_auto_k_no_smote,nested_cv_outputs_all_triple_concat_batch_smote_compare/ADC_Post1_Post2/fs_method_comparison/corr_mrmr_auto_k_no_smote,corr_mrmr_auto_k,corr_mrmr,auto,False,38,3,1.368421052631579
ADC_Post1_Post2,ADC,Post1,Post2,SVM_Linear,0.7664682539682539,0.069787587594157,0.7368253968253968,0.8211562786304547,0.0815764904369387,0.7827696023735531,0.6865126050420167,0.0452176155393316,0.6814159292035398,0.6871825396825397,0.0486025421666834,0.6771428571428572,0.7187146187146187,0.0873533947975895,0.7142857142857143,0.7417460317460318,0.1100305736388689,0.7142857142857143,0.7188148148148148,0.0500240819920718,0.7142857142857143,0.6326190476190476,0.1005641682083516,0.64,10.4,10.4,4.6303347611160905,4,12.0,16,corr_mrmr_auto_k_smote,nested_cv_outputs_all_triple_concat_batch_smote_compare/ADC_Post1_Post2/fs_method_comparison/corr_mrmr_auto_k_smote,corr_mrmr_auto_k,corr_mrmr,auto,True,38,3,1.368421052631579
ADC_Post1_Post2,ADC,Post1,Post2,GradientBoosting,0.7660714285714285,0.0565745549881644,0.7314285714285715,0.8275379790068366,0.0914633675350427,0.8011849239487139,0.6832773109243696,0.0798107790539654,0.672566371681416,0.6986507936507937,0.074779258593189,0.6671428571428571,0.7316666666666667,0.1418283391208463,0.703125,0.7506349206349207,0.1453021803276251,0.7142857142857143,0.7178716020821284,0.0774333497442541,0.7086614173228346,0.6466666666666667,0.1730125236314797,0.62,10.4,10.4,4.6303347611160905,4,12.0,16,corr_mrmr_auto_k_no_smote,nested_cv_outputs_all_triple_concat_batch_smote_compare/ADC_Post1_Post2/fs_method_comparison/corr_mrmr_auto_k_no_smote,corr_mrmr_auto_k,corr_mrmr,auto,False,38,3,1.368421052631579
ADC_Post1_Post2,ADC,Post1,Post2,SVM_Linear,0.7649603174603175,0.0874044848147647,0.7561904761904762,0.8344601687822303,0.0873798971742033,0.8244391398696926,0.7283753501400559,0.0964571164591625,0.7168141592920354,0.7386904761904762,0.0929825499657626,0.7233333333333334,0.8022222222222222,0.1504560967094289,0.7924528301886793,0.6928571428571428,0.1938458554404859,0.6666666666666666,0.7229269755585545,0.132930125038209,0.7241379310344828,0.7845238095238095,0.1321589436797897,0.78,7.6,7.6,3.878143885933063,4,6.0,14,mrmr_then_elasticnet_no_corr_auto_k_smote,nested_cv_outputs_all_triple_concat_batch_smote_compare/ADC_Post1_Post2/fs_method_comparison/mrmr_then_elasticnet_no_corr_auto_k_smote,mrmr_then_elasticnet_no_corr_auto_k,mrmr_then_elasticnet_no_corr,auto,True,29,4,1.3103448275862069
ADC_Post1_Post2,ADC,Post1,Post2,KNN,0.7648809523809523,0.0880474988624519,0.7142857142857143,0.7706643684546161,0.1595390098737304,0.7324177000403131,0.655280112044818,0.1199826323194883,0.6371681415929203,0.6674206349206349,0.1079705245183935,0.6292063492063492,0.7048265460030165,0.1406386619812525,0.6666666666666666,0.7450793650793651,0.1898895728749246,0.6984126984126984,0.6961320926838168,0.1213028165111601,0.6821705426356589,0.5897619047619047,0.2086583858738125,0.56,7.6,7.6,5.425863986500215,4,4.0,18,elasticnet_then_mrmr_auto_k_no_smote,nested_cv_outputs_all_triple_concat_batch_smote_compare/ADC_Post1_Post2/fs_method_comparison/elasticnet_then_mrmr_auto_k_no_smote,elasticnet_then_mrmr_auto_k,elasticnet_then_mrmr,auto,False,22,3,1.7272727272727273
ADC_Post1_Post2,ADC,Post1,Post2,LightGBM,0.7642063492063492,0.0707090746837376,0.7593650793650792,0.7838413549678107,0.115184710348957,0.7702978139521413,0.7437535014005603,0.0776847894997949,0.7345132743362832,0.74,0.0702940768745005,0.733015873015873,0.7635964035964037,0.1135865383516413,0.7704918032786885,0.758095238095238,0.1258384828227568,0.746031746031746,0.7560708222168324,0.105633671277774,0.7580645161290323,0.7219047619047619,0.0582706174036942,0.72,7.6,7.6,5.425863986500215,4,4.0,18,elasticnet_then_mrmr_auto_k_smote,nested_cv_outputs_all_triple_concat_batch_smote_compare/ADC_Post1_Post2/fs_method_comparison/elasticnet_then_mrmr_auto_k_smote,elasticnet_then_mrmr_auto_k,elasticnet_then_mrmr,auto,True,22,3,1.7272727272727273
ADC_Post1_Post2,ADC,Post1,Post2,SVM_Linear,0.763531746031746,0.0921108936535457,0.7415873015873015,0.8332618201847589,0.0963009141512279,0.8042542272696114,0.6866106442577031,0.1312255079469205,0.672566371681416,0.6980952380952381,0.1163399485261999,0.6671428571428571,0.7408403361344538,0.2045272502329381,0.703125,0.7414285714285713,0.1865713502461679,0.7142857142857143,0.7106506850681079,0.1437475192657962,0.7086614173228346,0.6547619047619048,0.2195129632688782,0.62,7.6,7.6,3.878143885933063,4,6.0,14,mrmr_then_elasticnet_no_corr_auto_k_no_smote,nested_cv_outputs_all_triple_concat_batch_smote_compare/ADC_Post1_Post2/fs_method_comparison/mrmr_then_elasticnet_no_corr_auto_k_no_smote,mrmr_then_elasticnet_no_corr_auto_k,mrmr_then_elasticnet_no_corr,auto,False,29,4,1.3103448275862069
ADC_Post1_Post2,ADC,Post1,Post2,NaiveBayes,0.7628571428571428,0.0426882326921652,0.718095238095238,0.8045288050573587,0.0792791177632983,0.7522254105454891,0.6385994397759104,0.0497876289231145,0.6371681415929203,0.6342460317460317,0.0563262305048219,0.6374603174603175,0.7219444444444445,0.1500781689324715,0.6896551724137931,0.6601587301587302,0.2250457807348447,0.6349206349206349,0.6458813245577952,0.1045104805245559,0.6611570247933884,0.6083333333333333,0.2758824226207808,0.64,7.6,7.6,3.878143885933063,4,6.0,14,mrmr_then_elasticnet_no_corr_auto_k_smote,nested_cv_outputs_all_triple_concat_batch_smote_compare/ADC_Post1_Post2/fs_method_comparison/mrmr_then_elasticnet_no_corr_auto_k_smote,mrmr_then_elasticnet_no_corr_auto_k,mrmr_then_elasticnet_no_corr,auto,True,29,4,1.3103448275862069
ADC_Post1_Post2,ADC,Post1,Post2,RandomForest,0.7618650793650794,0.0464432211319977,0.7282539682539683,0.7879087862168375,0.0984904738318579,0.7506208146510753,0.6823249299719888,0.0898520742133932,0.672566371681416,0.6826587301587301,0.1157733317681686,0.6712698412698412,0.7658333333333334,0.1484737163421339,0.7166666666666667,0.726031746031746,0.2011120507112764,0.6825396825396826,0.703520697167756,0.1080448592904025,0.6991869918699187,0.6392857142857142,0.288714407451888,0.66,7.6,7.6,3.878143885933063,4,6.0,14,mrmr_then_elasticnet_no_corr_auto_k_no_smote,nested_cv_outputs_all_triple_concat_batch_smote_compare/ADC_Post1_Post2/fs_method_comparison/mrmr_then_elasticnet_no_corr_auto_k_no_smote,mrmr_then_elasticnet_no_corr_auto_k,mrmr_then_elasticnet_no_corr,auto,False,29,4,1.3103448275862069
ADC_Post1_Post2,ADC,Post1,Post2,LogisticRegression,0.7592857142857142,0.0940868245922582,0.7526984126984126,0.815964165702636,0.1205646847383226,0.8159866886883196,0.7317086834733895,0.1224442080804989,0.7168141592920354,0.7386904761904762,0.1143132682833385,0.7192063492063492,0.7867821067821068,0.1865884587022483,0.7719298245614035,0.7214285714285714,0.2051000038757218,0.6984126984126984,0.7304843304843305,0.1588454127973014,0.7333333333333333,0.7559523809523809,0.1573051110396088,0.74,7.6,7.6,3.878143885933063,4,6.0,14,mrmr_then_elasticnet_no_corr_auto_k_no_smote,nested_cv_outputs_all_triple_concat_batch_smote_compare/ADC_Post1_Post2/fs_method_comparison/mrmr_then_elasticnet_no_corr_auto_k_no_smote,mrmr_then_elasticnet_no_corr_auto_k,mrmr_then_elasticnet_no_corr,auto,False,29,4,1.3103448275862069
ADC_Post1_Post2,ADC,Post1,Post2,LogisticRegression,0.757063492063492,0.0905347902683228,0.7568253968253968,0.8162590929975633,0.1130713919989722,0.816650771262736,0.7328991596638655,0.1170274835166914,0.7168141592920354,0.7358333333333335,0.1060385179854389,0.7192063492063492,0.7736507936507937,0.1483514855513961,0.7719298245614035,0.7214285714285714,0.2051000038757218,0.6984126984126984,0.7306878306878307,0.1551663417123801,0.7333333333333333,0.7502380952380951,0.1126882400953281,0.74,7.6,7.6,3.878143885933063,4,6.0,14,mrmr_then_elasticnet_no_corr_auto_k_smote,nested_cv_outputs_all_triple_concat_batch_smote_compare/ADC_Post1_Post2/fs_method_comparison/mrmr_then_elasticnet_no_corr_auto_k_smote,mrmr_then_elasticnet_no_corr_auto_k,mrmr_then_elasticnet_no_corr,auto,True,29,4,1.3103448275862069
ADC_Post1_Post2,ADC,Post1,Post2,ExtraTrees,0.7531746031746032,0.0757672604267998,0.7190476190476192,0.8019334089686257,0.1162937268951316,0.8032172152312522,0.6601820728291317,0.1005012740455903,0.6460176991150443,0.6621825396825397,0.0954681084863906,0.6495238095238096,0.7385497835497836,0.1339726548638551,0.7090909090909091,0.6526984126984127,0.1659907685631142,0.6190476190476191,0.6682271217332509,0.123027099911042,0.6610169491525424,0.6716666666666666,0.2207059380966246,0.68,7.6,7.6,3.878143885933063,4,6.0,14,mrmr_then_elasticnet_no_corr_auto_k_no_smote,nested_cv_outputs_all_triple_concat_batch_smote_compare/ADC_Post1_Post2/fs_method_comparison/mrmr_then_elasticnet_no_corr_auto_k_no_smote,mrmr_then_elasticnet_no_corr_auto_k,mrmr_then_elasticnet_no_corr,auto,False,29,4,1.3103448275862069
ADC_Post1_Post2,ADC,Post1,Post2,RandomForest,0.7522619047619048,0.0562593739564732,0.6952380952380952,0.7830336272687985,0.0853599312971848,0.7149752958412108,0.6887535014005602,0.095032336638759,0.6814159292035398,0.7058730158730159,0.0993267206248306,0.6750793650793651,0.7363368983957219,0.1384264754365141,0.7076923076923077,0.7674603174603175,0.1609683470995202,0.7301587301587301,0.7283361719949741,0.0745241682453064,0.71875,0.6442857142857142,0.1892436311410179,0.62,10.4,10.4,4.6303347611160905,4,12.0,16,corr_mrmr_auto_k_smote,nested_cv_outputs_all_triple_concat_batch_smote_compare/ADC_Post1_Post2/fs_method_comparison/corr_mrmr_auto_k_smote,corr_mrmr_auto_k,corr_mrmr,auto,True,38,3,1.368421052631579
ADC_Post1_Post2,ADC,Post1,Post2,KNN,0.7514682539682541,0.0695945769427022,0.7155555555555555,0.7926254430028941,0.0820357184163857,0.772877847667399,0.6734173669467787,0.0821639535810443,0.6637168141592921,0.6802777777777778,0.0572952663268251,0.6715873015873015,0.747979797979798,0.0507167281237704,0.7450980392156863,0.6374603174603174,0.1595553155336467,0.6031746031746031,0.6743703703703703,0.0919492912078995,0.6666666666666666,0.723095238095238,0.0893019032942343,0.74,7.6,7.6,3.878143885933063,4,6.0,14,mrmr_then_elasticnet_no_corr_auto_k_smote,nested_cv_outputs_all_triple_concat_batch_smote_compare/ADC_Post1_Post2/fs_method_comparison/mrmr_then_elasticnet_no_corr_auto_k_smote,mrmr_then_elasticnet_no_corr_auto_k,mrmr_then_elasticnet_no_corr,auto,True,29,4,1.3103448275862069
ADC_Post1_Post2,ADC,Post1,Post2,SVM_RBF,0.7506746031746032,0.0835672830940966,0.6834920634920635,0.8158350505742579,0.0851249534945663,0.7510360918859165,0.6342717086834735,0.0419335683429793,0.6283185840707964,0.6471428571428571,0.0436481961709135,0.6150793650793651,0.6813315339631129,0.1348116220963429,0.647887323943662,0.7761904761904763,0.1897074434073481,0.7301587301587301,0.6903119868637109,0.0596275058086873,0.6865671641791045,0.5180952380952382,0.2032480026147697,0.5,10.4,10.4,4.6303347611160905,4,12.0,16,corr_mrmr_auto_k_no_smote,nested_cv_outputs_all_triple_concat_batch_smote_compare/ADC_Post1_Post2/fs_method_comparison/corr_mrmr_auto_k_no_smote,corr_mrmr_auto_k,corr_mrmr,auto,False,38,3,1.368421052631579
ADC_Post1_Post2,ADC,Post1,Post2,GradientBoosting,0.7490873015873015,0.0506625913346897,0.7155555555555555,0.780336206721654,0.0894457569253559,0.761809880240728,0.6853221288515405,0.048504185018888,0.6814159292035398,0.6971825396825397,0.0492041730189545,0.6853968253968254,0.7473193473193473,0.1053613053613053,0.7454545454545455,0.6774603174603174,0.1464706998372328,0.6507936507936508,0.6953471835510816,0.073414287151524,0.6949152542372882,0.7169047619047618,0.1010668712865661,0.72,10.4,10.4,4.6303347611160905,4,12.0,16,corr_mrmr_auto_k_smote,nested_cv_outputs_all_triple_concat_batch_smote_compare/ADC_Post1_Post2/fs_method_comparison/corr_mrmr_auto_k_smote,corr_mrmr_auto_k,corr_mrmr,auto,True,38,3,1.368421052631579
ADC_Post1_Post2,ADC,Post1,Post2,LightGBM,0.7463888888888889,0.0521435819330651,0.6863492063492064,0.798438115280282,0.0821964748340361,0.7658777802509102,0.6567507002801121,0.0774836523953033,0.6460176991150443,0.6705158730158731,0.0602805860553597,0.6453968253968254,0.7077233877233878,0.0867428801016923,0.6949152542372882,0.6941269841269841,0.1720825269152534,0.6507936507936508,0.6801674718196458,0.0921942481431288,0.6721311475409836,0.6469047619047619,0.0958184697139439,0.64,10.4,10.4,4.6303347611160905,4,12.0,16,corr_mrmr_auto_k_no_smote,nested_cv_outputs_all_triple_concat_batch_smote_compare/ADC_Post1_Post2/fs_method_comparison/corr_mrmr_auto_k_no_smote,corr_mrmr_auto_k,corr_mrmr,auto,False,38,3,1.368421052631579
ADC_Post1_Post2,ADC,Post1,Post2,SVM_RBF,0.7436111111111111,0.0760840029848856,0.7093650793650793,0.8099699836504941,0.0811968253611864,0.7531515663736336,0.662703081232493,0.0549365280192069,0.6548672566371682,0.673452380952381,0.0479571988353262,0.6512698412698412,0.7162941633529869,0.1184058036937876,0.6935483870967742,0.722857142857143,0.1671470024659686,0.6825396825396826,0.6933333333333334,0.0709875469671759,0.688,0.6240476190476191,0.162213291463547,0.62,10.4,10.4,4.6303347611160905,4,12.0,16,corr_mrmr_auto_k_smote,nested_cv_outputs_all_triple_concat_batch_smote_compare/ADC_Post1_Post2/fs_method_comparison/corr_mrmr_auto_k_smote,corr_mrmr_auto_k,corr_mrmr,auto,True,38,3,1.368421052631579
ADC_Post1_Post2,ADC,Post1,Post2,KNN,0.7413888888888888,0.1007292320079032,0.6984126984126984,0.7637700918887709,0.1472658460244278,0.7099478796188656,0.6684173669467787,0.1060742928527099,0.6548672566371682,0.675515873015873,0.0861083314597815,0.6533333333333333,0.7054057054057055,0.130442331946293,0.7,0.6993650793650793,0.1830802210697233,0.6666666666666666,0.6848606465997771,0.1353083934877809,0.6829268292682927,0.6516666666666666,0.0960902353693305,0.64,7.6,7.6,3.878143885933063,4,6.0,14,mrmr_then_elasticnet_no_corr_auto_k_no_smote,nested_cv_outputs_all_triple_concat_batch_smote_compare/ADC_Post1_Post2/fs_method_comparison/mrmr_then_elasticnet_no_corr_auto_k_no_smote,mrmr_then_elasticnet_no_corr_auto_k,mrmr_then_elasticnet_no_corr,auto,False,29,4,1.3103448275862069
ADC_Post1_Post2,ADC,Post1,Post2,ExtraTrees,0.7407539682539683,0.0845606522282427,0.6958730158730159,0.7824326833859504,0.1502167159328553,0.7028322145853682,0.6851820728291316,0.1074050598797594,0.672566371681416,0.6773015873015874,0.106904320004743,0.6753968253968254,0.734949494949495,0.0988983291167835,0.7321428571428571,0.6826984126984127,0.1736774884446496,0.6507936507936508,0.6946563476824663,0.1263153632265956,0.6890756302521008,0.6719047619047619,0.1811302384068053,0.7,7.6,7.6,5.425863986500215,4,4.0,18,elasticnet_then_mrmr_auto_k_smote,nested_cv_outputs_all_triple_concat_batch_smote_compare/ADC_Post1_Post2/fs_method_comparison/elasticnet_then_mrmr_auto_k_smote,elasticnet_then_mrmr_auto_k,elasticnet_then_mrmr,auto,True,22,3,1.7272727272727273
ADC_Post1_Post2,ADC,Post1,Post2,RandomForest,0.7405952380952381,0.0706388887774273,0.7393650793650793,0.7789390810758215,0.110851138265546,0.7677758695696661,0.7082773109243696,0.0725358563921179,0.6991150442477876,0.6998809523809524,0.0805518022426886,0.6930158730158731,0.7411904761904762,0.1186603223863964,0.7230769230769231,0.7647619047619048,0.108087662601947,0.746031746031746,0.7398853695324284,0.073224739776441,0.734375,0.635,0.1975123062270073,0.64,7.6,7.6,5.425863986500215,4,4.0,18,elasticnet_then_mrmr_auto_k_no_smote,nested_cv_outputs_all_triple_concat_batch_smote_compare/ADC_Post1_Post2/fs_method_comparison/elasticnet_then_mrmr_auto_k_no_smote,elasticnet_then_mrmr_auto_k,elasticnet_then_mrmr,auto,False,22,3,1.7272727272727273
ADC_Post1_Post2,ADC,Post1,Post2,GradientBoosting,0.7393452380952381,0.083000269786191,0.7058730158730159,0.7771493975447258,0.1350094406063885,0.7311863950208617,0.6589915966386554,0.0861761940266551,0.6460176991150443,0.6368253968253967,0.1027179761057836,0.6288888888888888,0.6664897537962553,0.0970108427914796,0.6533333333333333,0.8036507936507936,0.1299723791809713,0.7777777777777778,0.7181952461799661,0.0816846447835387,0.7101449275362319,0.4699999999999999,0.203415284031898,0.48,7.6,7.6,5.425863986500215,4,4.0,18,elasticnet_then_mrmr_auto_k_no_smote,nested_cv_outputs_all_triple_concat_batch_smote_compare/ADC_Post1_Post2/fs_method_comparison/elasticnet_then_mrmr_auto_k_no_smote,elasticnet_then_mrmr_auto_k,elasticnet_then_mrmr,auto,False,22,3,1.7272727272727273
ADC_Post1_Post2,ADC,Post1,Post2,ExtraTrees,0.7391269841269841,0.0594749005413766,0.7031746031746031,0.7917958678644392,0.1061725153387987,0.7883119443371893,0.6589915966386554,0.0901153752772752,0.6460176991150443,0.6565476190476189,0.0933015751497369,0.6495238095238096,0.73,0.1406927306027018,0.7090909090909091,0.6438095238095237,0.1452657619584866,0.6190476190476191,0.6665465704005257,0.1133051845722274,0.6610169491525424,0.6692857142857143,0.2088034152334485,0.68,7.6,7.6,3.878143885933063,4,6.0,14,mrmr_then_elasticnet_no_corr_auto_k_smote,nested_cv_outputs_all_triple_concat_batch_smote_compare/ADC_Post1_Post2/fs_method_comparison/mrmr_then_elasticnet_no_corr_auto_k_smote,mrmr_then_elasticnet_no_corr_auto_k,mrmr_then_elasticnet_no_corr,auto,True,29,4,1.3103448275862069
ADC_Post1_Post2,ADC,Post1,Post2,RandomForest,0.7387301587301588,0.0804804951730578,0.7301587301587301,0.7800635838424812,0.1265876349263899,0.7622063541509463,0.6698459383753501,0.049278659239709,0.6637168141592921,0.6635714285714286,0.0652458188762038,0.655079365079365,0.7005555555555556,0.1080180597611709,0.6865671641791045,0.7504761904761905,0.0992965938743704,0.7301587301587301,0.7114701696770662,0.0524273530771068,0.7076923076923077,0.5766666666666667,0.1737175229439384,0.58,7.6,7.6,5.425863986500215,4,4.0,18,elasticnet_then_mrmr_auto_k_smote,nested_cv_outputs_all_triple_concat_batch_smote_compare/ADC_Post1_Post2/fs_method_comparison/elasticnet_then_mrmr_auto_k_smote,elasticnet_then_mrmr_auto_k,elasticnet_then_mrmr,auto,True,22,3,1.7272727272727273
ADC_Post1_Post2,ADC,Post1,Post2,ExtraTrees,0.7375396825396827,0.0890331878638199,0.7038095238095239,0.7826442930887884,0.1496857229307118,0.7140622300688466,0.6923249299719887,0.114354259391635,0.6814159292035398,0.6913492063492063,0.1135698479141942,0.6812698412698412,0.7483333333333334,0.1325393023471403,0.7288135593220338,0.7193650793650793,0.1764759591908642,0.6825396825396826,0.7111708315882546,0.1268778287377733,0.7049180327868853,0.6633333333333333,0.2135415650406262,0.68,7.6,7.6,5.425863986500215,4,4.0,18,elasticnet_then_mrmr_auto_k_no_smote,nested_cv_outputs_all_triple_concat_batch_smote_compare/ADC_Post1_Post2/fs_method_comparison/elasticnet_then_mrmr_auto_k_no_smote,elasticnet_then_mrmr_auto_k,elasticnet_then_mrmr,auto,False,22,3,1.7272727272727273
ADC_Post1_Post2,ADC,Post1,Post2,LightGBM,0.7344841269841271,0.1087944717686866,0.688888888888889,0.7932411733718302,0.1203544563657288,0.7793716540040132,0.6927030812324929,0.1001124562855302,0.6814159292035398,0.7008333333333333,0.0871945953329586,0.6771428571428572,0.7298989898989899,0.13243113490786,0.7142857142857143,0.7514285714285716,0.1752530474412361,0.7142857142857143,0.7184656084656085,0.1082235523377016,0.7142857142857143,0.6502380952380953,0.153556477677546,0.64,10.4,10.4,4.6303347611160905,4,12.0,16,corr_mrmr_auto_k_smote,nested_cv_outputs_all_triple_concat_batch_smote_compare/ADC_Post1_Post2/fs_method_comparison/corr_mrmr_auto_k_smote,corr_mrmr_auto_k,corr_mrmr,auto,True,38,3,1.368421052631579
ADC_Post1_Post2,ADC,Post1,Post2,GradientBoosting,0.733015873015873,0.0845360673725888,0.7158730158730159,0.7684625235012248,0.107524100529877,0.7545987751268284,0.7073249299719888,0.1210437655820989,0.6991150442477876,0.6912698412698413,0.1447796128823889,0.6930158730158731,0.7310164835164835,0.0956427704971145,0.7230769230769231,0.7782539682539682,0.1478864279291161,0.746031746031746,0.744421052631579,0.1048331802960391,0.734375,0.6042857142857142,0.2347111893447522,0.64,7.6,7.6,5.425863986500215,4,4.0,18,elasticnet_then_mrmr_auto_k_smote,nested_cv_outputs_all_triple_concat_batch_smote_compare/ADC_Post1_Post2/fs_method_comparison/elasticnet_then_mrmr_auto_k_smote,elasticnet_then_mrmr_auto_k,elasticnet_then_mrmr,auto,True,22,3,1.7272727272727273
ADC_Post1_Post2,ADC,Post1,Post2,XGBoost,0.7301984126984127,0.0693539546489399,0.7158730158730158,0.8004106447704403,0.104660048368755,0.7741832702130871,0.6454201680672269,0.1062533848640643,0.6371681415929203,0.6508730158730158,0.1128136008697278,0.6292063492063492,0.6995104895104894,0.1564049134254286,0.6666666666666666,0.7241269841269842,0.1222094406839759,0.6984126984126984,0.6915527560106586,0.0824194117298415,0.6821705426356589,0.5776190476190476,0.2484309035369785,0.56,10.4,10.4,4.6303347611160905,4,12.0,16,corr_mrmr_auto_k_no_smote,nested_cv_outputs_all_triple_concat_batch_smote_compare/ADC_Post1_Post2/fs_method_comparison/corr_mrmr_auto_k_no_smote,corr_mrmr_auto_k,corr_mrmr,auto,False,38,3,1.368421052631579
ADC_Post1_Post2,ADC,Post1,Post2,RandomForest,0.7253571428571428,0.0372970277524029,0.7080952380952382,0.7672655418551777,0.087856087387353,0.7118918819903357,0.6728011204481794,0.084708339318627,0.6637168141592921,0.6512301587301587,0.1120326298615323,0.6653968253968254,0.7389935064935065,0.0973137256897686,0.7192982456140351,0.6626984126984127,0.1333711208736508,0.6507936507936508,0.6864908722109533,0.0840841666459173,0.6833333333333333,0.6397619047619048,0.2726243501251844,0.68,7.6,7.6,3.878143885933063,4,6.0,14,mrmr_then_elasticnet_no_corr_auto_k_smote,nested_cv_outputs_all_triple_concat_batch_smote_compare/ADC_Post1_Post2/fs_method_comparison/mrmr_then_elasticnet_no_corr_auto_k_smote,mrmr_then_elasticnet_no_corr_auto_k,mrmr_then_elasticnet_no_corr,auto,True,29,4,1.3103448275862069
ADC_Post1_Post2,ADC,Post1,Post2,NaiveBayes,0.7252777777777777,0.1437358119018321,0.6746031746031746,0.7787007485136135,0.1108224848740222,0.7006069498289953,0.6262324929971989,0.1390544552160401,0.6106194690265486,0.5803571428571428,0.1598053860195476,0.5744444444444444,0.6364935587761674,0.1488779948471608,0.6021505376344086,0.8880952380952379,0.0845303298774244,0.8888888888888888,0.7286724386724387,0.0992419309140962,0.717948717948718,0.2726190476190476,0.338447167606365,0.26,7.6,7.6,5.425863986500215,4,4.0,18,elasticnet_then_mrmr_auto_k_no_smote,nested_cv_outputs_all_triple_concat_batch_smote_compare/ADC_Post1_Post2/fs_method_comparison/elasticnet_then_mrmr_auto_k_no_smote,elasticnet_then_mrmr_auto_k,elasticnet_then_mrmr,auto,False,22,3,1.7272727272727273
ADC_Post1_Post2,ADC,Post1,Post2,NaiveBayes,0.7237698412698412,0.1482747215344116,0.6761904761904761,0.772063854162379,0.1077424436763968,0.6974955956257671,0.6595658263305323,0.1446396971176416,0.6460176991150443,0.6123015873015872,0.171590164873398,0.6123809523809524,0.6598521446347533,0.1302390536544813,0.6263736263736264,0.9103174603174604,0.09568677379747,0.9047619047619048,0.7523232323232323,0.0929757240176513,0.7402597402597403,0.3142857142857143,0.3567140282623934,0.32,7.6,7.6,5.425863986500215,4,4.0,18,elasticnet_then_mrmr_auto_k_smote,nested_cv_outputs_all_triple_concat_batch_smote_compare/ADC_Post1_Post2/fs_method_comparison/elasticnet_then_mrmr_auto_k_smote,elasticnet_then_mrmr_auto_k,elasticnet_then_mrmr,auto,True,22,3,1.7272727272727273
ADC_Post1_Post2,ADC,Post1,Post2,ExtraTrees,0.7230555555555556,0.0417927796676736,0.7069841269841269,0.7870840994379908,0.0910817402023465,0.7022011138968054,0.6923249299719887,0.0867256656674008,0.6814159292035398,0.7046825396825397,0.0828544060850703,0.6812698412698412,0.7471794871794872,0.0905808925400916,0.7288135593220338,0.7317460317460317,0.2091627480638619,0.6825396825396826,0.711440995651522,0.1031483562073542,0.7049180327868853,0.6776190476190476,0.1397406084204708,0.68,10.4,10.4,4.6303347611160905,4,12.0,16,corr_mrmr_auto_k_no_smote,nested_cv_outputs_all_triple_concat_batch_smote_compare/ADC_Post1_Post2/fs_method_comparison/corr_mrmr_auto_k_no_smote,corr_mrmr_auto_k,corr_mrmr,auto,False,38,3,1.368421052631579
ADC_Post1_Post2,ADC,Post1,Post2,LightGBM,0.7221825396825396,0.093275276187724,0.726031746031746,0.7702896272444792,0.1296693562557987,0.7559959146899926,0.6606582633053222,0.1132437292122701,0.6460176991150443,0.6512698412698412,0.111037787597864,0.6453968253968254,0.6856043956043957,0.1475601187608424,0.6949152542372882,0.6649206349206349,0.1840506136090463,0.6507936507936508,0.6695639097744361,0.1570408014826665,0.6721311475409836,0.6376190476190476,0.0902051076782638,0.64,7.6,7.6,5.425863986500215,4,4.0,18,elasticnet_then_mrmr_auto_k_no_smote,nested_cv_outputs_all_triple_concat_batch_smote_compare/ADC_Post1_Post2/fs_method_comparison/elasticnet_then_mrmr_auto_k_no_smote,elasticnet_then_mrmr_auto_k,elasticnet_then_mrmr,auto,False,22,3,1.7272727272727273
ADC_Post1_Post2,ADC,Post1,Post2,ExtraTrees,0.7197222222222222,0.0586700142486131,0.6847619047619048,0.769396473300535,0.1241775474051432,0.7339288265589947,0.6682773109243697,0.1045693379896738,0.6637168141592921,0.6872222222222222,0.1068285808153059,0.6612698412698412,0.7262184873949579,0.1116419367415488,0.7049180327868853,0.7277777777777777,0.2021489488740028,0.6825396825396826,0.7002688344793608,0.0880783074821326,0.6935483870967742,0.6466666666666667,0.1561338457150716,0.64,10.4,10.4,4.6303347611160905,4,12.0,16,corr_mrmr_auto_k_smote,nested_cv_outputs_all_triple_concat_batch_smote_compare/ADC_Post1_Post2/fs_method_comparison/corr_mrmr_auto_k_smote,corr_mrmr_auto_k,corr_mrmr,auto,True,38,3,1.368421052631579
ADC_Post1_Post2,ADC,Post1,Post2,XGBoost,0.7161507936507936,0.062323522576667,0.7066666666666666,0.79861034400083,0.0793072087654676,0.7734219303188672,0.6632773109243697,0.0968720094945336,0.6548672566371682,0.665079365079365,0.0998206378359168,0.6553968253968254,0.7292156862745098,0.1252546809579741,0.7068965517241379,0.6763492063492064,0.1331521823077383,0.6507936507936508,0.6859077401727129,0.0818498574732316,0.6776859504132231,0.6538095238095238,0.2066995804381034,0.66,10.4,10.4,4.6303347611160905,4,12.0,16,corr_mrmr_auto_k_smote,nested_cv_outputs_all_triple_concat_batch_smote_compare/ADC_Post1_Post2/fs_method_comparison/corr_mrmr_auto_k_smote,corr_mrmr_auto_k,corr_mrmr,auto,True,38,3,1.368421052631579
ADC_Post1_Post2,ADC,Post1,Post2,XGBoost,0.7107936507936509,0.0720648031486915,0.7044444444444444,0.7789434845908627,0.0768996795134123,0.7504826868603744,0.6441316526610645,0.1075381514482226,0.6283185840707964,0.6406349206349206,0.0893724798875452,0.6274603174603175,0.6754435107376283,0.1042066168189868,0.6779661016949152,0.6626984126984127,0.2134610823098012,0.6349206349206349,0.6533114395183361,0.1491591367119469,0.6557377049180327,0.6185714285714285,0.1025789889772356,0.62,7.6,7.6,3.878143885933063,4,6.0,14,mrmr_then_elasticnet_no_corr_auto_k_no_smote,nested_cv_outputs_all_triple_concat_batch_smote_compare/ADC_Post1_Post2/fs_method_comparison/mrmr_then_elasticnet_no_corr_auto_k_no_smote,mrmr_then_elasticnet_no_corr_auto_k,mrmr_then_elasticnet_no_corr,auto,False,29,4,1.3103448275862069
ADC_Post1_Post2,ADC,Post1,Post2,GradientBoosting,0.7084920634920635,0.0648274013262216,0.7173015873015873,0.764000530790023,0.0734335253854812,0.7513058302815654,0.6793697478991596,0.0535944385874111,0.672566371681416,0.6665873015873016,0.066174677418699,0.6733333333333333,0.7277633477633478,0.0658024859930656,0.7241379310344828,0.6826984126984127,0.1134897324657939,0.6666666666666666,0.6961949524562954,0.063943911164653,0.6942148760330579,0.6504761904761905,0.1764309812829441,0.68,7.6,7.6,3.878143885933063,4,6.0,14,mrmr_then_elasticnet_no_corr_auto_k_smote,nested_cv_outputs_all_triple_concat_batch_smote_compare/ADC_Post1_Post2/fs_method_comparison/mrmr_then_elasticnet_no_corr_auto_k_smote,mrmr_then_elasticnet_no_corr_auto_k,mrmr_then_elasticnet_no_corr,auto,True,29,4,1.3103448275862069
ADC_Post1_Post2,ADC,Post1,Post2,GradientBoosting,0.7075396825396825,0.0539129326636014,0.6920634920634919,0.7447329466954514,0.0879092717364547,0.7199719575641221,0.6908963585434174,0.1233056673368742,0.6814159292035398,0.6950793650793651,0.0924937265071782,0.6606349206349207,0.7077968578735842,0.1533185933955106,0.6708860759493671,0.8658730158730158,0.1103260245619374,0.8412698412698413,0.756874553154045,0.0837371685864902,0.7464788732394366,0.5242857142857142,0.2581567313846061,0.48,7.6,7.6,3.878143885933063,4,6.0,14,mrmr_then_elasticnet_no_corr_auto_k_no_smote,nested_cv_outputs_all_triple_concat_batch_smote_compare/ADC_Post1_Post2/fs_method_comparison/mrmr_then_elasticnet_no_corr_auto_k_no_smote,mrmr_then_elasticnet_no_corr_auto_k,mrmr_then_elasticnet_no_corr,auto,False,29,4,1.3103448275862069
ADC_Post1_Post2,ADC,Post1,Post2,LightGBM,0.706468253968254,0.0795962506286228,0.6687301587301586,0.7743753066378748,0.0885236545041417,0.7080219425447238,0.6531792717086835,0.0709532379816886,0.6460176991150443,0.6496031746031747,0.0891188917724423,0.6474603174603175,0.7217027417027417,0.1779430745192559,0.7017543859649122,0.6515873015873016,0.1479770364812552,0.6349206349206349,0.6640562502631469,0.1098504802948609,0.6666666666666666,0.6476190476190476,0.2206206458782929,0.66,7.6,7.6,3.878143885933063,4,6.0,14,mrmr_then_elasticnet_no_corr_auto_k_no_smote,nested_cv_outputs_all_triple_concat_batch_smote_compare/ADC_Post1_Post2/fs_method_comparison/mrmr_then_elasticnet_no_corr_auto_k_no_smote,mrmr_then_elasticnet_no_corr_auto_k,mrmr_then_elasticnet_no_corr,auto,False,29,4,1.3103448275862069
ADC_Post1_Post2,ADC,Post1,Post2,XGBoost,0.705515873015873,0.0553636708900499,0.7095238095238094,0.7553655367533093,0.1027804761452488,0.7473571685666696,0.6442717086834733,0.0621440171633178,0.6371681415929203,0.6453571428571429,0.0653724045172027,0.6415873015873016,0.7146031746031746,0.1815789763881346,0.7037037037037037,0.6204761904761904,0.1849682478386244,0.6031746031746031,0.6391833429728166,0.1324248893392667,0.6495726495726496,0.6702380952380953,0.1720886761865966,0.68,7.6,7.6,3.878143885933063,4,6.0,14,mrmr_then_elasticnet_no_corr_auto_k_smote,nested_cv_outputs_all_triple_concat_batch_smote_compare/ADC_Post1_Post2/fs_method_comparison/mrmr_then_elasticnet_no_corr_auto_k_smote,mrmr_then_elasticnet_no_corr_auto_k,mrmr_then_elasticnet_no_corr,auto,True,29,4,1.3103448275862069
ADC_Post1_Post2,ADC,Post1,Post2,KNN,0.6784920634920635,0.0898107665980319,0.649047619047619,0.7356087906024881,0.1165780015440051,0.687485839525862,0.6028851540616247,0.066650281629348,0.6017699115044248,0.6024603174603175,0.0674390255848325,0.5933333333333333,0.6514285714285715,0.1625310017523187,0.6363636363636364,0.6915873015873015,0.1387682923144802,0.6666666666666666,0.6492036948558687,0.0865281585098021,0.6511627906976745,0.5133333333333334,0.213801569477661,0.52,10.4,10.4,4.6303347611160905,4,12.0,16,corr_mrmr_auto_k_no_smote,nested_cv_outputs_all_triple_concat_batch_smote_compare/ADC_Post1_Post2/fs_method_comparison/corr_mrmr_auto_k_no_smote,corr_mrmr_auto_k,corr_mrmr,auto,False,38,3,1.368421052631579
ADC_Post1_Post2,ADC,Post1,Post2,NaiveBayes,0.6690873015873016,0.0898816444137484,0.6447619047619046,0.7606973392730497,0.0666163330132101,0.7090026429008898,0.5879831932773109,0.0891270309565918,0.584070796460177,0.5617460317460317,0.0555315140724402,0.5609523809523809,0.6102673796791445,0.1081226824290848,0.6,0.7625396825396825,0.1394536363974047,0.7619047619047619,0.66379803982096,0.0928435902570847,0.6713286713286714,0.3609523809523809,0.2172055047472715,0.36,10.4,10.4,4.6303347611160905,4,12.0,16,corr_mrmr_auto_k_no_smote,nested_cv_outputs_all_triple_concat_batch_smote_compare/ADC_Post1_Post2/fs_method_comparison/corr_mrmr_auto_k_no_smote,corr_mrmr_auto_k,corr_mrmr,auto,False,38,3,1.368421052631579
ADC_Post1_Post2,ADC,Post1,Post2,XGBoost,0.6655158730158731,0.1349578846805186,0.6647619047619047,0.7411777707282662,0.1486255940458319,0.7190191126433654,0.6739915966386554,0.096470661435278,0.6637168141592921,0.6702380952380952,0.1035019227945637,0.6612698412698412,0.7134065934065934,0.0955030408810846,0.7049180327868853,0.7161904761904762,0.15340068848284,0.6825396825396826,0.7011491940553725,0.1000513666074303,0.6935483870967742,0.6242857142857143,0.1648774711683382,0.64,7.6,7.6,5.425863986500215,4,4.0,18,elasticnet_then_mrmr_auto_k_smote,nested_cv_outputs_all_triple_concat_batch_smote_compare/ADC_Post1_Post2/fs_method_comparison/elasticnet_then_mrmr_auto_k_smote,elasticnet_then_mrmr_auto_k,elasticnet_then_mrmr,auto,True,22,3,1.7272727272727273
ADC_Post1_Post2,ADC,Post1,Post2,KNN,0.6554166666666666,0.1137895631806296,0.6209523809523809,0.7087842522142241,0.1485556871420772,0.6746118245012168,0.5626050420168067,0.0868819899425898,0.5575221238938053,0.5721428571428572,0.0942950666090102,0.5557142857142857,0.6361378490790255,0.1607954872036452,0.6101694915254238,0.6,0.1625415426480866,0.5714285714285714,0.5931490603904397,0.0937768410285698,0.5901639344262295,0.5442857142857143,0.2087083699171391,0.54,10.4,10.4,4.6303347611160905,4,12.0,16,corr_mrmr_auto_k_smote,nested_cv_outputs_all_triple_concat_batch_smote_compare/ADC_Post1_Post2/fs_method_comparison/corr_mrmr_auto_k_smote,corr_mrmr_auto_k,corr_mrmr,auto,True,38,3,1.368421052631579
ADC_Post1_Post2,ADC,Post1,Post2,XGBoost,0.6548809523809525,0.1365600445027685,0.6139682539682539,0.7517182126423677,0.1382546535193226,0.660198032684721,0.6138935574229691,0.1162194089457539,0.6017699115044248,0.6039285714285715,0.1145607086163479,0.5953968253968254,0.6437878787878788,0.1650002086984238,0.640625,0.6704761904761904,0.205793145770351,0.6507936507936508,0.6415942678011645,0.1589059012324949,0.6456692913385826,0.5373809523809524,0.1621839329832454,0.54,7.6,7.6,5.425863986500215,4,4.0,18,elasticnet_then_mrmr_auto_k_no_smote,nested_cv_outputs_all_triple_concat_batch_smote_compare/ADC_Post1_Post2/fs_method_comparison/elasticnet_then_mrmr_auto_k_no_smote,elasticnet_then_mrmr_auto_k,elasticnet_then_mrmr,auto,False,22,3,1.7272727272727273
ADC_Post1_Post2,ADC,Post1,Post2,LightGBM,0.6537301587301588,0.083478275311482,0.6676190476190476,0.718251877764833,0.1045495548607062,0.6936181472646177,0.6781792717086834,0.0688223038394028,0.672566371681416,0.6705555555555556,0.0926093560033216,0.6753968253968254,0.7397222222222222,0.1608896945958954,0.7321428571428571,0.6649206349206349,0.2046932332244795,0.6507936507936508,0.6763883625952591,0.1315397772017734,0.6890756302521008,0.6761904761904762,0.2181399413532639,0.7,7.6,7.6,3.878143885933063,4,6.0,14,mrmr_then_elasticnet_no_corr_auto_k_smote,nested_cv_outputs_all_triple_concat_batch_smote_compare/ADC_Post1_Post2/fs_method_comparison/mrmr_then_elasticnet_no_corr_auto_k_smote,mrmr_then_elasticnet_no_corr_auto_k,mrmr_then_elasticnet_no_corr,auto,True,29,4,1.3103448275862069
ADC_Post1_Post2,ADC,Post1,Post2,NaiveBayes,0.648531746031746,0.0643172566160456,0.6288888888888888,0.7432510186327146,0.0695783383823711,0.6831764316233093,0.601218487394958,0.0403689856109192,0.6017699115044248,0.5706746031746032,0.0299018929975593,0.5809523809523809,0.6125799793601651,0.0856192147931606,0.6153846153846154,0.7625396825396825,0.1394536363974047,0.7619047619047619,0.668769304188776,0.0815730114273918,0.6808510638297872,0.3788095238095238,0.1655273987226621,0.4,10.4,10.4,4.6303347611160905,4,12.0,16,corr_mrmr_auto_k_smote,nested_cv_outputs_all_triple_concat_batch_smote_compare/ADC_Post1_Post2/fs_method_comparison/corr_mrmr_auto_k_smote,corr_mrmr_auto_k,corr_mrmr,auto,True,38,3,1.368421052631579
ADC_Post1_Pre,ADC,Post1,Pre,SVM_Linear,0.8364682539682541,0.0879537688635002,0.7987301587301587,0.8786296727070168,0.0541965078496101,0.8316093387127443,0.7180812324929973,0.0817329364055342,0.7168141592920354,0.7353571428571428,0.0824637547597753,0.7130158730158731,0.7627350427350427,0.1007903604707561,0.746031746031746,0.7785714285714286,0.165079365079365,0.746031746031746,0.7512814645308924,0.0658528402868672,0.746031746031746,0.6921428571428572,0.1553826379372405,0.68,9.6,9.6,4.963869458396343,4,8.0,18,elasticnet_then_mrmr_auto_k_no_smote,nested_cv_outputs_all_triple_concat_batch_smote_compare/ADC_Post1_Pre/fs_method_comparison/elasticnet_then_mrmr_auto_k_no_smote,elasticnet_then_mrmr_auto_k,elasticnet_then_mrmr,auto,False,28,4,1.7142857142857142
ADC_Post1_Pre,ADC,Post1,Pre,SVM_Linear,0.8234920634920634,0.0795087588330149,0.8012698412698414,0.8680744829673033,0.0507328351458832,0.8326408228945072,0.7115126050420167,0.0596014751184507,0.7079646017699115,0.7233333333333334,0.0348171265374892,0.7133333333333334,0.8008403361344538,0.0850399336759717,0.7777777777777778,0.6842857142857142,0.1408218328660048,0.6666666666666666,0.7209199321907673,0.0411391952674915,0.717948717948718,0.7623809523809524,0.1435728105437713,0.76,9.6,9.6,4.963869458396343,4,8.0,18,elasticnet_then_mrmr_auto_k_smote,nested_cv_outputs_all_triple_concat_batch_smote_compare/ADC_Post1_Pre/fs_method_comparison/elasticnet_then_mrmr_auto_k_smote,elasticnet_then_mrmr_auto_k,elasticnet_then_mrmr,auto,True,28,4,1.7142857142857142
ADC_Post1_Pre,ADC,Post1,Pre,LogisticRegression,0.8145238095238095,0.0522530906983342,0.7892063492063491,0.8612733660483919,0.0594874535103933,0.8328467368212837,0.6865126050420167,0.0452176155393316,0.6814159292035398,0.7035714285714286,0.0337035375806791,0.6833333333333333,0.7522727272727272,0.105374161475877,0.7368421052631579,0.6876190476190475,0.109959565623271,0.6666666666666666,0.7042097998619737,0.0410023855116204,0.7,0.7195238095238096,0.1171118813091318,0.7,9.6,9.6,4.963869458396343,4,8.0,18,elasticnet_then_mrmr_auto_k_smote,nested_cv_outputs_all_triple_concat_batch_smote_compare/ADC_Post1_Pre/fs_method_comparison/elasticnet_then_mrmr_auto_k_smote,elasticnet_then_mrmr_auto_k,elasticnet_then_mrmr,auto,True,28,4,1.7142857142857142
ADC_Post1_Pre,ADC,Post1,Pre,LogisticRegression,0.814325396825397,0.0571473212541989,0.7806349206349206,0.8606411169765144,0.0623224878774718,0.8294867254553897,0.6781792717086834,0.0442575612521217,0.672566371681416,0.6964285714285715,0.0359025022796747,0.6733333333333333,0.7416666666666667,0.1183737541814584,0.7241379310344828,0.6876190476190475,0.109959565623271,0.6666666666666666,0.6981491938013676,0.0477827132139459,0.6942148760330579,0.7052380952380953,0.1211659157449899,0.68,9.6,9.6,4.963869458396343,4,8.0,18,elasticnet_then_mrmr_auto_k_no_smote,nested_cv_outputs_all_triple_concat_batch_smote_compare/ADC_Post1_Pre/fs_method_comparison/elasticnet_then_mrmr_auto_k_no_smote,elasticnet_then_mrmr_auto_k,elasticnet_then_mrmr,auto,False,28,4,1.7142857142857142
ADC_Post1_Pre,ADC,Post1,Pre,SVM_RBF,0.7843650793650794,0.0733367689705757,0.7177777777777777,0.8335025199193724,0.0914553613787997,0.7946061606030634,0.6797478991596639,0.0853089199852239,0.672566371681416,0.6960714285714286,0.0894242663962581,0.6568253968253968,0.7119948849104859,0.1471537447714189,0.6756756756756757,0.8238095238095238,0.1659014937200497,0.7936507936507936,0.7352235289077395,0.0624336499366814,0.7299270072992701,0.5683333333333335,0.2709243436828814,0.52,9.6,9.6,4.963869458396343,4,8.0,18,elasticnet_then_mrmr_auto_k_no_smote,nested_cv_outputs_all_triple_concat_batch_smote_compare/ADC_Post1_Pre/fs_method_comparison/elasticnet_then_mrmr_auto_k_no_smote,elasticnet_then_mrmr_auto_k,elasticnet_then_mrmr,auto,False,28,4,1.7142857142857142
ADC_Post1_Pre,ADC,Post1,Pre,SVM_Linear,0.7727777777777777,0.0958924609735017,0.7174603174603174,0.817906758612604,0.1547456678461666,0.7807110505365062,0.7058963585434175,0.1128649987914786,0.6991150442477876,0.7244444444444446,0.1005147372083792,0.690952380952381,0.7567320261437909,0.1827722122628668,0.7164179104477612,0.7917460317460318,0.1514335628607324,0.7619047619047619,0.7449273049999003,0.0978850607809883,0.7384615384615385,0.6571428571428571,0.2322374654589818,0.62,8.8,8.8,4.308131845707603,4,6.0,14,mrmr_then_elasticnet_no_corr_auto_k_no_smote,nested_cv_outputs_all_triple_concat_batch_smote_compare/ADC_Post1_Pre/fs_method_comparison/mrmr_then_elasticnet_no_corr_auto_k_no_smote,mrmr_then_elasticnet_no_corr_auto_k,mrmr_then_elasticnet_no_corr,auto,False,33,4,1.3333333333333333
ADC_Post1_Pre,ADC,Post1,Pre,LogisticRegression,0.7697619047619048,0.11620749723536,0.7498412698412698,0.8237562820420763,0.1446562565660508,0.8166272127600451,0.6764145658263306,0.1079780741174326,0.672566371681416,0.6850396825396826,0.1065376499134478,0.6733333333333333,0.7271428571428571,0.1683560636636993,0.7241379310344828,0.6817460317460318,0.1621923993336694,0.6666666666666666,0.689925863610074,0.1345488652949552,0.6942148760330579,0.6883333333333332,0.1330830985178475,0.68,8.8,8.8,4.308131845707603,4,6.0,14,mrmr_then_elasticnet_no_corr_auto_k_smote,nested_cv_outputs_all_triple_concat_batch_smote_compare/ADC_Post1_Pre/fs_method_comparison/mrmr_then_elasticnet_no_corr_auto_k_smote,mrmr_then_elasticnet_no_corr_auto_k,mrmr_then_elasticnet_no_corr,auto,True,33,4,1.3333333333333333
ADC_Post1_Pre,ADC,Post1,Pre,LogisticRegression,0.7655555555555555,0.120134299585971,0.7438095238095238,0.8243732057387214,0.1465643447293244,0.8156471164625323,0.6781792717086834,0.1143234133460702,0.672566371681416,0.6903968253968255,0.1126454156632308,0.6753968253968254,0.7396681096681097,0.1671964394327174,0.7321428571428571,0.6674603174603174,0.1618425028130906,0.6507936507936508,0.6882668442668443,0.1346367221459773,0.6890756302521008,0.7133333333333333,0.1305543735171076,0.7,8.8,8.8,4.308131845707603,4,6.0,14,mrmr_then_elasticnet_no_corr_auto_k_no_smote,nested_cv_outputs_all_triple_concat_batch_smote_compare/ADC_Post1_Pre/fs_method_comparison/mrmr_then_elasticnet_no_corr_auto_k_no_smote,mrmr_then_elasticnet_no_corr_auto_k,mrmr_then_elasticnet_no_corr,auto,False,33,4,1.3333333333333333
ADC_Post1_Pre,ADC,Post1,Pre,ExtraTrees,0.765079365079365,0.1281295070307088,0.7085714285714286,0.8248215239680892,0.1336121212547705,0.7786636968183476,0.628515406162465,0.1564567161569993,0.6106194690265486,0.6485317460317461,0.1482837059329186,0.6198412698412699,0.7486596736596737,0.2371552595542117,0.6938775510204082,0.5673015873015873,0.193696585790609,0.5396825396825397,0.6142042101121385,0.1884852569497833,0.6071428571428571,0.7297619047619047,0.217879910337778,0.7,8.8,8.8,4.308131845707603,4,6.0,14,mrmr_then_elasticnet_no_corr_auto_k_no_smote,nested_cv_outputs_all_triple_concat_batch_smote_compare/ADC_Post1_Pre/fs_method_comparison/mrmr_then_elasticnet_no_corr_auto_k_no_smote,mrmr_then_elasticnet_no_corr_auto_k,mrmr_then_elasticnet_no_corr,auto,False,33,4,1.3333333333333333
ADC_Post1_Pre,ADC,Post1,Pre,SVM_Linear,0.7640476190476189,0.1006096307915504,0.7377777777777779,0.8098000633260843,0.1564854002841099,0.8037336870478957,0.6810364145658264,0.1172936401565287,0.672566371681416,0.6976984126984128,0.1020618874691808,0.6712698412698412,0.7446428571428572,0.1586155340095216,0.7166666666666667,0.7106349206349206,0.1535845324789578,0.6825396825396826,0.7048433048433048,0.1180821464769873,0.6991869918699187,0.6847619047619047,0.1802781926838896,0.66,8.8,8.8,4.308131845707603,4,6.0,14,mrmr_then_elasticnet_no_corr_auto_k_smote,nested_cv_outputs_all_triple_concat_batch_smote_compare/ADC_Post1_Pre/fs_method_comparison/mrmr_then_elasticnet_no_corr_auto_k_smote,mrmr_then_elasticnet_no_corr_auto_k,mrmr_then_elasticnet_no_corr,auto,True,33,4,1.3333333333333333
ADC_Post1_Pre,ADC,Post1,Pre,SVM_RBF,0.7627777777777778,0.0822294229855418,0.7452380952380951,0.8123241979485363,0.1003861090436151,0.7965694406314026,0.6563165266106443,0.0451827414115207,0.6548672566371682,0.6740079365079366,0.0481053213800129,0.6533333333333333,0.7133333333333333,0.1407914138796192,0.7,0.6796825396825397,0.0905034768099482,0.6666666666666666,0.6814814814814814,0.0604623248789426,0.6829268292682927,0.6683333333333334,0.128062484748657,0.64,9.6,9.6,4.963869458396343,4,8.0,18,elasticnet_then_mrmr_auto_k_smote,nested_cv_outputs_all_triple_concat_batch_smote_compare/ADC_Post1_Pre/fs_method_comparison/elasticnet_then_mrmr_auto_k_smote,elasticnet_then_mrmr_auto_k,elasticnet_then_mrmr,auto,True,28,4,1.7142857142857142
ADC_Post1_Pre,ADC,Post1,Pre,SVM_RBF,0.7618650793650794,0.088028217034114,0.727936507936508,0.8220640904042439,0.1337920931604421,0.8013259005334534,0.6692717086834733,0.0864963974299184,0.6637168141592921,0.689920634920635,0.0675161300399443,0.6612698412698412,0.7479638009049774,0.1759596062148233,0.7049180327868853,0.7250793650793651,0.1773731222305,0.6825396825396826,0.6967456247456247,0.0997080692113418,0.6935483870967742,0.6547619047619048,0.2195129632688782,0.64,8.8,8.8,4.308131845707603,4,6.0,14,mrmr_then_elasticnet_no_corr_auto_k_smote,nested_cv_outputs_all_triple_concat_batch_smote_compare/ADC_Post1_Pre/fs_method_comparison/mrmr_then_elasticnet_no_corr_auto_k_smote,mrmr_then_elasticnet_no_corr_auto_k,mrmr_then_elasticnet_no_corr,auto,True,33,4,1.3333333333333333
ADC_Post1_Pre,ADC,Post1,Pre,NaiveBayes,0.761626984126984,0.0722516074878649,0.7273015873015872,0.7867700353959384,0.1162832239692271,0.7546099150410484,0.6945658263305322,0.0963842467835628,0.6814159292035398,0.699563492063492,0.1036472993406958,0.6792063492063491,0.7466833751044277,0.1242909947339523,0.7213114754098361,0.7131746031746031,0.1228386844753236,0.6984126984126984,0.7180548137069876,0.0885844647071495,0.7096774193548387,0.6859523809523809,0.1768879374169649,0.66,8.8,8.8,4.308131845707603,4,6.0,14,mrmr_then_elasticnet_no_corr_auto_k_no_smote,nested_cv_outputs_all_triple_concat_batch_smote_compare/ADC_Post1_Pre/fs_method_comparison/mrmr_then_elasticnet_no_corr_auto_k_no_smote,mrmr_then_elasticnet_no_corr_auto_k,mrmr_then_elasticnet_no_corr,auto,False,33,4,1.3333333333333333
ADC_Post1_Pre,ADC,Post1,Pre,LightGBM,0.7604761904761904,0.1223225726976963,0.7314285714285713,0.7924622699298745,0.1687075057453197,0.7811385337534791,0.6785574229691876,0.1175564910830194,0.672566371681416,0.6877380952380951,0.1241106178062738,0.6733333333333333,0.7207359307359307,0.2009269200938004,0.7241379310344828,0.6704761904761904,0.1659397602482362,0.6666666666666666,0.6845668548027894,0.1601366139884441,0.6942148760330579,0.705,0.1444914453446216,0.68,8.8,8.8,4.308131845707603,4,6.0,14,mrmr_then_elasticnet_no_corr_auto_k_smote,nested_cv_outputs_all_triple_concat_batch_smote_compare/ADC_Post1_Pre/fs_method_comparison/mrmr_then_elasticnet_no_corr_auto_k_smote,mrmr_then_elasticnet_no_corr_auto_k,mrmr_then_elasticnet_no_corr,auto,True,33,4,1.3333333333333333
ADC_Post1_Pre,ADC,Post1,Pre,LightGBM,0.7598214285714286,0.098953527054385,0.7049206349206351,0.8059970099887173,0.1429226079689136,0.7869297906509143,0.6554621848739496,0.082808234287298,0.6460176991150443,0.6726190476190477,0.0724807860657046,0.6453968253968254,0.7139393939393939,0.1476799457989627,0.6949152542372882,0.6828571428571429,0.142009478070761,0.6507936507936508,0.6777971014492753,0.0974852520772211,0.6721311475409836,0.6623809523809524,0.1654540923922476,0.64,8.8,8.8,4.308131845707603,4,6.0,14,mrmr_then_elasticnet_no_corr_auto_k_no_smote,nested_cv_outputs_all_triple_concat_batch_smote_compare/ADC_Post1_Pre/fs_method_comparison/mrmr_then_elasticnet_no_corr_auto_k_no_smote,mrmr_then_elasticnet_no_corr_auto_k,mrmr_then_elasticnet_no_corr,auto,False,33,4,1.3333333333333333
ADC_Post1_Pre,ADC,Post1,Pre,SVM_RBF,0.7593253968253968,0.0969005043069736,0.7168253968253968,0.8222516767718006,0.1362314497705695,0.7943848405599179,0.6835574229691878,0.1066956154959525,0.6814159292035398,0.7022222222222222,0.0949405404620703,0.6750793650793651,0.746031746031746,0.1849053062656947,0.7076923076923077,0.763968253968254,0.1499118746757849,0.7301587301587301,0.723076923076923,0.0948314791225459,0.71875,0.6404761904761904,0.2398033964193175,0.62,8.8,8.8,4.308131845707603,4,6.0,14,mrmr_then_elasticnet_no_corr_auto_k_no_smote,nested_cv_outputs_all_triple_concat_batch_smote_compare/ADC_Post1_Pre/fs_method_comparison/mrmr_then_elasticnet_no_corr_auto_k_no_smote,mrmr_then_elasticnet_no_corr_auto_k,mrmr_then_elasticnet_no_corr,auto,False,33,4,1.3333333333333333
ADC_Post1_Pre,ADC,Post1,Pre,KNN,0.7552777777777778,0.1060551490188426,0.7023809523809523,0.7872242711963906,0.1545715037179587,0.7677538084774401,0.6434173669467786,0.1084248923673652,0.6283185840707964,0.6582539682539682,0.06244897135809,0.6192063492063492,0.7170329670329669,0.1813140192540838,0.6567164179104478,0.756984126984127,0.2526774738074514,0.6984126984126984,0.6745716652163429,0.1465684942527404,0.676923076923077,0.5595238095238095,0.253322591967055,0.54,8.8,8.8,4.308131845707603,4,6.0,14,mrmr_then_elasticnet_no_corr_auto_k_no_smote,nested_cv_outputs_all_triple_concat_batch_smote_compare/ADC_Post1_Pre/fs_method_comparison/mrmr_then_elasticnet_no_corr_auto_k_no_smote,mrmr_then_elasticnet_no_corr_auto_k,mrmr_then_elasticnet_no_corr,auto,False,33,4,1.3333333333333333
ADC_Post1_Pre,ADC,Post1,Pre,GradientBoosting,0.7539682539682541,0.1238809826341501,0.7088888888888889,0.8203668795963015,0.1306581914101122,0.8027595200029609,0.6170308123249301,0.1163543962826164,0.6106194690265486,0.6193650793650793,0.0991582105428743,0.6012698412698413,0.6569155844155844,0.1535554891373906,0.6417910447761194,0.704920634920635,0.1646379935927316,0.6825396825396826,0.6608791208791208,0.1268354675990986,0.6615384615384615,0.5338095238095238,0.1656184725749211,0.52,8.8,8.8,4.308131845707603,4,6.0,14,mrmr_then_elasticnet_no_corr_auto_k_no_smote,nested_cv_outputs_all_triple_concat_batch_smote_compare/ADC_Post1_Pre/fs_method_comparison/mrmr_then_elasticnet_no_corr_auto_k_no_smote,mrmr_then_elasticnet_no_corr_auto_k,mrmr_then_elasticnet_no_corr,auto,False,33,4,1.3333333333333333
ADC_Post1_Pre,ADC,Post1,Pre,NaiveBayes,0.7513888888888889,0.0670759357291648,0.7219047619047618,0.7689562682846436,0.1109511762541665,0.7472516790379813,0.6899439775910363,0.0674409756485737,0.6814159292035398,0.6970634920634919,0.0684776695868687,0.6792063492063491,0.7365079365079364,0.1058671852943424,0.7213114754098361,0.7131746031746031,0.1228386844753236,0.6984126984126984,0.7126019924646927,0.0708142406397477,0.7096774193548387,0.680952380952381,0.1244944424990607,0.66,8.8,8.8,4.308131845707603,4,6.0,14,mrmr_then_elasticnet_no_corr_auto_k_smote,nested_cv_outputs_all_triple_concat_batch_smote_compare/ADC_Post1_Pre/fs_method_comparison/mrmr_then_elasticnet_no_corr_auto_k_smote,mrmr_then_elasticnet_no_corr_auto_k,mrmr_then_elasticnet_no_corr,auto,True,33,4,1.3333333333333333
ADC_Post1_Pre,ADC,Post1,Pre,ExtraTrees,0.7502380952380954,0.0692805776382795,0.7044444444444445,0.7833157173374092,0.1219790510673367,0.7596701512773467,0.6663165266106442,0.0438891865994184,0.6637168141592921,0.685873015873016,0.0485709098426497,0.6612698412698412,0.7243290043290044,0.1522183804166537,0.7049180327868853,0.7084126984126985,0.1080736756807941,0.6825396825396826,0.6950329670329671,0.0579674402360569,0.6935483870967742,0.6633333333333333,0.1700980109623076,0.64,9.6,9.6,4.963869458396343,4,8.0,18,elasticnet_then_mrmr_auto_k_no_smote,nested_cv_outputs_all_triple_concat_batch_smote_compare/ADC_Post1_Pre/fs_method_comparison/elasticnet_then_mrmr_auto_k_no_smote,elasticnet_then_mrmr_auto_k,elasticnet_then_mrmr,auto,False,28,4,1.7142857142857142
ADC_Post1_Pre,ADC,Post1,Pre,GradientBoosting,0.7501587301587301,0.1210010629855713,0.7293650793650793,0.8249824900140947,0.1168771045473462,0.81099585788919,0.6517507002801121,0.1287939830038033,0.6371681415929203,0.6569047619047619,0.1196860131700913,0.6395238095238096,0.695926295926296,0.1713016721189154,0.6964285714285714,0.6371428571428571,0.1991025467869817,0.6190476190476191,0.6522588522588523,0.1716715172809695,0.6554621848739496,0.6766666666666666,0.1019803902718557,0.66,8.8,8.8,4.308131845707603,4,6.0,14,mrmr_then_elasticnet_no_corr_auto_k_smote,nested_cv_outputs_all_triple_concat_batch_smote_compare/ADC_Post1_Pre/fs_method_comparison/mrmr_then_elasticnet_no_corr_auto_k_smote,mrmr_then_elasticnet_no_corr_auto_k,mrmr_then_elasticnet_no_corr,auto,True,33,4,1.3333333333333333
ADC_Post1_Pre,ADC,Post1,Pre,KNN,0.7464285714285714,0.0879431691935794,0.7226984126984127,0.7641971149763489,0.1262207538964498,0.7555815136544701,0.6761764705882353,0.1051872609282687,0.6637168141592921,0.6968253968253968,0.1157971593406465,0.6633333333333333,0.7319047619047618,0.1426792543242095,0.711864406779661,0.6950793650793651,0.14765010767281,0.6666666666666666,0.697843137254902,0.099174602049401,0.6885245901639344,0.6985714285714286,0.1707366990666133,0.66,9.6,9.6,4.963869458396343,4,8.0,18,elasticnet_then_mrmr_auto_k_smote,nested_cv_outputs_all_triple_concat_batch_smote_compare/ADC_Post1_Pre/fs_method_comparison/elasticnet_then_mrmr_auto_k_smote,elasticnet_then_mrmr_auto_k,elasticnet_then_mrmr,auto,True,28,4,1.7142857142857142
ADC_Post1_Pre,ADC,Post1,Pre,RandomForest,0.7463492063492063,0.0965391944993223,0.7101587301587302,0.7758568978819644,0.1585098372247921,0.7581859480411501,0.6186974789915967,0.1175841001339898,0.6106194690265486,0.6248412698412699,0.1058004082196314,0.6074603174603175,0.6663936063936065,0.171682134814359,0.6557377049180327,0.6515873015873016,0.1479770364812552,0.6349206349206349,0.6445820105820106,0.1378659232500722,0.6451612903225806,0.598095238095238,0.1535254637746158,0.58,9.6,9.6,4.963869458396343,4,8.0,18,elasticnet_then_mrmr_auto_k_no_smote,nested_cv_outputs_all_triple_concat_batch_smote_compare/ADC_Post1_Pre/fs_method_comparison/elasticnet_then_mrmr_auto_k_no_smote,elasticnet_then_mrmr_auto_k,elasticnet_then_mrmr,auto,False,28,4,1.7142857142857142
ADC_Post1_Pre,ADC,Post1,Pre,ExtraTrees,0.7437301587301588,0.1232809228593097,0.6895238095238094,0.8022765958822726,0.1406741305292211,0.7294328895525892,0.6423249299719888,0.12339390708165,0.6283185840707964,0.6640873015873014,0.1168878154507844,0.6377777777777778,0.761013986013986,0.2079373304514513,0.7142857142857143,0.584126984126984,0.1534519242997708,0.5555555555555556,0.6347928388746803,0.1447472379721169,0.625,0.7440476190476191,0.1940147503567939,0.72,8.8,8.8,4.308131845707603,4,6.0,14,mrmr_then_elasticnet_no_corr_auto_k_smote,nested_cv_outputs_all_triple_concat_batch_smote_compare/ADC_Post1_Pre/fs_method_comparison/mrmr_then_elasticnet_no_corr_auto_k_smote,mrmr_then_elasticnet_no_corr_auto_k,mrmr_then_elasticnet_no_corr,auto,True,33,4,1.3333333333333333
ADC_Post1_Pre,ADC,Post1,Pre,RandomForest,0.7392063492063492,0.1191838902606256,0.731111111111111,0.8006602591144828,0.1124685845726803,0.7796232264262326,0.6305602240896359,0.1279733009977788,0.6194690265486725,0.6594444444444443,0.1273636194507159,0.6277777777777778,0.7428571428571429,0.2268009028506889,0.7,0.5831746031746032,0.1982732208171907,0.5555555555555556,0.6212594169115908,0.1630958518529953,0.6194690265486725,0.7357142857142857,0.1890422213455163,0.7,8.8,8.8,4.308131845707603,4,6.0,14,mrmr_then_elasticnet_no_corr_auto_k_smote,nested_cv_outputs_all_triple_concat_batch_smote_compare/ADC_Post1_Pre/fs_method_comparison/mrmr_then_elasticnet_no_corr_auto_k_smote,mrmr_then_elasticnet_no_corr_auto_k,mrmr_then_elasticnet_no_corr,auto,True,33,4,1.3333333333333333
ADC_Post1_Pre,ADC,Post1,Pre,XGBoost,0.7383333333333333,0.1133803423915112,0.726984126984127,0.7911466963899023,0.1495012329927794,0.7981191388208024,0.6626050420168068,0.0765558953076526,0.6548672566371682,0.6709920634920634,0.08449813307,0.6595238095238095,0.7128049728049728,0.1563546784355904,0.7222222222222222,0.6284126984126984,0.1504192511654981,0.6190476190476191,0.6597168784029037,0.1324729832365003,0.6666666666666666,0.7135714285714286,0.085858344549602,0.7,8.8,8.8,4.308131845707603,4,6.0,14,mrmr_then_elasticnet_no_corr_auto_k_smote,nested_cv_outputs_all_triple_concat_batch_smote_compare/ADC_Post1_Pre/fs_method_comparison/mrmr_then_elasticnet_no_corr_auto_k_smote,mrmr_then_elasticnet_no_corr_auto_k,mrmr_then_elasticnet_no_corr,auto,True,33,4,1.3333333333333333
ADC_Post1_Pre,ADC,Post1,Pre,RandomForest,0.7369444444444444,0.1105887950122549,0.7093650793650793,0.7746437738654125,0.1630792580001794,0.7559967076865555,0.6270308123249299,0.0852314258619449,0.6194690265486725,0.6336507936507937,0.0693681667250886,0.6153968253968254,0.6707892107892108,0.1470258195019092,0.6612903225806451,0.6715873015873015,0.1320367799602924,0.6507936507936508,0.6557102157102157,0.1095119176905538,0.656,0.5957142857142856,0.1296288089813134,0.58,9.6,9.6,4.963869458396343,4,8.0,18,elasticnet_then_mrmr_auto_k_smote,nested_cv_outputs_all_triple_concat_batch_smote_compare/ADC_Post1_Pre/fs_method_comparison/elasticnet_then_mrmr_auto_k_smote,elasticnet_then_mrmr_auto_k,elasticnet_then_mrmr,auto,True,28,4,1.7142857142857142
ADC_Post1_Pre,ADC,Post1,Pre,RandomForest,0.7363888888888889,0.120789739836151,0.7247619047619047,0.7991553982149076,0.1435503108895715,0.7720737559998405,0.6560364145658262,0.1131795862753551,0.6460176991150443,0.6697619047619048,0.1136940150145933,0.6536507936507936,0.744949494949495,0.2094590035689669,0.7254901960784313,0.6061904761904762,0.1740933393433789,0.5873015873015873,0.6475921855921856,0.155563987020948,0.6491228070175439,0.7333333333333333,0.1615893285805443,0.72,8.8,8.8,4.308131845707603,4,6.0,14,mrmr_then_elasticnet_no_corr_auto_k_no_smote,nested_cv_outputs_all_triple_concat_batch_smote_compare/ADC_Post1_Pre/fs_method_comparison/mrmr_then_elasticnet_no_corr_auto_k_no_smote,mrmr_then_elasticnet_no_corr_auto_k,mrmr_then_elasticnet_no_corr,auto,False,33,4,1.3333333333333333
ADC_Post1_Pre,ADC,Post1,Pre,KNN,0.7362103174603174,0.0881192320391957,0.6707936507936508,0.7663280177454264,0.1162406084279772,0.7010995303189489,0.6401680672268907,0.1108888248371583,0.6371681415929203,0.6576190476190475,0.129516757900171,0.6209523809523809,0.6734596672677168,0.1763146983936864,0.6486486486486487,0.7904761904761906,0.1422030882820637,0.7619047619047619,0.7041347962382445,0.091872885001808,0.7007299270072993,0.5247619047619048,0.2633578736520183,0.48,9.6,9.6,4.963869458396343,4,8.0,18,elasticnet_then_mrmr_auto_k_no_smote,nested_cv_outputs_all_triple_concat_batch_smote_compare/ADC_Post1_Pre/fs_method_comparison/elasticnet_then_mrmr_auto_k_no_smote,elasticnet_then_mrmr_auto_k,elasticnet_then_mrmr,auto,False,28,4,1.7142857142857142
ADC_Post1_Pre,ADC,Post1,Pre,KNN,0.7310912698412698,0.1004843006205537,0.6874603174603174,0.7795686070882597,0.1378454583292931,0.7405066542028668,0.6268487394957983,0.1245051531555402,0.6106194690265486,0.6545238095238095,0.1036599086879117,0.6115873015873016,0.7345607333842629,0.1971494923077436,0.6666666666666666,0.6519047619047618,0.2040343911056228,0.6031746031746031,0.6415428165359515,0.1461797925111794,0.6333333333333333,0.6571428571428571,0.2322374654589818,0.62,8.8,8.8,4.308131845707603,4,6.0,14,mrmr_then_elasticnet_no_corr_auto_k_smote,nested_cv_outputs_all_triple_concat_batch_smote_compare/ADC_Post1_Pre/fs_method_comparison/mrmr_then_elasticnet_no_corr_auto_k_smote,mrmr_then_elasticnet_no_corr_auto_k,mrmr_then_elasticnet_no_corr,auto,True,33,4,1.3333333333333333
ADC_Post1_Pre,ADC,Post1,Pre,XGBoost,0.7264285714285714,0.1240005648602613,0.711111111111111,0.7689229956162729,0.1365151998419078,0.7623517539966733,0.6416526610644258,0.1433737186292912,0.6283185840707964,0.6529761904761904,0.1143673925501058,0.6192063492063492,0.6822619047619047,0.1588184080076873,0.6567164179104478,0.7280952380952381,0.1846787026975031,0.6984126984126984,0.6796435533277638,0.14440343525129,0.676923076923077,0.5778571428571428,0.1957913184051116,0.54,8.8,8.8,4.308131845707603,4,6.0,14,mrmr_then_elasticnet_no_corr_auto_k_no_smote,nested_cv_outputs_all_triple_concat_batch_smote_compare/ADC_Post1_Pre/fs_method_comparison/mrmr_then_elasticnet_no_corr_auto_k_no_smote,mrmr_then_elasticnet_no_corr_auto_k,mrmr_then_elasticnet_no_corr,auto,False,33,4,1.3333333333333333
ADC_Post1_Pre,ADC,Post1,Pre,LightGBM,0.720952380952381,0.0489557108784461,0.6982539682539682,0.7782742851717495,0.1053821588855157,0.7511809100653838,0.629985994397759,0.0659555974929344,0.6194690265486725,0.635357142857143,0.0501491225478117,0.6257142857142857,0.6900000000000001,0.1075197369191372,0.6923076923076923,0.5928571428571429,0.1408948116382787,0.5714285714285714,0.6268481031638926,0.105931189262537,0.6260869565217392,0.6778571428571428,0.0749663567777311,0.68,9.6,9.6,4.963869458396343,4,8.0,18,elasticnet_then_mrmr_auto_k_no_smote,nested_cv_outputs_all_triple_concat_batch_smote_compare/ADC_Post1_Pre/fs_method_comparison/elasticnet_then_mrmr_auto_k_no_smote,elasticnet_then_mrmr_auto_k,elasticnet_then_mrmr,auto,False,28,4,1.7142857142857142
ADC_Post1_Pre,ADC,Post1,Pre,SVM_Linear,0.7189285714285714,0.0755932695656704,0.6771428571428572,0.7951901328260466,0.0605813684955307,0.7219283235181557,0.6134173669467786,0.0946625549078486,0.6017699115044248,0.6229761904761906,0.0866843621099949,0.5995238095238096,0.6592424242424242,0.1334799469398982,0.65,0.6476190476190476,0.179764970715646,0.6190476190476191,0.637444394685774,0.1216411436309364,0.6341463414634146,0.5983333333333334,0.0837323779138697,0.58,12.0,12.0,4.381780460041329,6,10.0,18,corr_mrmr_auto_k_smote,nested_cv_outputs_all_triple_concat_batch_smote_compare/ADC_Post1_Pre/fs_method_comparison/corr_mrmr_auto_k_smote,corr_mrmr_auto_k,corr_mrmr,auto,True,46,3,1.3043478260869563
ADC_Post1_Pre,ADC,Post1,Pre,GradientBoosting,0.7175,0.07555480525171,0.7022222222222222,0.7810655735024008,0.1139688017764065,0.7681059385429825,0.6591736694677871,0.0814379705868199,0.6548672566371682,0.6585714285714286,0.0721871535302137,0.6471428571428571,0.6801573426573426,0.1305794264071173,0.6818181818181818,0.7271428571428571,0.1323036582997465,0.7142857142857143,0.6934859042572927,0.1049775547028757,0.6976744186046512,0.59,0.082731157639939,0.58,9.6,9.6,4.963869458396343,4,8.0,18,elasticnet_then_mrmr_auto_k_no_smote,nested_cv_outputs_all_triple_concat_batch_smote_compare/ADC_Post1_Pre/fs_method_comparison/elasticnet_then_mrmr_auto_k_no_smote,elasticnet_then_mrmr_auto_k,elasticnet_then_mrmr,auto,False,28,4,1.7142857142857142
ADC_Post1_Pre,ADC,Post1,Pre,LogisticRegression,0.7138492063492063,0.0822911398368088,0.6838095238095239,0.8005410803845926,0.0523555217570766,0.7277029870342426,0.6506582633053222,0.0982829064193292,0.6371681415929203,0.6597619047619048,0.0920524076523701,0.6353968253968254,0.6967676767676768,0.142873280240616,0.6833333333333333,0.6785714285714286,0.1943715444814565,0.6507936507936508,0.6686115288220551,0.1291511916372326,0.6666666666666666,0.6409523809523809,0.136371840610753,0.62,12.0,12.0,4.381780460041329,6,10.0,18,corr_mrmr_auto_k_smote,nested_cv_outputs_all_triple_concat_batch_smote_compare/ADC_Post1_Pre/fs_method_comparison/corr_mrmr_auto_k_smote,corr_mrmr_auto_k,corr_mrmr,auto,True,46,3,1.3043478260869563
ADC_Post1_Pre,ADC,Post1,Pre,NaiveBayes,0.7137301587301588,0.054875428683678,0.6822222222222222,0.7852290520145099,0.0682135180376279,0.7170730532594065,0.5727871148459382,0.0616757745659546,0.5752212389380531,0.5215079365079365,0.0471781173251559,0.5323809523809524,0.5705417389627916,0.0833878357366182,0.5757575757575758,0.8968253968253969,0.0801548010981117,0.9047619047619048,0.6934261974584555,0.0713830988596877,0.7037037037037037,0.1461904761904761,0.0886993443952384,0.16,9.6,9.6,4.963869458396343,4,8.0,18,elasticnet_then_mrmr_auto_k_no_smote,nested_cv_outputs_all_triple_concat_batch_smote_compare/ADC_Post1_Pre/fs_method_comparison/elasticnet_then_mrmr_auto_k_no_smote,elasticnet_then_mrmr_auto_k,elasticnet_then_mrmr,auto,False,28,4,1.7142857142857142
ADC_Post1_Pre,ADC,Post1,Pre,RandomForest,0.7136904761904761,0.1012561256074963,0.641904761904762,0.760101427644752,0.096703316997375,0.6978927925342264,0.6452240896358543,0.122834995659939,0.6283185840707964,0.670595238095238,0.0956449971639358,0.6295238095238096,0.6958823529411764,0.1250457816968831,0.6842105263157895,0.6704761904761904,0.2359748973501001,0.6190476190476191,0.6499325236167341,0.1713774741181034,0.65,0.6707142857142857,0.1441520676025991,0.64,12.0,12.0,4.381780460041329,6,10.0,18,corr_mrmr_auto_k_smote,nested_cv_outputs_all_triple_concat_batch_smote_compare/ADC_Post1_Pre/fs_method_comparison/corr_mrmr_auto_k_smote,corr_mrmr_auto_k,corr_mrmr,auto,True,46,3,1.3043478260869563
ADC_Post1_Pre,ADC,Post1,Pre,SVM_Linear,0.7133730158730158,0.075897004243991,0.6479365079365079,0.7951707587150831,0.0636219809207864,0.6973153449386245,0.5986974789915966,0.0775064713254148,0.5929203539823009,0.6092460317460316,0.0624754423913142,0.5792063492063492,0.6412884501119795,0.1395509185595637,0.6197183098591549,0.7296825396825397,0.1558739857080357,0.6984126984126984,0.6598249158249159,0.0861629316380791,0.6567164179104478,0.4888095238095237,0.1647054679009248,0.46,12.0,12.0,4.381780460041329,6,10.0,18,corr_mrmr_auto_k_no_smote,nested_cv_outputs_all_triple_concat_batch_smote_compare/ADC_Post1_Pre/fs_method_comparison/corr_mrmr_auto_k_no_smote,corr_mrmr_auto_k,corr_mrmr,auto,False,46,3,1.3043478260869563
ADC_Post1_Pre,ADC,Post1,Pre,SVM_RBF,0.7093253968253969,0.0815508534483897,0.6433333333333333,0.7820731719973223,0.0675238946808052,0.7142411309359147,0.6032212885154061,0.0994884384028052,0.5929203539823009,0.6192857142857143,0.0989309192445156,0.5895238095238096,0.659216600393071,0.1774600543458442,0.639344262295082,0.6428571428571429,0.1699969617205116,0.6190476190476191,0.6285912599255928,0.132579611881853,0.6290322580645161,0.5957142857142859,0.1829488857156023,0.56,12.0,12.0,4.381780460041329,6,10.0,18,corr_mrmr_auto_k_smote,nested_cv_outputs_all_triple_concat_batch_smote_compare/ADC_Post1_Pre/fs_method_comparison/corr_mrmr_auto_k_smote,corr_mrmr_auto_k,corr_mrmr,auto,True,46,3,1.3043478260869563
ADC_Post1_Pre,ADC,Post1,Pre,NaiveBayes,0.7069841269841269,0.064334980142548,0.69015873015873,0.7810691870638813,0.0678083892394716,0.7254264977883014,0.589453781512605,0.062270892130908,0.5929203539823009,0.5357936507936508,0.0740865257864007,0.5523809523809524,0.5805668016194331,0.0739174135901964,0.5876288659793815,0.8968253968253969,0.0801548010981117,0.9047619047619048,0.702324973876698,0.0674781628001286,0.7125,0.1747619047619047,0.1225725755672089,0.2,9.6,9.6,4.963869458396343,4,8.0,18,elasticnet_then_mrmr_auto_k_smote,nested_cv_outputs_all_triple_concat_batch_smote_compare/ADC_Post1_Pre/fs_method_comparison/elasticnet_then_mrmr_auto_k_smote,elasticnet_then_mrmr_auto_k,elasticnet_then_mrmr,auto,True,28,4,1.7142857142857142
ADC_Post1_Pre,ADC,Post1,Pre,RandomForest,0.7056746031746032,0.1042891268074941,0.6403174603174604,0.7414762378867495,0.111708402100095,0.6976457012824608,0.5944537815126051,0.1359847651407439,0.584070796460177,0.6188095238095238,0.1225705200115971,0.5733333333333333,0.6303113553113552,0.1489377019111377,0.6176470588235294,0.7238095238095238,0.2632911837063397,0.6666666666666666,0.6366939726939727,0.1738317927191849,0.6412213740458015,0.5138095238095237,0.2274097463693325,0.48,12.0,12.0,4.381780460041329,6,10.0,18,corr_mrmr_auto_k_no_smote,nested_cv_outputs_all_triple_concat_batch_smote_compare/ADC_Post1_Pre/fs_method_comparison/corr_mrmr_auto_k_no_smote,corr_mrmr_auto_k,corr_mrmr,auto,False,46,3,1.3043478260869563
ADC_Post1_Pre,ADC,Post1,Pre,ExtraTrees,0.7048809523809524,0.0955704847800748,0.6657142857142857,0.7600982577483035,0.1390428560366769,0.7031079748983788,0.638795518207283,0.0910454638898154,0.6283185840707964,0.6572619047619048,0.0900162004959433,0.6315873015873016,0.7087229437229438,0.1774861366015505,0.6909090909090909,0.6261904761904762,0.1538209080590472,0.6031746031746031,0.6444313581155686,0.1283119253646865,0.6440677966101694,0.6883333333333334,0.1525341491819673,0.66,9.6,9.6,4.963869458396343,4,8.0,18,elasticnet_then_mrmr_auto_k_smote,nested_cv_outputs_all_triple_concat_batch_smote_compare/ADC_Post1_Pre/fs_method_comparison/elasticnet_then_mrmr_auto_k_smote,elasticnet_then_mrmr_auto_k,elasticnet_then_mrmr,auto,True,28,4,1.7142857142857142
ADC_Post1_Pre,ADC,Post1,Pre,LogisticRegression,0.702420634920635,0.0994813964966777,0.6717460317460318,0.7812453879001129,0.0900166432433269,0.7167185673421068,0.6417507002801119,0.089880251552506,0.6283185840707964,0.6457936507936507,0.0823515866552731,0.6253968253968254,0.6808080808080809,0.1348172702494548,0.6721311475409836,0.6706349206349206,0.1756103706151026,0.6507936507936508,0.6616512988926783,0.1238359504122221,0.6612903225806451,0.6209523809523809,0.1176238672619628,0.6,12.0,12.0,4.381780460041329,6,10.0,18,corr_mrmr_auto_k_no_smote,nested_cv_outputs_all_triple_concat_batch_smote_compare/ADC_Post1_Pre/fs_method_comparison/corr_mrmr_auto_k_no_smote,corr_mrmr_auto_k,corr_mrmr,auto,False,46,3,1.3043478260869563
ADC_Post1_Pre,ADC,Post1,Pre,GradientBoosting,0.7021428571428572,0.1052383945026748,0.6233333333333333,0.7586132257376426,0.1599717770229353,0.6752821849689261,0.5636974789915967,0.0778850218381501,0.5575221238938053,0.58,0.0855780810821509,0.5619047619047619,0.6456060606060607,0.1886460384521537,0.6226415094339622,0.5442857142857143,0.1426509976490158,0.5238095238095238,0.5704195804195804,0.1183232580290247,0.5689655172413793,0.6157142857142857,0.163018577742975,0.6,9.6,9.6,4.963869458396343,4,8.0,18,elasticnet_then_mrmr_auto_k_smote,nested_cv_outputs_all_triple_concat_batch_smote_compare/ADC_Post1_Pre/fs_method_comparison/elasticnet_then_mrmr_auto_k_smote,elasticnet_then_mrmr_auto_k,elasticnet_then_mrmr,auto,True,28,4,1.7142857142857142
ADC_Post1_Pre,ADC,Post1,Pre,SVM_RBF,0.7006746031746033,0.100998074165475,0.6301587301587301,0.7736224573377974,0.086470001181773,0.7083610352239775,0.6258403361344538,0.0958549188214321,0.6194690265486725,0.6431746031746032,0.1004795756595167,0.6153968253968254,0.686013986013986,0.1948528956110836,0.6612903225806451,0.6706349206349206,0.1756103706151026,0.6507936507936508,0.6521417069243156,0.1276993702778404,0.656,0.6157142857142858,0.2079464434800679,0.58,12.0,12.0,4.381780460041329,6,10.0,18,corr_mrmr_auto_k_no_smote,nested_cv_outputs_all_triple_concat_batch_smote_compare/ADC_Post1_Pre/fs_method_comparison/corr_mrmr_auto_k_no_smote,corr_mrmr_auto_k,corr_mrmr,auto,False,46,3,1.3043478260869563
ADC_Post1_Pre,ADC,Post1,Pre,LightGBM,0.6946031746031747,0.0645451359745979,0.6544444444444444,0.7618458837149514,0.1129951830391959,0.7098508864582225,0.5543137254901962,0.0446766330185036,0.5486725663716814,0.5735317460317461,0.0395441236760804,0.553968253968254,0.6433333333333333,0.1544164642920062,0.6153846153846154,0.5420634920634921,0.1610856966427726,0.5079365079365079,0.5575757575757575,0.1048195791298665,0.5565217391304348,0.605,0.1761943371520334,0.6,9.6,9.6,4.963869458396343,4,8.0,18,elasticnet_then_mrmr_auto_k_smote,nested_cv_outputs_all_triple_concat_batch_smote_compare/ADC_Post1_Pre/fs_method_comparison/elasticnet_then_mrmr_auto_k_smote,elasticnet_then_mrmr_auto_k,elasticnet_then_mrmr,auto,True,28,4,1.7142857142857142
ADC_Post1_Pre,ADC,Post1,Pre,ExtraTrees,0.6913888888888888,0.1107577715134124,0.6746031746031745,0.7656409948703919,0.1070591380892009,0.7460863168409446,0.5972689075630252,0.1329983669912054,0.584070796460177,0.6008730158730159,0.1188300657666583,0.5836507936507936,0.6349650349650349,0.1672587978493895,0.6379310344827587,0.6093650793650793,0.1996333247448993,0.5873015873015873,0.6085791245791246,0.1733451454355969,0.6115702479338843,0.5923809523809523,0.1076906630658601,0.58,12.0,12.0,4.381780460041329,6,10.0,18,corr_mrmr_auto_k_no_smote,nested_cv_outputs_all_triple_concat_batch_smote_compare/ADC_Post1_Pre/fs_method_comparison/corr_mrmr_auto_k_no_smote,corr_mrmr_auto_k,corr_mrmr,auto,False,46,3,1.3043478260869563
ADC_Post1_Pre,ADC,Post1,Pre,GradientBoosting,0.6906746031746032,0.1225025130731883,0.6088888888888888,0.7378225081253993,0.1015667030854502,0.6396196881077618,0.6123669467787115,0.1494737136558689,0.5929203539823009,0.6236507936507937,0.1328395998354953,0.5874603174603175,0.6455677655677656,0.1695298247212914,0.6349206349206349,0.6692063492063492,0.2005927221043916,0.6349206349206349,0.6381245421245422,0.1680694830982677,0.6349206349206349,0.5780952380952381,0.167943409105959,0.54,12.0,12.0,4.381780460041329,6,10.0,18,corr_mrmr_auto_k_no_smote,nested_cv_outputs_all_triple_concat_batch_smote_compare/ADC_Post1_Pre/fs_method_comparison/corr_mrmr_auto_k_no_smote,corr_mrmr_auto_k,corr_mrmr,auto,False,46,3,1.3043478260869563
ADC_Post1_Pre,ADC,Post1,Pre,LightGBM,0.6889682539682539,0.0788261064092999,0.6323809523809524,0.7052766407610445,0.1337813972375773,0.6865910197636127,0.6536554621848738,0.1168775386700927,0.6371681415929203,0.6750396825396825,0.0888914044428629,0.6374603174603175,0.6964349376114083,0.0814513385828479,0.6896551724137931,0.6984126984126984,0.2665532638689947,0.6349206349206349,0.661994301994302,0.1701682094372754,0.6611570247933884,0.6516666666666666,0.0960902353693305,0.64,12.0,12.0,4.381780460041329,6,10.0,18,corr_mrmr_auto_k_smote,nested_cv_outputs_all_triple_concat_batch_smote_compare/ADC_Post1_Pre/fs_method_comparison/corr_mrmr_auto_k_smote,corr_mrmr_auto_k,corr_mrmr,auto,True,46,3,1.3043478260869563
ADC_Post1_Pre,ADC,Post1,Pre,XGBoost,0.6811111111111112,0.1146789970343138,0.6326984126984126,0.7246595551941883,0.1147688155367998,0.7039387754313231,0.606218487394958,0.1323445849777167,0.5929203539823009,0.6149603174603173,0.113971376576579,0.5874603174603175,0.6303174603174603,0.1146778985165112,0.6349206349206349,0.6825396825396826,0.2598039844868688,0.6349206349206349,0.6307840307840308,0.1640699902923643,0.6349206349206349,0.5473809523809523,0.1225216904301044,0.54,12.0,12.0,4.381780460041329,6,10.0,18,corr_mrmr_auto_k_no_smote,nested_cv_outputs_all_triple_concat_batch_smote_compare/ADC_Post1_Pre/fs_method_comparison/corr_mrmr_auto_k_no_smote,corr_mrmr_auto_k,corr_mrmr,auto,False,46,3,1.3043478260869563
ADC_Post1_Pre,ADC,Post1,Pre,XGBoost,0.6801587301587302,0.0612500996240467,0.6511111111111111,0.7441180509499837,0.1031825215033567,0.7391066253705525,0.5881232492997198,0.0640472009914315,0.584070796460177,0.5940079365079365,0.0609801214155967,0.5815873015873017,0.6376623376623376,0.1359669210391768,0.6333333333333333,0.623015873015873,0.1322804231746074,0.6031746031746031,0.6170487902901696,0.0993976175808206,0.6178861788617886,0.565,0.1176624172981519,0.56,9.6,9.6,4.963869458396343,4,8.0,18,elasticnet_then_mrmr_auto_k_smote,nested_cv_outputs_all_triple_concat_batch_smote_compare/ADC_Post1_Pre/fs_method_comparison/elasticnet_then_mrmr_auto_k_smote,elasticnet_then_mrmr_auto_k,elasticnet_then_mrmr,auto,True,28,4,1.7142857142857142
ADC_Post1_Pre,ADC,Post1,Pre,KNN,0.6794642857142856,0.1310954905853036,0.6173015873015872,0.7418939740620413,0.1544532703224817,0.6569543456905944,0.5824649859943978,0.1137571588008075,0.5663716814159292,0.5913095238095238,0.0978245353054894,0.5677777777777777,0.6383116883116883,0.1349428495517161,0.625,0.5952380952380951,0.2017184924942671,0.5555555555555556,0.5934180602006689,0.1531018528894902,0.5882352941176471,0.5873809523809523,0.1260907062917483,0.58,12.0,12.0,4.381780460041329,6,10.0,18,corr_mrmr_auto_k_smote,nested_cv_outputs_all_triple_concat_batch_smote_compare/ADC_Post1_Pre/fs_method_comparison/corr_mrmr_auto_k_smote,corr_mrmr_auto_k,corr_mrmr,auto,True,46,3,1.3043478260869563
ADC_Post1_Pre,ADC,Post1,Pre,GradientBoosting,0.6736507936507936,0.1153288483436259,0.6044444444444445,0.7169469164713959,0.1296870777065964,0.6741626339029052,0.5688375350140056,0.0996032703370709,0.5575221238938053,0.5766269841269842,0.0785969174625715,0.5577777777777778,0.6197802197802198,0.1479003219271465,0.6140350877192983,0.5849206349206348,0.1892420334944609,0.5555555555555556,0.5792053872053872,0.1491206184907819,0.5833333333333334,0.5683333333333332,0.1483614205617859,0.56,12.0,12.0,4.381780460041329,6,10.0,18,corr_mrmr_auto_k_smote,nested_cv_outputs_all_triple_concat_batch_smote_compare/ADC_Post1_Pre/fs_method_comparison/corr_mrmr_auto_k_smote,corr_mrmr_auto_k,corr_mrmr,auto,True,46,3,1.3043478260869563
ADC_Post1_Pre,ADC,Post1,Pre,XGBoost,0.6721825396825396,0.079077893099922,0.6526984126984127,0.7336383049096081,0.1295243844813931,0.6917908785052405,0.6236974789915967,0.0597693830295874,0.6194690265486725,0.6348412698412698,0.0513255876595841,0.6195238095238096,0.6816783216783217,0.1290435479720559,0.6724137931034483,0.6430158730158729,0.1190692043923125,0.6190476190476191,0.6466335403726708,0.0835076700636158,0.6446280991735537,0.6266666666666667,0.1143095213298816,0.62,9.6,9.6,4.963869458396343,4,8.0,18,elasticnet_then_mrmr_auto_k_no_smote,nested_cv_outputs_all_triple_concat_batch_smote_compare/ADC_Post1_Pre/fs_method_comparison/elasticnet_then_mrmr_auto_k_no_smote,elasticnet_then_mrmr_auto_k,elasticnet_then_mrmr,auto,False,28,4,1.7142857142857142
ADC_Post1_Pre,ADC,Post1,Pre,XGBoost,0.6562301587301588,0.0805570802889558,0.6238095238095238,0.7021896516552705,0.1314067073945233,0.6770990982017521,0.6335994397759104,0.09290569981552,0.6283185840707964,0.6499603174603175,0.0957853325513504,0.6212698412698413,0.6791666666666667,0.1517032922809814,0.6615384615384615,0.7149206349206348,0.1540798155799811,0.6825396825396826,0.6738298738298739,0.0971327085449422,0.671875,0.5850000000000001,0.1936778539511193,0.56,12.0,12.0,4.381780460041329,6,10.0,18,corr_mrmr_auto_k_smote,nested_cv_outputs_all_triple_concat_batch_smote_compare/ADC_Post1_Pre/fs_method_comparison/corr_mrmr_auto_k_smote,corr_mrmr_auto_k,corr_mrmr,auto,True,46,3,1.3043478260869563
ADC_Post1_Pre,ADC,Post1,Pre,KNN,0.6527380952380952,0.126755771857413,0.5957142857142856,0.7045504985597745,0.1523532598188954,0.6353068630032808,0.5724649859943979,0.1044349441757249,0.5575221238938053,0.5791666666666667,0.0939132386678116,0.5515873015873016,0.6267732267732267,0.1113631476720664,0.6031746031746031,0.6519047619047618,0.2040343911056228,0.6031746031746031,0.6095970695970696,0.1338713133293221,0.6031746031746031,0.5064285714285715,0.1791919377843027,0.5,12.0,12.0,4.381780460041329,6,10.0,18,corr_mrmr_auto_k_no_smote,nested_cv_outputs_all_triple_concat_batch_smote_compare/ADC_Post1_Pre/fs_method_comparison/corr_mrmr_auto_k_no_smote,corr_mrmr_auto_k,corr_mrmr,auto,False,46,3,1.3043478260869563
ADC_Post1_Pre,ADC,Post1,Pre,ExtraTrees,0.6525000000000001,0.1162373051610846,0.6346031746031746,0.7386542824553468,0.103875480441497,0.7307604157402505,0.5688375350140056,0.1351079005653369,0.5575221238938053,0.5728968253968254,0.1210190990009563,0.5536507936507937,0.6093406593406594,0.1744466796990349,0.6065573770491803,0.6093650793650793,0.1996333247448993,0.5873015873015873,0.5932119410380279,0.1712713541308297,0.5967741935483871,0.5364285714285714,0.1443053577701782,0.52,12.0,12.0,4.381780460041329,6,10.0,18,corr_mrmr_auto_k_smote,nested_cv_outputs_all_triple_concat_batch_smote_compare/ADC_Post1_Pre/fs_method_comparison/corr_mrmr_auto_k_smote,corr_mrmr_auto_k,corr_mrmr,auto,True,46,3,1.3043478260869563
ADC_Post1_Pre,ADC,Post1,Pre,LightGBM,0.6432142857142857,0.1178780110860649,0.6095238095238096,0.6683913488549885,0.1198045407769071,0.6636888765252904,0.6052240896358543,0.1525550064609885,0.584070796460177,0.6171031746031745,0.1369704466306106,0.5857142857142856,0.6419230769230768,0.1645524682066465,0.6428571428571429,0.6025396825396825,0.2056804792915516,0.5714285714285714,0.6064171018404428,0.1813791345031944,0.6050420168067226,0.6316666666666667,0.1265350193073487,0.6,12.0,12.0,4.381780460041329,6,10.0,18,corr_mrmr_auto_k_no_smote,nested_cv_outputs_all_triple_concat_batch_smote_compare/ADC_Post1_Pre/fs_method_comparison/corr_mrmr_auto_k_no_smote,corr_mrmr_auto_k,corr_mrmr,auto,False,46,3,1.3043478260869563
ADC_Post1_Pre,ADC,Post1,Pre,NaiveBayes,0.6070634920634921,0.0548839220351387,0.4971428571428571,0.6896040076954992,0.0609942830205935,0.5767915151183503,0.4848319327731093,0.0848496281170387,0.4778761061946903,0.5105952380952381,0.0730194961143884,0.4615873015873015,0.5656926406926408,0.1443041305365714,0.5277777777777778,0.6419047619047619,0.2205917509439782,0.6031746031746031,0.5598983560299349,0.1091990541402055,0.562962962962963,0.3792857142857143,0.2712296681408923,0.32,12.0,12.0,4.381780460041329,6,10.0,18,corr_mrmr_auto_k_no_smote,nested_cv_outputs_all_triple_concat_batch_smote_compare/ADC_Post1_Pre/fs_method_comparison/corr_mrmr_auto_k_no_smote,corr_mrmr_auto_k,corr_mrmr,auto,False,46,3,1.3043478260869563
ADC_Post1_Pre,ADC,Post1,Pre,NaiveBayes,0.603968253968254,0.0698845464765336,0.5114285714285713,0.667906314493162,0.0859085283229957,0.5783370083897805,0.4995518207282913,0.0850981775197434,0.4867256637168141,0.5312301587301588,0.0619067459999501,0.4757142857142857,0.581103896103896,0.131226745604763,0.5373134328358209,0.6165079365079364,0.2402455282251879,0.5714285714285714,0.5524803921568627,0.1214277868538457,0.5538461538461539,0.445952380952381,0.2696596494298178,0.38,12.0,12.0,4.381780460041329,6,10.0,18,corr_mrmr_auto_k_smote,nested_cv_outputs_all_triple_concat_batch_smote_compare/ADC_Post1_Pre/fs_method_comparison/corr_mrmr_auto_k_smote,corr_mrmr_auto_k,corr_mrmr,auto,True,46,3,1.3043478260869563
ADC_Post1_T2,ADC,Post1,T2,KNN,0.7602579365079365,0.1377159313680973,0.7174603174603175,0.811952314629105,0.1335448986489078,0.7999321180156695,0.6459383753501401,0.1259535887020155,0.6371681415929203,0.652063492063492,0.1291029577358517,0.6312698412698412,0.6731643356643356,0.190064698893098,0.671875,0.6950793650793651,0.1967590774086572,0.6825396825396826,0.6712833403155983,0.1632199041487891,0.6771653543307087,0.6090476190476191,0.1440143605840118,0.58,5.6,5.6,1.4966629547095764,4,6.0,8,elasticnet_then_mrmr_auto_k_no_smote,nested_cv_outputs_all_triple_concat_batch_smote_compare/ADC_Post1_T2/fs_method_comparison/elasticnet_then_mrmr_auto_k_no_smote,elasticnet_then_mrmr_auto_k,elasticnet_then_mrmr,auto,False,19,3,1.4736842105263157
ADC_Post1_T2,ADC,Post1,T2,GradientBoosting,0.7560912698412698,0.1077224476344824,0.7179365079365079,0.8262035352300785,0.1202072643641984,0.8035949590134506,0.6359383753501401,0.119092711842158,0.6283185840707964,0.6609126984126984,0.112434998438083,0.6253968253968254,0.7102777777777777,0.1902272844601594,0.6721311475409836,0.6763492063492064,0.1604811359984028,0.6507936507936508,0.6653374890216995,0.1213236066481312,0.6612903225806451,0.6454761904761905,0.2162324272282814,0.6,5.6,5.6,3.2,4,4.0,12,mrmr_then_elasticnet_no_corr_auto_k_no_smote,nested_cv_outputs_all_triple_concat_batch_smote_compare/ADC_Post1_T2/fs_method_comparison/mrmr_then_elasticnet_no_corr_auto_k_no_smote,mrmr_then_elasticnet_no_corr_auto_k,mrmr_then_elasticnet_no_corr,auto,False,22,3,1.2727272727272727
ADC_Post1_T2,ADC,Post1,T2,LogisticRegression,0.753968253968254,0.1581455504184609,0.7653968253968254,0.8279338086574111,0.1453784032873165,0.8359820539337195,0.695420168067227,0.0975988871152025,0.6902654867256637,0.7080952380952382,0.0936933586347237,0.6953968253968255,0.7508974358974358,0.1342716000887792,0.7592592592592593,0.6633333333333333,0.2067861064654985,0.6507936507936508,0.6894811156271257,0.1430209733384742,0.7008547008547008,0.7528571428571429,0.0593693233352712,0.74,5.6,5.6,1.4966629547095764,4,6.0,8,elasticnet_then_mrmr_auto_k_smote,nested_cv_outputs_all_triple_concat_batch_smote_compare/ADC_Post1_T2/fs_method_comparison/elasticnet_then_mrmr_auto_k_smote,elasticnet_then_mrmr_auto_k,elasticnet_then_mrmr,auto,True,19,3,1.4736842105263157
ADC_Post1_T2,ADC,Post1,T2,SVM_Linear,0.7518650793650794,0.1682989607408344,0.7577777777777777,0.8217491031228764,0.1514035109060546,0.8262862399940916,0.6970868347338934,0.1016351207086286,0.6902654867256637,0.7080952380952382,0.1041790544410332,0.6912698412698413,0.7370739064856712,0.1584366311382143,0.7413793103448276,0.6942857142857143,0.2190651016717887,0.6825396825396826,0.6992147389802551,0.151256902797301,0.7107438016528925,0.7219047619047619,0.094609832513134,0.7,5.6,5.6,1.4966629547095764,4,6.0,8,elasticnet_then_mrmr_auto_k_no_smote,nested_cv_outputs_all_triple_concat_batch_smote_compare/ADC_Post1_T2/fs_method_comparison/elasticnet_then_mrmr_auto_k_no_smote,elasticnet_then_mrmr_auto_k,elasticnet_then_mrmr,auto,False,19,3,1.4736842105263157
ADC_Post1_T2,ADC,Post1,T2,LogisticRegression,0.750357142857143,0.1567211352540676,0.7596825396825396,0.8273896371426513,0.145318878639037,0.8310056702854449,0.695420168067227,0.0975988871152025,0.6902654867256637,0.7080952380952382,0.0936933586347237,0.6953968253968255,0.7508974358974358,0.1342716000887792,0.7592592592592593,0.6633333333333333,0.2067861064654985,0.6507936507936508,0.6894811156271257,0.1430209733384742,0.7008547008547008,0.7528571428571429,0.0593693233352712,0.74,5.6,5.6,1.4966629547095764,4,6.0,8,elasticnet_then_mrmr_auto_k_no_smote,nested_cv_outputs_all_triple_concat_batch_smote_compare/ADC_Post1_T2/fs_method_comparison/elasticnet_then_mrmr_auto_k_no_smote,elasticnet_then_mrmr_auto_k,elasticnet_then_mrmr,auto,False,19,3,1.4736842105263157
ADC_Post1_T2,ADC,Post1,T2,LightGBM,0.7482936507936508,0.1021422404737123,0.7136507936507935,0.8097330801266374,0.1352063393198172,0.7474077549440803,0.6521288515406163,0.1143544995395445,0.6460176991150443,0.6493253968253969,0.1197523847815639,0.6495238095238096,0.7238095238095238,0.1926777531353528,0.7090909090909091,0.6426984126984128,0.2316755709366187,0.6190476190476191,0.6483233282144353,0.1689983909315511,0.6610169491525424,0.655952380952381,0.2188145758264387,0.68,5.6,5.6,3.2,4,4.0,12,mrmr_then_elasticnet_no_corr_auto_k_no_smote,nested_cv_outputs_all_triple_concat_batch_smote_compare/ADC_Post1_T2/fs_method_comparison/mrmr_then_elasticnet_no_corr_auto_k_no_smote,mrmr_then_elasticnet_no_corr_auto_k,mrmr_then_elasticnet_no_corr,auto,False,22,3,1.2727272727272727
ADC_Post1_T2,ADC,Post1,T2,SVM_RBF,0.7481746031746032,0.0983780020762619,0.7298412698412697,0.8172677876914202,0.1344893356449712,0.7961348556736856,0.7082773109243696,0.1104802919392522,0.6991150442477876,0.7273412698412699,0.0990122227656347,0.7012698412698413,0.7921428571428571,0.1776190476190476,0.7543859649122807,0.7106349206349206,0.1535845324789578,0.6825396825396826,0.7228597285067873,0.114507894139548,0.7166666666666667,0.7440476190476191,0.1940147503567939,0.72,5.6,5.6,3.2,4,4.0,12,mrmr_then_elasticnet_no_corr_auto_k_smote,nested_cv_outputs_all_triple_concat_batch_smote_compare/ADC_Post1_T2/fs_method_comparison/mrmr_then_elasticnet_no_corr_auto_k_smote,mrmr_then_elasticnet_no_corr_auto_k,mrmr_then_elasticnet_no_corr,auto,True,22,3,1.2727272727272727
ADC_Post1_T2,ADC,Post1,T2,SVM_Linear,0.7477380952380953,0.1607967454535398,0.7612698412698412,0.8193038631776364,0.1485524592432871,0.8261903927398786,0.681610644257703,0.116393090386051,0.672566371681416,0.6852380952380951,0.1284840483004581,0.6774603174603174,0.7082539682539682,0.1940313720598074,0.7407407407407407,0.6376190476190476,0.259845487743447,0.6349206349206349,0.6580144503771506,0.213184225131295,0.6837606837606838,0.7328571428571429,0.0569122330222044,0.72,5.6,5.6,1.4966629547095764,4,6.0,8,elasticnet_then_mrmr_auto_k_smote,nested_cv_outputs_all_triple_concat_batch_smote_compare/ADC_Post1_T2/fs_method_comparison/elasticnet_then_mrmr_auto_k_smote,elasticnet_then_mrmr_auto_k,elasticnet_then_mrmr,auto,True,19,3,1.4736842105263157
ADC_Post1_T2,ADC,Post1,T2,SVM_RBF,0.7471825396825398,0.0999083417176563,0.7171428571428571,0.8172911303618218,0.1342393589180208,0.78511315749345,0.6610364145658263,0.0986820322687529,0.6548672566371682,0.666031746031746,0.1032230045199785,0.6492063492063491,0.7169747899159664,0.1372826486687255,0.6875,0.7306349206349207,0.1573620405033667,0.6984126984126984,0.6984126984126984,0.0921911175222201,0.6929133858267716,0.6014285714285714,0.2222723299516418,0.6,5.6,5.6,3.2,4,4.0,12,mrmr_then_elasticnet_no_corr_auto_k_no_smote,nested_cv_outputs_all_triple_concat_batch_smote_compare/ADC_Post1_T2/fs_method_comparison/mrmr_then_elasticnet_no_corr_auto_k_no_smote,mrmr_then_elasticnet_no_corr_auto_k,mrmr_then_elasticnet_no_corr,auto,False,22,3,1.2727272727272727
ADC_Post1_T2,ADC,Post1,T2,SVM_RBF,0.7423015873015872,0.1567378137287124,0.7511111111111111,0.8184694167677427,0.1474998321317341,0.8248408647012908,0.6899439775910364,0.125137509594616,0.6814159292035398,0.6992857142857142,0.1264448867998749,0.6812698412698412,0.724920634920635,0.1687724864407415,0.7288135593220338,0.6942857142857143,0.2190651016717887,0.6825396825396826,0.6964800588427591,0.1643173679384654,0.7049180327868853,0.7042857142857144,0.0869800717395576,0.68,5.6,5.6,1.4966629547095764,4,6.0,8,elasticnet_then_mrmr_auto_k_no_smote,nested_cv_outputs_all_triple_concat_batch_smote_compare/ADC_Post1_T2/fs_method_comparison/elasticnet_then_mrmr_auto_k_no_smote,elasticnet_then_mrmr_auto_k,elasticnet_then_mrmr,auto,False,19,3,1.4736842105263157
ADC_Post1_T2,ADC,Post1,T2,SVM_RBF,0.7403571428571428,0.1588862129708227,0.765079365079365,0.8185711885022375,0.1481440625650691,0.832102855190535,0.6744677871148459,0.1196037397862121,0.6637168141592921,0.6796825396825396,0.1302359913935874,0.6695238095238095,0.704957264957265,0.1928235436507876,0.7358490566037735,0.6265079365079365,0.2619209230223038,0.6190476190476191,0.6495467084416667,0.2126851485381856,0.6724137931034483,0.7328571428571429,0.0569122330222044,0.72,5.6,5.6,1.4966629547095764,4,6.0,8,elasticnet_then_mrmr_auto_k_smote,nested_cv_outputs_all_triple_concat_batch_smote_compare/ADC_Post1_T2/fs_method_comparison/elasticnet_then_mrmr_auto_k_smote,elasticnet_then_mrmr_auto_k,elasticnet_then_mrmr,auto,True,19,3,1.4736842105263157
ADC_Post1_T2,ADC,Post1,T2,SVM_Linear,0.7373015873015873,0.1097754183741237,0.7228571428571428,0.8063502252248382,0.1562905913222257,0.7937939440071675,0.664467787114846,0.1440484844373602,0.6548672566371682,0.6668650793650792,0.1477210988778038,0.6533333333333333,0.7327777777777779,0.1780354566784916,0.7,0.6906349206349207,0.1600425113592537,0.6666666666666666,0.6913123129593718,0.1388405672593934,0.6829268292682927,0.6430952380952382,0.248567779575479,0.64,5.6,5.6,3.2,4,4.0,12,mrmr_then_elasticnet_no_corr_auto_k_smote,nested_cv_outputs_all_triple_concat_batch_smote_compare/ADC_Post1_T2/fs_method_comparison/mrmr_then_elasticnet_no_corr_auto_k_smote,mrmr_then_elasticnet_no_corr_auto_k,mrmr_then_elasticnet_no_corr,auto,True,22,3,1.2727272727272727
ADC_Post1_T2,ADC,Post1,T2,KNN,0.7320833333333333,0.0622533429624668,0.7323809523809524,0.7645749969558018,0.0809434241417786,0.7435797857950085,0.7130812324929972,0.0566664382011176,0.7079646017699115,0.6836111111111111,0.0622011119842207,0.6926984126984127,0.7031493506493506,0.0799598007873104,0.7027027027027027,0.8179365079365081,0.0616878576896958,0.8253968253968254,0.7540350877192983,0.0642608373505189,0.7591240875912408,0.5492857142857143,0.1490514224373999,0.56,11.6,11.6,4.6303347611160905,4,12.0,18,corr_mrmr_auto_k_no_smote,nested_cv_outputs_all_triple_concat_batch_smote_compare/ADC_Post1_T2/fs_method_comparison/corr_mrmr_auto_k_no_smote,corr_mrmr_auto_k,corr_mrmr,auto,False,39,4,1.4871794871794872
ADC_Post1_T2,ADC,Post1,T2,GradientBoosting,0.7301984126984127,0.11889318024764,0.7174603174603174,0.8095505748530958,0.109268823268861,0.8060780492368476,0.6572268907563025,0.1039901621155618,0.6460176991150443,0.6669047619047619,0.1002006050365219,0.6515873015873015,0.7200793650793651,0.1689025385342257,0.7169811320754716,0.6228571428571429,0.1902978000621415,0.6031746031746031,0.650940170940171,0.1547226692840659,0.6551724137931034,0.7109523809523809,0.1101390586708365,0.7,5.6,5.6,3.2,4,4.0,12,mrmr_then_elasticnet_no_corr_auto_k_smote,nested_cv_outputs_all_triple_concat_batch_smote_compare/ADC_Post1_T2/fs_method_comparison/mrmr_then_elasticnet_no_corr_auto_k_smote,mrmr_then_elasticnet_no_corr_auto_k,mrmr_then_elasticnet_no_corr,auto,True,22,3,1.2727272727272727
ADC_Post1_T2,ADC,Post1,T2,LogisticRegression,0.7296031746031746,0.1232878713375603,0.7174603174603175,0.8089094501005591,0.1425363786975973,0.8037930215388231,0.689467787114846,0.1137683751295798,0.6814159292035398,0.6854365079365079,0.1273080936863992,0.6853968253968254,0.7527777777777778,0.1413701267015346,0.7454545454545455,0.6706349206349206,0.1756103706151026,0.6507936507936508,0.6953123129593719,0.1328540726257015,0.6949152542372882,0.7002380952380952,0.205345789886319,0.72,5.6,5.6,3.2,4,4.0,12,mrmr_then_elasticnet_no_corr_auto_k_smote,nested_cv_outputs_all_triple_concat_batch_smote_compare/ADC_Post1_T2/fs_method_comparison/mrmr_then_elasticnet_no_corr_auto_k_smote,mrmr_then_elasticnet_no_corr_auto_k,mrmr_then_elasticnet_no_corr,auto,True,22,3,1.2727272727272727
ADC_Post1_T2,ADC,Post1,T2,SVM_Linear,0.7291269841269841,0.1182927389303682,0.6903174603174603,0.8090287966534095,0.1391192270374663,0.7649537546177629,0.652703081232493,0.1095692341343513,0.6460176991150443,0.656031746031746,0.11315562297711,0.6392063492063491,0.7048669467787115,0.1488320482394648,0.676923076923077,0.7273015873015873,0.1776711698492921,0.6984126984126984,0.690140766002835,0.1092489888155416,0.6875,0.5847619047619048,0.2198669975204088,0.58,5.6,5.6,3.2,4,4.0,12,mrmr_then_elasticnet_no_corr_auto_k_no_smote,nested_cv_outputs_all_triple_concat_batch_smote_compare/ADC_Post1_T2/fs_method_comparison/mrmr_then_elasticnet_no_corr_auto_k_no_smote,mrmr_then_elasticnet_no_corr_auto_k,mrmr_then_elasticnet_no_corr,auto,False,22,3,1.2727272727272727
ADC_Post1_T2,ADC,Post1,T2,ExtraTrees,0.7275396825396825,0.0723510102368151,0.7057142857142857,0.7799851537988624,0.11186871078128,0.7522465242148861,0.6691316526610643,0.1082542493159449,0.6548672566371682,0.6855952380952381,0.089645623811097,0.6595238095238095,0.7439285714285714,0.1121074658540935,0.7222222222222222,0.6561904761904762,0.1829067393057093,0.6190476190476191,0.6766511266511266,0.1188937889048959,0.6666666666666666,0.715,0.1329578045011942,0.7,11.6,11.6,4.6303347611160905,4,12.0,18,corr_mrmr_auto_k_no_smote,nested_cv_outputs_all_triple_concat_batch_smote_compare/ADC_Post1_T2/fs_method_comparison/corr_mrmr_auto_k_no_smote,corr_mrmr_auto_k,corr_mrmr,auto,False,39,4,1.4871794871794872
ADC_Post1_T2,ADC,Post1,T2,RandomForest,0.7273015873015872,0.1336172807962624,0.7046031746031746,0.77907995980037,0.1459922308207547,0.7410555542596626,0.6710364145658263,0.0737915508656136,0.6637168141592921,0.6737698412698412,0.0738338840155614,0.6674603174603174,0.7155844155844157,0.1163334840340711,0.7272727272727273,0.653015873015873,0.1874484224012583,0.6349206349206349,0.6708729737695254,0.1284910533034184,0.6779661016949152,0.6945238095238095,0.0598353750622785,0.7,5.6,5.6,1.4966629547095764,4,6.0,8,elasticnet_then_mrmr_auto_k_no_smote,nested_cv_outputs_all_triple_concat_batch_smote_compare/ADC_Post1_T2/fs_method_comparison/elasticnet_then_mrmr_auto_k_no_smote,elasticnet_then_mrmr_auto_k,elasticnet_then_mrmr,auto,False,19,3,1.4736842105263157
ADC_Post1_T2,ADC,Post1,T2,RandomForest,0.7236507936507935,0.1317901532544635,0.7003174603174603,0.7720173113329902,0.1463610041795839,0.7437067534848858,0.6905602240896359,0.0828247479773514,0.6814159292035398,0.7003571428571429,0.0782624194541404,0.6874603174603174,0.7464069264069264,0.1073475765131306,0.7547169811320755,0.6585714285714286,0.2156922679350466,0.6349206349206349,0.6813663243075008,0.1364600618366114,0.6896551724137931,0.7421428571428572,0.0812166554637443,0.74,5.6,5.6,1.4966629547095764,4,6.0,8,elasticnet_then_mrmr_auto_k_smote,nested_cv_outputs_all_triple_concat_batch_smote_compare/ADC_Post1_T2/fs_method_comparison/elasticnet_then_mrmr_auto_k_smote,elasticnet_then_mrmr_auto_k,elasticnet_then_mrmr,auto,True,19,3,1.4736842105263157
ADC_Post1_T2,ADC,Post1,T2,ExtraTrees,0.7224999999999999,0.0842737563633532,0.7079365079365079,0.7568002075463391,0.1238277034746912,0.7338422648349625,0.6834173669467786,0.081746975045762,0.672566371681416,0.6967063492063492,0.0691100338229283,0.6753968253968254,0.7560497835497835,0.1062203519122421,0.7321428571428571,0.6784126984126985,0.1451928978160284,0.6507936507936508,0.6981070653484446,0.077541844088375,0.6890756302521008,0.715,0.1329578045011942,0.7,11.6,11.6,4.6303347611160905,4,12.0,18,corr_mrmr_auto_k_smote,nested_cv_outputs_all_triple_concat_batch_smote_compare/ADC_Post1_T2/fs_method_comparison/corr_mrmr_auto_k_smote,corr_mrmr_auto_k,corr_mrmr,auto,True,39,4,1.4871794871794872
ADC_Post1_T2,ADC,Post1,T2,LogisticRegression,0.7220634920634921,0.1225324860128767,0.7126984126984127,0.8064371429958992,0.1411649986307049,0.8011133365597194,0.689467787114846,0.1137683751295798,0.6814159292035398,0.6854365079365079,0.1273080936863992,0.6853968253968254,0.7527777777777778,0.1413701267015346,0.7454545454545455,0.6706349206349206,0.1756103706151026,0.6507936507936508,0.6953123129593719,0.1328540726257015,0.6949152542372882,0.7002380952380952,0.205345789886319,0.72,5.6,5.6,3.2,4,4.0,12,mrmr_then_elasticnet_no_corr_auto_k_no_smote,nested_cv_outputs_all_triple_concat_batch_smote_compare/ADC_Post1_T2/fs_method_comparison/mrmr_then_elasticnet_no_corr_auto_k_no_smote,mrmr_then_elasticnet_no_corr_auto_k,mrmr_then_elasticnet_no_corr,auto,False,22,3,1.2727272727272727
ADC_Post1_T2,ADC,Post1,T2,KNN,0.7186507936507935,0.19874016627523,0.6941269841269841,0.734258902786366,0.2103844034615158,0.6910564507134833,0.6442717086834735,0.1526640865221391,0.6371681415929203,0.6503174603174603,0.1685954904657648,0.6415873015873016,0.6626839826839828,0.2705072012198719,0.7037037037037037,0.6096825396825396,0.2983630488923159,0.6031746031746031,0.6192790644109103,0.2609746646606578,0.6495726495726496,0.690952380952381,0.1314527237987266,0.68,5.6,5.6,1.4966629547095764,4,6.0,8,elasticnet_then_mrmr_auto_k_smote,nested_cv_outputs_all_triple_concat_batch_smote_compare/ADC_Post1_T2/fs_method_comparison/elasticnet_then_mrmr_auto_k_smote,elasticnet_then_mrmr_auto_k,elasticnet_then_mrmr,auto,True,19,3,1.4736842105263157
ADC_Post1_T2,ADC,Post1,T2,NaiveBayes,0.7167063492063492,0.0744762513700883,0.6603174603174603,0.7728099118967099,0.1079672498013569,0.7226436183064655,0.6120308123249301,0.0580018035331402,0.6106194690265486,0.6055952380952381,0.1106679370470482,0.6095238095238096,0.7081996434937612,0.1639033313651493,0.6610169491525424,0.6504761904761904,0.1683749190903586,0.6190476190476191,0.6374761750638328,0.0759437779393809,0.639344262295082,0.5607142857142857,0.3360940101719598,0.6,5.6,5.6,3.2,4,4.0,12,mrmr_then_elasticnet_no_corr_auto_k_no_smote,nested_cv_outputs_all_triple_concat_batch_smote_compare/ADC_Post1_T2/fs_method_comparison/mrmr_then_elasticnet_no_corr_auto_k_no_smote,mrmr_then_elasticnet_no_corr_auto_k,mrmr_then_elasticnet_no_corr,auto,False,22,3,1.2727272727272727
ADC_Post1_T2,ADC,Post1,T2,RandomForest,0.7158730158730158,0.0667497592526914,0.6942857142857142,0.7653130659101682,0.0916953222019726,0.7252732857391713,0.6945098039215687,0.1118237718019879,0.6814159292035398,0.7075793650793651,0.0772306639866158,0.6792063492063491,0.7409803921568627,0.1032095474662923,0.7213114754098361,0.7301587301587302,0.2493124837180579,0.6984126984126984,0.7012476667649081,0.1413643726322693,0.7096774193548387,0.685,0.1372750685464933,0.66,11.6,11.6,4.6303347611160905,4,12.0,18,corr_mrmr_auto_k_no_smote,nested_cv_outputs_all_triple_concat_batch_smote_compare/ADC_Post1_T2/fs_method_comparison/corr_mrmr_auto_k_no_smote,corr_mrmr_auto_k,corr_mrmr,auto,False,39,4,1.4871794871794872
ADC_Post1_T2,ADC,Post1,T2,RandomForest,0.7155357142857144,0.1046659538348754,0.6993650793650793,0.7824000389823418,0.1164367590584424,0.7648428548018227,0.6400840336134453,0.1508526350746461,0.6283185840707964,0.6375396825396825,0.1487708097789269,0.6274603174603175,0.6903174603174603,0.183483000819752,0.6779661016949152,0.6593650793650794,0.2528180302355718,0.6349206349206349,0.6474355376424341,0.1907380548688628,0.6557377049180327,0.6157142857142858,0.2079464434800679,0.62,5.6,5.6,3.2,4,4.0,12,mrmr_then_elasticnet_no_corr_auto_k_no_smote,nested_cv_outputs_all_triple_concat_batch_smote_compare/ADC_Post1_T2/fs_method_comparison/mrmr_then_elasticnet_no_corr_auto_k_no_smote,mrmr_then_elasticnet_no_corr_auto_k,mrmr_then_elasticnet_no_corr,auto,False,22,3,1.2727272727272727
ADC_Post1_T2,ADC,Post1,T2,NaiveBayes,0.7151190476190477,0.0645602603068199,0.6663492063492065,0.767511353126973,0.1030282407808989,0.7225664548387956,0.5943137254901961,0.0704809915177208,0.5929203539823009,0.5876587301587302,0.1052389930292811,0.5977777777777777,0.7075586178527355,0.1581016007863153,0.660377358490566,0.586031746031746,0.1962906201492547,0.5555555555555556,0.5931793806391612,0.1241190249031713,0.603448275862069,0.5892857142857142,0.3296565931204093,0.64,5.6,5.6,3.2,4,4.0,12,mrmr_then_elasticnet_no_corr_auto_k_smote,nested_cv_outputs_all_triple_concat_batch_smote_compare/ADC_Post1_T2/fs_method_comparison/mrmr_then_elasticnet_no_corr_auto_k_smote,mrmr_then_elasticnet_no_corr_auto_k,mrmr_then_elasticnet_no_corr,auto,True,22,3,1.2727272727272727
ADC_Post1_T2,ADC,Post1,T2,ExtraTrees,0.7133730158730159,0.1493576993268125,0.6984126984126984,0.7912920525379511,0.1395289848201182,0.7586249891979175,0.6698459383753501,0.0812099311853546,0.6637168141592921,0.6802380952380952,0.0920027166665402,0.6736507936507936,0.7357142857142858,0.1608117478338278,0.7551020408163265,0.590952380952381,0.1711649943136962,0.5873015873015873,0.6486075589656152,0.1529204429964147,0.6607142857142857,0.7695238095238095,0.0419858522764897,0.76,5.6,5.6,1.4966629547095764,4,6.0,8,elasticnet_then_mrmr_auto_k_no_smote,nested_cv_outputs_all_triple_concat_batch_smote_compare/ADC_Post1_T2/fs_method_comparison/elasticnet_then_mrmr_auto_k_no_smote,elasticnet_then_mrmr_auto_k,elasticnet_then_mrmr,auto,False,19,3,1.4736842105263157
ADC_Post1_T2,ADC,Post1,T2,KNN,0.7125198412698412,0.0558195400432722,0.7246031746031745,0.75972943511024,0.0552379007048651,0.7634211954353186,0.6976050420168068,0.0629427160083923,0.6902654867256637,0.6830555555555555,0.0399091939804894,0.6850793650793651,0.7190079365079365,0.083115399079364,0.71875,0.7401587301587302,0.1278616504777229,0.7301587301587301,0.7207017543859648,0.0778789299593268,0.7244094488188977,0.6259523809523809,0.1118196231343758,0.64,11.6,11.6,4.6303347611160905,4,12.0,18,corr_mrmr_auto_k_smote,nested_cv_outputs_all_triple_concat_batch_smote_compare/ADC_Post1_T2/fs_method_comparison/corr_mrmr_auto_k_smote,corr_mrmr_auto_k,corr_mrmr,auto,True,39,4,1.4871794871794872
ADC_Post1_T2,ADC,Post1,T2,GradientBoosting,0.7065873015873017,0.1158258764735745,0.6887301587301586,0.7612787773229542,0.1363390908954041,0.7253167518024826,0.6769887955182073,0.0602976165060994,0.672566371681416,0.6860714285714286,0.0675081996270143,0.6774603174603174,0.7309246309246309,0.1364267337090818,0.7407407407407407,0.6442857142857144,0.1655840880007574,0.6349206349206349,0.6739548075424653,0.1203573327733797,0.6837606837606838,0.727857142857143,0.0785339015721562,0.72,5.6,5.6,1.4966629547095764,4,6.0,8,elasticnet_then_mrmr_auto_k_smote,nested_cv_outputs_all_triple_concat_batch_smote_compare/ADC_Post1_T2/fs_method_comparison/elasticnet_then_mrmr_auto_k_smote,elasticnet_then_mrmr_auto_k,elasticnet_then_mrmr,auto,True,19,3,1.4736842105263157
ADC_Post1_T2,ADC,Post1,T2,KNN,0.705376984126984,0.0815164850001677,0.6928571428571427,0.7581124555819813,0.1386946276316408,0.7462489465981867,0.664467787114846,0.0908293227361099,0.6548672566371682,0.6772619047619047,0.0928236949662677,0.6574603174603175,0.7544117647058823,0.1738531377191959,0.7142857142857143,0.6652380952380952,0.1772045747865185,0.6349206349206349,0.6759824678364232,0.1089542662668464,0.6722689075630253,0.6892857142857143,0.2081257469190495,0.68,5.6,5.6,3.2,4,4.0,12,mrmr_then_elasticnet_no_corr_auto_k_smote,nested_cv_outputs_all_triple_concat_batch_smote_compare/ADC_Post1_T2/fs_method_comparison/mrmr_then_elasticnet_no_corr_auto_k_smote,mrmr_then_elasticnet_no_corr_auto_k,mrmr_then_elasticnet_no_corr,auto,True,22,3,1.2727272727272727
ADC_Post1_T2,ADC,Post1,T2,RandomForest,0.7047023809523809,0.103709381762005,0.6946031746031746,0.7689884541218406,0.1169892245537508,0.7598069739581848,0.6334173669467786,0.1568682184419254,0.6194690265486725,0.6387301587301587,0.1464518198948599,0.6195238095238096,0.6923321123321122,0.1963734468257056,0.6724137931034483,0.6426984126984128,0.2316755709366187,0.6190476190476191,0.6412265930526799,0.1906481898156385,0.6446280991735537,0.6347619047619047,0.1896745033829272,0.62,5.6,5.6,3.2,4,4.0,12,mrmr_then_elasticnet_no_corr_auto_k_smote,nested_cv_outputs_all_triple_concat_batch_smote_compare/ADC_Post1_T2/fs_method_comparison/mrmr_then_elasticnet_no_corr_auto_k_smote,mrmr_then_elasticnet_no_corr_auto_k,mrmr_then_elasticnet_no_corr,auto,True,22,3,1.2727272727272727
ADC_Post1_T2,ADC,Post1,T2,XGBoost,0.7034920634920635,0.0904989528593115,0.6482539682539683,0.7671923969752428,0.1412160860336315,0.6541427124425868,0.6330812324929972,0.053110724754491,0.6283185840707964,0.6223015873015874,0.0660012139424308,0.6295238095238096,0.6626373626373627,0.1396675965606037,0.6842105263157895,0.6250793650793651,0.1948296152722948,0.6190476190476191,0.6324506691565516,0.146859378397385,0.65,0.6195238095238096,0.1195266552497506,0.64,5.6,5.6,1.4966629547095764,4,6.0,8,elasticnet_then_mrmr_auto_k_no_smote,nested_cv_outputs_all_triple_concat_batch_smote_compare/ADC_Post1_T2/fs_method_comparison/elasticnet_then_mrmr_auto_k_no_smote,elasticnet_then_mrmr_auto_k,elasticnet_then_mrmr,auto,False,19,3,1.4736842105263157
ADC_Post1_T2,ADC,Post1,T2,GradientBoosting,0.7025793650793652,0.1020725637183976,0.6722222222222222,0.7485323543299732,0.1355404705570979,0.7187704041164771,0.6832773109243696,0.0798107790539654,0.672566371681416,0.6851587301587303,0.0792362446365093,0.6671428571428571,0.7133333333333334,0.1375984496036686,0.703125,0.7317460317460318,0.1906348545524117,0.7142857142857143,0.7056005398110661,0.1169966547433669,0.7086614173228346,0.6385714285714286,0.1627596477872996,0.62,5.6,5.6,1.4966629547095764,4,6.0,8,elasticnet_then_mrmr_auto_k_no_smote,nested_cv_outputs_all_triple_concat_batch_smote_compare/ADC_Post1_T2/fs_method_comparison/elasticnet_then_mrmr_auto_k_no_smote,elasticnet_then_mrmr_auto_k,elasticnet_then_mrmr,auto,False,19,3,1.4736842105263157
ADC_Post1_T2,ADC,Post1,T2,ExtraTrees,0.702579365079365,0.1543893562335699,0.6907936507936507,0.7790662236727968,0.1421776363395379,0.7575324147653713,0.6497478991596639,0.0844672007399759,0.6460176991150443,0.6605952380952381,0.0974501377755913,0.6495238095238096,0.6969444444444444,0.1784328209857656,0.7090909090909091,0.6242857142857142,0.2105827018679993,0.6190476190476191,0.6436417129780974,0.1602482175019454,0.6610169491525424,0.6969047619047619,0.1002310256527456,0.68,5.6,5.6,1.4966629547095764,4,6.0,8,elasticnet_then_mrmr_auto_k_smote,nested_cv_outputs_all_triple_concat_batch_smote_compare/ADC_Post1_T2/fs_method_comparison/elasticnet_then_mrmr_auto_k_smote,elasticnet_then_mrmr_auto_k,elasticnet_then_mrmr,auto,True,19,3,1.4736842105263157
ADC_Post1_T2,ADC,Post1,T2,ExtraTrees,0.7011904761904763,0.1314190817830095,0.6904761904761905,0.7911351539458283,0.137847084211808,0.7748584924060837,0.6484173669467787,0.1172822107087868,0.6371681415929203,0.653015873015873,0.1121893825011143,0.6415873015873016,0.7074969474969475,0.1589756268599718,0.7037037037037037,0.6284126984126985,0.224507747970904,0.6031746031746031,0.6426666666666666,0.1690302202670033,0.6495726495726496,0.6776190476190476,0.1397406084204708,0.68,5.6,5.6,3.2,4,4.0,12,mrmr_then_elasticnet_no_corr_auto_k_no_smote,nested_cv_outputs_all_triple_concat_batch_smote_compare/ADC_Post1_T2/fs_method_comparison/mrmr_then_elasticnet_no_corr_auto_k_no_smote,mrmr_then_elasticnet_no_corr_auto_k,mrmr_then_elasticnet_no_corr,auto,False,22,3,1.2727272727272727
ADC_Post1_T2,ADC,Post1,T2,GradientBoosting,0.7010714285714286,0.0718027676358038,0.6542857142857141,0.7484988530086263,0.1058188223936226,0.6778324551997297,0.6609383753501401,0.0542375405228504,0.6548672566371682,0.6773412698412699,0.0338039342573819,0.6512698412698412,0.7177777777777778,0.1363727643783667,0.6935483870967742,0.7139682539682539,0.1402599896671753,0.6825396825396826,0.6909581646423751,0.0722459530091868,0.688,0.6407142857142857,0.152608461114147,0.62,11.6,11.6,4.6303347611160905,4,12.0,18,corr_mrmr_auto_k_no_smote,nested_cv_outputs_all_triple_concat_batch_smote_compare/ADC_Post1_T2/fs_method_comparison/corr_mrmr_auto_k_no_smote,corr_mrmr_auto_k,corr_mrmr,auto,False,39,4,1.4871794871794872
ADC_Post1_T2,ADC,Post1,T2,XGBoost,0.7003968253968254,0.1327358115446419,0.6631746031746031,0.7640855179213271,0.1553508764352061,0.6884986689933017,0.6296498599439776,0.0691256937809286,0.6283185840707964,0.6207142857142857,0.0821389846491527,0.6315873015873016,0.6682400932400933,0.1599660009057074,0.6909090909090909,0.6028571428571429,0.1679554104643789,0.6031746031746031,0.6272785829307568,0.1488571426573466,0.6440677966101694,0.6385714285714286,0.1240144823669183,0.66,5.6,5.6,1.4966629547095764,4,6.0,8,elasticnet_then_mrmr_auto_k_smote,nested_cv_outputs_all_triple_concat_batch_smote_compare/ADC_Post1_T2/fs_method_comparison/elasticnet_then_mrmr_auto_k_smote,elasticnet_then_mrmr_auto_k,elasticnet_then_mrmr,auto,True,19,3,1.4736842105263157
ADC_Post1_T2,ADC,Post1,T2,SVM_RBF,0.6999603174603175,0.0970908084963877,0.6901587301587301,0.7606355827234141,0.0790213679257077,0.70841414335048,0.6648879551820729,0.1014647799487082,0.6637168141592921,0.6744841269841271,0.1002776757055027,0.6674603174603174,0.7421212121212122,0.0801880251382581,0.7272727272727273,0.653015873015873,0.1900646347475201,0.6349206349206349,0.6737587470001264,0.1032572284129172,0.6779661016949152,0.6959523809523809,0.1448112384609029,0.7,11.6,11.6,4.6303347611160905,4,12.0,18,corr_mrmr_auto_k_smote,nested_cv_outputs_all_triple_concat_batch_smote_compare/ADC_Post1_T2/fs_method_comparison/corr_mrmr_auto_k_smote,corr_mrmr_auto_k,corr_mrmr,auto,True,39,4,1.4871794871794872
ADC_Post1_T2,ADC,Post1,T2,KNN,0.6992063492063493,0.1042703565556185,0.6909523809523809,0.7797070353555748,0.1246411384002873,0.7632160987318541,0.6510364145658263,0.1273576966465664,0.6460176991150443,0.6454761904761905,0.1587808649168532,0.6371428571428572,0.7238562091503268,0.1810056348748995,0.6716417910447762,0.7504761904761905,0.1987195088175322,0.7142857142857143,0.695205325140809,0.1156309477798312,0.6923076923076923,0.5404761904761906,0.3544021825969451,0.56,5.6,5.6,3.2,4,4.0,12,mrmr_then_elasticnet_no_corr_auto_k_no_smote,nested_cv_outputs_all_triple_concat_batch_smote_compare/ADC_Post1_T2/fs_method_comparison/mrmr_then_elasticnet_no_corr_auto_k_no_smote,mrmr_then_elasticnet_no_corr_auto_k,mrmr_then_elasticnet_no_corr,auto,False,22,3,1.2727272727272727
ADC_Post1_T2,ADC,Post1,T2,RandomForest,0.6967857142857142,0.0882608196495499,0.6853968253968254,0.7426931443254818,0.1135614803656423,0.7135378283482923,0.676750700280112,0.0814815557833014,0.6637168141592921,0.6871825396825397,0.0668133778732746,0.6592063492063491,0.7236138861138861,0.1170827039852404,0.6984126984126984,0.7260317460317459,0.1600976018761062,0.6984126984126984,0.7046264718678511,0.0869763243576333,0.6984126984126984,0.6483333333333333,0.1402775027500054,0.62,11.6,11.6,4.6303347611160905,4,12.0,18,corr_mrmr_auto_k_smote,nested_cv_outputs_all_triple_concat_batch_smote_compare/ADC_Post1_T2/fs_method_comparison/corr_mrmr_auto_k_smote,corr_mrmr_auto_k,corr_mrmr,auto,True,39,4,1.4871794871794872
ADC_Post1_T2,ADC,Post1,T2,XGBoost,0.6925396825396826,0.1210650227478201,0.6606349206349207,0.7737419029691335,0.1319288870001768,0.7385025939571779,0.6526050420168067,0.1133412514490013,0.6460176991150443,0.6376587301587302,0.1139715700096789,0.6392063492063491,0.6675401069518717,0.1577173527606736,0.676923076923077,0.7069841269841269,0.2238300114454796,0.6984126984126984,0.6732140696569008,0.1625605515525644,0.6875,0.5683333333333335,0.1529705854077835,0.58,5.6,5.6,3.2,4,4.0,12,mrmr_then_elasticnet_no_corr_auto_k_no_smote,nested_cv_outputs_all_triple_concat_batch_smote_compare/ADC_Post1_T2/fs_method_comparison/mrmr_then_elasticnet_no_corr_auto_k_no_smote,mrmr_then_elasticnet_no_corr_auto_k,mrmr_then_elasticnet_no_corr,auto,False,22,3,1.2727272727272727
ADC_Post1_T2,ADC,Post1,T2,LightGBM,0.6922619047619047,0.1219219151291633,0.6546031746031745,0.7464053090299221,0.1627191323616788,0.6860341487526616,0.6530812324929972,0.1475268329860506,0.6460176991150443,0.6551190476190476,0.1434080207597935,0.6433333333333333,0.6912820512820513,0.1987244002261257,0.6885245901639344,0.6704761904761904,0.1659397602482362,0.6666666666666666,0.6732299347402322,0.1709351787026808,0.6774193548387096,0.6397619047619048,0.1540415469473773,0.62,5.6,5.6,3.2,4,4.0,12,mrmr_then_elasticnet_no_corr_auto_k_smote,nested_cv_outputs_all_triple_concat_batch_smote_compare/ADC_Post1_T2/fs_method_comparison/mrmr_then_elasticnet_no_corr_auto_k_smote,mrmr_then_elasticnet_no_corr_auto_k,mrmr_then_elasticnet_no_corr,auto,True,22,3,1.2727272727272727
ADC_Post1_T2,ADC,Post1,T2,ExtraTrees,0.6853174603174604,0.1259841579822013,0.6857142857142858,0.7769767307488528,0.1220374366514,0.7656510411323241,0.627703081232493,0.1260578086847972,0.6194690265486725,0.6248412698412699,0.1354879761660167,0.6195238095238096,0.6857142857142857,0.1873822801698248,0.6724137931034483,0.6339682539682541,0.1775043248384578,0.6190476190476191,0.6435046435046435,0.154767299041528,0.6446280991735537,0.6157142857142858,0.2079464434800679,0.62,5.6,5.6,3.2,4,4.0,12,mrmr_then_elasticnet_no_corr_auto_k_smote,nested_cv_outputs_all_triple_concat_batch_smote_compare/ADC_Post1_T2/fs_method_comparison/mrmr_then_elasticnet_no_corr_auto_k_smote,mrmr_then_elasticnet_no_corr_auto_k,mrmr_then_elasticnet_no_corr,auto,True,22,3,1.2727272727272727
ADC_Post1_T2,ADC,Post1,T2,GradientBoosting,0.683373015873016,0.0255533371806556,0.6819047619047619,0.7228988933039885,0.1011587520926008,0.6875908822647185,0.6407422969187675,0.089148165593913,0.6371681415929203,0.6467460317460318,0.0762732685089609,0.6457142857142857,0.7134487734487734,0.1554526213067671,0.72,0.5658730158730159,0.1542543569937313,0.5714285714285714,0.6191245791245791,0.1307242347161397,0.6371681415929203,0.7276190476190475,0.1084690411122851,0.72,11.6,11.6,4.6303347611160905,4,12.0,18,corr_mrmr_auto_k_smote,nested_cv_outputs_all_triple_concat_batch_smote_compare/ADC_Post1_T2/fs_method_comparison/corr_mrmr_auto_k_smote,corr_mrmr_auto_k,corr_mrmr,auto,True,39,4,1.4871794871794872
ADC_Post1_T2,ADC,Post1,T2,XGBoost,0.6785714285714286,0.1058145170481847,0.6947619047619047,0.7576505618811095,0.1318156631695752,0.7274319966156222,0.6503641456582633,0.0899855682340669,0.6460176991150443,0.6383333333333334,0.0883998736815761,0.6453968253968254,0.6878282828282828,0.1434249534556228,0.6949152542372882,0.6680952380952381,0.2277666608647132,0.6507936507936508,0.6548657969710602,0.1529073374242818,0.6721311475409836,0.6085714285714287,0.1881621339752808,0.64,5.6,5.6,3.2,4,4.0,12,mrmr_then_elasticnet_no_corr_auto_k_smote,nested_cv_outputs_all_triple_concat_batch_smote_compare/ADC_Post1_T2/fs_method_comparison/mrmr_then_elasticnet_no_corr_auto_k_smote,mrmr_then_elasticnet_no_corr_auto_k,mrmr_then_elasticnet_no_corr,auto,True,22,3,1.2727272727272727
ADC_Post1_T2,ADC,Post1,T2,LightGBM,0.6756349206349206,0.0963662023136208,0.6336507936507937,0.7440057455663536,0.0757892682432776,0.6761541475019228,0.6022689075630252,0.0874597614908161,0.5929203539823009,0.600515873015873,0.0658913724662226,0.5957142857142856,0.6606193806193806,0.1022544325877421,0.6545454545454545,0.5993650793650793,0.171583116698596,0.5714285714285714,0.6085357321339331,0.1300113657302397,0.6101694915254238,0.6016666666666667,0.1698365227047599,0.62,11.6,11.6,4.6303347611160905,4,12.0,18,corr_mrmr_auto_k_no_smote,nested_cv_outputs_all_triple_concat_batch_smote_compare/ADC_Post1_T2/fs_method_comparison/corr_mrmr_auto_k_no_smote,corr_mrmr_auto_k,corr_mrmr,auto,False,39,4,1.4871794871794872
ADC_Post1_T2,ADC,Post1,T2,XGBoost,0.6640476190476191,0.0694766818597968,0.6622222222222223,0.7303603265420693,0.1290206543117416,0.7164643237986703,0.6208823529411764,0.1093766195574056,0.6194690265486725,0.6338492063492064,0.0946251439282481,0.6277777777777778,0.6945887445887446,0.1346320346320346,0.7,0.5684126984126985,0.1586701473858702,0.5555555555555556,0.61176649437519,0.1367037243658896,0.6194690265486725,0.6992857142857143,0.1010365776472844,0.7,11.6,11.6,4.6303347611160905,4,12.0,18,corr_mrmr_auto_k_smote,nested_cv_outputs_all_triple_concat_batch_smote_compare/ADC_Post1_T2/fs_method_comparison/corr_mrmr_auto_k_smote,corr_mrmr_auto_k,corr_mrmr,auto,True,39,4,1.4871794871794872
ADC_Post1_T2,ADC,Post1,T2,NaiveBayes,0.6590079365079364,0.1440780937635722,0.6774603174603175,0.7792376635761157,0.102690607557005,0.7713561592519786,0.5697478991596638,0.0915904815515131,0.5663716814159292,0.5360714285714285,0.1090383767253135,0.5285714285714286,0.5900517598343685,0.0976487399652699,0.574468085106383,0.8595238095238095,0.101624497158788,0.8571428571428571,0.6876281613123718,0.0556256420368632,0.6878980891719745,0.2126190476190476,0.2179314211131337,0.2,5.6,5.6,1.4966629547095764,4,6.0,8,elasticnet_then_mrmr_auto_k_no_smote,nested_cv_outputs_all_triple_concat_batch_smote_compare/ADC_Post1_T2/fs_method_comparison/elasticnet_then_mrmr_auto_k_no_smote,elasticnet_then_mrmr_auto_k,elasticnet_then_mrmr,auto,False,19,3,1.4736842105263157
ADC_Post1_T2,ADC,Post1,T2,NaiveBayes,0.658968253968254,0.1475011476611299,0.6790476190476191,0.7796079100784572,0.1049321916656131,0.7714502495448605,0.5697478991596638,0.0915904815515131,0.5663716814159292,0.5360714285714285,0.1090383767253135,0.5285714285714286,0.5900517598343685,0.0976487399652699,0.574468085106383,0.8595238095238095,0.101624497158788,0.8571428571428571,0.6876281613123718,0.0556256420368632,0.6878980891719745,0.2126190476190476,0.2179314211131337,0.2,5.6,5.6,1.4966629547095764,4,6.0,8,elasticnet_then_mrmr_auto_k_smote,nested_cv_outputs_all_triple_concat_batch_smote_compare/ADC_Post1_T2/fs_method_comparison/elasticnet_then_mrmr_auto_k_smote,elasticnet_then_mrmr_auto_k,elasticnet_then_mrmr,auto,True,19,3,1.4736842105263157
ADC_Post1_T2,ADC,Post1,T2,LogisticRegression,0.6528968253968254,0.1465770959226944,0.6584126984126983,0.7195515712428968,0.0664429413755253,0.6814870060064007,0.630266106442577,0.1249885274337245,0.6371681415929203,0.617936507936508,0.1660873150505796,0.6395238095238096,0.7005128205128206,0.0735034784294109,0.6964285714285714,0.633015873015873,0.1668688116525769,0.6190476190476191,0.6505448574414091,0.0991093001133458,0.6554621848739496,0.6028571428571429,0.3026616619802598,0.66,11.6,11.6,4.6303347611160905,4,12.0,18,corr_mrmr_auto_k_no_smote,nested_cv_outputs_all_triple_concat_batch_smote_compare/ADC_Post1_T2/fs_method_comparison/corr_mrmr_auto_k_no_smote,corr_mrmr_auto_k,corr_mrmr,auto,False,39,4,1.4871794871794872
ADC_Post1_T2,ADC,Post1,T2,XGBoost,0.6507142857142858,0.088632140539472,0.6403174603174603,0.7206535050824266,0.1357911527069601,0.690358954396239,0.5749719887955181,0.0873914071317717,0.584070796460177,0.588452380952381,0.095157737262649,0.5877777777777777,0.6605555555555556,0.1539039302717328,0.6481481481481481,0.5719047619047619,0.146241739973429,0.5555555555555556,0.5903154623154624,0.0882707039403906,0.5982905982905983,0.605,0.1913112646970899,0.62,11.6,11.6,4.6303347611160905,4,12.0,18,corr_mrmr_auto_k_no_smote,nested_cv_outputs_all_triple_concat_batch_smote_compare/ADC_Post1_T2/fs_method_comparison/corr_mrmr_auto_k_no_smote,corr_mrmr_auto_k,corr_mrmr,auto,False,39,4,1.4871794871794872
ADC_Post1_T2,ADC,Post1,T2,LightGBM,0.6446825396825397,0.11889318024764,0.6493650793650795,0.7450300182576847,0.1400784031031853,0.7318984216886637,0.6241736694677871,0.0689755989417865,0.6194690265486725,0.6206349206349205,0.0835725968051722,0.6257142857142857,0.6575757575757576,0.1801947726947698,0.6923076923076923,0.5717460317460318,0.2074218761825107,0.5714285714285714,0.6013174182139699,0.1822102530464645,0.6260869565217392,0.6695238095238095,0.097757161297953,0.68,5.6,5.6,1.4966629547095764,4,6.0,8,elasticnet_then_mrmr_auto_k_smote,nested_cv_outputs_all_triple_concat_batch_smote_compare/ADC_Post1_T2/fs_method_comparison/elasticnet_then_mrmr_auto_k_smote,elasticnet_then_mrmr_auto_k,elasticnet_then_mrmr,auto,True,19,3,1.4736842105263157
ADC_Post1_T2,ADC,Post1,T2,LogisticRegression,0.6398015873015873,0.1526302936863074,0.6631746031746031,0.708111168496103,0.0740142412620526,0.6827785645655989,0.6503641456582633,0.1340093787819309,0.6548672566371682,0.6373809523809524,0.1749474239849849,0.6553968253968254,0.7133333333333334,0.0745295144629099,0.7068965517241379,0.6719047619047619,0.1687814433253405,0.6507936507936508,0.6781089600055117,0.098137050373263,0.6776859504132231,0.6028571428571429,0.3026616619802598,0.66,11.6,11.6,4.6303347611160905,4,12.0,18,corr_mrmr_auto_k_smote,nested_cv_outputs_all_triple_concat_batch_smote_compare/ADC_Post1_T2/fs_method_comparison/corr_mrmr_auto_k_smote,corr_mrmr_auto_k,corr_mrmr,auto,True,39,4,1.4871794871794872
ADC_Post1_T2,ADC,Post1,T2,LightGBM,0.6376984126984128,0.0909705236898089,0.6434920634920636,0.6956921547090047,0.1230660586991025,0.6782671202918549,0.6342717086834735,0.0419335683429793,0.6283185840707964,0.6252777777777777,0.0520119276201567,0.6357142857142857,0.6847552447552447,0.1110382056064861,0.7058823529411765,0.5750793650793651,0.1684272842000017,0.5714285714285714,0.6163936306700452,0.1329049573509275,0.631578947368421,0.6754761904761905,0.110522363093467,0.7,5.6,5.6,1.4966629547095764,4,6.0,8,elasticnet_then_mrmr_auto_k_no_smote,nested_cv_outputs_all_triple_concat_batch_smote_compare/ADC_Post1_T2/fs_method_comparison/elasticnet_then_mrmr_auto_k_no_smote,elasticnet_then_mrmr_auto_k,elasticnet_then_mrmr,auto,False,19,3,1.4736842105263157
ADC_Post1_T2,ADC,Post1,T2,LightGBM,0.6370238095238095,0.0920371130790477,0.6117460317460317,0.6889757632269026,0.0867728673406861,0.6876509951952936,0.5983613445378151,0.1026038375967686,0.5929203539823009,0.6202777777777777,0.0841779195908073,0.5957142857142856,0.6735964912280702,0.0958296297811004,0.6545454545454545,0.6174603174603175,0.2487762945836833,0.5714285714285714,0.6061608438890387,0.1440950009789655,0.6101694915254238,0.6230952380952381,0.1796563865649092,0.62,11.6,11.6,4.6303347611160905,4,12.0,18,corr_mrmr_auto_k_smote,nested_cv_outputs_all_triple_concat_batch_smote_compare/ADC_Post1_T2/fs_method_comparison/corr_mrmr_auto_k_smote,corr_mrmr_auto_k,corr_mrmr,auto,True,39,4,1.4871794871794872
ADC_Post1_T2,ADC,Post1,T2,SVM_Linear,0.6334126984126984,0.1654879711081947,0.6679365079365079,0.691834289289526,0.0586003295342926,0.6679324742715355,0.6420308123249299,0.1232347553170194,0.6460176991150443,0.631904761904762,0.1684729407686202,0.6453968253968254,0.7052747252747253,0.0749975646668169,0.6949152542372882,0.6752380952380952,0.1697940892782851,0.6507936507936508,0.6734236453201969,0.0865034449039287,0.6721311475409836,0.5885714285714286,0.2987251825572755,0.64,11.6,11.6,4.6303347611160905,4,12.0,18,corr_mrmr_auto_k_smote,nested_cv_outputs_all_triple_concat_batch_smote_compare/ADC_Post1_T2/fs_method_comparison/corr_mrmr_auto_k_smote,corr_mrmr_auto_k,corr_mrmr,auto,True,39,4,1.4871794871794872
ADC_Post1_T2,ADC,Post1,T2,SVM_Linear,0.6260317460317462,0.1700437526137701,0.653015873015873,0.6879760999376391,0.0669164982662142,0.6554397063748518,0.630266106442577,0.140672664923636,0.6371681415929203,0.6070634920634921,0.1817859525020701,0.623015873015873,0.65,0.0855131568824353,0.6527777777777778,0.7641269841269841,0.1560232683514538,0.746031746031746,0.6961048014533655,0.099435064731409,0.6962962962962963,0.45,0.2449489742783178,0.5,11.6,11.6,4.6303347611160905,4,12.0,18,corr_mrmr_auto_k_no_smote,nested_cv_outputs_all_triple_concat_batch_smote_compare/ADC_Post1_T2/fs_method_comparison/corr_mrmr_auto_k_no_smote,corr_mrmr_auto_k,corr_mrmr,auto,False,39,4,1.4871794871794872
ADC_Post1_T2,ADC,Post1,T2,SVM_RBF,0.6048015873015873,0.2004087062327573,0.6666666666666667,0.6962554954385649,0.1519182663044818,0.7045419326097475,0.6157843137254901,0.1176284298976422,0.6194690265486725,0.6292857142857142,0.1144086640234388,0.6215873015873016,0.5513744588744589,0.2887219603729584,0.6785714285714286,0.5919047619047618,0.3351975083656089,0.6031746031746031,0.5579245014245015,0.290386165931234,0.6386554621848739,0.6666666666666666,0.1825741858350553,0.64,11.6,11.6,4.6303347611160905,4,12.0,18,corr_mrmr_auto_k_no_smote,nested_cv_outputs_all_triple_concat_batch_smote_compare/ADC_Post1_T2/fs_method_comparison/corr_mrmr_auto_k_no_smote,corr_mrmr_auto_k,corr_mrmr,auto,False,39,4,1.4871794871794872
ADC_Post1_T2,ADC,Post1,T2,NaiveBayes,0.6035317460317461,0.1275202225353091,0.6014285714285714,0.7131684914747535,0.030879540036213,0.660640528949077,0.5481652661064425,0.0712593205422897,0.5575221238938053,0.5229365079365079,0.0699261749422267,0.5185714285714286,0.5718614718614718,0.1005075107250663,0.5684210526315789,0.8706349206349205,0.0948935566833975,0.8571428571428571,0.6781105216622458,0.0506759897144366,0.6835443037974683,0.1752380952380952,0.1283914083632413,0.18,11.6,11.6,4.6303347611160905,4,12.0,18,corr_mrmr_auto_k_no_smote,nested_cv_outputs_all_triple_concat_batch_smote_compare/ADC_Post1_T2/fs_method_comparison/corr_mrmr_auto_k_no_smote,corr_mrmr_auto_k,corr_mrmr,auto,False,39,4,1.4871794871794872
ADC_Post1_T2,ADC,Post1,T2,NaiveBayes,0.593015873015873,0.1053903110436607,0.5938095238095238,0.6859619931800198,0.0587413431863659,0.6461474649506374,0.569733893557423,0.0973375894149504,0.584070796460177,0.5403968253968253,0.1174690043977776,0.5506349206349206,0.5853968253968255,0.0916487648292882,0.5888888888888889,0.8484126984126984,0.1008405090429751,0.8412698412698413,0.6846343311860553,0.0610666845840651,0.6928104575163399,0.2323809523809524,0.1607634845329737,0.26,11.6,11.6,4.6303347611160905,4,12.0,18,corr_mrmr_auto_k_smote,nested_cv_outputs_all_triple_concat_batch_smote_compare/ADC_Post1_T2/fs_method_comparison/corr_mrmr_auto_k_smote,corr_mrmr_auto_k,corr_mrmr,auto,True,39,4,1.4871794871794872
ADC_Post2_Pre,ADC,Post2,Pre,LogisticRegression,0.7928289387380296,0.0498377588896502,0.7215625,0.8314428279565702,0.0804206545562742,0.776875828736354,0.6773212294951426,0.0623887980044837,0.6754385964912281,0.7138583200425306,0.0440818296732024,0.6825,0.7783272283272283,0.1573543739763317,0.7547169811320755,0.6587772461456672,0.1614115411900353,0.625,0.6825108225108225,0.0600129293990735,0.6837606837606838,0.7689393939393939,0.1781511517621946,0.74,14.4,14.4,4.8,6,18.0,18,mrmr_then_elasticnet_no_corr_auto_k_smote,nested_cv_outputs_all_triple_concat_batch_smote_compare/ADC_Post2_Pre/fs_method_comparison/mrmr_then_elasticnet_no_corr_auto_k_smote,mrmr_then_elasticnet_no_corr_auto_k,mrmr_then_elasticnet_no_corr,auto,True,53,4,1.3584905660377358
ADC_Post2_Pre,ADC,Post2,Pre,LogisticRegression,0.7896945646945647,0.0516793920883649,0.7165624999999999,0.8275908672238044,0.0819674437776982,0.765348575060879,0.6682303204042335,0.0575737056158401,0.6666666666666666,0.7055249867091973,0.0466280999832297,0.6725,0.7616605616605616,0.1637551558419926,0.7407407407407407,0.6587772461456672,0.1614115411900353,0.625,0.6754932786511734,0.0634106418470712,0.6779661016949152,0.7522727272727272,0.1752212297036035,0.72,14.4,14.4,4.8,6,18.0,18,mrmr_then_elasticnet_no_corr_auto_k_no_smote,nested_cv_outputs_all_triple_concat_batch_smote_compare/ADC_Post2_Pre/fs_method_comparison/mrmr_then_elasticnet_no_corr_auto_k_no_smote,mrmr_then_elasticnet_no_corr_auto_k,mrmr_then_elasticnet_no_corr,auto,False,53,4,1.3584905660377358
ADC_Post2_Pre,ADC,Post2,Pre,SVM_RBF,0.7859612760091229,0.1018489245030147,0.7325,0.8372627570419109,0.120949802913285,0.8011275903246523,0.6500485022224153,0.0909679777804727,0.6491228070175439,0.6700377838535733,0.0891965075028171,0.6459375,0.6961771561771563,0.1555696076901522,0.6935483870967742,0.6981924508240297,0.1735851379221647,0.671875,0.6761904761904762,0.1071163988495428,0.6825396825396826,0.6418831168831169,0.147012725691822,0.62,10.4,10.4,5.571355310873647,4,8.0,18,elasticnet_then_mrmr_auto_k_smote,nested_cv_outputs_all_triple_concat_batch_smote_compare/ADC_Post2_Pre/fs_method_comparison/elasticnet_then_mrmr_auto_k_smote,elasticnet_then_mrmr_auto_k,elasticnet_then_mrmr,auto,True,29,5,1.793103448275862
ADC_Post2_Pre,ADC,Post2,Pre,ExtraTrees,0.7788934572427395,0.1175310297105237,0.7071875,0.8408960819280065,0.1177185682085393,0.7970479690566765,0.6727591249330379,0.1037855772975729,0.6666666666666666,0.6845872256398572,0.0944954947349133,0.6725,0.7341847041847043,0.1007189826731803,0.7407407407407407,0.6522913343965975,0.2035623325108526,0.625,0.6715917671416392,0.1288879662871251,0.6779661016949152,0.7168831168831169,0.1174840253187368,0.72,10.4,10.4,5.571355310873647,4,8.0,18,elasticnet_then_mrmr_auto_k_no_smote,nested_cv_outputs_all_triple_concat_batch_smote_compare/ADC_Post2_Pre/fs_method_comparison/elasticnet_then_mrmr_auto_k_no_smote,elasticnet_then_mrmr_auto_k,elasticnet_then_mrmr,auto,False,29,5,1.793103448275862
ADC_Post2_Pre,ADC,Post2,Pre,SVM_RBF,0.7772575723054193,0.1071680851463607,0.7210937500000001,0.8317130738407125,0.1247677626861378,0.8007479067146476,0.666831719005632,0.0791680419925359,0.6666666666666666,0.6769676084149768,0.0835811928400489,0.6528125,0.6916892911010557,0.1462751941187525,0.6805555555555556,0.7953854332801701,0.1170981262122509,0.765625,0.7199354838709678,0.0679638488439409,0.7205882352941176,0.5585497835497836,0.1957434116849928,0.54,10.4,10.4,5.571355310873647,4,8.0,18,elasticnet_then_mrmr_auto_k_no_smote,nested_cv_outputs_all_triple_concat_batch_smote_compare/ADC_Post2_Pre/fs_method_comparison/elasticnet_then_mrmr_auto_k_no_smote,elasticnet_then_mrmr_auto_k,elasticnet_then_mrmr,auto,False,29,5,1.793103448275862
ADC_Post2_Pre,ADC,Post2,Pre,SVM_Linear,0.7766797388328489,0.1062875123475903,0.723125,0.7931995416152688,0.1554668041426252,0.7594058497523472,0.6668693625215364,0.0734105581479228,0.6666666666666666,0.6803766993240679,0.0692793686776648,0.6528125,0.6904761904761905,0.1454136331866901,0.6805555555555556,0.7953854332801701,0.1170981262122509,0.765625,0.7189815514079189,0.0647696001279495,0.7205882352941176,0.5653679653679654,0.1746762634283877,0.54,10.4,10.4,5.571355310873647,4,8.0,18,elasticnet_then_mrmr_auto_k_no_smote,nested_cv_outputs_all_triple_concat_batch_smote_compare/ADC_Post2_Pre/fs_method_comparison/elasticnet_then_mrmr_auto_k_no_smote,elasticnet_then_mrmr_auto_k,elasticnet_then_mrmr,auto,False,29,5,1.793103448275862
ADC_Post2_Pre,ADC,Post2,Pre,SVM_Linear,0.7725918906540916,0.1067102714461691,0.7406249999999999,0.7847583926942437,0.1643355158592917,0.7557931660377462,0.6950078906600645,0.0934964325994021,0.6929824561403509,0.70530094174831,0.0984004640218569,0.69375,0.7276556776556776,0.1388317047409388,0.7457627118644068,0.7020520999468367,0.1924275529972162,0.6875,0.7015961297385103,0.1344886008923272,0.7154471544715447,0.7085497835497836,0.0811411208110837,0.7,10.4,10.4,5.571355310873647,4,8.0,18,elasticnet_then_mrmr_auto_k_smote,nested_cv_outputs_all_triple_concat_batch_smote_compare/ADC_Post2_Pre/fs_method_comparison/elasticnet_then_mrmr_auto_k_smote,elasticnet_then_mrmr_auto_k,elasticnet_then_mrmr,auto,True,29,5,1.793103448275862
ADC_Post2_Pre,ADC,Post2,Pre,LogisticRegression,0.7669917792645066,0.1060773027842836,0.7224999999999999,0.788400106406133,0.1547813494248386,0.7587472475517039,0.6436172523129045,0.1111398808022664,0.6403508771929824,0.6589412926255032,0.1140631226723315,0.6403125000000001,0.6886691086691087,0.1528551214962016,0.6949152542372882,0.6676661350345561,0.2080867963943565,0.640625,0.658400703954243,0.1371698603022159,0.6666666666666666,0.6502164502164502,0.1267027168460718,0.64,10.4,10.4,5.571355310873647,4,8.0,18,elasticnet_then_mrmr_auto_k_no_smote,nested_cv_outputs_all_triple_concat_batch_smote_compare/ADC_Post2_Pre/fs_method_comparison/elasticnet_then_mrmr_auto_k_no_smote,elasticnet_then_mrmr_auto_k,elasticnet_then_mrmr,auto,False,29,5,1.793103448275862
ADC_Post2_Pre,ADC,Post2,Pre,SVM_RBF,0.7660131389078757,0.0836033422137231,0.70375,0.8001094614468555,0.1027217141342481,0.7324738065265057,0.6177054829228742,0.0902039392580512,0.6140350877192983,0.645832004253057,0.0881081559511544,0.6168750000000001,0.697985347985348,0.1696196157451705,0.6785714285714286,0.6310579479000531,0.1928460300756556,0.59375,0.6295970695970696,0.1055350451207311,0.6333333333333333,0.6606060606060606,0.1752212297036034,0.64,14.4,14.4,4.8,6,18.0,18,mrmr_then_elasticnet_no_corr_auto_k_smote,nested_cv_outputs_all_triple_concat_batch_smote_compare/ADC_Post2_Pre/fs_method_comparison/mrmr_then_elasticnet_no_corr_auto_k_smote,mrmr_then_elasticnet_no_corr_auto_k,mrmr_then_elasticnet_no_corr,auto,True,53,4,1.3584905660377358
ADC_Post2_Pre,ADC,Post2,Pre,LogisticRegression,0.763473260745988,0.1065354978909916,0.71875,0.7842519582579849,0.1563977828255519,0.7402308151025729,0.6610085566607307,0.1111181291228226,0.6578947368421053,0.6839412926255031,0.108305115249257,0.6603125000000001,0.7124786324786324,0.1638661045685141,0.7192982456140351,0.6676661350345561,0.2080867963943565,0.640625,0.6686178176196325,0.1409673335760469,0.6776859504132231,0.7002164502164503,0.1050330111656846,0.68,10.4,10.4,5.571355310873647,4,8.0,18,elasticnet_then_mrmr_auto_k_smote,nested_cv_outputs_all_triple_concat_batch_smote_compare/ADC_Post2_Pre/fs_method_comparison/elasticnet_then_mrmr_auto_k_smote,elasticnet_then_mrmr_auto_k,elasticnet_then_mrmr,auto,True,29,5,1.793103448275862
ADC_Post2_Pre,ADC,Post2,Pre,ExtraTrees,0.7606992112972973,0.1083190115862965,0.709375,0.8353907921875445,0.1114177715933042,0.7920241709872963,0.6887141843663582,0.0744325559615876,0.6842105263157895,0.6981837168679274,0.0642547556747802,0.6859375,0.7383333333333333,0.0942219601673504,0.7413793103448276,0.6961509835194046,0.173661001045253,0.671875,0.6989904433344003,0.0930702004621637,0.7049180327868853,0.7002164502164503,0.1175147276400222,0.7,10.4,10.4,5.571355310873647,4,8.0,18,elasticnet_then_mrmr_auto_k_smote,nested_cv_outputs_all_triple_concat_batch_smote_compare/ADC_Post2_Pre/fs_method_comparison/elasticnet_then_mrmr_auto_k_smote,elasticnet_then_mrmr_auto_k,elasticnet_then_mrmr,auto,True,29,5,1.793103448275862
ADC_Post2_Pre,ADC,Post2,Pre,SVM_Linear,0.7587512859283194,0.0918188336244583,0.66625,0.8036449342001234,0.1109662533034797,0.7261563752423984,0.6239991892165805,0.0442448071337595,0.6228070175438597,0.6559542796384902,0.0655180898130767,0.6115625,0.6836296056884292,0.167317172348633,0.6521739130434783,0.7543328017012227,0.1821299483729772,0.703125,0.6777547734069473,0.0370032008694232,0.6766917293233082,0.5575757575757576,0.2294641820320309,0.52,14.4,14.4,4.8,6,18.0,18,mrmr_then_elasticnet_no_corr_auto_k_no_smote,nested_cv_outputs_all_triple_concat_batch_smote_compare/ADC_Post2_Pre/fs_method_comparison/mrmr_then_elasticnet_no_corr_auto_k_no_smote,mrmr_then_elasticnet_no_corr_auto_k,mrmr_then_elasticnet_no_corr,auto,False,53,4,1.3584905660377358
ADC_Post2_Pre,ADC,Post2,Pre,SVM_Linear,0.7574740340290579,0.0811885863295639,0.6853125,0.8035657340744835,0.1031281569014678,0.7435894429766716,0.5889965107356412,0.0807627180110589,0.5877192982456141,0.6186709197235513,0.0950033551999852,0.586875,0.6652680652680653,0.185759680346202,0.6440677966101694,0.6282509303561935,0.1841836899041614,0.59375,0.6133940133940133,0.0943428925621525,0.6178861788617886,0.6090909090909091,0.1962457558629354,0.58,14.4,14.4,4.8,6,18.0,18,mrmr_then_elasticnet_no_corr_auto_k_smote,nested_cv_outputs_all_triple_concat_batch_smote_compare/ADC_Post2_Pre/fs_method_comparison/mrmr_then_elasticnet_no_corr_auto_k_smote,mrmr_then_elasticnet_no_corr_auto_k,mrmr_then_elasticnet_no_corr,auto,True,53,4,1.3584905660377358
ADC_Post2_Pre,ADC,Post2,Pre,SVM_RBF,0.7521825799576997,0.1036456161809897,0.6759374999999999,0.7850199074524077,0.1163385845637578,0.72393875557237,0.6081816733990647,0.0869883237738328,0.6052631578947368,0.6408320042530569,0.0828713670934649,0.6025,0.689010989010989,0.1764959693442976,0.6557377049180327,0.6710579479000531,0.1819476723784517,0.625,0.6402031302031302,0.0884786419189553,0.64,0.6106060606060606,0.2070608521922001,0.58,14.4,14.4,4.8,6,18.0,18,mrmr_then_elasticnet_no_corr_auto_k_no_smote,nested_cv_outputs_all_triple_concat_batch_smote_compare/ADC_Post2_Pre/fs_method_comparison/mrmr_then_elasticnet_no_corr_auto_k_no_smote,mrmr_then_elasticnet_no_corr_auto_k,mrmr_then_elasticnet_no_corr,auto,False,53,4,1.3584905660377358
ADC_Post2_Pre,ADC,Post2,Pre,GradientBoosting,0.7447777098853653,0.1029540847358906,0.6828125,0.7901706402188543,0.141172063942484,0.731528308447613,0.6476465563422085,0.0527051350372341,0.6491228070175439,0.6565489481278954,0.0703388529058889,0.6525000000000001,0.7198534798534798,0.1529698398406391,0.7142857142857143,0.6265178096757043,0.1602234064962947,0.625,0.6487153482082488,0.0941365156764067,0.6666666666666666,0.6865800865800866,0.1950846960744338,0.68,10.4,10.4,5.571355310873647,4,8.0,18,elasticnet_then_mrmr_auto_k_smote,nested_cv_outputs_all_triple_concat_batch_smote_compare/ADC_Post2_Pre/fs_method_comparison/elasticnet_then_mrmr_auto_k_smote,elasticnet_then_mrmr_auto_k,elasticnet_then_mrmr,auto,True,29,5,1.793103448275862
ADC_Post2_Pre,ADC,Post2,Pre,XGBoost,0.7440997235973313,0.133602730534336,0.6771875000000002,0.7622930403503159,0.1753336177958511,0.7069986217911481,0.6179183135704874,0.0795711939087095,0.6140350877192983,0.665998139287613,0.0597149188736696,0.6125,0.7192857142857143,0.1950876307546672,0.6666666666666666,0.6827538543328018,0.2170385225899433,0.625,0.6439452495974235,0.0983657943041401,0.6451612903225806,0.6492424242424242,0.2401120797370032,0.6,14.4,14.4,4.8,6,18.0,18,mrmr_then_elasticnet_no_corr_auto_k_no_smote,nested_cv_outputs_all_triple_concat_batch_smote_compare/ADC_Post2_Pre/fs_method_comparison/mrmr_then_elasticnet_no_corr_auto_k_no_smote,mrmr_then_elasticnet_no_corr_auto_k,mrmr_then_elasticnet_no_corr,auto,False,53,4,1.3584905660377358
ADC_Post2_Pre,ADC,Post2,Pre,NaiveBayes,0.7406189486572261,0.1154564596419273,0.628125,0.7577935947620416,0.1878480591204716,0.6626387220447137,0.566436462088636,0.1134744983237944,0.5701754385964912,0.5134383306751727,0.0820738137666479,0.5209375,0.5656493506493506,0.1110778899381097,0.5728155339805825,0.9185433280170124,0.0412662748004105,0.921875,0.694764062637281,0.090939229567536,0.7065868263473054,0.1083333333333333,0.1615893285805443,0.12,10.4,10.4,5.571355310873647,4,8.0,18,elasticnet_then_mrmr_auto_k_smote,nested_cv_outputs_all_triple_concat_batch_smote_compare/ADC_Post2_Pre/fs_method_comparison/elasticnet_then_mrmr_auto_k_smote,elasticnet_then_mrmr_auto_k,elasticnet_then_mrmr,auto,True,29,5,1.793103448275862
ADC_Post2_Pre,ADC,Post2,Pre,LightGBM,0.7372908856162445,0.0961741101121006,0.6615625,0.815143528372355,0.1113220970421907,0.7666896763272626,0.6236039322995844,0.0259845176186735,0.6228070175438597,0.6495074808232703,0.0410250447706185,0.6246875000000001,0.6902919302919303,0.1398587489337372,0.6842105263157895,0.6351621477937267,0.1505636485801843,0.609375,0.6390602593440121,0.0590577189602831,0.6446280991735537,0.6638528138528138,0.1308863559359767,0.64,10.4,10.4,5.571355310873647,4,8.0,18,elasticnet_then_mrmr_auto_k_smote,nested_cv_outputs_all_triple_concat_batch_smote_compare/ADC_Post2_Pre/fs_method_comparison/elasticnet_then_mrmr_auto_k_smote,elasticnet_then_mrmr_auto_k,elasticnet_then_mrmr,auto,True,29,5,1.793103448275862
ADC_Post2_Pre,ADC,Post2,Pre,LightGBM,0.73699321190948,0.0835464910653455,0.68390625,0.7952649024111199,0.137485263775672,0.7841119638824273,0.6240368327324849,0.0461518534063567,0.6228070175438597,0.6412499050656946,0.0621234651495706,0.6290625000000001,0.6891808191808192,0.1259556354078527,0.6981132075471698,0.5921318447634236,0.1622046980095084,0.578125,0.62052457346575,0.0900496271968684,0.6324786324786325,0.6903679653679654,0.1000156937517582,0.68,10.4,10.4,5.571355310873647,4,8.0,18,elasticnet_then_mrmr_auto_k_no_smote,nested_cv_outputs_all_triple_concat_batch_smote_compare/ADC_Post2_Pre/fs_method_comparison/elasticnet_then_mrmr_auto_k_no_smote,elasticnet_then_mrmr_auto_k,elasticnet_then_mrmr,auto,False,29,5,1.793103448275862
ADC_Post2_Pre,ADC,Post2,Pre,NaiveBayes,0.7339522819905595,0.1156844465183434,0.6134375,0.7546605755884932,0.1869117749952615,0.6534415421093087,0.566436462088636,0.1134744983237944,0.5701754385964912,0.5134383306751727,0.0820738137666479,0.5209375,0.5656493506493506,0.1110778899381097,0.5728155339805825,0.9185433280170124,0.0412662748004105,0.921875,0.694764062637281,0.090939229567536,0.7065868263473054,0.1083333333333333,0.1615893285805443,0.12,10.4,10.4,5.571355310873647,4,8.0,18,elasticnet_then_mrmr_auto_k_no_smote,nested_cv_outputs_all_triple_concat_batch_smote_compare/ADC_Post2_Pre/fs_method_comparison/elasticnet_then_mrmr_auto_k_no_smote,elasticnet_then_mrmr_auto_k,elasticnet_then_mrmr,auto,False,29,5,1.793103448275862
ADC_Post2_Pre,ADC,Post2,Pre,KNN,0.7312668494008207,0.1230881175296483,0.6818749999999999,0.7817884666472714,0.1229203320626557,0.7638211583669821,0.6494780581737103,0.0748184378978395,0.6491228070175439,0.678288144603934,0.0877266145676981,0.6546875,0.7195238095238096,0.1743039282702224,0.7222222222222222,0.6293035619351408,0.1858614763576073,0.609375,0.6481532567049808,0.1154870941644217,0.6610169491525424,0.7272727272727273,0.1466647883676371,0.7,14.4,14.4,4.8,6,18.0,18,mrmr_then_elasticnet_no_corr_auto_k_smote,nested_cv_outputs_all_triple_concat_batch_smote_compare/ADC_Post2_Pre/fs_method_comparison/mrmr_then_elasticnet_no_corr_auto_k_smote,mrmr_then_elasticnet_no_corr_auto_k,mrmr_then_elasticnet_no_corr,auto,True,53,4,1.3584905660377358
ADC_Post2_Pre,ADC,Post2,Pre,RandomForest,0.7282030374374872,0.1060613135283131,0.699375,0.7858062142726746,0.1255119617535499,0.7743257389591519,0.6689585776542297,0.0772990061408074,0.6666666666666666,0.6771948811422496,0.0889325979694664,0.6681250000000001,0.7160894660894661,0.1171095912184351,0.7241379310344828,0.6723551302498672,0.1329409422295193,0.65625,0.6842601110310719,0.0884839600800267,0.6885245901639344,0.682034632034632,0.1189460408826924,0.68,10.4,10.4,5.571355310873647,4,8.0,18,elasticnet_then_mrmr_auto_k_smote,nested_cv_outputs_all_triple_concat_batch_smote_compare/ADC_Post2_Pre/fs_method_comparison/elasticnet_then_mrmr_auto_k_smote,elasticnet_then_mrmr_auto_k,elasticnet_then_mrmr,auto,True,29,5,1.793103448275862
ADC_Post2_Pre,ADC,Post2,Pre,RandomForest,0.7265035522691026,0.1322361523291274,0.6821875,0.7879775060394255,0.1391174034167893,0.7465198475633081,0.6035906122862644,0.0788981769480216,0.6052631578947368,0.6155282144755828,0.0975253324558514,0.6025,0.6411904761904761,0.1813116733762454,0.6557377049180327,0.6323551302498671,0.1945808432011274,0.625,0.6189969531363351,0.1435044661635381,0.64,0.5987012987012987,0.1492147571741824,0.58,10.4,10.4,5.571355310873647,4,8.0,18,elasticnet_then_mrmr_auto_k_no_smote,nested_cv_outputs_all_triple_concat_batch_smote_compare/ADC_Post2_Pre/fs_method_comparison/elasticnet_then_mrmr_auto_k_no_smote,elasticnet_then_mrmr_auto_k,elasticnet_then_mrmr,auto,False,29,5,1.793103448275862
ADC_Post2_Pre,ADC,Post2,Pre,KNN,0.7208469981197254,0.1179085916888068,0.6323437500000001,0.7580102521604071,0.1133831186804127,0.704960893101108,0.5873778395517526,0.0355872018549978,0.5877192982456141,0.6147315257841575,0.0514494446786722,0.5759375,0.6577777777777778,0.1913435279255934,0.6231884057971014,0.7082509303561935,0.1602190670188414,0.671875,0.6415220167693931,0.0593358241947353,0.6466165413533834,0.5212121212121212,0.2503166039316144,0.48,14.4,14.4,4.8,6,18.0,18,mrmr_then_elasticnet_no_corr_auto_k_no_smote,nested_cv_outputs_all_triple_concat_batch_smote_compare/ADC_Post2_Pre/fs_method_comparison/mrmr_then_elasticnet_no_corr_auto_k_no_smote,mrmr_then_elasticnet_no_corr_auto_k,mrmr_then_elasticnet_no_corr,auto,False,53,4,1.3584905660377358
ADC_Post2_Pre,ADC,Post2,Pre,LightGBM,0.715126993332735,0.1069749295772633,0.661875,0.7479794680628927,0.1657569272926363,0.7118309075438636,0.5722132939524244,0.0679827440696079,0.5701754385964912,0.6070946305156831,0.0815645719405796,0.5690625,0.6594805194805196,0.1866510044911586,0.6271186440677966,0.6217650186071239,0.1983757893708044,0.578125,0.5987822547822548,0.0871867880430616,0.6016260162601627,0.5924242424242424,0.2079900753442087,0.56,14.4,14.4,4.8,6,18.0,18,mrmr_then_elasticnet_no_corr_auto_k_no_smote,nested_cv_outputs_all_triple_concat_batch_smote_compare/ADC_Post2_Pre/fs_method_comparison/mrmr_then_elasticnet_no_corr_auto_k_no_smote,mrmr_then_elasticnet_no_corr_auto_k,mrmr_then_elasticnet_no_corr,auto,False,53,4,1.3584905660377358
ADC_Post2_Pre,ADC,Post2,Pre,RandomForest,0.7104847863460304,0.1418272722677993,0.6321875,0.7563082548244137,0.1723226097726517,0.643916693990188,0.6082193169149691,0.1085918880433906,0.6052631578947368,0.6283320042530569,0.1131392974492208,0.6046875,0.6770238095238096,0.1956179521924167,0.6610169491525424,0.6377246145667198,0.2151431998810352,0.609375,0.6229611248966087,0.1397315259536758,0.6341463414634146,0.6189393939393939,0.2099674206220607,0.6,14.4,14.4,4.8,6,18.0,18,mrmr_then_elasticnet_no_corr_auto_k_smote,nested_cv_outputs_all_triple_concat_batch_smote_compare/ADC_Post2_Pre/fs_method_comparison/mrmr_then_elasticnet_no_corr_auto_k_smote,mrmr_then_elasticnet_no_corr_auto_k,mrmr_then_elasticnet_no_corr,auto,True,53,4,1.3584905660377358
ADC_Post2_Pre,ADC,Post2,Pre,ExtraTrees,0.7091610914338187,0.1257999333807151,0.5925000000000001,0.7867957078435247,0.1245790651731143,0.7253284682772752,0.5835309617918314,0.1163988186965421,0.5789473684210527,0.6141799574694311,0.1217410207262004,0.5856250000000001,0.6862515262515263,0.1939349967807531,0.6538461538461539,0.573056884635832,0.210354723082893,0.53125,0.5860076277650649,0.1277670106822226,0.5862068965517241,0.6553030303030304,0.2250395333088888,0.64,11.2,11.2,5.1536394906900505,4,14.0,16,corr_mrmr_auto_k_no_smote,nested_cv_outputs_all_triple_concat_batch_smote_compare/ADC_Post2_Pre/fs_method_comparison/corr_mrmr_auto_k_no_smote,corr_mrmr_auto_k,corr_mrmr,auto,False,43,4,1.302325581395349
ADC_Post2_Pre,ADC,Post2,Pre,XGBoost,0.707206894647086,0.129022033854977,0.6540625000000001,0.7318863433907976,0.1577698748214192,0.6750411449725554,0.6063878150834673,0.1017434864414409,0.6052631578947368,0.6327618288144603,0.1082068925629884,0.6025,0.6767399267399268,0.1970154616059242,0.6557377049180327,0.6549175970228601,0.1780612373031748,0.625,0.6346313711830953,0.1136447087355279,0.64,0.6106060606060606,0.2070608521922001,0.58,14.4,14.4,4.8,6,18.0,18,mrmr_then_elasticnet_no_corr_auto_k_smote,nested_cv_outputs_all_triple_concat_batch_smote_compare/ADC_Post2_Pre/fs_method_comparison/mrmr_then_elasticnet_no_corr_auto_k_smote,mrmr_then_elasticnet_no_corr_auto_k,mrmr_then_elasticnet_no_corr,auto,True,53,4,1.3584905660377358
ADC_Post2_Pre,ADC,Post2,Pre,XGBoost,0.7069099746611709,0.1774058932284513,0.6224999999999999,0.7736421991692762,0.18899106495699,0.7038351335259676,0.559497024714416,0.1064165130277917,0.5614035087719298,0.5844317232475127,0.12071196276351,0.5546875,0.6122727272727272,0.2057218695309416,0.609375,0.631525784157363,0.2340505980328822,0.609375,0.5925584045584045,0.1521921155813582,0.609375,0.5373376623376622,0.1860074478017793,0.5,10.4,10.4,5.571355310873647,4,8.0,18,elasticnet_then_mrmr_auto_k_no_smote,nested_cv_outputs_all_triple_concat_batch_smote_compare/ADC_Post2_Pre/fs_method_comparison/elasticnet_then_mrmr_auto_k_no_smote,elasticnet_then_mrmr_auto_k,elasticnet_then_mrmr,auto,False,29,5,1.793103448275862
ADC_Post2_Pre,ADC,Post2,Pre,RandomForest,0.70637669702263,0.116438019713927,0.61875,0.7647426869756455,0.1353109023179007,0.636632504388364,0.6167397819571734,0.113485005858475,0.6140350877192983,0.6410951621477938,0.1212806555646588,0.6168750000000001,0.6885914085914085,0.1916570166821474,0.6785714285714286,0.6215842636895268,0.1984111321594503,0.59375,0.6270899470899471,0.1328324344516023,0.6333333333333333,0.6606060606060605,0.1829761107812185,0.64,14.4,14.4,4.8,6,18.0,18,mrmr_then_elasticnet_no_corr_auto_k_no_smote,nested_cv_outputs_all_triple_concat_batch_smote_compare/ADC_Post2_Pre/fs_method_comparison/mrmr_then_elasticnet_no_corr_auto_k_no_smote,mrmr_then_elasticnet_no_corr_auto_k,mrmr_then_elasticnet_no_corr,auto,False,53,4,1.3584905660377358
ADC_Post2_Pre,ADC,Post2,Pre,GradientBoosting,0.7056866281866281,0.0982827230867215,0.6592187500000001,0.7604078041339873,0.1477549717792304,0.7687784148605737,0.5930634582808495,0.0873584890800803,0.5964912280701754,0.6232913723703197,0.0841181661824982,0.575,0.645979020979021,0.1683975761552002,0.6153846153846154,0.7925784157363104,0.1783274648111766,0.75,0.6742250712250712,0.0586904361935579,0.676056338028169,0.4540043290043289,0.2872079055794636,0.4,10.4,10.4,5.571355310873647,4,8.0,18,elasticnet_then_mrmr_auto_k_no_smote,nested_cv_outputs_all_triple_concat_batch_smote_compare/ADC_Post2_Pre/fs_method_comparison/elasticnet_then_mrmr_auto_k_no_smote,elasticnet_then_mrmr_auto_k,elasticnet_then_mrmr,auto,False,29,5,1.793103448275862
ADC_Post2_Pre,ADC,Post2,Pre,ExtraTrees,0.6997651267746962,0.1089366289344068,0.6231249999999999,0.7708328642437741,0.1164071030847717,0.7016026757245472,0.6003518220909525,0.0991672311370446,0.5964912280701754,0.6300744284954811,0.1006480200029329,0.6012500000000001,0.6899766899766899,0.1760485556037222,0.6666666666666666,0.5995427963849016,0.1716277670947862,0.5625,0.6114489214489215,0.1010101590012046,0.6101694915254238,0.6606060606060605,0.1829761107812185,0.64,14.4,14.4,4.8,6,18.0,18,mrmr_then_elasticnet_no_corr_auto_k_no_smote,nested_cv_outputs_all_triple_concat_batch_smote_compare/ADC_Post2_Pre/fs_method_comparison/mrmr_then_elasticnet_no_corr_auto_k_no_smote,mrmr_then_elasticnet_no_corr_auto_k,mrmr_then_elasticnet_no_corr,auto,False,53,4,1.3584905660377358
ADC_Post2_Pre,ADC,Post2,Pre,NaiveBayes,0.6980008446276388,0.0954490699115826,0.5175,0.761567386925512,0.1400324611349562,0.6260280181566076,0.5518800040539171,0.1036578426953598,0.5526315789473685,0.6027365762892078,0.122968365490734,0.5359375,0.6730158730158731,0.2290559239053644,0.589041095890411,0.7304731525784157,0.2099258762499816,0.671875,0.632111318892525,0.0435719595144063,0.6277372262773723,0.475,0.4213074886588179,0.4,14.4,14.4,4.8,6,18.0,18,mrmr_then_elasticnet_no_corr_auto_k_no_smote,nested_cv_outputs_all_triple_concat_batch_smote_compare/ADC_Post2_Pre/fs_method_comparison/mrmr_then_elasticnet_no_corr_auto_k_no_smote,mrmr_then_elasticnet_no_corr_auto_k,mrmr_then_elasticnet_no_corr,auto,False,53,4,1.3584905660377358
ADC_Post2_Pre,ADC,Post2,Pre,GradientBoosting,0.6968880419598122,0.141734956889269,0.6300000000000001,0.7510450375640844,0.1534885131304593,0.6963893851783103,0.579510344727736,0.0475990970953483,0.5789473684210527,0.6057668793195108,0.0785209892477185,0.5659375,0.6480971659919028,0.1881153969967161,0.6142857142857143,0.7153216374269006,0.2066049345676978,0.671875,0.6361996779388084,0.0725178828178301,0.6417910447761194,0.4962121212121212,0.2573305428130575,0.46,14.4,14.4,4.8,6,18.0,18,mrmr_then_elasticnet_no_corr_auto_k_no_smote,nested_cv_outputs_all_triple_concat_batch_smote_compare/ADC_Post2_Pre/fs_method_comparison/mrmr_then_elasticnet_no_corr_auto_k_no_smote,mrmr_then_elasticnet_no_corr_auto_k,mrmr_then_elasticnet_no_corr,auto,False,53,4,1.3584905660377358
ADC_Post2_Pre,ADC,Post2,Pre,KNN,0.6954957469431154,0.1226262815546783,0.6709375,0.7487236557408182,0.1179028310307817,0.7110765211279472,0.59208907034994,0.0945229340123683,0.5877192982456141,0.617945811498443,0.0834201572397627,0.5978125000000001,0.6788888888888888,0.1175049250346869,0.673469387755102,0.5470388091440723,0.1420739063316143,0.515625,0.5886564236678653,0.0829502042566101,0.584070796460177,0.6888528138528138,0.1069513790353285,0.68,10.4,10.4,5.571355310873647,4,8.0,18,elasticnet_then_mrmr_auto_k_smote,nested_cv_outputs_all_triple_concat_batch_smote_compare/ADC_Post2_Pre/fs_method_comparison/elasticnet_then_mrmr_auto_k_smote,elasticnet_then_mrmr_auto_k,elasticnet_then_mrmr,auto,True,29,5,1.793103448275862
ADC_Post2_Pre,ADC,Post2,Pre,GradientBoosting,0.6938871628106077,0.1654896792766143,0.6320312499999999,0.7425124554769473,0.1797626079592434,0.699856109594797,0.5799432451606364,0.097278926274044,0.5789473684210527,0.6015244550770866,0.1217257374092661,0.576875,0.6428571428571429,0.2140210005166117,0.6333333333333333,0.6189580010632642,0.2261546691962257,0.59375,0.5981401813713026,0.147517443812774,0.6129032258064516,0.5840909090909091,0.2155619218432614,0.56,14.4,14.4,4.8,6,18.0,18,mrmr_then_elasticnet_no_corr_auto_k_smote,nested_cv_outputs_all_triple_concat_batch_smote_compare/ADC_Post2_Pre/fs_method_comparison/mrmr_then_elasticnet_no_corr_auto_k_smote,mrmr_then_elasticnet_no_corr_auto_k,mrmr_then_elasticnet_no_corr,auto,True,53,4,1.3584905660377358
ADC_Post2_Pre,ADC,Post2,Pre,NaiveBayes,0.6900824374987055,0.1013780742801142,0.5340625,0.7537246904636205,0.1536956169387516,0.6338083639653869,0.5523129044868175,0.1280393565016439,0.5526315789473685,0.6010699096225411,0.1433487333426609,0.538125,0.676092796092796,0.2324098563373899,0.5915492957746479,0.7104731525784157,0.1971998976228416,0.65625,0.6289730639730639,0.0656809157988679,0.6222222222222222,0.4916666666666667,0.4236088342379611,0.42,14.4,14.4,4.8,6,18.0,18,mrmr_then_elasticnet_no_corr_auto_k_smote,nested_cv_outputs_all_triple_concat_batch_smote_compare/ADC_Post2_Pre/fs_method_comparison/mrmr_then_elasticnet_no_corr_auto_k_smote,mrmr_then_elasticnet_no_corr_auto_k,mrmr_then_elasticnet_no_corr,auto,True,53,4,1.3584905660377358
ADC_Post2_Pre,ADC,Post2,Pre,ExtraTrees,0.6890211525139756,0.1138617399346097,0.6078125000000001,0.7636304565740499,0.1079555064690705,0.6523960408850848,0.6066455283846588,0.1063552831303667,0.6052631578947368,0.6306007442849548,0.1221677512076799,0.606875,0.673939393939394,0.1912464551607957,0.6666666666666666,0.6187772461456672,0.1927585674386377,0.59375,0.620936100936101,0.1251711276778968,0.628099173553719,0.6424242424242423,0.1889023924304084,0.62,14.4,14.4,4.8,6,18.0,18,mrmr_then_elasticnet_no_corr_auto_k_smote,nested_cv_outputs_all_triple_concat_batch_smote_compare/ADC_Post2_Pre/fs_method_comparison/mrmr_then_elasticnet_no_corr_auto_k_smote,mrmr_then_elasticnet_no_corr_auto_k,mrmr_then_elasticnet_no_corr,auto,True,53,4,1.3584905660377358
ADC_Post2_Pre,ADC,Post2,Pre,LightGBM,0.6864420866215125,0.1524427720616438,0.61578125,0.7248610538485292,0.1848556801675245,0.7006247737487679,0.5809465896422418,0.0996316964586649,0.5789473684210527,0.6104279638490164,0.1087892985946154,0.5790625,0.6632034632034632,0.2069861711590106,0.6379310344827587,0.6102498670919723,0.1985966221578754,0.578125,0.6000746879307599,0.1249844313957908,0.6065573770491803,0.6106060606060606,0.2070608521922001,0.58,14.4,14.4,4.8,6,18.0,18,mrmr_then_elasticnet_no_corr_auto_k_smote,nested_cv_outputs_all_triple_concat_batch_smote_compare/ADC_Post2_Pre/fs_method_comparison/mrmr_then_elasticnet_no_corr_auto_k_smote,mrmr_then_elasticnet_no_corr_auto_k,mrmr_then_elasticnet_no_corr,auto,True,53,4,1.3584905660377358
ADC_Post2_Pre,ADC,Post2,Pre,KNN,0.6821770334928231,0.1351816857018086,0.63546875,0.7475956438239171,0.132088946231087,0.7011711989693927,0.6062502714676627,0.0918298981272738,0.6052631578947368,0.6294317232475127,0.0998068722625439,0.6025,0.6622544122544123,0.1600262541959239,0.6557377049180327,0.6533439659755449,0.1653517521551623,0.625,0.6367738927738927,0.0996743766341928,0.64,0.6055194805194806,0.143846599649784,0.58,10.4,10.4,5.571355310873647,4,8.0,18,elasticnet_then_mrmr_auto_k_no_smote,nested_cv_outputs_all_triple_concat_batch_smote_compare/ADC_Post2_Pre/fs_method_comparison/elasticnet_then_mrmr_auto_k_no_smote,elasticnet_then_mrmr_auto_k,elasticnet_then_mrmr,auto,False,29,5,1.793103448275862
ADC_Post2_Pre,ADC,Post2,Pre,XGBoost,0.678779328946793,0.1599907516782901,0.616875,0.7642954621628074,0.1691518164201576,0.7121957580695744,0.588205996901649,0.0481617940716048,0.5877192982456141,0.6159109895952001,0.0670345620679441,0.59125,0.6554578754578755,0.1724476768098148,0.6545454545454545,0.5846358320042531,0.2043893206871101,0.5625,0.589392832995267,0.1194926383041631,0.6050420168067226,0.6471861471861471,0.1539613904297788,0.62,10.4,10.4,5.571355310873647,4,8.0,18,elasticnet_then_mrmr_auto_k_smote,nested_cv_outputs_all_triple_concat_batch_smote_compare/ADC_Post2_Pre/fs_method_comparison/elasticnet_then_mrmr_auto_k_smote,elasticnet_then_mrmr_auto_k,elasticnet_then_mrmr,auto,True,29,5,1.793103448275862
ADC_Post2_Pre,ADC,Post2,Pre,XGBoost,0.6738245291833808,0.0933928444627738,0.5931249999999999,0.7718311093739854,0.0668539869206862,0.69454917736718,0.5559252341861037,0.1029527236574256,0.5526315789473685,0.5892124250018987,0.0768987979375753,0.555625,0.6637806637806638,0.1332727259915592,0.6181818181818182,0.5797235513024986,0.2030531292142323,0.53125,0.5752960121246566,0.076484980434357,0.5714285714285714,0.5987012987012987,0.2528472076674309,0.58,11.2,11.2,5.1536394906900505,4,14.0,16,corr_mrmr_auto_k_no_smote,nested_cv_outputs_all_triple_concat_batch_smote_compare/ADC_Post2_Pre/fs_method_comparison/corr_mrmr_auto_k_no_smote,corr_mrmr_auto_k,corr_mrmr,auto,False,43,4,1.302325581395349
ADC_Post2_Pre,ADC,Post2,Pre,ExtraTrees,0.6584897160256011,0.0989926676014999,0.56625,0.7598029933643975,0.1020004146439967,0.6797348124872228,0.5664900317074231,0.0968368683822198,0.5614035087719298,0.5931842864737601,0.0750821107871761,0.5678125,0.651010101010101,0.1243327256628273,0.6346153846153846,0.5548750664540137,0.199908916133592,0.515625,0.5688547008547008,0.1052440970550622,0.5689655172413793,0.6314935064935064,0.1624105175622519,0.62,11.2,11.2,5.1536394906900505,4,14.0,16,corr_mrmr_auto_k_smote,nested_cv_outputs_all_triple_concat_batch_smote_compare/ADC_Post2_Pre/fs_method_comparison/corr_mrmr_auto_k_smote,corr_mrmr_auto_k,corr_mrmr,auto,True,43,4,1.302325581395349
ADC_Post2_Pre,ADC,Post2,Pre,RandomForest,0.658317108197491,0.1183508406231594,0.5874999999999999,0.7717379303965222,0.08702191682119,0.7195157392338135,0.5750104967496272,0.0913349336071687,0.5701754385964912,0.595947444368497,0.0808558875442439,0.57125,0.641010101010101,0.1079657652625483,0.631578947368421,0.6035832004253057,0.1831197389213766,0.5625,0.5973063973063973,0.0901791370096508,0.5950413223140496,0.5883116883116883,0.1203871897965121,0.58,11.2,11.2,5.1536394906900505,4,14.0,16,corr_mrmr_auto_k_no_smote,nested_cv_outputs_all_triple_concat_batch_smote_compare/ADC_Post2_Pre/fs_method_comparison/corr_mrmr_auto_k_no_smote,corr_mrmr_auto_k,corr_mrmr,auto,False,43,4,1.302325581395349
ADC_Post2_Pre,ADC,Post2,Pre,RandomForest,0.652370791533471,0.1085658943146593,0.581875,0.738971703859072,0.0735737162844856,0.6788826088866721,0.5727837380011293,0.0441078008747141,0.5701754385964912,0.609407230196704,0.0372143411558028,0.5734375,0.6808857808857809,0.1750587406373492,0.6363636363636364,0.590026581605529,0.1825980693388455,0.546875,0.5868571428571429,0.0596479467460566,0.5882352941176471,0.6287878787878788,0.2251415226788692,0.6,11.2,11.2,5.1536394906900505,4,14.0,16,corr_mrmr_auto_k_smote,nested_cv_outputs_all_triple_concat_batch_smote_compare/ADC_Post2_Pre/fs_method_comparison/corr_mrmr_auto_k_smote,corr_mrmr_auto_k,corr_mrmr,auto,True,43,4,1.302325581395349
ADC_Post2_Pre,ADC,Post2,Pre,KNN,0.6482243429970703,0.0778907824802066,0.57546875,0.7154965532851858,0.0555693278631821,0.6540294701503332,0.5460438112612025,0.0671696849007858,0.543859649122807,0.5619322928533454,0.0430747636462999,0.5346875,0.6088888888888888,0.1111999644728604,0.5909090909090909,0.6484316852737905,0.193600211014861,0.609375,0.5955765482081271,0.0753014640498133,0.6,0.4754329004329004,0.1997401612258326,0.46,11.2,11.2,5.1536394906900505,4,14.0,16,corr_mrmr_auto_k_no_smote,nested_cv_outputs_all_triple_concat_batch_smote_compare/ADC_Post2_Pre/fs_method_comparison/corr_mrmr_auto_k_no_smote,corr_mrmr_auto_k,corr_mrmr,auto,False,43,4,1.302325581395349
ADC_Post2_Pre,ADC,Post2,Pre,XGBoost,0.6471578625167141,0.0940069646235814,0.5996875,0.7493435193925875,0.0678412270525013,0.7015235603053208,0.5737494389668303,0.0784314800520574,0.5701754385964912,0.5952656261866788,0.0412730855580254,0.5778125000000001,0.7224004753416519,0.1737605377832428,0.6470588235294118,0.5454013822434873,0.2087808957625889,0.515625,0.5657342657342658,0.070847133661057,0.5739130434782609,0.6451298701298701,0.2397185902885664,0.64,11.2,11.2,5.1536394906900505,4,14.0,16,corr_mrmr_auto_k_smote,nested_cv_outputs_all_triple_concat_batch_smote_compare/ADC_Post2_Pre/fs_method_comparison/corr_mrmr_auto_k_smote,corr_mrmr_auto_k,corr_mrmr,auto,True,43,4,1.302325581395349
ADC_Post2_Pre,ADC,Post2,Pre,GradientBoosting,0.646059432327375,0.1180828720120942,0.57203125,0.7269537875743859,0.0935701580094676,0.6682369818596869,0.5209978427369731,0.0893040457353706,0.5175438596491229,0.5556159337738286,0.0759085860224989,0.5178125,0.6074509803921568,0.154792217267925,0.5789473684210527,0.5625305688463583,0.2238492323858038,0.515625,0.5407258763780503,0.1198947753603734,0.5454545454545454,0.5487012987012987,0.1983869850844614,0.52,11.2,11.2,5.1536394906900505,4,14.0,16,corr_mrmr_auto_k_no_smote,nested_cv_outputs_all_triple_concat_batch_smote_compare/ADC_Post2_Pre/fs_method_comparison/corr_mrmr_auto_k_no_smote,corr_mrmr_auto_k,corr_mrmr,auto,False,43,4,1.302325581395349
ADC_Post2_Pre,ADC,Post2,Pre,LogisticRegression,0.6455004016008801,0.1306637445121575,0.5940625,0.7003660399071518,0.1486186626189709,0.6465472802541687,0.5806512328251459,0.0925781605087338,0.5789473684210527,0.5774553808764336,0.086639305138176,0.5703125,0.6331115502854633,0.1618881707476787,0.6212121212121212,0.6546943115364168,0.2393636378697047,0.640625,0.6079301789828107,0.1347021571388268,0.6307692307692307,0.5002164502164502,0.3046065990548753,0.5,11.2,11.2,5.1536394906900505,4,14.0,16,corr_mrmr_auto_k_no_smote,nested_cv_outputs_all_triple_concat_batch_smote_compare/ADC_Post2_Pre/fs_method_comparison/corr_mrmr_auto_k_no_smote,corr_mrmr_auto_k,corr_mrmr,auto,False,43,4,1.302325581395349
ADC_Post2_Pre,ADC,Post2,Pre,LightGBM,0.641537360389035,0.0899683043924737,0.5503125,0.7557968336002203,0.0985668484218672,0.6605782153897011,0.5314873532264837,0.0851531910731911,0.5263157894736842,0.5730042910306068,0.0325863002364124,0.5321875,0.6357843137254902,0.1106775470256247,0.5961538461538461,0.540489101541733,0.2220535509586781,0.484375,0.5345938312894836,0.1035460148759052,0.5344827586206896,0.6055194805194806,0.2071571057266139,0.58,11.2,11.2,5.1536394906900505,4,14.0,16,corr_mrmr_auto_k_no_smote,nested_cv_outputs_all_triple_concat_batch_smote_compare/ADC_Post2_Pre/fs_method_comparison/corr_mrmr_auto_k_no_smote,corr_mrmr_auto_k,corr_mrmr,auto,False,43,4,1.302325581395349
ADC_Post2_Pre,ADC,Post2,Pre,LightGBM,0.6414686854878242,0.1272777417425047,0.553125,0.7534777983812263,0.0978033669108628,0.6440564206653636,0.5494939842765929,0.1045725861517346,0.543859649122807,0.5869364699627857,0.087441576254403,0.5521875,0.6772727272727272,0.1709907391474652,0.62,0.5382668793195109,0.1914888455481055,0.484375,0.5485965682762022,0.1090087231485398,0.543859649122807,0.6356060606060605,0.2287878787878788,0.62,11.2,11.2,5.1536394906900505,4,14.0,16,corr_mrmr_auto_k_smote,nested_cv_outputs_all_triple_concat_batch_smote_compare/ADC_Post2_Pre/fs_method_comparison/corr_mrmr_auto_k_smote,corr_mrmr_auto_k,corr_mrmr,auto,True,43,4,1.302325581395349
ADC_Post2_Pre,ADC,Post2,Pre,SVM_Linear,0.6361230383120335,0.1151108723214374,0.5376562500000001,0.6932428897664356,0.1478762676751449,0.5956936667862236,0.5288725766986636,0.1370662833071324,0.5263157894736842,0.5836348446874763,0.0988709475364249,0.5278125,0.4839253393665158,0.2743022487226578,0.5892857142857143,0.5819883040935673,0.3560496720518494,0.515625,0.5007325397130494,0.2703949963512471,0.55,0.5852813852813853,0.2573186173273524,0.54,11.2,11.2,5.1536394906900505,4,14.0,16,corr_mrmr_auto_k_no_smote,nested_cv_outputs_all_triple_concat_batch_smote_compare/ADC_Post2_Pre/fs_method_comparison/corr_mrmr_auto_k_no_smote,corr_mrmr_auto_k,corr_mrmr,auto,False,43,4,1.302325581395349
ADC_Post2_Pre,ADC,Post2,Pre,SVM_RBF,0.6354220031253524,0.0998033592658282,0.5432812499999998,0.7456833859262869,0.1063844407372421,0.6490656886411457,0.5634351156090287,0.1065231489171795,0.5614035087719298,0.5638588896483634,0.0883197000297297,0.5525,0.6237067883807015,0.1629948680645246,0.6060606060606061,0.6441679957469432,0.2525172665012161,0.625,0.5918675009201325,0.1446109917726063,0.6153846153846154,0.4835497835497835,0.3153713079239442,0.48,11.2,11.2,5.1536394906900505,4,14.0,16,corr_mrmr_auto_k_smote,nested_cv_outputs_all_triple_concat_batch_smote_compare/ADC_Post2_Pre/fs_method_comparison/corr_mrmr_auto_k_smote,corr_mrmr_auto_k,corr_mrmr,auto,True,43,4,1.302325581395349
ADC_Post2_Pre,ADC,Post2,Pre,LogisticRegression,0.6278413204728993,0.1104680352674717,0.5915624999999999,0.6918579376071835,0.1412471640070323,0.6333709490842854,0.5474872953133822,0.1537682632846429,0.543859649122807,0.6067483101693628,0.1178121840951841,0.5587500000000001,0.5275252525252526,0.3134207687890767,0.6363636363636364,0.4950983519404571,0.325474154410087,0.4375,0.4795505936558568,0.2739797075810828,0.5185185185185185,0.7183982683982685,0.2345309761439041,0.68,11.2,11.2,5.1536394906900505,4,14.0,16,corr_mrmr_auto_k_smote,nested_cv_outputs_all_triple_concat_batch_smote_compare/ADC_Post2_Pre/fs_method_comparison/corr_mrmr_auto_k_smote,corr_mrmr_auto_k,corr_mrmr,auto,True,43,4,1.302325581395349
ADC_Post2_Pre,ADC,Post2,Pre,GradientBoosting,0.614380355157867,0.1257900746754066,0.5459375,0.6862682826688077,0.0847139441506314,0.6331681928265334,0.5494939842765929,0.1121976752720191,0.543859649122807,0.5819290650869599,0.0886411442293017,0.5587500000000001,0.6723809523809523,0.1450435855987985,0.6363636363636364,0.4772780435938331,0.1747794929850214,0.4375,0.5251901108269394,0.0976574278434946,0.5185185185185185,0.6865800865800866,0.1950846960744338,0.68,11.2,11.2,5.1536394906900505,4,14.0,16,corr_mrmr_auto_k_smote,nested_cv_outputs_all_triple_concat_batch_smote_compare/ADC_Post2_Pre/fs_method_comparison/corr_mrmr_auto_k_smote,corr_mrmr_auto_k,corr_mrmr,auto,True,43,4,1.302325581395349
ADC_Post2_Pre,ADC,Post2,Pre,NaiveBayes,0.5772036150983519,0.1322646953626507,0.5756249999999999,0.65114502210777,0.1551320278135312,0.6118953930622776,0.5574903357512053,0.0749630593127639,0.5614035087719298,0.5453398648135491,0.051909343116626,0.54375,0.5788182577656261,0.1224596093116492,0.5945945945945946,0.6867836257309942,0.2225425822545458,0.6875,0.6090367012849851,0.1257242812171223,0.6376811594202898,0.4038961038961039,0.1674314829261806,0.4,11.2,11.2,5.1536394906900505,4,14.0,16,corr_mrmr_auto_k_no_smote,nested_cv_outputs_all_triple_concat_batch_smote_compare/ADC_Post2_Pre/fs_method_comparison/corr_mrmr_auto_k_no_smote,corr_mrmr_auto_k,corr_mrmr,auto,False,43,4,1.302325581395349
ADC_Post2_Pre,ADC,Post2,Pre,KNN,0.5744163093684624,0.0716905195873229,0.5446875,0.6492200714537504,0.1197916788290086,0.6085406508031607,0.5286525069133765,0.0818998282500866,0.5263157894736842,0.5332454241664768,0.08048818495108,0.5409375000000001,0.6086324786324786,0.1442005729707316,0.6136363636363636,0.4183306751727804,0.1266706539563044,0.421875,0.4819548872180451,0.1207791240719099,0.5,0.6481601731601733,0.1811833123249903,0.66,11.2,11.2,5.1536394906900505,4,14.0,16,corr_mrmr_auto_k_smote,nested_cv_outputs_all_triple_concat_batch_smote_compare/ADC_Post2_Pre/fs_method_comparison/corr_mrmr_auto_k_smote,corr_mrmr_auto_k,corr_mrmr,auto,True,43,4,1.302325581395349
ADC_Post2_Pre,ADC,Post2,Pre,NaiveBayes,0.5470873004365827,0.1415455528435411,0.5665625,0.6329020105613529,0.1687671180782217,0.6035475631685612,0.5400613878874749,0.1122604527612048,0.543859649122807,0.5292287537024378,0.076775126123219,0.536875,0.5754655870445344,0.1161822279240557,0.59375,0.5863795853269537,0.2592548723427129,0.59375,0.549884196657652,0.163922934186001,0.59375,0.4720779220779221,0.2099995493404386,0.48,11.2,11.2,5.1536394906900505,4,14.0,16,corr_mrmr_auto_k_smote,nested_cv_outputs_all_triple_concat_batch_smote_compare/ADC_Post2_Pre/fs_method_comparison/corr_mrmr_auto_k_smote,corr_mrmr_auto_k,corr_mrmr,auto,True,43,4,1.302325581395349
ADC_Post2_Pre,ADC,Post2,Pre,SVM_Linear,0.4879970817769861,0.1898933002925718,0.485625,0.6020904041944453,0.1711143987048008,0.5619750455155671,0.4769795421969334,0.0878797955702296,0.4736842105263157,0.4983830789093946,0.0802637107238617,0.4765625,0.5354435107376284,0.1756985329539424,0.5370370370370371,0.4829133439659755,0.2825788125622502,0.453125,0.4608216374269006,0.1779058673096542,0.4915254237288136,0.5138528138528138,0.2125463977933576,0.5,11.2,11.2,5.1536394906900505,4,14.0,16,corr_mrmr_auto_k_smote,nested_cv_outputs_all_triple_concat_batch_smote_compare/ADC_Post2_Pre/fs_method_comparison/corr_mrmr_auto_k_smote,corr_mrmr_auto_k,corr_mrmr,auto,True,43,4,1.302325581395349
ADC_Post2_Pre,ADC,Post2,Pre,SVM_RBF,0.4861833187192038,0.2149791637140937,0.440625,0.6419977797333773,0.1765790059240527,0.5842063246698392,0.4566781045041915,0.0669632931147349,0.4561403508771929,0.5261821219715956,0.039101302328666,0.45,0.4556390977443609,0.2734755049886921,0.5161290322580645,0.5809356725146199,0.3721330865375466,0.5,0.4565934065934066,0.237437524929633,0.5079365079365079,0.4714285714285713,0.4010049733633381,0.4,11.2,11.2,5.1536394906900505,4,14.0,16,corr_mrmr_auto_k_no_smote,nested_cv_outputs_all_triple_concat_batch_smote_compare/ADC_Post2_Pre/fs_method_comparison/corr_mrmr_auto_k_no_smote,corr_mrmr_auto_k,corr_mrmr,auto,False,43,4,1.302325581395349
ADC_Post2_T2,ADC,Post2,T2,SVM_Linear,0.8337354750512646,0.0452854522460405,0.755625,0.8660563562242178,0.0814764513749862,0.8128113100505047,0.7329829590699155,0.0842279396063848,0.7280701754385965,0.7390928077770182,0.0411659323015979,0.7184375000000001,0.7460943803358664,0.0916948871023473,0.7391304347826086,0.832514619883041,0.1944722224365432,0.796875,0.7625132811745388,0.0836833462581725,0.7669172932330827,0.6456709956709956,0.1508606767779624,0.64,10.4,10.4,4.2708313008125245,4,10.0,16,elasticnet_then_mrmr_auto_k_no_smote,nested_cv_outputs_all_triple_concat_batch_smote_compare/ADC_Post2_T2/fs_method_comparison/elasticnet_then_mrmr_auto_k_no_smote,elasticnet_then_mrmr_auto_k,elasticnet_then_mrmr,auto,False,31,5,1.6774193548387095
ADC_Post2_T2,ADC,Post2,T2,SVM_RBF,0.8315906271647899,0.0261094587706409,0.7512500000000001,0.8748819478123838,0.0349039582378958,0.8179233873639247,0.6870578696665653,0.068293664684213,0.6842105263157895,0.6999261411103517,0.0321952411766471,0.6815625000000001,0.7329761904761904,0.1140744575240681,0.7258064516129032,0.7276661350345561,0.1972650804446976,0.703125,0.7025035139706457,0.0925227755489223,0.7142857142857143,0.6721861471861472,0.14704618377075,0.66,10.4,10.4,4.2708313008125245,4,10.0,16,elasticnet_then_mrmr_auto_k_smote,nested_cv_outputs_all_triple_concat_batch_smote_compare/ADC_Post2_T2/fs_method_comparison/elasticnet_then_mrmr_auto_k_smote,elasticnet_then_mrmr_auto_k,elasticnet_then_mrmr,auto,True,31,5,1.6774193548387095
ADC_Post2_T2,ADC,Post2,T2,LogisticRegression,0.8277925415006756,0.0442498718679467,0.7728125,0.8636204975274527,0.0789727911210154,0.8214586634083028,0.7528210919515268,0.1048268284874114,0.7456140350877193,0.7590928077770183,0.084598153627044,0.745,0.8040522875816993,0.0858400628062904,0.7868852459016393,0.7876661350345561,0.1612252330086897,0.75,0.7773261901437944,0.0827410338689726,0.768,0.7305194805194806,0.1724199546676712,0.74,10.4,10.4,4.2708313008125245,4,10.0,16,elasticnet_then_mrmr_auto_k_no_smote,nested_cv_outputs_all_triple_concat_batch_smote_compare/ADC_Post2_T2/fs_method_comparison/elasticnet_then_mrmr_auto_k_no_smote,elasticnet_then_mrmr_auto_k,elasticnet_then_mrmr,auto,False,31,5,1.6774193548387095
ADC_Post2_T2,ADC,Post2,T2,SVM_RBF,0.8267895864546583,0.0264404080105627,0.74875,0.8712584852183332,0.0358179994152928,0.81837431286892,0.7138976965063921,0.0967635076663555,0.7105263157894737,0.724850383534594,0.0624765543089087,0.700625,0.7397222222222222,0.1233646106486533,0.7246376811594203,0.8191812865497076,0.1845651093988258,0.78125,0.7501311970277488,0.0895161988258388,0.7518796992481203,0.6305194805194805,0.1802753547719836,0.62,10.4,10.4,4.2708313008125245,4,10.0,16,elasticnet_then_mrmr_auto_k_no_smote,nested_cv_outputs_all_triple_concat_batch_smote_compare/ADC_Post2_T2/fs_method_comparison/elasticnet_then_mrmr_auto_k_no_smote,elasticnet_then_mrmr_auto_k,elasticnet_then_mrmr,auto,False,31,5,1.6774193548387095
ADC_Post2_T2,ADC,Post2,T2,SVM_Linear,0.8233566008685627,0.0516540996434205,0.7503125,0.8400182985055862,0.1027423142038028,0.7804593370992692,0.7251531077618034,0.0944213843971391,0.7192982456140351,0.7274261411103516,0.0714489163333145,0.719375,0.7717460317460317,0.0795325217798361,0.7666666666666667,0.7409994683678894,0.208161725390349,0.71875,0.7337491660327147,0.10965491753054,0.7419354838709677,0.713852813852814,0.1569549160549191,0.72,10.4,10.4,4.2708313008125245,4,10.0,16,elasticnet_then_mrmr_auto_k_smote,nested_cv_outputs_all_triple_concat_batch_smote_compare/ADC_Post2_T2/fs_method_comparison/elasticnet_then_mrmr_auto_k_smote,elasticnet_then_mrmr_auto_k,elasticnet_then_mrmr,auto,True,31,5,1.6774193548387095
ADC_Post2_T2,ADC,Post2,T2,LogisticRegression,0.8137184674266014,0.0504822049277556,0.7634375,0.8282887834325807,0.1056587499901261,0.7822492423043439,0.7346392737697085,0.0910018229335597,0.7280701754385965,0.740759474443685,0.0697314331643281,0.7271875,0.7818300653594771,0.074654600735054,0.7704918032786885,0.7676661350345562,0.1646214480561039,0.734375,0.7562735585648471,0.0767554034248982,0.752,0.713852813852814,0.1569549160549191,0.72,10.4,10.4,4.2708313008125245,4,10.0,16,elasticnet_then_mrmr_auto_k_smote,nested_cv_outputs_all_triple_concat_batch_smote_compare/ADC_Post2_T2/fs_method_comparison/elasticnet_then_mrmr_auto_k_smote,elasticnet_then_mrmr_auto_k,elasticnet_then_mrmr,auto,True,31,5,1.6774193548387095
ADC_Post2_T2,ADC,Post2,T2,NaiveBayes,0.8003358027759943,0.0808235819215545,0.655625,0.847986665192219,0.099136197838264,0.7212208638764105,0.5921730443469574,0.1342988704488546,0.5964912280701754,0.5625548720285563,0.1218313586308406,0.5575,0.5996269939061701,0.1447435741028086,0.5957446808510638,0.8774906964380648,0.07731600631952,0.875,0.7008562720450199,0.0986260035435547,0.7088607594936709,0.2476190476190475,0.2709896200035342,0.24,10.4,10.4,4.2708313008125245,4,10.0,16,elasticnet_then_mrmr_auto_k_smote,nested_cv_outputs_all_triple_concat_batch_smote_compare/ADC_Post2_T2/fs_method_comparison/elasticnet_then_mrmr_auto_k_smote,elasticnet_then_mrmr_auto_k,elasticnet_then_mrmr,auto,True,31,5,1.6774193548387095
ADC_Post2_T2,ADC,Post2,T2,NaiveBayes,0.7887104584233771,0.0878390971232763,0.63625,0.8346367597734986,0.1072396091579102,0.7086374699006802,0.6012639534378665,0.125954139676559,0.6052631578947368,0.5716457811194654,0.1149332452671173,0.5653125,0.6043888986680749,0.1409461574818357,0.6,0.895672514619883,0.0919194077695698,0.890625,0.7091896053783531,0.0934911501266334,0.7169811320754716,0.2476190476190475,0.2709896200035342,0.24,10.4,10.4,4.2708313008125245,4,10.0,16,elasticnet_then_mrmr_auto_k_no_smote,nested_cv_outputs_all_triple_concat_batch_smote_compare/ADC_Post2_T2/fs_method_comparison/elasticnet_then_mrmr_auto_k_no_smote,elasticnet_then_mrmr_auto_k,elasticnet_then_mrmr,auto,False,31,5,1.6774193548387095
ADC_Post2_T2,ADC,Post2,T2,ExtraTrees,0.7873536458225453,0.0958130596375742,0.7303124999999999,0.841686361906339,0.0885187068977211,0.7977552193444282,0.7160621986708944,0.1001692771676949,0.7105263157894737,0.7190928077770182,0.0799711406094568,0.7115625,0.7590170940170939,0.0941471904865673,0.7627118644067796,0.7228176501860712,0.1963191328953503,0.703125,0.7233670644741425,0.1176145278982014,0.7317073170731707,0.7153679653679654,0.132544611590138,0.72,10.4,10.4,4.2708313008125245,4,10.0,16,elasticnet_then_mrmr_auto_k_no_smote,nested_cv_outputs_all_triple_concat_batch_smote_compare/ADC_Post2_T2/fs_method_comparison/elasticnet_then_mrmr_auto_k_no_smote,elasticnet_then_mrmr_auto_k,elasticnet_then_mrmr,auto,False,31,5,1.6774193548387095
ADC_Post2_T2,ADC,Post2,T2,KNN,0.7850183424585337,0.0816441955747381,0.706875,0.8052910511657456,0.072765242478797,0.7637666025538843,0.6732919254658386,0.0948239082202942,0.6666666666666666,0.6849553808764335,0.07210293112463,0.6637500000000001,0.7222370766488414,0.0825731962897834,0.7096774193548387,0.7310579479000531,0.1870240672638953,0.6875,0.6999308099308099,0.0938728961299844,0.6984126984126984,0.6388528138528138,0.1668049125860503,0.64,10.4,10.4,4.2708313008125245,4,10.0,16,elasticnet_then_mrmr_auto_k_no_smote,nested_cv_outputs_all_triple_concat_batch_smote_compare/ADC_Post2_T2/fs_method_comparison/elasticnet_then_mrmr_auto_k_no_smote,elasticnet_then_mrmr_auto_k,elasticnet_then_mrmr,auto,False,31,5,1.6774193548387095
ADC_Post2_T2,ADC,Post2,T2,ExtraTrees,0.7771016268863158,0.0854230145520639,0.7209375,0.8329181026254491,0.081792062346213,0.7882959830976017,0.7170278996365952,0.1108883385226997,0.7105263157894737,0.7220114680640995,0.0857236266030201,0.71375,0.7659673659673659,0.0729626484862688,0.7719298245614035,0.7104731525784157,0.2453999448976966,0.6875,0.7106493506493508,0.1454572768244889,0.7272727272727273,0.7335497835497835,0.1265602758376451,0.74,10.4,10.4,4.2708313008125245,4,10.0,16,elasticnet_then_mrmr_auto_k_smote,nested_cv_outputs_all_triple_concat_batch_smote_compare/ADC_Post2_T2/fs_method_comparison/elasticnet_then_mrmr_auto_k_smote,elasticnet_then_mrmr_auto_k,elasticnet_then_mrmr,auto,True,31,5,1.6774193548387095
ADC_Post2_T2,ADC,Post2,T2,LogisticRegression,0.7454970184874491,0.0642667015419769,0.6896875,0.8072871254937825,0.0948041440771956,0.7403624415696097,0.662231970927623,0.0645687995819173,0.6578947368421053,0.6962466772993089,0.0403318493477081,0.6646875,0.7558441558441559,0.1354415329133399,0.7358490566037735,0.6500691121743752,0.1504262405276037,0.609375,0.6712202729044834,0.052656318782937,0.6666666666666666,0.7424242424242424,0.1489941790174487,0.72,13.2,13.2,2.993325909419153,10,14.0,18,mrmr_then_elasticnet_no_corr_auto_k_no_smote,nested_cv_outputs_all_triple_concat_batch_smote_compare/ADC_Post2_T2/fs_method_comparison/mrmr_then_elasticnet_no_corr_auto_k_no_smote,mrmr_then_elasticnet_no_corr_auto_k,mrmr_then_elasticnet_no_corr,auto,False,54,3,1.2222222222222223
ADC_Post2_T2,ADC,Post2,T2,KNN,0.7438009394468724,0.0945191277007571,0.7278125000000001,0.80743831080054,0.08585507612375,0.7827198177041875,0.674120082815735,0.1047405277458061,0.6666666666666666,0.6854351788562314,0.0748546980121463,0.676875,0.7773809523809525,0.0653787153225999,0.76,0.6221690590111641,0.1819876654878549,0.59375,0.6678112087746977,0.0932968962526575,0.6666666666666666,0.7487012987012986,0.1559529442326348,0.76,10.4,10.4,4.2708313008125245,4,10.0,16,elasticnet_then_mrmr_auto_k_smote,nested_cv_outputs_all_triple_concat_batch_smote_compare/ADC_Post2_T2/fs_method_comparison/elasticnet_then_mrmr_auto_k_smote,elasticnet_then_mrmr_auto_k,elasticnet_then_mrmr,auto,True,31,5,1.6774193548387095
ADC_Post2_T2,ADC,Post2,T2,GradientBoosting,0.7421449859727371,0.1374378350129468,0.6465624999999999,0.8257022016782087,0.0942614267597465,0.7263553175357059,0.6140801227757751,0.0719474952575542,0.6140350877192983,0.6412573099415205,0.0906156532145697,0.599375,0.6828571428571428,0.1775520108398887,0.6388888888888888,0.7658479532163742,0.1823892514968785,0.71875,0.6786236751753993,0.0284731773440124,0.6764705882352942,0.5166666666666667,0.3265986323710904,0.48,10.4,10.4,4.2708313008125245,4,10.0,16,elasticnet_then_mrmr_auto_k_no_smote,nested_cv_outputs_all_triple_concat_batch_smote_compare/ADC_Post2_T2/fs_method_comparison/elasticnet_then_mrmr_auto_k_no_smote,elasticnet_then_mrmr_auto_k,elasticnet_then_mrmr,auto,False,31,5,1.6774193548387095
ADC_Post2_T2,ADC,Post2,T2,LogisticRegression,0.7385543634108227,0.0737015232007145,0.6896875,0.8029564521658792,0.0970301982364038,0.744059081639758,0.6531410618367139,0.0643707656204554,0.6491228070175439,0.6845800106326422,0.0497233735325427,0.6590625,0.7535714285714287,0.1375069571523787,0.74,0.6100691121743753,0.1582200455480231,0.578125,0.6489980506822611,0.0703589301311789,0.6491228070175439,0.759090909090909,0.14417046842867,0.74,13.2,13.2,2.993325909419153,10,14.0,18,mrmr_then_elasticnet_no_corr_auto_k_smote,nested_cv_outputs_all_triple_concat_batch_smote_compare/ADC_Post2_T2/fs_method_comparison/mrmr_then_elasticnet_no_corr_auto_k_smote,mrmr_then_elasticnet_no_corr_auto_k,mrmr_then_elasticnet_no_corr,auto,True,54,3,1.2222222222222223
ADC_Post2_T2,ADC,Post2,T2,GradientBoosting,0.734883305601009,0.1310403412441933,0.6739062499999999,0.8216309497953628,0.0693849663716579,0.7408513848273542,0.6798433450607363,0.085281306564345,0.6754385964912281,0.7017118553960661,0.0888577125940916,0.6825,0.7627039627039627,0.1208295918396066,0.7547169811320755,0.6579691653375864,0.1405764526879041,0.625,0.6889131920710868,0.0653318724524879,0.6837606837606838,0.7454545454545455,0.1583750126380395,0.74,10.4,10.4,4.2708313008125245,4,10.0,16,elasticnet_then_mrmr_auto_k_smote,nested_cv_outputs_all_triple_concat_batch_smote_compare/ADC_Post2_T2/fs_method_comparison/elasticnet_then_mrmr_auto_k_smote,elasticnet_then_mrmr_auto_k,elasticnet_then_mrmr,auto,True,31,5,1.6774193548387095
ADC_Post2_T2,ADC,Post2,T2,SVM_RBF,0.7323711482563157,0.0921813562462838,0.686875,0.8332369445576135,0.0583757441470231,0.7810888313719822,0.6149082801256714,0.1056138363646681,0.6140350877192983,0.6455249867091972,0.1141845175103685,0.6168750000000001,0.6954545454545454,0.1934059899572179,0.6785714285714286,0.620595427963849,0.1466202638835867,0.59375,0.6324125150212107,0.1056105775005801,0.6333333333333333,0.6704545454545454,0.1928175412768733,0.64,13.2,13.2,2.993325909419153,10,14.0,18,mrmr_then_elasticnet_no_corr_auto_k_smote,nested_cv_outputs_all_triple_concat_batch_smote_compare/ADC_Post2_T2/fs_method_comparison/mrmr_then_elasticnet_no_corr_auto_k_smote,mrmr_then_elasticnet_no_corr_auto_k,mrmr_then_elasticnet_no_corr,auto,True,54,3,1.2222222222222223
ADC_Post2_T2,ADC,Post2,T2,RandomForest,0.7287257744913246,0.1289538686675674,0.68875,0.7938919486648979,0.0856190133775605,0.7588351069344033,0.65353631875371,0.0789246478640751,0.6491228070175439,0.6707594744436849,0.0783055691265316,0.6503125000000001,0.7102564102564102,0.1007010273528909,0.7068965517241379,0.6761509835194046,0.1536365276384999,0.640625,0.6750903119868636,0.0675058126105388,0.6721311475409836,0.6653679653679653,0.1139901727661905,0.66,10.4,10.4,4.2708313008125245,4,10.0,16,elasticnet_then_mrmr_auto_k_smote,nested_cv_outputs_all_triple_concat_batch_smote_compare/ADC_Post2_T2/fs_method_comparison/elasticnet_then_mrmr_auto_k_smote,elasticnet_then_mrmr_auto_k,elasticnet_then_mrmr,auto,True,31,5,1.6774193548387095
ADC_Post2_T2,ADC,Post2,T2,SVM_Linear,0.7278238180391291,0.0851942373453216,0.64953125,0.7920695615575559,0.1018216878909619,0.7527066028843098,0.6359249446205968,0.0608068117906232,0.631578947368421,0.675983519404572,0.0286095586437115,0.6346875000000001,0.7301298701298702,0.1544710068420558,0.6964285714285714,0.6595427963849015,0.1786363761157116,0.609375,0.6530256410256409,0.0635182393680184,0.65,0.6924242424242424,0.1773180465251853,0.66,13.2,13.2,2.993325909419153,10,14.0,18,mrmr_then_elasticnet_no_corr_auto_k_smote,nested_cv_outputs_all_triple_concat_batch_smote_compare/ADC_Post2_T2/fs_method_comparison/mrmr_then_elasticnet_no_corr_auto_k_smote,mrmr_then_elasticnet_no_corr_auto_k,mrmr_then_elasticnet_no_corr,auto,True,54,3,1.2222222222222223
ADC_Post2_T2,ADC,Post2,T2,RandomForest,0.7274622966967464,0.1222647619806421,0.6878125,0.7842494061862466,0.0858597666801057,0.7617185616017861,0.6980251632425546,0.0930968718305501,0.6929824561403509,0.7117802080959975,0.0917123427745722,0.69375,0.7485914085914086,0.0811423911444018,0.7457627118644068,0.7248591174906964,0.1526265684500638,0.6875,0.7219047619047618,0.0662983020341223,0.7154471544715447,0.6987012987012987,0.1214372522766911,0.7,10.4,10.4,4.2708313008125245,4,10.0,16,elasticnet_then_mrmr_auto_k_no_smote,nested_cv_outputs_all_triple_concat_batch_smote_compare/ADC_Post2_T2/fs_method_comparison/elasticnet_then_mrmr_auto_k_no_smote,elasticnet_then_mrmr_auto_k,elasticnet_then_mrmr,auto,False,31,5,1.6774193548387095
ADC_Post2_T2,ADC,Post2,T2,SVM_Linear,0.7259719661872771,0.0810277657937922,0.6587499999999998,0.7737811605145783,0.1281301325682692,0.7218668513926163,0.6169149690888821,0.0467502335321019,0.6140350877192983,0.6555037214247741,0.029355192524037,0.6059375,0.6940142210730447,0.173346306523751,0.6515151515151515,0.7284316852737904,0.1983228984792029,0.671875,0.6614747571269309,0.0633513548349962,0.6615384615384615,0.5825757575757576,0.2286373175070971,0.54,13.2,13.2,2.993325909419153,10,14.0,18,mrmr_then_elasticnet_no_corr_auto_k_no_smote,nested_cv_outputs_all_triple_concat_batch_smote_compare/ADC_Post2_T2/fs_method_comparison/mrmr_then_elasticnet_no_corr_auto_k_no_smote,mrmr_then_elasticnet_no_corr_auto_k,mrmr_then_elasticnet_no_corr,auto,False,54,3,1.2222222222222223
ADC_Post2_T2,ADC,Post2,T2,SVM_RBF,0.7192335406928708,0.0791231578387398,0.6575,0.8146318447132792,0.0653197364825408,0.7563838730219706,0.6431843518800041,0.0514758644617399,0.6403508771929824,0.6806153641679957,0.0409853870396197,0.6359375,0.7152472527472528,0.1592693569151568,0.6825396825396826,0.725624667729931,0.1866410838278234,0.671875,0.679443825095999,0.0512108500866526,0.6771653543307087,0.6356060606060605,0.199609352186357,0.6,13.2,13.2,2.993325909419153,10,14.0,18,mrmr_then_elasticnet_no_corr_auto_k_no_smote,nested_cv_outputs_all_triple_concat_batch_smote_compare/ADC_Post2_T2/fs_method_comparison/mrmr_then_elasticnet_no_corr_auto_k_no_smote,mrmr_then_elasticnet_no_corr_auto_k,mrmr_then_elasticnet_no_corr,auto,False,54,3,1.2222222222222223
ADC_Post2_T2,ADC,Post2,T2,ExtraTrees,0.7142813300468803,0.1194522184602248,0.5953125,0.805111880337348,0.1146017012527163,0.6794452357878725,0.6163068815242727,0.0945430669159678,0.6140350877192983,0.6485951621477938,0.0971252321630031,0.6190625000000001,0.703030303030303,0.1827878185033258,0.6851851851851852,0.6100691121743753,0.1582200455480231,0.578125,0.626688609297305,0.0998492114160995,0.6271186440677966,0.6871212121212121,0.1727139814131268,0.66,13.2,13.2,2.993325909419153,10,14.0,18,mrmr_then_elasticnet_no_corr_auto_k_no_smote,nested_cv_outputs_all_triple_concat_batch_smote_compare/ADC_Post2_T2/fs_method_comparison/mrmr_then_elasticnet_no_corr_auto_k_no_smote,mrmr_then_elasticnet_no_corr_auto_k,mrmr_then_elasticnet_no_corr,auto,False,54,3,1.2222222222222223
ADC_Post2_T2,ADC,Post2,T2,XGBoost,0.6995601952539751,0.1245794256461276,0.6365625,0.7919019705352969,0.0934206952025537,0.7007173067692124,0.5875979093370398,0.0673044092151344,0.5877192982456141,0.6002650565808461,0.0947707919896425,0.569375,0.6290404040404041,0.1511893804212721,0.6133333333333333,0.7563742690058479,0.167967876341413,0.71875,0.6594230626622173,0.063298423895675,0.6618705035971223,0.4441558441558442,0.2134363770508521,0.42,10.4,10.4,4.2708313008125245,4,10.0,16,elasticnet_then_mrmr_auto_k_no_smote,nested_cv_outputs_all_triple_concat_batch_smote_compare/ADC_Post2_T2/fs_method_comparison/elasticnet_then_mrmr_auto_k_no_smote,elasticnet_then_mrmr_auto_k,elasticnet_then_mrmr,auto,False,31,5,1.6774193548387095
ADC_Post2_T2,ADC,Post2,T2,ExtraTrees,0.6948644338118022,0.1165776335543912,0.5962500000000001,0.7815243613318724,0.1288628449217606,0.6782727623865323,0.6258306910480824,0.10129381667196,0.6228070175438597,0.656928495481127,0.10121147031813,0.6290625000000001,0.7136363636363636,0.1769811121266526,0.6981132075471698,0.6100691121743753,0.1582200455480231,0.578125,0.6333552759639716,0.1033473926285493,0.6324786324786325,0.7037878787878789,0.1657758562851933,0.68,13.2,13.2,2.993325909419153,10,14.0,18,mrmr_then_elasticnet_no_corr_auto_k_smote,nested_cv_outputs_all_triple_concat_batch_smote_compare/ADC_Post2_T2/fs_method_comparison/mrmr_then_elasticnet_no_corr_auto_k_smote,mrmr_then_elasticnet_no_corr_auto_k,mrmr_then_elasticnet_no_corr,auto,True,54,3,1.2222222222222223
ADC_Post2_T2,ADC,Post2,T2,KNN,0.6874375562413839,0.1008771851105791,0.61921875,0.7343939245309214,0.1227422008636182,0.6670789931442287,0.602762454936368,0.0827658575741815,0.6052631578947368,0.6367729930887827,0.0999639357114492,0.6003125,0.6779220779220779,0.2090304018283323,0.6507936507936508,0.6644550770866561,0.1130179827517563,0.640625,0.6421317033790797,0.080198469085556,0.6456692913385826,0.6090909090909091,0.2407422711919519,0.56,13.2,13.2,2.993325909419153,10,14.0,18,mrmr_then_elasticnet_no_corr_auto_k_no_smote,nested_cv_outputs_all_triple_concat_batch_smote_compare/ADC_Post2_T2/fs_method_comparison/mrmr_then_elasticnet_no_corr_auto_k_no_smote,mrmr_then_elasticnet_no_corr_auto_k,mrmr_then_elasticnet_no_corr,auto,False,54,3,1.2222222222222223
ADC_Post2_T2,ADC,Post2,T2,LightGBM,0.6843673577884104,0.1732810998317007,0.6281249999999999,0.7955204250389335,0.0953095632608441,0.7257477949378486,0.6190664408055712,0.1011917539045154,0.6140350877192983,0.635990734411787,0.1032674266292047,0.608125,0.6767965367965367,0.11453335118132,0.65625,0.7066135034556087,0.1950564215397259,0.65625,0.6594026284348865,0.0893580455605877,0.65625,0.5653679653679653,0.2107147026056615,0.56,10.4,10.4,4.2708313008125245,4,10.0,16,elasticnet_then_mrmr_auto_k_smote,nested_cv_outputs_all_triple_concat_batch_smote_compare/ADC_Post2_T2/fs_method_comparison/elasticnet_then_mrmr_auto_k_smote,elasticnet_then_mrmr_auto_k,elasticnet_then_mrmr,auto,True,31,5,1.6774193548387095
ADC_Post2_T2,ADC,Post2,T2,LightGBM,0.6792824174761973,0.0975725711716732,0.61078125,0.7759284924052394,0.0859087287729868,0.7224426095843357,0.5458686241294937,0.0589564821723011,0.543859649122807,0.5659402293612821,0.0752139098604647,0.5346875,0.616025641025641,0.1384959596341243,0.5909090909090909,0.6528761297182349,0.1605351222948404,0.609375,0.6005710392666914,0.0556986599459547,0.6,0.479004329004329,0.2086580086580086,0.46,10.4,10.4,4.2708313008125245,4,10.0,16,elasticnet_then_mrmr_auto_k_no_smote,nested_cv_outputs_all_triple_concat_batch_smote_compare/ADC_Post2_T2/fs_method_comparison/elasticnet_then_mrmr_auto_k_no_smote,elasticnet_then_mrmr_auto_k,elasticnet_then_mrmr,auto,False,31,5,1.6774193548387095
ADC_Post2_T2,ADC,Post2,T2,ExtraTrees,0.6787903643406035,0.0894096422472303,0.5765625,0.7873229403471698,0.0925149719487011,0.7160845604957033,0.5483835005574136,0.0992766368548692,0.543859649122807,0.5763987620566569,0.0810777391918678,0.5478125,0.6248717948717949,0.1575152226449606,0.6111111111111112,0.5487931951089846,0.1885330826714611,0.515625,0.5528571428571428,0.1316595623675386,0.559322033898305,0.6040043290043291,0.1400728940922428,0.58,12.8,12.8,4.1182520563948,6,12.0,18,corr_mrmr_auto_k_no_smote,nested_cv_outputs_all_triple_concat_batch_smote_compare/ADC_Post2_T2/fs_method_comparison/corr_mrmr_auto_k_no_smote,corr_mrmr_auto_k,corr_mrmr,auto,False,48,3,1.3333333333333333
ADC_Post2_T2,ADC,Post2,T2,GradientBoosting,0.6776148359880416,0.1186026395368333,0.62515625,0.7675535953469377,0.1176750625783927,0.6606435193411879,0.6147330929939626,0.1057299159315194,0.6140350877192983,0.6364194577352472,0.1196111896404106,0.6212500000000001,0.696969696969697,0.1766955119650091,0.6923076923076923,0.5773843700159489,0.1012843508274295,0.5625,0.6196493162010404,0.0957769740501848,0.6206896551724138,0.6954545454545455,0.1860862680950792,0.68,13.2,13.2,2.993325909419153,10,14.0,18,mrmr_then_elasticnet_no_corr_auto_k_smote,nested_cv_outputs_all_triple_concat_batch_smote_compare/ADC_Post2_T2/fs_method_comparison/mrmr_then_elasticnet_no_corr_auto_k_smote,mrmr_then_elasticnet_no_corr_auto_k,mrmr_then_elasticnet_no_corr,auto,True,54,3,1.2222222222222223
ADC_Post2_T2,ADC,Post2,T2,XGBoost,0.6699394146523334,0.1355410705482997,0.6287499999999999,0.760280036471601,0.1011330582361624,0.6698811613243667,0.6260507608333695,0.1154421116776146,0.6228070175438597,0.6360226323384218,0.1365295763949429,0.6159375,0.6679399032340209,0.1287699874070066,0.6615384615384615,0.7097076023391813,0.1965460797847303,0.671875,0.6674876847290641,0.0954162876336275,0.6666666666666666,0.5623376623376624,0.2036710276913448,0.56,10.4,10.4,4.2708313008125245,4,10.0,16,elasticnet_then_mrmr_auto_k_smote,nested_cv_outputs_all_triple_concat_batch_smote_compare/ADC_Post2_T2/fs_method_comparison/elasticnet_then_mrmr_auto_k_smote,elasticnet_then_mrmr_auto_k,elasticnet_then_mrmr,auto,True,31,5,1.6774193548387095
ADC_Post2_T2,ADC,Post2,T2,KNN,0.6669633334944339,0.1093686915009344,0.58765625,0.7458656063902396,0.1108259341561947,0.6712571592525697,0.57479042696434,0.1285724243800344,0.5701754385964912,0.6083863066757804,0.114549483177677,0.5734375,0.6634920634920635,0.1718652580326207,0.6363636363636364,0.5867942583732058,0.1651640759264209,0.546875,0.5930296756383713,0.1204668505926098,0.5882352941176471,0.6299783549783551,0.1905267298162143,0.6,13.2,13.2,2.993325909419153,10,14.0,18,mrmr_then_elasticnet_no_corr_auto_k_smote,nested_cv_outputs_all_triple_concat_batch_smote_compare/ADC_Post2_T2/fs_method_comparison/mrmr_then_elasticnet_no_corr_auto_k_smote,mrmr_then_elasticnet_no_corr_auto_k,mrmr_then_elasticnet_no_corr,auto,True,54,3,1.2222222222222223
ADC_Post2_T2,ADC,Post2,T2,LightGBM,0.6628745820013762,0.0908966076827918,0.59140625,0.7236383339881819,0.1260846685161176,0.6519870571781672,0.5429338777164865,0.0993802475849878,0.543859649122807,0.5607522594364699,0.1394713401258618,0.5434375,0.6117216117216118,0.2169166316233107,0.603448275862069,0.5624136097820308,0.1738618559924863,0.546875,0.5626802115005382,0.1294185784552479,0.5737704918032787,0.5590909090909091,0.2437652305053076,0.54,13.2,13.2,2.993325909419153,10,14.0,18,mrmr_then_elasticnet_no_corr_auto_k_no_smote,nested_cv_outputs_all_triple_concat_batch_smote_compare/ADC_Post2_T2/fs_method_comparison/mrmr_then_elasticnet_no_corr_auto_k_no_smote,mrmr_then_elasticnet_no_corr_auto_k,mrmr_then_elasticnet_no_corr,auto,False,54,3,1.2222222222222223
ADC_Post2_T2,ADC,Post2,T2,NaiveBayes,0.6602558853515792,0.0862673270828261,0.5924999999999999,0.7324644415997895,0.1362159726526352,0.6369077726543773,0.6198033850207763,0.0801452553633424,0.6228070175438597,0.5981683375104427,0.0999412470680899,0.600625,0.6406015037593985,0.1263496307156356,0.6329113924050633,0.7784795321637427,0.142426369333692,0.78125,0.6854901960784313,0.0688411239450719,0.6993006993006993,0.4178571428571428,0.305059378629466,0.42,13.2,13.2,2.993325909419153,10,14.0,18,mrmr_then_elasticnet_no_corr_auto_k_no_smote,nested_cv_outputs_all_triple_concat_batch_smote_compare/ADC_Post2_T2/fs_method_comparison/mrmr_then_elasticnet_no_corr_auto_k_no_smote,mrmr_then_elasticnet_no_corr_auto_k,mrmr_then_elasticnet_no_corr,auto,False,54,3,1.2222222222222223
ADC_Post2_T2,ADC,Post2,T2,ExtraTrees,0.6587988681529351,0.1168934371433368,0.5759375,0.7766337768983517,0.108333828600792,0.7119021373683159,0.5582649234823147,0.1059228078081246,0.5526315789473685,0.5947826004404952,0.0866825546826958,0.555625,0.643073593073593,0.1415895487221446,0.6181818181818182,0.5825305688463583,0.212619980448356,0.53125,0.5722468835512313,0.1231594174794673,0.5714285714285714,0.607034632034632,0.1492872693172303,0.58,12.8,12.8,4.1182520563948,6,12.0,18,corr_mrmr_auto_k_smote,nested_cv_outputs_all_triple_concat_batch_smote_compare/ADC_Post2_T2/fs_method_comparison/corr_mrmr_auto_k_smote,corr_mrmr_auto_k,corr_mrmr,auto,True,48,3,1.3333333333333333
ADC_Post2_T2,ADC,Post2,T2,NaiveBayes,0.6567734188547586,0.0913852567667098,0.6006250000000001,0.7285097407305093,0.1385320487865604,0.6428810895948127,0.5834021051412355,0.0932205836339143,0.5877192982456141,0.5612996506417559,0.1082834048745614,0.569375,0.6144383394383395,0.137577785653436,0.6133333333333333,0.704742158426369,0.1492539190362519,0.71875,0.640072463768116,0.0970732167479159,0.6618705035971223,0.4178571428571428,0.305059378629466,0.42,13.2,13.2,2.993325909419153,10,14.0,18,mrmr_then_elasticnet_no_corr_auto_k_smote,nested_cv_outputs_all_triple_concat_batch_smote_compare/ADC_Post2_T2/fs_method_comparison/mrmr_then_elasticnet_no_corr_auto_k_smote,mrmr_then_elasticnet_no_corr_auto_k,mrmr_then_elasticnet_no_corr,auto,True,54,3,1.2222222222222223
ADC_Post2_T2,ADC,Post2,T2,LightGBM,0.6547395175265989,0.1056501497167782,0.61140625,0.722286558286491,0.1534619597400208,0.7055639062782182,0.5497980280588977,0.0934917705481066,0.5526315789473685,0.5583817498291183,0.1167404881382201,0.55125,0.5961538461538461,0.1906768455649047,0.6101694915254238,0.561244019138756,0.1469832092656438,0.5625,0.5669981405125718,0.1367013119487625,0.5853658536585366,0.5555194805194805,0.1611397359591219,0.54,13.2,13.2,2.993325909419153,10,14.0,18,mrmr_then_elasticnet_no_corr_auto_k_smote,nested_cv_outputs_all_triple_concat_batch_smote_compare/ADC_Post2_T2/fs_method_comparison/mrmr_then_elasticnet_no_corr_auto_k_smote,mrmr_then_elasticnet_no_corr_auto_k,mrmr_then_elasticnet_no_corr,auto,True,54,3,1.2222222222222223
ADC_Post2_T2,ADC,Post2,T2,RandomForest,0.6500994451233686,0.1458759011749655,0.5809375,0.7279181921425575,0.1722877128105779,0.6147945351866596,0.5607204389813086,0.0596458533679021,0.5614035087719298,0.5751387939545834,0.0873913294814223,0.5546875,0.6159965034965035,0.1554636246165115,0.609375,0.6311217437533226,0.1372874624361761,0.609375,0.6034632034632035,0.0725208366800759,0.609375,0.5191558441558441,0.1788498419925845,0.5,13.2,13.2,2.993325909419153,10,14.0,18,mrmr_then_elasticnet_no_corr_auto_k_no_smote,nested_cv_outputs_all_triple_concat_batch_smote_compare/ADC_Post2_T2/fs_method_comparison/mrmr_then_elasticnet_no_corr_auto_k_no_smote,mrmr_then_elasticnet_no_corr_auto_k,mrmr_then_elasticnet_no_corr,auto,False,54,3,1.2222222222222223
ADC_Post2_T2,ADC,Post2,T2,KNN,0.6462534607869536,0.0397990667684031,0.5778125000000001,0.7348996925761121,0.0896133896498525,0.6615027199386478,0.5534784056523187,0.1250822403553698,0.5526315789473685,0.5866619199513936,0.0986974808095928,0.546875,0.6497191697191698,0.1681748308904896,0.6031746031746031,0.6375013290802765,0.1649191345346255,0.59375,0.6019454619454621,0.0990856359186086,0.5984251968503937,0.5358225108225108,0.2798091890676372,0.5,12.8,12.8,4.1182520563948,6,12.0,18,corr_mrmr_auto_k_no_smote,nested_cv_outputs_all_triple_concat_batch_smote_compare/ADC_Post2_T2/fs_method_comparison/corr_mrmr_auto_k_no_smote,corr_mrmr_auto_k,corr_mrmr,auto,False,48,3,1.3333333333333333
ADC_Post2_T2,ADC,Post2,T2,XGBoost,0.6438446207345729,0.1294885022474542,0.6025,0.7179828963581151,0.1648626324695626,0.6745797009929966,0.5932762889284628,0.1004067993488307,0.5964912280701754,0.6211595276068961,0.1144931542224688,0.5903125,0.6602564102564102,0.2137821954406925,0.640625,0.6549813928761298,0.1220956097000471,0.640625,0.6330926745064194,0.1066270337219538,0.640625,0.5873376623376624,0.2310086673784458,0.54,13.2,13.2,2.993325909419153,10,14.0,18,mrmr_then_elasticnet_no_corr_auto_k_no_smote,nested_cv_outputs_all_triple_concat_batch_smote_compare/ADC_Post2_T2/fs_method_comparison/mrmr_then_elasticnet_no_corr_auto_k_no_smote,mrmr_then_elasticnet_no_corr_auto_k,mrmr_then_elasticnet_no_corr,auto,False,54,3,1.2222222222222223
ADC_Post2_T2,ADC,Post2,T2,RandomForest,0.642757329503741,0.1290769690312476,0.5774999999999999,0.7401817308146238,0.1425627001828425,0.6237499692696142,0.6062126279517583,0.0858035639320234,0.6052631578947368,0.6290781878939773,0.0892279509063006,0.606875,0.6678554778554779,0.1499805809683415,0.6666666666666666,0.6177884104199893,0.1488846849001221,0.59375,0.6239047619047619,0.0953525027109547,0.628099173553719,0.6403679653679654,0.1184902339158887,0.62,13.2,13.2,2.993325909419153,10,14.0,18,mrmr_then_elasticnet_no_corr_auto_k_smote,nested_cv_outputs_all_triple_concat_batch_smote_compare/ADC_Post2_T2/fs_method_comparison/mrmr_then_elasticnet_no_corr_auto_k_smote,mrmr_then_elasticnet_no_corr_auto_k,mrmr_then_elasticnet_no_corr,auto,True,54,3,1.2222222222222223
ADC_Post2_T2,ADC,Post2,T2,XGBoost,0.6407738469221722,0.1156752701850129,0.5850000000000001,0.7322370606544009,0.1500790581549552,0.6631316016973402,0.5941044462783593,0.093358603835505,0.5964912280701754,0.6200484164957849,0.1080130299888902,0.596875,0.6702020202020201,0.2043014318332065,0.6551724137931034,0.601244019138756,0.0842884468650809,0.59375,0.6155586722767648,0.0969581870494298,0.6229508196721312,0.6388528138528139,0.2042370381486394,0.6,13.2,13.2,2.993325909419153,10,14.0,18,mrmr_then_elasticnet_no_corr_auto_k_smote,nested_cv_outputs_all_triple_concat_batch_smote_compare/ADC_Post2_T2/fs_method_comparison/mrmr_then_elasticnet_no_corr_auto_k_smote,mrmr_then_elasticnet_no_corr_auto_k,mrmr_then_elasticnet_no_corr,auto,True,54,3,1.2222222222222223
ADC_Post2_T2,ADC,Post2,T2,LightGBM,0.639866367019477,0.1196696604720514,0.54734375,0.72270608296084,0.130062700753049,0.6322592496041922,0.5604916822308127,0.1220378627726298,0.5526315789473685,0.5968753322700692,0.0982558853181028,0.56,0.6825574425574426,0.1784106438919334,0.6274509803921569,0.5566294524189261,0.2369941543150564,0.5,0.5527093596059114,0.1626807095147367,0.5565217391304348,0.6371212121212121,0.2145745571769755,0.62,12.8,12.8,4.1182520563948,6,12.0,18,corr_mrmr_auto_k_no_smote,nested_cv_outputs_all_triple_concat_batch_smote_compare/ADC_Post2_T2/fs_method_comparison/corr_mrmr_auto_k_no_smote,corr_mrmr_auto_k,corr_mrmr,auto,False,48,3,1.3333333333333333
ADC_Post2_T2,ADC,Post2,T2,RandomForest,0.6385681260083175,0.1302517811409115,0.5568749999999999,0.7537428801633358,0.12995552311538,0.6347444452301088,0.5551101072840203,0.1114935965367868,0.5526315789473685,0.5882456140350877,0.1175158385034501,0.546875,0.6435897435897436,0.2119754615945244,0.6031746031746031,0.637097288676236,0.2293445752401493,0.59375,0.5916231884057972,0.1290145025218234,0.5984251968503937,0.5393939393939394,0.240255450217149,0.5,12.8,12.8,4.1182520563948,6,12.0,18,corr_mrmr_auto_k_no_smote,nested_cv_outputs_all_triple_concat_batch_smote_compare/ADC_Post2_T2/fs_method_comparison/corr_mrmr_auto_k_no_smote,corr_mrmr_auto_k,corr_mrmr,auto,False,48,3,1.3333333333333333
ADC_Post2_T2,ADC,Post2,T2,GradientBoosting,0.6333178043823977,0.1527931303343134,0.58828125,0.7458452738936014,0.1668755275177413,0.6848588439246311,0.5141713359104664,0.1037438240910929,0.5087719298245614,0.5397288676236045,0.0941243058946679,0.5165625,0.628030303030303,0.2154553978587749,0.58,0.4855183413078149,0.2145404464271561,0.453125,0.4940083346195401,0.1643616450561366,0.5087719298245614,0.593939393939394,0.2424526498507513,0.58,12.8,12.8,4.1182520563948,6,12.0,18,corr_mrmr_auto_k_smote,nested_cv_outputs_all_triple_concat_batch_smote_compare/ADC_Post2_T2/fs_method_comparison/corr_mrmr_auto_k_smote,corr_mrmr_auto_k,corr_mrmr,auto,True,48,3,1.3333333333333333
ADC_Post2_T2,ADC,Post2,T2,LogisticRegression,0.6320754135108203,0.1095502456102443,0.5825,0.6981498949777529,0.1388206605271602,0.6537271223137392,0.565129073824726,0.0575985547897017,0.5614035087719298,0.6003309409888358,0.0324448908553688,0.5678125,0.6733766233766234,0.1840493894863052,0.6346153846153846,0.5514194577352471,0.1626684050430886,0.515625,0.5646666666666667,0.0931808277848327,0.5689655172413793,0.6492424242424243,0.1845066387003945,0.62,12.8,12.8,4.1182520563948,6,12.0,18,corr_mrmr_auto_k_no_smote,nested_cv_outputs_all_triple_concat_batch_smote_compare/ADC_Post2_T2/fs_method_comparison/corr_mrmr_auto_k_no_smote,corr_mrmr_auto_k,corr_mrmr,auto,False,48,3,1.3333333333333333
ADC_Post2_T2,ADC,Post2,T2,GradientBoosting,0.6302200807344348,0.1085209731029729,0.58109375,0.725216924361442,0.1224631135804844,0.6770981603944752,0.5256801169844649,0.0711786968967258,0.5263157894736842,0.53820896939318,0.1123360323368977,0.5146875,0.5925,0.1570650962004112,0.5735294117647058,0.640595427963849,0.1351801933078165,0.609375,0.5898955067920585,0.0491109584399319,0.5909090909090909,0.4358225108225108,0.2424685913361239,0.42,13.2,13.2,2.993325909419153,10,14.0,18,mrmr_then_elasticnet_no_corr_auto_k_no_smote,nested_cv_outputs_all_triple_concat_batch_smote_compare/ADC_Post2_T2/fs_method_comparison/mrmr_then_elasticnet_no_corr_auto_k_no_smote,mrmr_then_elasticnet_no_corr_auto_k,mrmr_then_elasticnet_no_corr,auto,False,54,3,1.2222222222222223
ADC_Post2_T2,ADC,Post2,T2,GradientBoosting,0.6251593630540999,0.1457127062305127,0.51453125,0.728501503730271,0.1579547038730192,0.6264934119193681,0.4977833760442456,0.0986099141565517,0.4912280701754385,0.5384303561935141,0.086996354353236,0.4746875,0.627722816399287,0.1914697651310975,0.5416666666666666,0.6958001063264221,0.3144457922849483,0.609375,0.5547619047619048,0.1830935351954991,0.5735294117647058,0.381060606060606,0.3450888548224665,0.34,12.8,12.8,4.1182520563948,6,12.0,18,corr_mrmr_auto_k_no_smote,nested_cv_outputs_all_triple_concat_batch_smote_compare/ADC_Post2_T2/fs_method_comparison/corr_mrmr_auto_k_no_smote,corr_mrmr_auto_k,corr_mrmr,auto,False,48,3,1.3333333333333333
ADC_Post2_T2,ADC,Post2,T2,LogisticRegression,0.6242461180499458,0.1370300148297834,0.5675,0.6935909217872008,0.1613541117038817,0.6436664290923035,0.5374234461190983,0.0874677175805489,0.5350877192982456,0.5744218500797448,0.0851098984709274,0.54,0.6458041958041958,0.2182266405456622,0.6037735849056604,0.5314194577352471,0.1735447732104664,0.5,0.5404761904761904,0.1213118019319713,0.5470085470085471,0.6174242424242424,0.2028266730991698,0.58,12.8,12.8,4.1182520563948,6,12.0,18,corr_mrmr_auto_k_smote,nested_cv_outputs_all_triple_concat_batch_smote_compare/ADC_Post2_T2/fs_method_comparison/corr_mrmr_auto_k_smote,corr_mrmr_auto_k,corr_mrmr,auto,True,48,3,1.3333333333333333
ADC_Post2_T2,ADC,Post2,T2,SVM_Linear,0.6081917949142829,0.1177014853395128,0.5103125,0.6732701875782736,0.1481135863810811,0.5952936623409001,0.492068800764453,0.088372338878653,0.4912280701754385,0.5325677830940989,0.0601153400046045,0.4659375,0.6143692564745197,0.2129776003222535,0.5375,0.7439234449760764,0.277004386501823,0.671875,0.5832956249148153,0.1332392266498225,0.5972222222222222,0.3212121212121211,0.3543835424129479,0.26,12.8,12.8,4.1182520563948,6,12.0,18,corr_mrmr_auto_k_no_smote,nested_cv_outputs_all_triple_concat_batch_smote_compare/ADC_Post2_T2/fs_method_comparison/corr_mrmr_auto_k_no_smote,corr_mrmr_auto_k,corr_mrmr,auto,False,48,3,1.3333333333333333
ADC_Post2_T2,ADC,Post2,T2,RandomForest,0.6042384542623778,0.1351962220869881,0.5281250000000001,0.7278232254090714,0.1614744901390494,0.581473871760313,0.5655619742576264,0.0897118801520997,0.5614035087719298,0.6024774056353004,0.0765038102515822,0.56125,0.6701298701298701,0.1897348817428537,0.6206896551724138,0.6110154173312068,0.2010370390752416,0.5625,0.5876675298714279,0.1107793883158553,0.5901639344262295,0.593939393939394,0.2246106722449263,0.56,12.8,12.8,4.1182520563948,6,12.0,18,corr_mrmr_auto_k_smote,nested_cv_outputs_all_triple_concat_batch_smote_compare/ADC_Post2_T2/fs_method_comparison/corr_mrmr_auto_k_smote,corr_mrmr_auto_k,corr_mrmr,auto,True,48,3,1.3333333333333333
ADC_Post2_T2,ADC,Post2,T2,KNN,0.6025443084294759,0.061496650801307,0.573125,0.7147240787505853,0.1124280469046496,0.6536992496820601,0.553811405985319,0.0562969257760773,0.5526315789473685,0.5716473000683526,0.0439880951412868,0.5534375,0.6216666666666667,0.158232605338163,0.6140350877192983,0.5627751196172248,0.1279826387448694,0.546875,0.5689850889850889,0.0880087693403379,0.5785123966942148,0.5805194805194805,0.1394275456249643,0.56,12.8,12.8,4.1182520563948,6,12.0,18,corr_mrmr_auto_k_smote,nested_cv_outputs_all_triple_concat_batch_smote_compare/ADC_Post2_T2/fs_method_comparison/corr_mrmr_auto_k_smote,corr_mrmr_auto_k,corr_mrmr,auto,True,48,3,1.3333333333333333
ADC_Post2_T2,ADC,Post2,T2,SVM_Linear,0.6016742614111036,0.1304498926004685,0.5253125,0.6795156424328125,0.1552230670442143,0.6324122711746167,0.5493115580072102,0.1011237831170012,0.543859649122807,0.595764221158958,0.0558828468989212,0.5478125,0.6756410256410257,0.1936534111640944,0.6111111111111112,0.5725890483785221,0.2188623072833599,0.515625,0.5530961791831357,0.1522509486807853,0.559322033898305,0.6189393939393939,0.2132491655589072,0.58,12.8,12.8,4.1182520563948,6,12.0,18,corr_mrmr_auto_k_smote,nested_cv_outputs_all_triple_concat_batch_smote_compare/ADC_Post2_T2/fs_method_comparison/corr_mrmr_auto_k_smote,corr_mrmr_auto_k,corr_mrmr,auto,True,48,3,1.3333333333333333
ADC_Post2_T2,ADC,Post2,T2,XGBoost,0.5874687062007636,0.1008106445009778,0.51,0.7096837173032869,0.1162387141940731,0.6148366890076725,0.48786430960344,0.0949060802841107,0.4824561403508772,0.5137185767448924,0.0750774896124445,0.4756249999999999,0.5531135531135531,0.1024659394190429,0.5396825396825397,0.5853375863902179,0.2281534378698221,0.53125,0.5310944527736132,0.1308319349606419,0.5354330708661418,0.4420995670995671,0.1431102637511971,0.42,12.8,12.8,4.1182520563948,6,12.0,18,corr_mrmr_auto_k_no_smote,nested_cv_outputs_all_triple_concat_batch_smote_compare/ADC_Post2_T2/fs_method_comparison/corr_mrmr_auto_k_no_smote,corr_mrmr_auto_k,corr_mrmr,auto,False,48,3,1.3333333333333333
ADC_Post2_T2,ADC,Post2,T2,NaiveBayes,0.5755408723829777,0.1310170833848633,0.5203125,0.6323145802647965,0.1690842131155927,0.5439297696859795,0.5890804847326587,0.126745878574216,0.5964912280701754,0.5755958077010709,0.0958824961103556,0.56625,0.6025480367585632,0.1616222911867525,0.6046511627906976,0.803572567783094,0.0792308540996881,0.8125,0.6768311908804268,0.1110863127024592,0.6933333333333334,0.3476190476190476,0.2236574964917595,0.32,12.8,12.8,4.1182520563948,6,12.0,18,corr_mrmr_auto_k_no_smote,nested_cv_outputs_all_triple_concat_batch_smote_compare/ADC_Post2_T2/fs_method_comparison/corr_mrmr_auto_k_no_smote,corr_mrmr_auto_k,corr_mrmr,auto,False,48,3,1.3333333333333333
ADC_Post2_T2,ADC,Post2,T2,XGBoost,0.5672428891328412,0.1077661503598751,0.50375,0.7067341848049583,0.1220603915452834,0.6361261842463672,0.493154671415541,0.0820720805929772,0.4912280701754385,0.5160306068200804,0.1002042070835963,0.4834374999999999,0.5723809523809524,0.1698445334206544,0.546875,0.5863902179691654,0.2095254780044463,0.546875,0.5410349650349651,0.1103222457041538,0.546875,0.4456709956709956,0.2158307151956335,0.42,12.8,12.8,4.1182520563948,6,12.0,18,corr_mrmr_auto_k_smote,nested_cv_outputs_all_triple_concat_batch_smote_compare/ADC_Post2_T2/fs_method_comparison/corr_mrmr_auto_k_smote,corr_mrmr_auto_k,corr_mrmr,auto,True,48,3,1.3333333333333333
ADC_Post2_T2,ADC,Post2,T2,NaiveBayes,0.5671852611326296,0.1345886885782683,0.5278125,0.6354795362047783,0.1800203194177817,0.5514777124577283,0.5700328656850396,0.1348637043137941,0.5789473684210527,0.5533735854788486,0.1040426435372877,0.550625,0.582548036758563,0.1783919462273954,0.5952380952380952,0.7591281233386497,0.1623212131603218,0.78125,0.646756002910502,0.149325964857448,0.6756756756756757,0.3476190476190476,0.2236574964917595,0.32,12.8,12.8,4.1182520563948,6,12.0,18,corr_mrmr_auto_k_smote,nested_cv_outputs_all_triple_concat_batch_smote_compare/ADC_Post2_T2/fs_method_comparison/corr_mrmr_auto_k_smote,corr_mrmr_auto_k,corr_mrmr,auto,True,48,3,1.3333333333333333
ADC_Post2_T2,ADC,Post2,T2,SVM_RBF,0.5419660606981183,0.1241982615311852,0.52875,0.656719468750922,0.1674834678028333,0.6544734285762733,0.5211353863527777,0.0972573285291674,0.5175438596491229,0.5607063112326269,0.0463853077832453,0.515625,0.6225596625596627,0.1254283827359225,0.576271186440678,0.589377990430622,0.2539479983404664,0.53125,0.5477739804055594,0.1149449756379698,0.5528455284552846,0.532034632034632,0.2894106947782973,0.5,12.8,12.8,4.1182520563948,6,12.0,18,corr_mrmr_auto_k_smote,nested_cv_outputs_all_triple_concat_batch_smote_compare/ADC_Post2_T2/fs_method_comparison/corr_mrmr_auto_k_smote,corr_mrmr_auto_k,corr_mrmr,auto,True,48,3,1.3333333333333333
ADC_Post2_T2,ADC,Post2,T2,SVM_RBF,0.5400038434009726,0.1325165996957944,0.5021875,0.6533899990958589,0.1488312536340664,0.6301749162264421,0.5116868638607769,0.0876591175753368,0.5087719298245614,0.5414891395154553,0.0295589866833125,0.488125,0.5900653594771242,0.1377788939692605,0.5526315789473685,0.7198830409356726,0.2732349989646483,0.65625,0.5851851851851853,0.1394925154464183,0.6,0.3630952380952381,0.2889695509228338,0.32,12.8,12.8,4.1182520563948,6,12.0,18,corr_mrmr_auto_k_no_smote,nested_cv_outputs_all_triple_concat_batch_smote_compare/ADC_Post2_T2/fs_method_comparison/corr_mrmr_auto_k_no_smote,corr_mrmr_auto_k,corr_mrmr,auto,False,48,3,1.3333333333333333
ADC_Post2_T2,ADC,Post2,T2,LightGBM,0.5390142827224167,0.1375002716263255,0.516875,0.6852152385990562,0.1055814796833828,0.6298756720065273,0.5486035703427008,0.1324474268466713,0.543859649122807,0.5610232019442546,0.1357372085465653,0.545625,0.6072039072039072,0.1633516929578646,0.6071428571428571,0.5587347155768208,0.2097111320577332,0.53125,0.5629258098223615,0.1511280089833763,0.5666666666666667,0.5633116883116883,0.1463169842591278,0.56,12.8,12.8,4.1182520563948,6,12.0,18,corr_mrmr_auto_k_smote,nested_cv_outputs_all_triple_concat_batch_smote_compare/ADC_Post2_T2/fs_method_comparison/corr_mrmr_auto_k_smote,corr_mrmr_auto_k,corr_mrmr,auto,True,48,3,1.3333333333333333
ADC_Pre_T2,ADC,Pre,T2,LightGBM,0.7671242500189869,0.1146206119921728,0.72,0.8015369954572993,0.0998031560658977,0.7783227859224924,0.6517048169222083,0.0610924896206281,0.6491228070175439,0.6676892990050886,0.0690518001822432,0.6481250000000001,0.7018181818181819,0.1104360320255293,0.7,0.6866772993088783,0.1406589404993958,0.65625,0.6773593073593073,0.0548766144549772,0.6774193548387096,0.6487012987012987,0.1185815354728005,0.64,13.2,13.2,5.1536394906900505,6,16.0,18,elasticnet_then_mrmr_auto_k_smote,nested_cv_outputs_all_triple_concat_batch_smote_compare/ADC_Pre_T2/fs_method_comparison/elasticnet_then_mrmr_auto_k_smote,elasticnet_then_mrmr_auto_k,elasticnet_then_mrmr,auto,True,35,4,1.8857142857142857
ADC_Pre_T2,ADC,Pre,T2,XGBoost,0.7624075454936698,0.1152148437171988,0.665625,0.8213414604480235,0.0832156537148026,0.7181131578024202,0.5916561699170394,0.0809017722831249,0.5877192982456141,0.6198902559428875,0.0827895072021257,0.5825,0.6549131424131425,0.1201341758582944,0.6349206349206349,0.6789580010632642,0.1947758736043282,0.625,0.6340992340992341,0.0691039158726739,0.6299212598425197,0.5608225108225108,0.164069264069264,0.54,13.2,13.2,5.1536394906900505,6,16.0,18,elasticnet_then_mrmr_auto_k_no_smote,nested_cv_outputs_all_triple_concat_batch_smote_compare/ADC_Pre_T2/fs_method_comparison/elasticnet_then_mrmr_auto_k_no_smote,elasticnet_then_mrmr_auto_k,elasticnet_then_mrmr,auto,False,35,4,1.8857142857142857
ADC_Pre_T2,ADC,Pre,T2,XGBoost,0.7608486896764408,0.1194351289732576,0.6703125000000001,0.8210988579801215,0.0781376294180702,0.7223893160800731,0.6288856071464767,0.1151974498931501,0.6228070175438597,0.65751651856915,0.1115685031755128,0.618125,0.6827977577977578,0.109967083512428,0.6666666666666666,0.7193620414673048,0.2341369871716254,0.65625,0.6670958670958671,0.1038746727611909,0.6614173228346457,0.5956709956709957,0.1494190194219076,0.58,13.2,13.2,5.1536394906900505,6,16.0,18,elasticnet_then_mrmr_auto_k_smote,nested_cv_outputs_all_triple_concat_batch_smote_compare/ADC_Pre_T2/fs_method_comparison/elasticnet_then_mrmr_auto_k_smote,elasticnet_then_mrmr_auto_k,elasticnet_then_mrmr,auto,True,35,4,1.8857142857142857
ADC_Pre_T2,ADC,Pre,T2,SVM_RBF,0.7507051720209615,0.083286015314656,0.6979687499999999,0.7905550610029553,0.0966959439239274,0.7253072689787106,0.6257554040162736,0.0989221850635394,0.6228070175438597,0.6455574542416647,0.0903201398741417,0.6246875000000001,0.7113936063936064,0.141289820971527,0.6842105263157895,0.6454439128123339,0.1735222399255567,0.609375,0.6484275847359011,0.0704701810429187,0.6446280991735537,0.6456709956709956,0.1985588337611084,0.64,13.2,13.2,5.1536394906900505,6,16.0,18,elasticnet_then_mrmr_auto_k_smote,nested_cv_outputs_all_triple_concat_batch_smote_compare/ADC_Pre_T2/fs_method_comparison/elasticnet_then_mrmr_auto_k_smote,elasticnet_then_mrmr_auto_k,elasticnet_then_mrmr,auto,True,35,4,1.8857142857142857
ADC_Pre_T2,ADC,Pre,T2,SVM_RBF,0.7417956967717734,0.068649450518969,0.6618749999999999,0.7879486554802225,0.0850526375791748,0.7287510585669122,0.6251400773139905,0.0658573757473817,0.6228070175438597,0.6563370547581073,0.0463107340549858,0.61375,0.6976470588235293,0.1701093119392888,0.6567164179104478,0.7399468367889419,0.1962014175341203,0.6875,0.6706706626706627,0.0740980685469998,0.6717557251908397,0.5727272727272728,0.2440099653236047,0.54,13.2,13.2,5.1536394906900505,6,16.0,18,elasticnet_then_mrmr_auto_k_no_smote,nested_cv_outputs_all_triple_concat_batch_smote_compare/ADC_Pre_T2/fs_method_comparison/elasticnet_then_mrmr_auto_k_no_smote,elasticnet_then_mrmr_auto_k,elasticnet_then_mrmr,auto,False,35,4,1.8857142857142857
ADC_Pre_T2,ADC,Pre,T2,XGBoost,0.7343729732964184,0.0778942388490436,0.6528125,0.8109217320899136,0.0658545728842707,0.729139911984668,0.5924394446133576,0.0924624941985771,0.5877192982456141,0.6217124250018986,0.0714712251024084,0.5825,0.6526917526917526,0.143510422157772,0.6349206349206349,0.6742690058479532,0.2494383417553856,0.625,0.6212575031165736,0.1261840518259664,0.6299212598425197,0.5691558441558442,0.1660472269120687,0.54,13.6,13.6,4.079215610874227,8,14.0,18,mrmr_then_elasticnet_no_corr_auto_k_smote,nested_cv_outputs_all_triple_concat_batch_smote_compare/ADC_Pre_T2/fs_method_comparison/mrmr_then_elasticnet_no_corr_auto_k_smote,mrmr_then_elasticnet_no_corr_auto_k,mrmr_then_elasticnet_no_corr,auto,True,52,3,1.3076923076923077
ADC_Pre_T2,ADC,Pre,T2,SVM_Linear,0.7322276306008363,0.0487820348547818,0.6725,0.7488593628503193,0.1128444953013615,0.6874278942700328,0.6267963920137832,0.068369122552338,0.6228070175438597,0.6596703880914407,0.0629420075645046,0.618125,0.7037276449041154,0.1549985598332805,0.6666666666666666,0.7132801701222753,0.2041865834748743,0.65625,0.6637058593580333,0.0689063775440209,0.6614173228346457,0.6060606060606061,0.2191476937183581,0.58,13.2,13.2,5.1536394906900505,6,16.0,18,elasticnet_then_mrmr_auto_k_no_smote,nested_cv_outputs_all_triple_concat_batch_smote_compare/ADC_Pre_T2/fs_method_comparison/elasticnet_then_mrmr_auto_k_no_smote,elasticnet_then_mrmr_auto_k,elasticnet_then_mrmr,auto,False,35,4,1.8857142857142857
ADC_Pre_T2,ADC,Pre,T2,LightGBM,0.726837019085823,0.1329584431171451,0.6768749999999999,0.7842085001699776,0.0759135956803608,0.7138176360767348,0.6549349201523114,0.0883326652676122,0.6491228070175439,0.6879279638490164,0.0644656042331713,0.656875,0.7573593073593073,0.1274125332789166,0.7307692307692307,0.6417650186071239,0.1899535550186014,0.59375,0.6604835164835164,0.0784729076559245,0.6551724137931034,0.7340909090909091,0.1628417857899666,0.72,13.2,13.2,5.1536394906900505,6,16.0,18,elasticnet_then_mrmr_auto_k_no_smote,nested_cv_outputs_all_triple_concat_batch_smote_compare/ADC_Pre_T2/fs_method_comparison/elasticnet_then_mrmr_auto_k_no_smote,elasticnet_then_mrmr_auto_k,elasticnet_then_mrmr,auto,False,35,4,1.8857142857142857
ADC_Pre_T2,ADC,Pre,T2,SVM_Linear,0.7190847527450399,0.0619466134134994,0.6865625,0.741766711934176,0.1098849413343457,0.6914251898654983,0.6545020197194111,0.0843829130255553,0.6491228070175439,0.6811855396065922,0.0679656476799343,0.656875,0.7666666666666667,0.136259797493194,0.7307692307692307,0.6350983519404572,0.1941800366815114,0.59375,0.6567182817182816,0.0759766367305955,0.6551724137931034,0.7272727272727273,0.1953899352924567,0.72,13.2,13.2,5.1536394906900505,6,16.0,18,elasticnet_then_mrmr_auto_k_smote,nested_cv_outputs_all_triple_concat_batch_smote_compare/ADC_Pre_T2/fs_method_comparison/elasticnet_then_mrmr_auto_k_smote,elasticnet_then_mrmr_auto_k,elasticnet_then_mrmr,auto,True,35,4,1.8857142857142857
ADC_Pre_T2,ADC,Pre,T2,RandomForest,0.7176872622327168,0.0966533627258594,0.6728124999999999,0.7914891760101733,0.0486269595224355,0.7291923278590429,0.6670517887909192,0.0761667913506744,0.6666666666666666,0.6757156147945621,0.095472664857882,0.6615625,0.7059340659340659,0.1178493427066085,0.703125,0.7277299308878258,0.1099842257802769,0.703125,0.7032683658170914,0.0474460184057237,0.703125,0.6237012987012986,0.1719075363260946,0.62,13.2,13.2,5.1536394906900505,6,16.0,18,elasticnet_then_mrmr_auto_k_no_smote,nested_cv_outputs_all_triple_concat_batch_smote_compare/ADC_Pre_T2/fs_method_comparison/elasticnet_then_mrmr_auto_k_no_smote,elasticnet_then_mrmr_auto_k,elasticnet_then_mrmr,auto,False,35,4,1.8857142857142857
ADC_Pre_T2,ADC,Pre,T2,GradientBoosting,0.7161859596189739,0.1576831677435781,0.6015625000000001,0.7777897639354518,0.0917370506756649,0.6919542549951436,0.6213684865858778,0.1023015613360951,0.6140350877192983,0.6445659603554341,0.0827209084876114,0.6234375,0.7257342657342658,0.0880416718191482,0.7,0.5904306220095694,0.2373352364663394,0.546875,0.6113402539489496,0.1090669700236509,0.6140350877192983,0.6987012987012987,0.1608045936894336,0.7,13.2,13.2,5.1536394906900505,6,16.0,18,elasticnet_then_mrmr_auto_k_smote,nested_cv_outputs_all_triple_concat_batch_smote_compare/ADC_Pre_T2/fs_method_comparison/elasticnet_then_mrmr_auto_k_smote,elasticnet_then_mrmr_auto_k,elasticnet_then_mrmr,auto,True,35,4,1.8857142857142857
ADC_Pre_T2,ADC,Pre,T2,LogisticRegression,0.7133166133883837,0.0668063267231617,0.6737500000000001,0.7729798906380031,0.0885080961556389,0.7034032425936037,0.5989532206923511,0.0630529033355354,0.5964912280701754,0.6405648591174907,0.0626925910296163,0.6078125,0.7207251082251082,0.1703623058336691,0.6875,0.5500691121743754,0.2048785240269874,0.515625,0.5812075941487705,0.0946675705516824,0.5892857142857143,0.7310606060606061,0.2156630708928252,0.7,13.6,13.6,4.079215610874227,8,14.0,18,mrmr_then_elasticnet_no_corr_auto_k_no_smote,nested_cv_outputs_all_triple_concat_batch_smote_compare/ADC_Pre_T2/fs_method_comparison/mrmr_then_elasticnet_no_corr_auto_k_no_smote,mrmr_then_elasticnet_no_corr_auto_k,mrmr_then_elasticnet_no_corr,auto,False,52,3,1.3076923076923077
ADC_Pre_T2,ADC,Pre,T2,LogisticRegression,0.711034024455077,0.0741675213120677,0.6756249999999999,0.7713740525820555,0.0895705474270828,0.710953514524018,0.6080441297832602,0.0644979862188493,0.6052631578947368,0.6438224348750665,0.0634422936921771,0.6134375000000001,0.7092055003819709,0.1582073590679738,0.6862745098039216,0.5815842636895268,0.2179305358593811,0.546875,0.5998411345214414,0.0959042611488024,0.6086956521739131,0.706060606060606,0.2044837168332825,0.68,13.6,13.6,4.079215610874227,8,14.0,18,mrmr_then_elasticnet_no_corr_auto_k_smote,nested_cv_outputs_all_triple_concat_batch_smote_compare/ADC_Pre_T2/fs_method_comparison/mrmr_then_elasticnet_no_corr_auto_k_smote,mrmr_then_elasticnet_no_corr_auto_k,mrmr_then_elasticnet_no_corr,auto,True,52,3,1.3076923076923077
ADC_Pre_T2,ADC,Pre,T2,GradientBoosting,0.7106798101774179,0.0957590380902213,0.6253124999999999,0.7657756773481175,0.0694501699265699,0.7060619488627646,0.5645209862601167,0.0538354791524512,0.5614035087719298,0.5897028556239083,0.0641095513912852,0.5503125,0.6304061624649859,0.1289050278706275,0.6029411764705882,0.6950983519404572,0.1894573419342155,0.640625,0.6230797299762817,0.0550082676684995,0.6212121212121212,0.4843073593073593,0.200270847881088,0.46,13.2,13.2,5.1536394906900505,6,16.0,18,elasticnet_then_mrmr_auto_k_no_smote,nested_cv_outputs_all_triple_concat_batch_smote_compare/ADC_Pre_T2/fs_method_comparison/elasticnet_then_mrmr_auto_k_no_smote,elasticnet_then_mrmr_auto_k,elasticnet_then_mrmr,auto,False,35,4,1.8857142857142857
ADC_Pre_T2,ADC,Pre,T2,RandomForest,0.7101480745021415,0.0612986575212157,0.680625,0.7515994721425218,0.0912454630167756,0.7134014205288592,0.6363202015375927,0.0761352908503796,0.631578947368421,0.6556478317004634,0.0663398635480872,0.6346875000000001,0.7123931623931623,0.1017740224222415,0.6964285714285714,0.6474428495481127,0.1551922536916649,0.609375,0.6549783549783549,0.0502537553625331,0.65,0.6638528138528139,0.1506213587966685,0.66,13.2,13.2,5.1536394906900505,6,16.0,18,elasticnet_then_mrmr_auto_k_smote,nested_cv_outputs_all_triple_concat_batch_smote_compare/ADC_Pre_T2/fs_method_comparison/elasticnet_then_mrmr_auto_k_smote,elasticnet_then_mrmr_auto_k,elasticnet_then_mrmr,auto,True,35,4,1.8857142857142857
ADC_Pre_T2,ADC,Pre,T2,RandomForest,0.709022844070691,0.059779613789977,0.649375,0.7618139733370479,0.0896647756502194,0.6983411052962307,0.599523664741056,0.0618215877697245,0.5964912280701754,0.620294296346928,0.0594184377107359,0.5925,0.6579059829059829,0.1312362477967624,0.6451612903225806,0.6615842636895268,0.1674521909968117,0.625,0.6334295334295335,0.0697036582371046,0.6349206349206349,0.5790043290043291,0.1451572668163504,0.56,13.6,13.6,4.079215610874227,8,14.0,18,mrmr_then_elasticnet_no_corr_auto_k_smote,nested_cv_outputs_all_triple_concat_batch_smote_compare/ADC_Pre_T2/fs_method_comparison/mrmr_then_elasticnet_no_corr_auto_k_smote,mrmr_then_elasticnet_no_corr_auto_k,mrmr_then_elasticnet_no_corr,auto,True,52,3,1.3076923076923077
ADC_Pre_T2,ADC,Pre,T2,ExtraTrees,0.7051513080221213,0.103443229322512,0.654375,0.751926588126266,0.0838583624042167,0.7297168937832617,0.6454111106285019,0.0782812285888416,0.6403508771929824,0.6638296498822814,0.0675670610777485,0.6425000000000001,0.7155067155067155,0.0927478828563269,0.7017543859649122,0.6638064859117491,0.2003296296851218,0.625,0.6598049009813717,0.0771307188918989,0.6611570247933884,0.6638528138528139,0.1506213587966685,0.66,13.2,13.2,5.1536394906900505,6,16.0,18,elasticnet_then_mrmr_auto_k_no_smote,nested_cv_outputs_all_triple_concat_batch_smote_compare/ADC_Pre_T2/fs_method_comparison/elasticnet_then_mrmr_auto_k_no_smote,elasticnet_then_mrmr_auto_k,elasticnet_then_mrmr,auto,False,35,4,1.8857142857142857
ADC_Pre_T2,ADC,Pre,T2,LogisticRegression,0.7023135087489154,0.1069057031043715,0.6496875,0.7322476446054068,0.112335201438209,0.6659287917953588,0.6480331262939959,0.1307904580233738,0.6403508771929824,0.6809223817118555,0.1068583007342143,0.65125,0.7704961704961705,0.1378877781121289,0.7346938775510204,0.6179053694843168,0.2135464753505461,0.5625,0.6472497306614954,0.1157138899202675,0.6371681415929203,0.7439393939393939,0.1857157993459946,0.74,13.2,13.2,5.1536394906900505,6,16.0,18,elasticnet_then_mrmr_auto_k_no_smote,nested_cv_outputs_all_triple_concat_batch_smote_compare/ADC_Pre_T2/fs_method_comparison/elasticnet_then_mrmr_auto_k_no_smote,elasticnet_then_mrmr_auto_k,elasticnet_then_mrmr,auto,False,35,4,1.8857142857142857
ADC_Pre_T2,ADC,Pre,T2,ExtraTrees,0.6969342893505572,0.1140147399509033,0.6346875,0.7471463991290772,0.0827914898142118,0.7158845967223229,0.6377188029361942,0.0894986881090941,0.631578947368421,0.6585664919875447,0.0702598527921699,0.6346875000000001,0.7127289377289378,0.0875773924896955,0.6964285714285714,0.6532801701222753,0.2137423245073723,0.609375,0.6492228903993611,0.0909255854953172,0.65,0.6638528138528139,0.1506213587966685,0.66,13.2,13.2,5.1536394906900505,6,16.0,18,elasticnet_then_mrmr_auto_k_smote,nested_cv_outputs_all_triple_concat_batch_smote_compare/ADC_Pre_T2/fs_method_comparison/elasticnet_then_mrmr_auto_k_smote,elasticnet_then_mrmr_auto_k,elasticnet_then_mrmr,auto,True,35,4,1.8857142857142857
ADC_Pre_T2,ADC,Pre,T2,LogisticRegression,0.6956107900605508,0.1080176338437349,0.6490625,0.7306411325360835,0.1150133664734004,0.6658169714659763,0.6294184076792773,0.114848701369905,0.6228070175438597,0.662589048378522,0.0936340318120855,0.63125,0.7503496503496504,0.1465761252917388,0.7058823529411765,0.616087187666135,0.2392711404317495,0.5625,0.627993006993007,0.1092989848149047,0.6260869565217392,0.7090909090909091,0.2068944803206314,0.7,13.2,13.2,5.1536394906900505,6,16.0,18,elasticnet_then_mrmr_auto_k_smote,nested_cv_outputs_all_triple_concat_batch_smote_compare/ADC_Pre_T2/fs_method_comparison/elasticnet_then_mrmr_auto_k_smote,elasticnet_then_mrmr_auto_k,elasticnet_then_mrmr,auto,True,35,4,1.8857142857142857
ADC_Pre_T2,ADC,Pre,T2,LightGBM,0.6934676337307917,0.0982448501312553,0.6050000000000001,0.7484258155634047,0.1440151298152677,0.6916361021799446,0.5628646715603237,0.0716654098059602,0.5614035087719298,0.5919755828966355,0.0651715275008156,0.5634375,0.6381652661064425,0.1681794676563688,0.625,0.5769165337586389,0.2193717001012575,0.546875,0.5698326301906864,0.1240624135758794,0.5833333333333334,0.607034632034632,0.1973660443107221,0.58,15.6,15.6,2.33238075793812,12,16.0,18,corr_mrmr_auto_k_smote,nested_cv_outputs_all_triple_concat_batch_smote_compare/ADC_Pre_T2/fs_method_comparison/corr_mrmr_auto_k_smote,corr_mrmr_auto_k,corr_mrmr,auto,True,61,4,1.278688524590164
ADC_Pre_T2,ADC,Pre,T2,SVM_RBF,0.6894874985903694,0.1098206744612016,0.644375,0.7672692749342046,0.0699961853735578,0.7139428716532994,0.6019256106212627,0.0725503200022717,0.5964912280701754,0.6099878484089011,0.0471155470205447,0.6012500000000001,0.6850793650793651,0.0790587739945911,0.6666666666666666,0.5862094630515682,0.2127583619126679,0.5625,0.5954401919919161,0.1098061931776627,0.6101694915254238,0.6337662337662338,0.166777104019083,0.64,13.6,13.6,4.079215610874227,8,14.0,18,mrmr_then_elasticnet_no_corr_auto_k_smote,nested_cv_outputs_all_triple_concat_batch_smote_compare/ADC_Pre_T2/fs_method_comparison/mrmr_then_elasticnet_no_corr_auto_k_smote,mrmr_then_elasticnet_no_corr_auto_k,mrmr_then_elasticnet_no_corr,auto,True,52,3,1.3076923076923077
ADC_Pre_T2,ADC,Pre,T2,KNN,0.6882295615070735,0.0541662815647328,0.6437499999999999,0.6878757338102023,0.1178060636106443,0.6569554332643543,0.6304304391260913,0.0378888373533727,0.631578947368421,0.6605282144755829,0.0365242595844495,0.619375,0.6798412698412699,0.1544955787387983,0.6571428571428571,0.7602339181286549,0.1788686139433062,0.71875,0.6829929551353355,0.0455959448569387,0.6865671641791045,0.5608225108225108,0.2087711428308437,0.52,13.2,13.2,5.1536394906900505,6,16.0,18,elasticnet_then_mrmr_auto_k_no_smote,nested_cv_outputs_all_triple_concat_batch_smote_compare/ADC_Pre_T2/fs_method_comparison/elasticnet_then_mrmr_auto_k_no_smote,elasticnet_then_mrmr_auto_k,elasticnet_then_mrmr,auto,False,35,4,1.8857142857142857
ADC_Pre_T2,ADC,Pre,T2,KNN,0.6842573260515845,0.0570825121864495,0.66796875,0.727854167890179,0.089803017281781,0.7103642062913561,0.617310226005878,0.0521261564705362,0.6140350877192983,0.6319788106630211,0.0335577223549198,0.6212500000000001,0.7007792207792208,0.1006961767905788,0.6923076923076923,0.5801913875598086,0.0990767470526344,0.5625,0.6199628482972137,0.0216474555581387,0.6206896551724138,0.6837662337662338,0.1269040807658892,0.68,13.6,13.6,4.079215610874227,8,14.0,18,mrmr_then_elasticnet_no_corr_auto_k_smote,nested_cv_outputs_all_triple_concat_batch_smote_compare/ADC_Pre_T2/fs_method_comparison/mrmr_then_elasticnet_no_corr_auto_k_smote,mrmr_then_elasticnet_no_corr_auto_k,mrmr_then_elasticnet_no_corr,auto,True,52,3,1.3076923076923077
ADC_Pre_T2,ADC,Pre,T2,ExtraTrees,0.6836565472450641,0.0692963607146704,0.6875000000000001,0.7260391195549701,0.1178818676334395,0.7102512593381041,0.6387974344496083,0.114978186490416,0.631578947368421,0.6557528290423027,0.0818805775312482,0.6390625,0.7299603174603174,0.1035562234171139,0.7115384615384616,0.609016480595428,0.2084970793519977,0.578125,0.6329207191276157,0.1303553871510273,0.6379310344827587,0.7024891774891775,0.1892003958513202,0.7,13.6,13.6,4.079215610874227,8,14.0,18,mrmr_then_elasticnet_no_corr_auto_k_no_smote,nested_cv_outputs_all_triple_concat_batch_smote_compare/ADC_Pre_T2/fs_method_comparison/mrmr_then_elasticnet_no_corr_auto_k_no_smote,mrmr_then_elasticnet_no_corr_auto_k,mrmr_then_elasticnet_no_corr,auto,False,52,3,1.3076923076923077
ADC_Pre_T2,ADC,Pre,T2,RandomForest,0.6821956521238818,0.0560317437177415,0.625625,0.7326341037894186,0.0902627723709447,0.6796655461983201,0.598162706858359,0.0626145641650929,0.5964912280701754,0.6132847269689374,0.0694085968015761,0.5925,0.6567965367965367,0.1433169564450943,0.6451612903225806,0.6490802764486976,0.105980225337036,0.625,0.6342367976850736,0.0562444898548468,0.6349206349206349,0.5774891774891775,0.1696472672155427,0.56,13.6,13.6,4.079215610874227,8,14.0,18,mrmr_then_elasticnet_no_corr_auto_k_no_smote,nested_cv_outputs_all_triple_concat_batch_smote_compare/ADC_Pre_T2/fs_method_comparison/mrmr_then_elasticnet_no_corr_auto_k_no_smote,mrmr_then_elasticnet_no_corr_auto_k,mrmr_then_elasticnet_no_corr,auto,False,52,3,1.3076923076923077
ADC_Pre_T2,ADC,Pre,T2,XGBoost,0.6810105497904541,0.0475212621171181,0.6221875,0.723705528408922,0.1104560328072871,0.6657941596192289,0.6111540633279764,0.1143461219548573,0.6052631578947368,0.6537977519556467,0.0709931961447771,0.6046875,0.6945887445887446,0.1346320346320346,0.6610169491525424,0.6740457203615099,0.2267636903330965,0.609375,0.6363166109253066,0.1275277296009803,0.6341463414634146,0.6335497835497835,0.1898967968750154,0.6,15.6,15.6,2.33238075793812,12,16.0,18,corr_mrmr_auto_k_smote,nested_cv_outputs_all_triple_concat_batch_smote_compare/ADC_Pre_T2/fs_method_comparison/corr_mrmr_auto_k_smote,corr_mrmr_auto_k,corr_mrmr,auto,True,61,4,1.278688524590164
ADC_Pre_T2,ADC,Pre,T2,ExtraTrees,0.6802077507819135,0.083844022490106,0.6993750000000001,0.733883788531218,0.0916396360261424,0.7116444174235713,0.6395879482836004,0.1125414940689256,0.631578947368421,0.6547679805574542,0.0832926924264633,0.64125,0.7317460317460317,0.0778263534738492,0.72,0.5956831472620946,0.2021559475662626,0.5625,0.6297942823460065,0.1255197909038413,0.631578947368421,0.713852813852814,0.1569549160549191,0.72,13.6,13.6,4.079215610874227,8,14.0,18,mrmr_then_elasticnet_no_corr_auto_k_smote,nested_cv_outputs_all_triple_concat_batch_smote_compare/ADC_Pre_T2/fs_method_comparison/mrmr_then_elasticnet_no_corr_auto_k_smote,mrmr_then_elasticnet_no_corr_auto_k,mrmr_then_elasticnet_no_corr,auto,True,52,3,1.3076923076923077
ADC_Pre_T2,ADC,Pre,T2,XGBoost,0.6766945025557466,0.0715799983962585,0.5846875,0.7389574436668807,0.0845146892968132,0.6594849846354881,0.5828779915736437,0.0869152189052357,0.5789473684210527,0.6149700007594744,0.0579195180424887,0.568125,0.6476190476190476,0.1358604058827343,0.6176470588235294,0.716087187666135,0.2176386327002086,0.65625,0.6351618037135279,0.1014924874231685,0.6363636363636364,0.5138528138528138,0.1919443614217383,0.48,15.6,15.6,2.33238075793812,12,16.0,18,corr_mrmr_auto_k_no_smote,nested_cv_outputs_all_triple_concat_batch_smote_compare/ADC_Pre_T2/fs_method_comparison/corr_mrmr_auto_k_no_smote,corr_mrmr_auto_k,corr_mrmr,auto,False,61,4,1.278688524590164
ADC_Pre_T2,ADC,Pre,T2,LightGBM,0.6744333400075028,0.0457384639952319,0.6115624999999999,0.710956446851791,0.0929973632999284,0.6686520856747863,0.5758386540995237,0.0919722395966494,0.5701754385964912,0.5939346472241208,0.0843339869640395,0.575625,0.6561721611721613,0.1014744841762163,0.6415094339622641,0.5671982987772461,0.2437139462779502,0.53125,0.568074888074888,0.1258127663278178,0.5811965811965812,0.6206709956709957,0.1951872156085284,0.62,13.6,13.6,4.079215610874227,8,14.0,18,mrmr_then_elasticnet_no_corr_auto_k_smote,nested_cv_outputs_all_triple_concat_batch_smote_compare/ADC_Pre_T2/fs_method_comparison/mrmr_then_elasticnet_no_corr_auto_k_smote,mrmr_then_elasticnet_no_corr_auto_k,mrmr_then_elasticnet_no_corr,auto,True,52,3,1.3076923076923077
ADC_Pre_T2,ADC,Pre,T2,GradientBoosting,0.6731461458973421,0.1076391721109909,0.6167187499999999,0.7392865579743805,0.0738029692571654,0.671635432815638,0.5793351575960272,0.0639127833782229,0.5789473684210527,0.5962499050656944,0.0906793378010026,0.5725,0.6334665334665335,0.1426930168039548,0.625,0.6551621477937267,0.1373423691437867,0.625,0.6238403914925653,0.0568216413496198,0.625,0.5373376623376623,0.1662958995083379,0.52,13.6,13.6,4.079215610874227,8,14.0,18,mrmr_then_elasticnet_no_corr_auto_k_smote,nested_cv_outputs_all_triple_concat_batch_smote_compare/ADC_Pre_T2/fs_method_comparison/mrmr_then_elasticnet_no_corr_auto_k_smote,mrmr_then_elasticnet_no_corr_auto_k,mrmr_then_elasticnet_no_corr,auto,True,52,3,1.3076923076923077
ADC_Pre_T2,ADC,Pre,T2,LightGBM,0.6714634151954726,0.0984421661266179,0.61375,0.7142345448644075,0.1458335215695553,0.6770551067576134,0.5730414513023209,0.1065583387008102,0.5701754385964912,0.5879963165489481,0.124754681545114,0.5734375,0.5984737484737485,0.205641727414666,0.6363636363636364,0.5704731525784157,0.3036779253492351,0.546875,0.5501194457716196,0.2172373301603738,0.5882352941176471,0.6055194805194806,0.1743962913970004,0.6,15.6,15.6,2.33238075793812,12,16.0,18,corr_mrmr_auto_k_no_smote,nested_cv_outputs_all_triple_concat_batch_smote_compare/ADC_Pre_T2/fs_method_comparison/corr_mrmr_auto_k_no_smote,corr_mrmr_auto_k,corr_mrmr,auto,False,61,4,1.278688524590164
ADC_Pre_T2,ADC,Pre,T2,XGBoost,0.6707267479994753,0.1078594442924454,0.6184375,0.7520263113389718,0.1130867732199168,0.6993950501831739,0.5840015057406361,0.1173962488405218,0.5789473684210527,0.6243314726209463,0.1110804421348398,0.5790625,0.6788888888888889,0.1881816826341298,0.6379310344827587,0.6342690058479532,0.2631115228798987,0.578125,0.6030141812210777,0.1330302773546992,0.6065573770491803,0.6143939393939394,0.2251721104818334,0.58,13.6,13.6,4.079215610874227,8,14.0,18,mrmr_then_elasticnet_no_corr_auto_k_no_smote,nested_cv_outputs_all_triple_concat_batch_smote_compare/ADC_Pre_T2/fs_method_comparison/mrmr_then_elasticnet_no_corr_auto_k_no_smote,mrmr_then_elasticnet_no_corr_auto_k,mrmr_then_elasticnet_no_corr,auto,False,52,3,1.3076923076923077
ADC_Pre_T2,ADC,Pre,T2,KNN,0.6671331393221345,0.0955148105305817,0.6221875,0.7290214846539869,0.1207843077048964,0.6851197104259659,0.5900751422490552,0.0800662432555354,0.5877192982456141,0.6042767904610009,0.0819107582896611,0.578125,0.6367316893632683,0.1387943428868562,0.6268656716417911,0.6876661350345561,0.1849147626131677,0.65625,0.6368831168831168,0.0919032019818146,0.6412213740458015,0.520887445887446,0.1830552125640599,0.5,13.6,13.6,4.079215610874227,8,14.0,18,mrmr_then_elasticnet_no_corr_auto_k_no_smote,nested_cv_outputs_all_triple_concat_batch_smote_compare/ADC_Pre_T2/fs_method_comparison/mrmr_then_elasticnet_no_corr_auto_k_no_smote,mrmr_then_elasticnet_no_corr_auto_k,mrmr_then_elasticnet_no_corr,auto,False,52,3,1.3076923076923077
ADC_Pre_T2,ADC,Pre,T2,KNN,0.66459209318061,0.0534735953454582,0.6475,0.7045218505140433,0.1024108954567655,0.6699586893059101,0.6322619409575931,0.0264101393502917,0.631578947368421,0.6541539454697349,0.028183218939051,0.6368750000000001,0.7114152514152514,0.129258315190837,0.7037037037037037,0.6111217437533226,0.1602894790443134,0.59375,0.6326060606060605,0.0727337370864452,0.6440677966101694,0.6971861471861472,0.1475238041884558,0.68,13.2,13.2,5.1536394906900505,6,16.0,18,elasticnet_then_mrmr_auto_k_smote,nested_cv_outputs_all_triple_concat_batch_smote_compare/ADC_Pre_T2/fs_method_comparison/elasticnet_then_mrmr_auto_k_smote,elasticnet_then_mrmr_auto_k,elasticnet_then_mrmr,auto,True,35,4,1.8857142857142857
ADC_Pre_T2,ADC,Pre,T2,RandomForest,0.6617771471838457,0.0655392716028797,0.6153124999999999,0.7059463019248887,0.1234591156869402,0.7044596546718249,0.6153411805585718,0.0593776090871076,0.6140350877192983,0.626174147489937,0.08280317848054,0.6190625000000001,0.6664335664335664,0.1359883665446907,0.6851851851851852,0.5884954811270601,0.2299664020413817,0.578125,0.5978354978354978,0.1585408815076953,0.6271186440677966,0.6638528138528139,0.1506213587966685,0.66,15.6,15.6,2.33238075793812,12,16.0,18,corr_mrmr_auto_k_no_smote,nested_cv_outputs_all_triple_concat_batch_smote_compare/ADC_Pre_T2/fs_method_comparison/corr_mrmr_auto_k_no_smote,corr_mrmr_auto_k,corr_mrmr,auto,False,61,4,1.278688524590164
ADC_Pre_T2,ADC,Pre,T2,SVM_Linear,0.6588633199159515,0.0969601875492267,0.6153125,0.7333065244580962,0.1160448400343234,0.6913611091723952,0.6258306910480822,0.060405852763112,0.6228070175438597,0.6565244550770867,0.0671125526185654,0.6268750000000001,0.7078171828171828,0.1547602245251755,0.6909090909090909,0.6304731525784157,0.2239721054841556,0.59375,0.6293157822569587,0.0987402538829284,0.6386554621848739,0.6825757575757576,0.1846434531063123,0.66,13.6,13.6,4.079215610874227,8,14.0,18,mrmr_then_elasticnet_no_corr_auto_k_smote,nested_cv_outputs_all_triple_concat_batch_smote_compare/ADC_Pre_T2/fs_method_comparison/mrmr_then_elasticnet_no_corr_auto_k_smote,mrmr_then_elasticnet_no_corr_auto_k,mrmr_then_elasticnet_no_corr,auto,True,52,3,1.3076923076923077
ADC_Pre_T2,ADC,Pre,T2,SVM_RBF,0.6557326742015738,0.0737165484831552,0.603125,0.741071561426615,0.0687623097966143,0.675874296981644,0.6006645528384659,0.0883049545033328,0.5964912280701754,0.5921922229816966,0.0756100799174248,0.5990625,0.7473178994918126,0.1711900088999935,0.6607142857142857,0.5841679957469432,0.3278187446911469,0.578125,0.553759741402762,0.2170396560989572,0.6166666666666667,0.6002164502164502,0.3566319315329629,0.62,15.6,15.6,2.33238075793812,12,16.0,18,corr_mrmr_auto_k_smote,nested_cv_outputs_all_triple_concat_batch_smote_compare/ADC_Pre_T2/fs_method_comparison/corr_mrmr_auto_k_smote,corr_mrmr_auto_k,corr_mrmr,auto,True,61,4,1.278688524590164
ADC_Pre_T2,ADC,Pre,T2,SVM_Linear,0.6554492809157881,0.1074265350698285,0.611875,0.7149646710420485,0.1180186419029602,0.6462673808946434,0.6220764742503873,0.1527254954622144,0.6140350877192983,0.6115827447406395,0.1369960772680156,0.6103125,0.6581270903010034,0.0862163867540822,0.6612903225806451,0.6681871345029239,0.3261349768396889,0.640625,0.6180905410379094,0.2001883039675666,0.6507936507936508,0.554978354978355,0.2978487110730558,0.58,15.6,15.6,2.33238075793812,12,16.0,18,corr_mrmr_auto_k_smote,nested_cv_outputs_all_triple_concat_batch_smote_compare/ADC_Pre_T2/fs_method_comparison/corr_mrmr_auto_k_smote,corr_mrmr_auto_k,corr_mrmr,auto,True,61,4,1.278688524590164
ADC_Pre_T2,ADC,Pre,T2,SVM_RBF,0.6493989795425202,0.1058500533045494,0.62953125,0.7430296370867816,0.0789036140199992,0.7086882531661828,0.6019632541371672,0.0837865821565282,0.5964912280701754,0.6061747170957699,0.0672888091315116,0.5925,0.6465946635064282,0.082969826468088,0.6451612903225806,0.6550983519404572,0.2233874494415808,0.625,0.6229055258467022,0.1159886898146568,0.6349206349206349,0.5572510822510822,0.1632142279454192,0.56,13.6,13.6,4.079215610874227,8,14.0,18,mrmr_then_elasticnet_no_corr_auto_k_no_smote,nested_cv_outputs_all_triple_concat_batch_smote_compare/ADC_Pre_T2/fs_method_comparison/mrmr_then_elasticnet_no_corr_auto_k_no_smote,mrmr_then_elasticnet_no_corr_auto_k,mrmr_then_elasticnet_no_corr,auto,False,52,3,1.3076923076923077
ADC_Pre_T2,ADC,Pre,T2,RandomForest,0.6487611245745217,0.0701612547161856,0.605625,0.7054086929717938,0.1214453443238825,0.6805651395636068,0.5899998552172465,0.0539055301741888,0.5877192982456141,0.6187612971823497,0.067729151900424,0.5934375000000001,0.6784615384615384,0.1769906968511639,0.660377358490566,0.5769165337586389,0.2193717001012575,0.546875,0.5837275043796782,0.1170628285943637,0.5982905982905983,0.6606060606060605,0.2044837168332825,0.64,15.6,15.6,2.33238075793812,12,16.0,18,corr_mrmr_auto_k_smote,nested_cv_outputs_all_triple_concat_batch_smote_compare/ADC_Pre_T2/fs_method_comparison/corr_mrmr_auto_k_smote,corr_mrmr_auto_k,corr_mrmr,auto,True,61,4,1.278688524590164
ADC_Pre_T2,ADC,Pre,T2,SVM_Linear,0.6470269337254984,0.0930641229941926,0.5637499999999999,0.7189326031292459,0.1075049702385624,0.6257265889739825,0.5461190982930113,0.0650684103598607,0.543859649122807,0.5566619199513936,0.029723736438008,0.519375,0.603641456582633,0.1435639132235134,0.575,0.7653801169590644,0.2394739055615226,0.71875,0.625620896816549,0.1051485788658589,0.6388888888888888,0.3479437229437229,0.2790592337810586,0.32,15.6,15.6,2.33238075793812,12,16.0,18,corr_mrmr_auto_k_no_smote,nested_cv_outputs_all_triple_concat_batch_smote_compare/ADC_Pre_T2/fs_method_comparison/corr_mrmr_auto_k_no_smote,corr_mrmr_auto_k,corr_mrmr,auto,False,61,4,1.278688524590164
ADC_Pre_T2,ADC,Pre,T2,LogisticRegression,0.643746660038526,0.1356908410987675,0.6025,0.720904156544407,0.0749755504617641,0.6600031887238689,0.5771996119822207,0.1442553536428668,0.5701754385964912,0.5949772157666894,0.1256438502472979,0.5800000000000001,0.6457575757575758,0.0809743239469112,0.6530612244897959,0.5364912280701754,0.2664782344406275,0.5,0.5541196581196581,0.1604145990770438,0.5663716814159292,0.6534632034632035,0.1138544598501661,0.66,15.6,15.6,2.33238075793812,12,16.0,18,corr_mrmr_auto_k_smote,nested_cv_outputs_all_triple_concat_batch_smote_compare/ADC_Pre_T2/fs_method_comparison/corr_mrmr_auto_k_smote,corr_mrmr_auto_k,corr_mrmr,auto,True,61,4,1.278688524590164
ADC_Pre_T2,ADC,Pre,T2,GradientBoosting,0.6370596946912737,0.0680915932979574,0.56203125,0.6899793792951686,0.1107460417961011,0.6317623587316671,0.5313208530599836,0.0667049079209837,0.5350877192982456,0.5573610161768057,0.0761671755020018,0.509375,0.5994372294372294,0.1714863691975599,0.5679012345679012,0.7652631578947368,0.1994341024469901,0.71875,0.6314067482387838,0.0520955341987453,0.6344827586206897,0.3494588744588744,0.2859651430547031,0.3,13.6,13.6,4.079215610874227,8,14.0,18,mrmr_then_elasticnet_no_corr_auto_k_no_smote,nested_cv_outputs_all_triple_concat_batch_smote_compare/ADC_Pre_T2/fs_method_comparison/mrmr_then_elasticnet_no_corr_auto_k_no_smote,mrmr_then_elasticnet_no_corr_auto_k,mrmr_then_elasticnet_no_corr,auto,False,52,3,1.3076923076923077
ADC_Pre_T2,ADC,Pre,T2,SVM_RBF,0.6348448370697175,0.0602239029341655,0.564375,0.7067744732569778,0.0870740946704207,0.661459448083099,0.5389972346494085,0.1027821164471756,0.5350877192982456,0.5438480671375409,0.0625902529639349,0.5159374999999999,0.5734188034188035,0.1051658608122003,0.5733333333333334,0.712046783625731,0.2369469409159178,0.671875,0.6062400199146343,0.1287813515951646,0.6187050359712231,0.3756493506493507,0.1259948510776496,0.36,15.6,15.6,2.33238075793812,12,16.0,18,corr_mrmr_auto_k_no_smote,nested_cv_outputs_all_triple_concat_batch_smote_compare/ADC_Pre_T2/fs_method_comparison/corr_mrmr_auto_k_no_smote,corr_mrmr_auto_k,corr_mrmr,auto,False,61,4,1.278688524590164
ADC_Pre_T2,ADC,Pre,T2,LogisticRegression,0.6327539003615559,0.1252603145417991,0.6034375,0.7228651858188359,0.0677571376692596,0.668449956869047,0.6107660455486543,0.1469057560329141,0.6052631578947368,0.6229277739804056,0.1349929220042637,0.615625,0.6962337662337662,0.1035956695159231,0.6938775510204082,0.5575438596491227,0.2519738025437555,0.53125,0.5880591133004927,0.1573565315356755,0.6017699115044248,0.6883116883116883,0.1420002504860364,0.7,15.6,15.6,2.33238075793812,12,16.0,18,corr_mrmr_auto_k_no_smote,nested_cv_outputs_all_triple_concat_batch_smote_compare/ADC_Pre_T2/fs_method_comparison/corr_mrmr_auto_k_no_smote,corr_mrmr_auto_k,corr_mrmr,auto,False,61,4,1.278688524590164
ADC_Pre_T2,ADC,Pre,T2,ExtraTrees,0.6297661163929107,0.0856733424029962,0.569375,0.699341306823196,0.0977897024055932,0.6378052924041104,0.5932299584473497,0.0738123739373093,0.5877192982456141,0.6234548492443229,0.0503479533829345,0.5846875,0.6615384615384615,0.1073103790394171,0.639344262295082,0.6663902179691654,0.1991946059960592,0.609375,0.6266762223283963,0.0842477957000935,0.624,0.5805194805194805,0.1394275456249643,0.56,15.6,15.6,2.33238075793812,12,16.0,18,corr_mrmr_auto_k_smote,nested_cv_outputs_all_triple_concat_batch_smote_compare/ADC_Pre_T2/fs_method_comparison/corr_mrmr_auto_k_smote,corr_mrmr_auto_k,corr_mrmr,auto,True,61,4,1.278688524590164
ADC_Pre_T2,ADC,Pre,T2,SVM_Linear,0.6260533162566656,0.1266163608752361,0.621875,0.7247857551381578,0.0964330437329357,0.672306896984301,0.5989908642082554,0.1192400354464459,0.5964912280701754,0.6050018986861092,0.1348519268132705,0.5859375,0.6376945929887106,0.1706140621394724,0.6323529411764706,0.6991812865497076,0.2315191605735121,0.671875,0.6419334975369458,0.1404619203039024,0.6515151515151515,0.5108225108225108,0.2203554629457516,0.5,13.6,13.6,4.079215610874227,8,14.0,18,mrmr_then_elasticnet_no_corr_auto_k_no_smote,nested_cv_outputs_all_triple_concat_batch_smote_compare/ADC_Pre_T2/fs_method_comparison/mrmr_then_elasticnet_no_corr_auto_k_no_smote,mrmr_then_elasticnet_no_corr_auto_k,mrmr_then_elasticnet_no_corr,auto,False,52,3,1.3076923076923077
ADC_Pre_T2,ADC,Pre,T2,ExtraTrees,0.6248860097903159,0.0840787800078603,0.5628125,0.6916964676582329,0.1065839779395908,0.6662879508407064,0.5845343062734367,0.0976917817316006,0.5789473684210527,0.6024700007594744,0.0947327343616313,0.5856250000000001,0.6527472527472528,0.1211485508797694,0.6538461538461539,0.5645720361509836,0.2703923135241986,0.53125,0.5627189152676408,0.1691597538710408,0.5862068965517241,0.6403679653679654,0.1867438589800889,0.64,15.6,15.6,2.33238075793812,12,16.0,18,corr_mrmr_auto_k_no_smote,nested_cv_outputs_all_triple_concat_batch_smote_compare/ADC_Pre_T2/fs_method_comparison/corr_mrmr_auto_k_no_smote,corr_mrmr_auto_k,corr_mrmr,auto,False,61,4,1.278688524590164
ADC_Pre_T2,ADC,Pre,T2,LightGBM,0.6229521059305749,0.105555987137452,0.6115625,0.6650281390462223,0.1187286278734168,0.6494595981230388,0.5716428499037195,0.0613752655943975,0.5701754385964912,0.5832089693931799,0.0852448709713461,0.57125,0.6322435897435897,0.1390844842320995,0.631578947368421,0.580595427963849,0.1937656729619581,0.5625,0.5800903119868637,0.1084216757542073,0.5950413223140496,0.5858225108225108,0.1971740294032263,0.58,13.6,13.6,4.079215610874227,8,14.0,18,mrmr_then_elasticnet_no_corr_auto_k_no_smote,nested_cv_outputs_all_triple_concat_batch_smote_compare/ADC_Pre_T2/fs_method_comparison/mrmr_then_elasticnet_no_corr_auto_k_no_smote,mrmr_then_elasticnet_no_corr_auto_k,mrmr_then_elasticnet_no_corr,auto,False,52,3,1.3076923076923077
ADC_Pre_T2,ADC,Pre,T2,GradientBoosting,0.6203265970251617,0.0774255532551666,0.54015625,0.6779103822514795,0.0956731412736328,0.6480708205084867,0.5028160245551551,0.0423865750218475,0.5,0.5170405179615706,0.0395832775586069,0.478125,0.5626890756302521,0.0912399190612781,0.5454545454545454,0.7114619883040936,0.2213444035001623,0.65625,0.5937665782493369,0.0615438603483598,0.5957446808510638,0.3226190476190476,0.1912336131138574,0.3,15.6,15.6,2.33238075793812,12,16.0,18,corr_mrmr_auto_k_no_smote,nested_cv_outputs_all_triple_concat_batch_smote_compare/ADC_Pre_T2/fs_method_comparison/corr_mrmr_auto_k_no_smote,corr_mrmr_auto_k,corr_mrmr,auto,False,61,4,1.278688524590164
ADC_Pre_T2,ADC,Pre,T2,NaiveBayes,0.6057774256578086,0.1169730679010625,0.5778125,0.6647472176952017,0.1435611402550262,0.6223266809123944,0.5637840420449116,0.1377736551418097,0.5701754385964912,0.5355705551758183,0.1285064222055248,0.5471874999999999,0.576857585139319,0.153064511381137,0.5949367088607594,0.7106432748538011,0.1928975180791741,0.734375,0.6265130586647615,0.147933787422044,0.6573426573426573,0.3604978354978355,0.2186158973008386,0.36,13.2,13.2,5.1536394906900505,6,16.0,18,elasticnet_then_mrmr_auto_k_no_smote,nested_cv_outputs_all_triple_concat_batch_smote_compare/ADC_Pre_T2/fs_method_comparison/elasticnet_then_mrmr_auto_k_no_smote,elasticnet_then_mrmr_auto_k,elasticnet_then_mrmr,auto,False,35,4,1.8857142857142857
ADC_Pre_T2,ADC,Pre,T2,GradientBoosting,0.6036171638922836,0.0963059385362528,0.57984375,0.6518612201714357,0.1122438735277059,0.6485278308679313,0.5653491436100132,0.0893931383907031,0.5614035087719298,0.5705971367813473,0.0985456237736902,0.5546875,0.6068431568431568,0.096242016220059,0.609375,0.6428176501860713,0.1745241892610313,0.609375,0.6087832765644827,0.0890879825074976,0.609375,0.4983766233766234,0.0674981181374699,0.5,15.6,15.6,2.33238075793812,12,16.0,18,corr_mrmr_auto_k_smote,nested_cv_outputs_all_triple_concat_batch_smote_compare/ADC_Pre_T2/fs_method_comparison/corr_mrmr_auto_k_smote,corr_mrmr_auto_k,corr_mrmr,auto,True,61,4,1.278688524590164
ADC_Pre_T2,ADC,Pre,T2,KNN,0.6030826895061344,0.0599828755879608,0.5793750000000001,0.6714183365305321,0.1125993499598525,0.6480751843335975,0.5380387728213816,0.0771828269279924,0.5350877192982456,0.5648291182501708,0.0753999175132484,0.54,0.6180769230769231,0.1402569371231571,0.6037735849056604,0.5324720893141945,0.1424580687839041,0.5,0.5482751322751322,0.0740745094469442,0.5470085470085471,0.5971861471861473,0.1336681297322961,0.58,15.6,15.6,2.33238075793812,12,16.0,18,corr_mrmr_auto_k_smote,nested_cv_outputs_all_triple_concat_batch_smote_compare/ADC_Pre_T2/fs_method_comparison/corr_mrmr_auto_k_smote,corr_mrmr_auto_k,corr_mrmr,auto,True,61,4,1.278688524590164
ADC_Pre_T2,ADC,Pre,T2,NaiveBayes,0.5978697087070293,0.0892959132996543,0.5653125,0.6861044635848721,0.0953012816464351,0.624950981499662,0.5237863585689673,0.1195540145808858,0.5263157894736842,0.5226524644945697,0.0863080732815516,0.5146875,0.5972222222222221,0.1421831543563303,0.5735294117647058,0.6095906432748538,0.2504294317990736,0.609375,0.5598495198495199,0.1360549311416402,0.5909090909090909,0.4357142857142856,0.3222300413469937,0.42,13.6,13.6,4.079215610874227,8,14.0,18,mrmr_then_elasticnet_no_corr_auto_k_smote,nested_cv_outputs_all_triple_concat_batch_smote_compare/ADC_Pre_T2/fs_method_comparison/mrmr_then_elasticnet_no_corr_auto_k_smote,mrmr_then_elasticnet_no_corr_auto_k,mrmr_then_elasticnet_no_corr,auto,True,52,3,1.3076923076923077
ADC_Pre_T2,ADC,Pre,T2,NaiveBayes,0.5965181663985492,0.1158121707649385,0.5834374999999999,0.6526625739438913,0.1541380804571554,0.6261250899350163,0.5374770157378854,0.1406585796208778,0.543859649122807,0.5119740639477481,0.1336129733770845,0.5215625,0.5556587547299622,0.1676329191180312,0.5769230769230769,0.6801169590643275,0.2012205837723251,0.703125,0.6027177177177176,0.1593766461240295,0.6338028169014085,0.3438311688311689,0.1967190737019016,0.34,13.2,13.2,5.1536394906900505,6,16.0,18,elasticnet_then_mrmr_auto_k_smote,nested_cv_outputs_all_triple_concat_batch_smote_compare/ADC_Pre_T2/fs_method_comparison/elasticnet_then_mrmr_auto_k_smote,elasticnet_then_mrmr_auto_k,elasticnet_then_mrmr,auto,True,35,4,1.8857142857142857
ADC_Pre_T2,ADC,Pre,T2,NaiveBayes,0.5950611491999052,0.0895209919796604,0.5585937500000001,0.6896472385486996,0.0868503144544683,0.6136038797119746,0.5146954494780582,0.1324218977529285,0.5175438596491229,0.5143191311612364,0.1002439365283776,0.5046875,0.5928104575163398,0.1491800535182965,0.5652173913043478,0.6095906432748538,0.2504294317990736,0.609375,0.5564307164307165,0.1386719492894731,0.5864661654135338,0.419047619047619,0.33750787342794,0.4,13.6,13.6,4.079215610874227,8,14.0,18,mrmr_then_elasticnet_no_corr_auto_k_no_smote,nested_cv_outputs_all_triple_concat_batch_smote_compare/ADC_Pre_T2/fs_method_comparison/mrmr_then_elasticnet_no_corr_auto_k_no_smote,mrmr_then_elasticnet_no_corr_auto_k,mrmr_then_elasticnet_no_corr,auto,False,52,3,1.3076923076923077
ADC_Pre_T2,ADC,Pre,T2,KNN,0.5916952390158132,0.0782873715559765,0.5565625000000001,0.6595660421169176,0.1038440864476295,0.6165581789882602,0.5677887330061242,0.0932125014558835,0.5614035087719298,0.5826539834434572,0.0889682429573018,0.5459375,0.6144185123442089,0.082201653385726,0.5972222222222222,0.733056884635832,0.2322446406410297,0.671875,0.632851391903116,0.1009265025182726,0.6323529411764706,0.4322510822510822,0.1862838016752659,0.42,15.6,15.6,2.33238075793812,12,16.0,18,corr_mrmr_auto_k_no_smote,nested_cv_outputs_all_triple_concat_batch_smote_compare/ADC_Pre_T2/fs_method_comparison/corr_mrmr_auto_k_no_smote,corr_mrmr_auto_k,corr_mrmr,auto,False,61,4,1.278688524590164
ADC_Pre_T2,ADC,Pre,T2,NaiveBayes,0.5852371401414465,0.1460317952374621,0.57421875,0.6843281929625065,0.0921545691164877,0.6268442035935126,0.5510967293575989,0.1142538229093035,0.5526315789473685,0.5295969089390142,0.1212469545013006,0.520625,0.5786324786324786,0.1225803443225996,0.5747126436781609,0.7984795321637426,0.126219152984849,0.78125,0.6588429338429338,0.0838656662156535,0.6622516556291391,0.2607142857142857,0.2133046324230956,0.26,15.6,15.6,2.33238075793812,12,16.0,18,corr_mrmr_auto_k_smote,nested_cv_outputs_all_triple_concat_batch_smote_compare/ADC_Pre_T2/fs_method_comparison/corr_mrmr_auto_k_smote,corr_mrmr_auto_k,corr_mrmr,auto,True,61,4,1.278688524590164
ADC_Pre_T2,ADC,Pre,T2,NaiveBayes,0.5756042769918368,0.1371936998852887,0.5671875000000001,0.6783172466409306,0.0820232753111385,0.6324172348604438,0.5320491103099798,0.0910409796716105,0.5350877192982456,0.5101524644945697,0.0904547499725945,0.5028125,0.5632478632478632,0.1218271373684387,0.5632183908045977,0.7762573099415204,0.1178490118327655,0.765625,0.6406611156611157,0.0765990071388815,0.6490066225165563,0.244047619047619,0.1893568300069865,0.24,15.6,15.6,2.33238075793812,12,16.0,18,corr_mrmr_auto_k_no_smote,nested_cv_outputs_all_triple_concat_batch_smote_compare/ADC_Pre_T2/fs_method_comparison/corr_mrmr_auto_k_no_smote,corr_mrmr_auto_k,corr_mrmr,auto,False,61,4,1.278688524590164
Post1_Post2_Pre,Post1,Post2,Pre,SVM_Linear,0.7531372549019608,0.1257709957510366,0.7145432692307693,0.8165204529848851,0.0611568045616307,0.7934181365468993,0.6912870901191257,0.0471767186742901,0.6810344827586207,0.6972222222222222,0.0373021715941425,0.6856971153846154,0.753030303030303,0.1652557358113452,0.7454545454545455,0.6333333333333333,0.1369183549027144,0.640625,0.6635341669824427,0.0666077835247957,0.6890756302521008,0.7611111111111111,0.1586984095231744,0.7307692307692307,11.6,11.6,5.571355310873648,4,14.0,18,mrmr_then_elasticnet_no_corr_auto_k_smote,nested_cv_outputs_all_triple_concat_batch_smote_compare/Post1_Post2_Pre/fs_method_comparison/mrmr_then_elasticnet_no_corr_auto_k_smote,mrmr_then_elasticnet_no_corr_auto_k,mrmr_then_elasticnet_no_corr,auto,True,47,4,1.2340425531914894
Post1_Post2_Pre,Post1,Post2,Pre,LogisticRegression,0.737450980392157,0.124618363117804,0.7166466346153846,0.8103599955921494,0.0568792032769854,0.796437275816829,0.661616896266507,0.0580322115983455,0.646551724137931,0.6658636788048553,0.056393560466531,0.6508413461538461,0.7315018315018316,0.1749351762140512,0.7090909090909091,0.6015686274509804,0.1255049010992124,0.609375,0.6320802005012531,0.0653546436917554,0.6554621848739496,0.73015873015873,0.1856532256154088,0.6923076923076923,11.6,11.6,5.571355310873648,4,14.0,18,mrmr_then_elasticnet_no_corr_auto_k_smote,nested_cv_outputs_all_triple_concat_batch_smote_compare/Post1_Post2_Pre/fs_method_comparison/mrmr_then_elasticnet_no_corr_auto_k_smote,mrmr_then_elasticnet_no_corr_auto_k,mrmr_then_elasticnet_no_corr,auto,True,47,4,1.2340425531914894
Post1_Post2_Pre,Post1,Post2,Pre,SVM_Linear,0.7278384687208217,0.1234733745282738,0.6778846153846153,0.8021005943898049,0.0549820897831828,0.7613779403346561,0.621042373767624,0.0555510022658552,0.6206896551724138,0.6405345471521942,0.0804354890803086,0.6129807692307692,0.6244285714285713,0.1139785156984259,0.6470588235294118,0.7235294117647058,0.2084711193725806,0.6875,0.6415565796210958,0.0799468074637197,0.6666666666666666,0.5575396825396826,0.1070399270429287,0.5384615384615384,11.6,11.6,5.571355310873648,4,14.0,18,mrmr_then_elasticnet_no_corr_auto_k_no_smote,nested_cv_outputs_all_triple_concat_batch_smote_compare/Post1_Post2_Pre/fs_method_comparison/mrmr_then_elasticnet_no_corr_auto_k_no_smote,mrmr_then_elasticnet_no_corr_auto_k,mrmr_then_elasticnet_no_corr,auto,False,47,4,1.2340425531914894
Post1_Post2_Pre,Post1,Post2,Pre,LogisticRegression,0.7223404917522565,0.1218657161955478,0.7016225961538461,0.793579847090607,0.0688502497768745,0.7838850813290543,0.6478237928182311,0.0787972857916782,0.6293103448275862,0.6491970121381886,0.0809454150059744,0.6316105769230769,0.713040293040293,0.1827916784290455,0.6842105263157895,0.6015686274509804,0.1255049010992124,0.609375,0.6245802005012531,0.0705509210400197,0.6446280991735537,0.6968253968253968,0.2077122260692773,0.6538461538461539,11.6,11.6,5.571355310873648,4,14.0,18,mrmr_then_elasticnet_no_corr_auto_k_no_smote,nested_cv_outputs_all_triple_concat_batch_smote_compare/Post1_Post2_Pre/fs_method_comparison/mrmr_then_elasticnet_no_corr_auto_k_no_smote,mrmr_then_elasticnet_no_corr_auto_k,mrmr_then_elasticnet_no_corr,auto,False,47,4,1.2340425531914894
Post1_Post2_Pre,Post1,Post2,Pre,SVM_RBF,0.713719654528478,0.1406432837518523,0.6793870192307693,0.7962492564129686,0.0622996432827705,0.7767531199570011,0.6465830980291492,0.0746759118599245,0.6293103448275862,0.650408496732026,0.068060214122346,0.6334134615384616,0.6864102564102564,0.1298398345770589,0.6909090909090909,0.5980392156862745,0.1081101862909036,0.59375,0.6244239559756801,0.0655576356049142,0.6386554621848739,0.7027777777777777,0.1387777332977421,0.6730769230769231,11.6,11.6,5.571355310873648,4,14.0,18,mrmr_then_elasticnet_no_corr_auto_k_smote,nested_cv_outputs_all_triple_concat_batch_smote_compare/Post1_Post2_Pre/fs_method_comparison/mrmr_then_elasticnet_no_corr_auto_k_smote,mrmr_then_elasticnet_no_corr_auto_k,mrmr_then_elasticnet_no_corr,auto,True,47,4,1.2340425531914894
Post1_Post2_Pre,Post1,Post2,Pre,KNN,0.7099256924992219,0.1308309217011477,0.686298076923077,0.7730244468906816,0.0673438963551879,0.7624087509756716,0.6166685681146193,0.0802637161606712,0.603448275862069,0.6279551820728291,0.1161830629116195,0.5955528846153846,0.6287379287379288,0.0906562689926626,0.6323529411764706,0.7035294117647058,0.2038250148490137,0.671875,0.6365721997300944,0.0736347606854846,0.6515151515151515,0.5523809523809523,0.1854393569392453,0.5192307692307693,11.6,11.6,5.571355310873648,4,14.0,18,mrmr_then_elasticnet_no_corr_auto_k_no_smote,nested_cv_outputs_all_triple_concat_batch_smote_compare/Post1_Post2_Pre/fs_method_comparison/mrmr_then_elasticnet_no_corr_auto_k_no_smote,mrmr_then_elasticnet_no_corr_auto_k,mrmr_then_elasticnet_no_corr,auto,False,47,4,1.2340425531914894
Post1_Post2_Pre,Post1,Post2,Pre,SVM_RBF,0.7094234360410832,0.1468673437354261,0.6478365384615385,0.7945092293540243,0.0696937346817938,0.7398867990179545,0.6430050483443142,0.123067325902984,0.6120689655172413,0.6549603174603175,0.1493921586834847,0.6069711538461539,0.6792156862745098,0.1284491830189034,0.6461538461538462,0.7,0.2024076533421794,0.65625,0.6616705302810779,0.0777054719650216,0.6511627906976745,0.6099206349206349,0.2482858847668389,0.5576923076923077,11.6,11.6,5.571355310873648,4,14.0,18,mrmr_then_elasticnet_no_corr_auto_k_no_smote,nested_cv_outputs_all_triple_concat_batch_smote_compare/Post1_Post2_Pre/fs_method_comparison/mrmr_then_elasticnet_no_corr_auto_k_no_smote,mrmr_then_elasticnet_no_corr_auto_k,mrmr_then_elasticnet_no_corr,auto,False,47,4,1.2340425531914894
Post1_Post2_Pre,Post1,Post2,Pre,KNN,0.7001684562713975,0.1599067727641989,0.666015625,0.7801619390025891,0.0733584168179766,0.7589965425384786,0.6188053202513715,0.1331628436809135,0.603448275862069,0.6400513538748832,0.1460963049904798,0.6081730769230769,0.64,0.1103529690483123,0.6666666666666666,0.6047058823529412,0.2593150413251022,0.5625,0.5947167487684729,0.1660886421175522,0.6101694915254238,0.6753968253968253,0.1167071520295352,0.6538461538461539,11.6,11.6,5.571355310873648,4,14.0,18,mrmr_then_elasticnet_no_corr_auto_k_smote,nested_cv_outputs_all_triple_concat_batch_smote_compare/Post1_Post2_Pre/fs_method_comparison/mrmr_then_elasticnet_no_corr_auto_k_smote,mrmr_then_elasticnet_no_corr_auto_k,mrmr_then_elasticnet_no_corr,auto,True,47,4,1.2340425531914894
Post1_Post2_Pre,Post1,Post2,Pre,ExtraTrees,0.6974509803921569,0.0704356860453774,0.6470853365384616,0.780300625296463,0.0560010824858877,0.7510668479945075,0.5884458515159293,0.0821619578944555,0.5948275862068966,0.6208823529411764,0.0891917658085266,0.5877403846153846,0.6638461538461539,0.2219517749445855,0.6268656716417911,0.691764705882353,0.2050436699203232,0.65625,0.6139063875905981,0.0813004465872198,0.6412213740458015,0.55,0.2666666666666666,0.5192307692307693,10.4,10.4,5.4258639865002145,4,12.0,16,elasticnet_then_mrmr_auto_k_smote,nested_cv_outputs_all_triple_concat_batch_smote_compare/Post1_Post2_Pre/fs_method_comparison/elasticnet_then_mrmr_auto_k_smote,elasticnet_then_mrmr_auto_k,elasticnet_then_mrmr,auto,True,33,4,1.5757575757575757
Post1_Post2_Pre,Post1,Post2,Pre,LightGBM,0.6955897914721445,0.1208319757872246,0.6793870192307692,0.7397337738701836,0.0754630262832289,0.7334615193595696,0.6689232100244336,0.0960095315710954,0.6637931034482759,0.681783380018674,0.1139145395902776,0.6592548076923077,0.6679824561403509,0.1203354038439334,0.6923076923076923,0.7270588235294119,0.1957895911784914,0.703125,0.6735064935064935,0.1104214876306566,0.6976744186046512,0.6365079365079364,0.1313869652723854,0.6153846153846154,11.6,11.6,5.571355310873648,4,14.0,18,mrmr_then_elasticnet_no_corr_auto_k_smote,nested_cv_outputs_all_triple_concat_batch_smote_compare/Post1_Post2_Pre/fs_method_comparison/mrmr_then_elasticnet_no_corr_auto_k_smote,mrmr_then_elasticnet_no_corr_auto_k,mrmr_then_elasticnet_no_corr,auto,True,47,4,1.2340425531914894
Post1_Post2_Pre,Post1,Post2,Pre,SVM_Linear,0.6883053221288515,0.1918558433885387,0.6090745192307692,0.7953494817544567,0.1363071443271832,0.7160466866662801,0.5520644971145526,0.1221287519205705,0.5258620689655172,0.577266573295985,0.142524916916601,0.5270432692307692,0.5809774436090225,0.1646255324818648,0.5789473684210527,0.5858823529411765,0.2620546972673102,0.515625,0.5424915824915826,0.1402269228184035,0.5454545454545454,0.5686507936507936,0.1694941564934081,0.5384615384615384,16.0,16.0,2.1908902300206643,12,16.0,18,corr_mrmr_auto_k_smote,nested_cv_outputs_all_triple_concat_batch_smote_compare/Post1_Post2_Pre/fs_method_comparison/corr_mrmr_auto_k_smote,corr_mrmr_auto_k,corr_mrmr,auto,True,49,4,1.6326530612244898
Post1_Post2_Pre,Post1,Post2,Pre,XGBoost,0.6799221910986617,0.1094931382182851,0.6622596153846154,0.7280804145880068,0.1202311046689954,0.7594676375197561,0.6073082152058793,0.0892185454496079,0.6206896551724138,0.6157819794584499,0.0719314379530685,0.6147836538461539,0.6300776397515528,0.1908562576083001,0.6515151515151515,0.6486274509803921,0.169973650625498,0.671875,0.6067424242424242,0.1438206048909007,0.6615384615384615,0.5829365079365079,0.1686409894442501,0.5576923076923077,10.4,10.4,5.4258639865002145,4,12.0,16,elasticnet_then_mrmr_auto_k_no_smote,nested_cv_outputs_all_triple_concat_batch_smote_compare/Post1_Post2_Pre/fs_method_comparison/elasticnet_then_mrmr_auto_k_no_smote,elasticnet_then_mrmr_auto_k,elasticnet_then_mrmr,auto,False,33,4,1.5757575757575757
Post1_Post2_Pre,Post1,Post2,Pre,LogisticRegression,0.677266573295985,0.1933805256842524,0.6352163461538461,0.780373374080338,0.1501107918159971,0.7281934210440788,0.6398719374803913,0.1655352975149805,0.5948275862068966,0.6389005602240896,0.1752460381951969,0.5931490384615384,0.6753968253968254,0.1218816115584283,0.639344262295082,0.6647058823529413,0.2229093567234872,0.609375,0.6540744101633394,0.1471092392153903,0.624,0.613095238095238,0.2242326856283597,0.5769230769230769,16.0,16.0,2.1908902300206643,12,16.0,18,corr_mrmr_auto_k_smote,nested_cv_outputs_all_triple_concat_batch_smote_compare/Post1_Post2_Pre/fs_method_comparison/corr_mrmr_auto_k_smote,corr_mrmr_auto_k,corr_mrmr,auto,True,49,4,1.6326530612244898
Post1_Post2_Pre,Post1,Post2,Pre,LogisticRegression,0.6740919701213819,0.1978764963722248,0.6310096153846153,0.7757094843493879,0.1544397223339975,0.7171894049994153,0.6132759096051644,0.1577823923578169,0.5689655172413793,0.6226423902894491,0.1759429590907279,0.5697115384615384,0.6620855614973262,0.1874006471309834,0.6206896551724138,0.6294117647058823,0.2335227440150495,0.5625,0.614857294269059,0.1386078146340593,0.5901639344262295,0.6158730158730158,0.2381269820108641,0.5769230769230769,16.0,16.0,2.1908902300206643,12,16.0,18,corr_mrmr_auto_k_no_smote,nested_cv_outputs_all_triple_concat_batch_smote_compare/Post1_Post2_Pre/fs_method_comparison/corr_mrmr_auto_k_no_smote,corr_mrmr_auto_k,corr_mrmr,auto,False,49,4,1.6326530612244898
Post1_Post2_Pre,Post1,Post2,Pre,ExtraTrees,0.6693534080298786,0.1568805221047025,0.6153846153846154,0.7616605112513215,0.0811855657285154,0.7199015337475414,0.6533793483737866,0.1056951462124497,0.6293103448275862,0.6752591036414566,0.1288636605586939,0.6316105769230769,0.7056277056277056,0.1265811525410964,0.6842105263157895,0.6564705882352941,0.2079925471116194,0.609375,0.6488659147869674,0.0855148449531271,0.6446280991735537,0.694047619047619,0.1927950778699872,0.6538461538461539,11.6,11.6,5.571355310873648,4,14.0,18,mrmr_then_elasticnet_no_corr_auto_k_no_smote,nested_cv_outputs_all_triple_concat_batch_smote_compare/Post1_Post2_Pre/fs_method_comparison/mrmr_then_elasticnet_no_corr_auto_k_no_smote,mrmr_then_elasticnet_no_corr_auto_k,mrmr_then_elasticnet_no_corr,auto,False,47,4,1.2340425531914894
Post1_Post2_Pre,Post1,Post2,Pre,GradientBoosting,0.6672619047619047,0.0843550981716269,0.6392728365384615,0.738228381284281,0.0928123904579691,0.6975102072352517,0.5948085717273703,0.1341094483014941,0.603448275862069,0.582156862745098,0.1344801379914667,0.5829326923076923,0.5728146742567995,0.178775264845387,0.6097560975609756,0.7309803921568627,0.2047434418251192,0.78125,0.6256447624094683,0.1666929980836981,0.684931506849315,0.4333333333333333,0.25915341754868,0.3846153846153846,11.6,11.6,5.571355310873648,4,14.0,18,mrmr_then_elasticnet_no_corr_auto_k_no_smote,nested_cv_outputs_all_triple_concat_batch_smote_compare/Post1_Post2_Pre/fs_method_comparison/mrmr_then_elasticnet_no_corr_auto_k_no_smote,mrmr_then_elasticnet_no_corr_auto_k,mrmr_then_elasticnet_no_corr,auto,False,47,4,1.2340425531914894
Post1_Post2_Pre,Post1,Post2,Pre,RandomForest,0.6661733582321819,0.1493907583592207,0.6361177884615385,0.7190107705399698,0.1049904478950338,0.7048499911359803,0.6327486380879039,0.1489347766526996,0.6120689655172413,0.6324486461251166,0.1671117184242724,0.6033653846153846,0.6280642783429161,0.1026020277891367,0.6376811594202898,0.7152941176470589,0.2053134998435151,0.6875,0.6567767457860336,0.1281885563084819,0.6616541353383458,0.5496031746031746,0.1875435617491038,0.5192307692307693,11.6,11.6,5.571355310873648,4,14.0,18,mrmr_then_elasticnet_no_corr_auto_k_no_smote,nested_cv_outputs_all_triple_concat_batch_smote_compare/Post1_Post2_Pre/fs_method_comparison/mrmr_then_elasticnet_no_corr_auto_k_no_smote,mrmr_then_elasticnet_no_corr_auto_k,mrmr_then_elasticnet_no_corr,auto,False,47,4,1.2340425531914894
Post1_Post2_Pre,Post1,Post2,Pre,RandomForest,0.6654053843759726,0.1097852726561165,0.6436298076923077,0.742531483923383,0.074561160502469,0.712111600527175,0.5999957217421066,0.039529862138309,0.5948275862068966,0.6306162464985995,0.0706364998345458,0.5931490384615384,0.6744139194139194,0.204964707866918,0.639344262295082,0.6564705882352941,0.2012280635597675,0.609375,0.6071924128503076,0.0493687331132441,0.624,0.6047619047619047,0.2233756912032035,0.5769230769230769,16.0,16.0,2.1908902300206643,12,16.0,18,corr_mrmr_auto_k_smote,nested_cv_outputs_all_triple_concat_batch_smote_compare/Post1_Post2_Pre/fs_method_comparison/corr_mrmr_auto_k_smote,corr_mrmr_auto_k,corr_mrmr,auto,True,49,4,1.6326530612244898
Post1_Post2_Pre,Post1,Post2,Pre,ExtraTrees,0.6651774042950513,0.1675343341357753,0.606971153846154,0.7637081256908183,0.088639906256486,0.6861289559392002,0.6583896637289295,0.1281635078484556,0.6293103448275862,0.6793767507002801,0.1473812122120255,0.6316105769230769,0.7015018315018315,0.1465325269494764,0.6842105263157895,0.6647058823529411,0.2068046568381993,0.609375,0.6568995765275257,0.1067397813954889,0.6446280991735537,0.694047619047619,0.1927950778699872,0.6538461538461539,11.6,11.6,5.571355310873648,4,14.0,18,mrmr_then_elasticnet_no_corr_auto_k_smote,nested_cv_outputs_all_triple_concat_batch_smote_compare/Post1_Post2_Pre/fs_method_comparison/mrmr_then_elasticnet_no_corr_auto_k_smote,mrmr_then_elasticnet_no_corr_auto_k,mrmr_then_elasticnet_no_corr,auto,True,47,4,1.2340425531914894
Post1_Post2_Pre,Post1,Post2,Pre,RandomForest,0.6637931839402427,0.1384619571846207,0.6514423076923077,0.7280166688201979,0.1097068716896035,0.7215821913437599,0.6209007158951542,0.1117245022625005,0.6206896551724138,0.61578197945845,0.110131117332464,0.6147836538461539,0.6107422969187676,0.152555276481044,0.6515151515151515,0.6486274509803922,0.1482249192344032,0.671875,0.6183037808424806,0.1371472229773986,0.6615384615384615,0.5829365079365079,0.1401552247489882,0.5576923076923077,11.6,11.6,5.571355310873648,4,14.0,18,mrmr_then_elasticnet_no_corr_auto_k_smote,nested_cv_outputs_all_triple_concat_batch_smote_compare/Post1_Post2_Pre/fs_method_comparison/mrmr_then_elasticnet_no_corr_auto_k_smote,mrmr_then_elasticnet_no_corr_auto_k,mrmr_then_elasticnet_no_corr,auto,True,47,4,1.2340425531914894
Post1_Post2_Pre,Post1,Post2,Pre,ExtraTrees,0.6634282601929661,0.0756489374414376,0.6240985576923077,0.7369448923678401,0.0727083993541557,0.7116181364070402,0.6133500660753164,0.0807566121584332,0.6206896551724138,0.6524509803921569,0.0627067897762642,0.6183894230769231,0.6824175824175824,0.2154381832666048,0.6612903225806451,0.6882352941176471,0.1929555231394908,0.640625,0.6301641199773627,0.0817800584166776,0.6507936507936508,0.6166666666666667,0.2211083193570266,0.5961538461538461,10.4,10.4,5.4258639865002145,4,12.0,16,elasticnet_then_mrmr_auto_k_no_smote,nested_cv_outputs_all_triple_concat_batch_smote_compare/Post1_Post2_Pre/fs_method_comparison/elasticnet_then_mrmr_auto_k_no_smote,elasticnet_then_mrmr_auto_k,elasticnet_then_mrmr,auto,False,33,4,1.5757575757575757
Post1_Post2_Pre,Post1,Post2,Pre,ExtraTrees,0.6586422346716465,0.1518306647833447,0.6352163461538463,0.789177404156709,0.0593797998700549,0.7326660221075678,0.6371576205280322,0.0734110232495751,0.6206896551724138,0.6696358543417367,0.0916300147348602,0.6292067307692308,0.7781818181818182,0.2055912658530058,0.7,0.6011764705882353,0.2902903927289476,0.546875,0.5851648351648351,0.1396008132884785,0.6140350877192983,0.738095238095238,0.2418747637942913,0.7115384615384616,16.0,16.0,2.1908902300206643,12,16.0,18,corr_mrmr_auto_k_no_smote,nested_cv_outputs_all_triple_concat_batch_smote_compare/Post1_Post2_Pre/fs_method_comparison/corr_mrmr_auto_k_no_smote,corr_mrmr_auto_k,corr_mrmr,auto,False,49,4,1.6326530612244898
Post1_Post2_Pre,Post1,Post2,Pre,XGBoost,0.6578765950824774,0.075018381345601,0.6433293269230769,0.7134301203177416,0.1080994083958992,0.7055204463557834,0.6056225815958853,0.1023497164964915,0.6206896551724138,0.6158520074696545,0.0914207019972768,0.6165865384615384,0.6325000000000001,0.1938874594675362,0.65625,0.6368627450980392,0.1634423993833487,0.65625,0.603652312599681,0.1454326174746889,0.65625,0.5948412698412697,0.1664700276122475,0.5769230769230769,10.4,10.4,5.4258639865002145,4,12.0,16,elasticnet_then_mrmr_auto_k_smote,nested_cv_outputs_all_triple_concat_batch_smote_compare/Post1_Post2_Pre/fs_method_comparison/elasticnet_then_mrmr_auto_k_smote,elasticnet_then_mrmr_auto_k,elasticnet_then_mrmr,auto,True,33,4,1.5757575757575757
Post1_Post2_Pre,Post1,Post2,Pre,NaiveBayes,0.6570852785558668,0.0775052290140768,0.6709735576923078,0.7132674589249289,0.1376234741017516,0.7538248008162848,0.6470869817365924,0.0785451768749524,0.6379310344827587,0.6317133520074696,0.0728398260002273,0.6304086538461539,0.6434523809523809,0.1008818823922875,0.6617647058823529,0.672156862745098,0.141276652907232,0.703125,0.6455456823877876,0.0999255172909634,0.6818181818181818,0.5912698412698412,0.1781388057509831,0.5576923076923077,11.6,11.6,5.571355310873648,4,14.0,18,mrmr_then_elasticnet_no_corr_auto_k_smote,nested_cv_outputs_all_triple_concat_batch_smote_compare/Post1_Post2_Pre/fs_method_comparison/mrmr_then_elasticnet_no_corr_auto_k_smote,mrmr_then_elasticnet_no_corr_auto_k,mrmr_then_elasticnet_no_corr,auto,True,47,4,1.2340425531914894
Post1_Post2_Pre,Post1,Post2,Pre,NaiveBayes,0.6425824774354186,0.0957553777826679,0.6664663461538461,0.7067312471148697,0.1379962161807906,0.7485186985336888,0.6115165948870065,0.1147520208372786,0.603448275862069,0.5924976657329598,0.1097248511648785,0.59375,0.6006818181818182,0.1142248398974005,0.6285714285714286,0.6603921568627451,0.1354071707255225,0.6875,0.6238134238134239,0.1133913894621701,0.6567164179104478,0.5246031746031746,0.1841269841269841,0.5,11.6,11.6,5.571355310873648,4,14.0,18,mrmr_then_elasticnet_no_corr_auto_k_no_smote,nested_cv_outputs_all_triple_concat_batch_smote_compare/Post1_Post2_Pre/fs_method_comparison/mrmr_then_elasticnet_no_corr_auto_k_no_smote,mrmr_then_elasticnet_no_corr_auto_k,mrmr_then_elasticnet_no_corr,auto,False,47,4,1.2340425531914894
Post1_Post2_Pre,Post1,Post2,Pre,SVM_Linear,0.6412628384687208,0.2091370887396322,0.5823317307692307,0.7574506315294276,0.1623408759213429,0.6803979672853449,0.556538604147058,0.0951170733189982,0.5517241379310345,0.5850980392156863,0.1147057147644158,0.5378605769230769,0.6334869431643625,0.2335199871515964,0.581081081081081,0.7035294117647058,0.2550961552883668,0.671875,0.5948575617930457,0.0976823648835227,0.6231884057971014,0.4666666666666666,0.339934634239519,0.4038461538461538,16.0,16.0,2.1908902300206643,12,16.0,18,corr_mrmr_auto_k_no_smote,nested_cv_outputs_all_triple_concat_batch_smote_compare/Post1_Post2_Pre/fs_method_comparison/corr_mrmr_auto_k_no_smote,corr_mrmr_auto_k,corr_mrmr,auto,False,49,4,1.6326530612244898
Post1_Post2_Pre,Post1,Post2,Pre,ExtraTrees,0.6405851229380641,0.1193781724211024,0.6201923076923077,0.7569119408526055,0.0348995212418194,0.6822022060374262,0.6294653128357244,0.0691187534777516,0.6120689655172413,0.6637535014005602,0.0913165867573825,0.6213942307692308,0.7753246753246753,0.2053673448520735,0.6938775510204082,0.5894117647058824,0.2869816675480344,0.53125,0.5771003190358028,0.1307283483468546,0.6017699115044248,0.738095238095238,0.2418747637942913,0.7115384615384616,16.0,16.0,2.1908902300206643,12,16.0,18,corr_mrmr_auto_k_smote,nested_cv_outputs_all_triple_concat_batch_smote_compare/Post1_Post2_Pre/fs_method_comparison/corr_mrmr_auto_k_smote,corr_mrmr_auto_k,corr_mrmr,auto,True,49,4,1.6326530612244898
Post1_Post2_Pre,Post1,Post2,Pre,LightGBM,0.6401081543728603,0.1231711623691916,0.6174879807692307,0.6985552079815249,0.0747042329666011,0.698729771964241,0.6140455206639857,0.105659273111026,0.603448275862069,0.6210107376283848,0.1267334269026481,0.5955528846153846,0.6069996180290298,0.0899199032462761,0.6323529411764706,0.7035294117647058,0.2137682993644024,0.671875,0.6330728095433977,0.1093050136016122,0.6515151515151515,0.5384920634920635,0.1011212025563876,0.5192307692307693,11.6,11.6,5.571355310873648,4,14.0,18,mrmr_then_elasticnet_no_corr_auto_k_no_smote,nested_cv_outputs_all_triple_concat_batch_smote_compare/Post1_Post2_Pre/fs_method_comparison/mrmr_then_elasticnet_no_corr_auto_k_no_smote,mrmr_then_elasticnet_no_corr_auto_k,mrmr_then_elasticnet_no_corr,auto,False,47,4,1.2340425531914894
Post1_Post2_Pre,Post1,Post2,Pre,SVM_RBF,0.6389355742296919,0.1996324565737628,0.6036658653846154,0.7685474380347681,0.1396769159692447,0.6895243908968774,0.5499957217421066,0.1150167328763561,0.5689655172413793,0.5741013071895426,0.0735274146424497,0.5408653846153846,0.6019770737234585,0.1964818226172602,0.5777777777777777,0.8176470588235294,0.2250720761142234,0.8125,0.6335403726708073,0.1094767605895524,0.6753246753246753,0.3305555555555555,0.3677173498527313,0.2692307692307692,16.0,16.0,2.1908902300206643,12,16.0,18,corr_mrmr_auto_k_no_smote,nested_cv_outputs_all_triple_concat_batch_smote_compare/Post1_Post2_Pre/fs_method_comparison/corr_mrmr_auto_k_no_smote,corr_mrmr_auto_k,corr_mrmr,auto,False,49,4,1.6326530612244898
Post1_Post2_Pre,Post1,Post2,Pre,SVM_Linear,0.6369872393401805,0.0874291525176576,0.6243990384615384,0.6855594206182428,0.1994883903520461,0.6742162933202565,0.5650770561782797,0.1311244422562248,0.5862068965517241,0.588562091503268,0.1010929634609142,0.5817307692307692,0.6423177476118653,0.2477891577527767,0.625,0.6215686274509803,0.0963780841368196,0.625,0.5899523052464228,0.1325240753377757,0.625,0.5555555555555556,0.2509242175696937,0.5384615384615384,10.4,10.4,5.4258639865002145,4,12.0,16,elasticnet_then_mrmr_auto_k_smote,nested_cv_outputs_all_triple_concat_batch_smote_compare/Post1_Post2_Pre/fs_method_comparison/elasticnet_then_mrmr_auto_k_smote,elasticnet_then_mrmr_auto_k,elasticnet_then_mrmr,auto,True,33,4,1.5757575757575757
Post1_Post2_Pre,Post1,Post2,Pre,RandomForest,0.63609243697479,0.0836231290931105,0.6364182692307692,0.7257404612039717,0.0861664637345593,0.7167183857604685,0.5961381592082371,0.0860332275149522,0.603448275862069,0.6005042016806723,0.0841127254953606,0.5955528846153846,0.6486887508626639,0.2341452385787473,0.6323529411764706,0.6486274509803922,0.1572857042836721,0.671875,0.6040259740259739,0.1266885613103041,0.6515151515151515,0.5523809523809524,0.2346630934930327,0.5192307692307693,10.4,10.4,5.4258639865002145,4,12.0,16,elasticnet_then_mrmr_auto_k_no_smote,nested_cv_outputs_all_triple_concat_batch_smote_compare/Post1_Post2_Pre/fs_method_comparison/elasticnet_then_mrmr_auto_k_no_smote,elasticnet_then_mrmr_auto_k,elasticnet_then_mrmr,auto,False,33,4,1.5757575757575757
Post1_Post2_Pre,Post1,Post2,Pre,XGBoost,0.6357718643012762,0.1360476287519927,0.6286057692307693,0.7408223261240368,0.0865704931359986,0.710745198743642,0.5987198501659013,0.0626963061160553,0.603448275862069,0.6014379084967321,0.0612273369615649,0.5991586538461539,0.6076470588235294,0.1535588332313066,0.640625,0.6250980392156863,0.1263110408733954,0.640625,0.5970764882529588,0.1160526171238375,0.640625,0.5777777777777777,0.1183737541814584,0.5576923076923077,11.6,11.6,5.571355310873648,4,14.0,18,mrmr_then_elasticnet_no_corr_auto_k_no_smote,nested_cv_outputs_all_triple_concat_batch_smote_compare/Post1_Post2_Pre/fs_method_comparison/mrmr_then_elasticnet_no_corr_auto_k_no_smote,mrmr_then_elasticnet_no_corr_auto_k,mrmr_then_elasticnet_no_corr,auto,False,47,4,1.2340425531914894
Post1_Post2_Pre,Post1,Post2,Pre,GradientBoosting,0.6348062558356675,0.1424829642084493,0.6054687500000001,0.7003024513670122,0.1085353737035889,0.6344277446665564,0.5518377494462033,0.1255812486856224,0.5517241379310345,0.5804084967320262,0.1439385419458273,0.5486778846153846,0.5659803921568628,0.1649774838131586,0.5967741935483871,0.6247058823529412,0.241230983796138,0.578125,0.5612076648841355,0.1446585704609654,0.5873015873015873,0.5361111111111111,0.153055303488399,0.5192307692307693,11.6,11.6,5.571355310873648,4,14.0,18,mrmr_then_elasticnet_no_corr_auto_k_smote,nested_cv_outputs_all_triple_concat_batch_smote_compare/Post1_Post2_Pre/fs_method_comparison/mrmr_then_elasticnet_no_corr_auto_k_smote,mrmr_then_elasticnet_no_corr_auto_k,mrmr_then_elasticnet_no_corr,auto,True,47,4,1.2340425531914894
Post1_Post2_Pre,Post1,Post2,Pre,LightGBM,0.6302855586679115,0.0707157928358053,0.587890625,0.6676888321598986,0.1415438190711868,0.6144177985030674,0.5541161594554254,0.0742088809746206,0.5603448275862069,0.5595144724556489,0.0895163825557379,0.5546875,0.5853002070393375,0.1715800333086633,0.6,0.6015686274509804,0.1076997263922941,0.609375,0.5669354838709677,0.1069465522418576,0.6046511627906976,0.5174603174603174,0.239106318811614,0.5,10.4,10.4,5.4258639865002145,4,12.0,16,elasticnet_then_mrmr_auto_k_no_smote,nested_cv_outputs_all_triple_concat_batch_smote_compare/Post1_Post2_Pre/fs_method_comparison/elasticnet_then_mrmr_auto_k_no_smote,elasticnet_then_mrmr_auto_k,elasticnet_then_mrmr,auto,False,33,4,1.5757575757575757
Post1_Post2_Pre,Post1,Post2,Pre,KNN,0.6260298008092126,0.0911341572726889,0.626953125,0.6880378094589329,0.1792532150970815,0.7130399081597786,0.5633438863694703,0.118217223978782,0.5862068965517241,0.5961624649859945,0.0865005184359522,0.5871394230769231,0.6664141414141415,0.2581993836992631,0.6379310344827587,0.5780392156862745,0.1080418845974749,0.578125,0.5678787878787879,0.1232793419160351,0.6065573770491803,0.6142857142857142,0.2623421071889406,0.5961538461538461,10.4,10.4,5.4258639865002145,4,12.0,16,elasticnet_then_mrmr_auto_k_smote,nested_cv_outputs_all_triple_concat_batch_smote_compare/Post1_Post2_Pre/fs_method_comparison/elasticnet_then_mrmr_auto_k_smote,elasticnet_then_mrmr_auto_k,elasticnet_then_mrmr,auto,True,33,4,1.5757575757575757
Post1_Post2_Pre,Post1,Post2,Pre,XGBoost,0.6256201369436664,0.1121129152414742,0.6358173076923076,0.7053192464523423,0.1092393656600755,0.7167388001809729,0.5771341376458172,0.105062284153021,0.5689655172413793,0.5790196078431372,0.0998361787695775,0.5697115384615384,0.5863157894736841,0.1342094943200777,0.6206896551724138,0.5580392156862745,0.1694081335849057,0.5625,0.5536559139784946,0.132833959052401,0.5901639344262295,0.5999999999999999,0.1224744871391589,0.5769230769230769,11.6,11.6,5.571355310873648,4,14.0,18,mrmr_then_elasticnet_no_corr_auto_k_smote,nested_cv_outputs_all_triple_concat_batch_smote_compare/Post1_Post2_Pre/fs_method_comparison/mrmr_then_elasticnet_no_corr_auto_k_smote,mrmr_then_elasticnet_no_corr_auto_k,mrmr_then_elasticnet_no_corr,auto,True,47,4,1.2340425531914894
Post1_Post2_Pre,Post1,Post2,Pre,GradientBoosting,0.6219211017740428,0.1312138375476366,0.6293569711538461,0.7130804064406627,0.1161376004151448,0.732080042811524,0.572474639437932,0.101556378377688,0.5775862068965517,0.6049509803921568,0.1033805283450773,0.5721153846153846,0.6166666666666667,0.1801234144814173,0.6153846153846154,0.668235294117647,0.2153166172749806,0.625,0.5941769041769042,0.110075082379028,0.6201550387596899,0.5416666666666667,0.2074983266331455,0.5192307692307693,10.4,10.4,5.4258639865002145,4,12.0,16,elasticnet_then_mrmr_auto_k_smote,nested_cv_outputs_all_triple_concat_batch_smote_compare/Post1_Post2_Pre/fs_method_comparison/elasticnet_then_mrmr_auto_k_smote,elasticnet_then_mrmr_auto_k,elasticnet_then_mrmr,auto,True,33,4,1.5757575757575757
Post1_Post2_Pre,Post1,Post2,Pre,LogisticRegression,0.6187075941487706,0.0832014161226898,0.6268028846153847,0.6724875221965447,0.1925599592821172,0.6867210382539033,0.5735651198387572,0.132031932245944,0.5948275862068966,0.5972222222222221,0.1030552330064975,0.5895432692307692,0.6505128205128206,0.2534643305265951,0.6307692307692307,0.6333333333333333,0.0876012074654457,0.640625,0.5995881595881596,0.1351764207326321,0.6356589147286822,0.5611111111111111,0.2619961360567021,0.5384615384615384,10.4,10.4,5.4258639865002145,4,12.0,16,elasticnet_then_mrmr_auto_k_smote,nested_cv_outputs_all_triple_concat_batch_smote_compare/Post1_Post2_Pre/fs_method_comparison/elasticnet_then_mrmr_auto_k_smote,elasticnet_then_mrmr_auto_k,elasticnet_then_mrmr,auto,True,33,4,1.5757575757575757
Post1_Post2_Pre,Post1,Post2,Pre,KNN,0.6178314659197012,0.0559125013157414,0.6265024038461539,0.6631375773618408,0.1563801382871637,0.6825561584931454,0.5689056216308719,0.1259224010868752,0.5948275862068966,0.5909803921568628,0.1014716354550068,0.5859375,0.6580808080808082,0.2600671744197886,0.6231884057971014,0.6486274509803921,0.1658522199488935,0.671875,0.5934775964300998,0.140821933220151,0.6466165413533834,0.5333333333333333,0.3193357302933314,0.5,10.4,10.4,5.4258639865002145,4,12.0,16,elasticnet_then_mrmr_auto_k_no_smote,nested_cv_outputs_all_triple_concat_batch_smote_compare/Post1_Post2_Pre/fs_method_comparison/elasticnet_then_mrmr_auto_k_no_smote,elasticnet_then_mrmr_auto_k,elasticnet_then_mrmr,auto,False,33,4,1.5757575757575757
Post1_Post2_Pre,Post1,Post2,Pre,LogisticRegression,0.6175147836912542,0.0909370895242223,0.6319110576923077,0.6691316700517653,0.1933174854645759,0.6969198974018058,0.576438683057148,0.1111714657566111,0.5862068965517241,0.590406162464986,0.1062217597505598,0.578125,0.6411188811188812,0.2475914196339126,0.6176470588235294,0.6450980392156863,0.1063894899313767,0.65625,0.6019026019026019,0.1254429563485126,0.6363636363636364,0.5357142857142857,0.270843144772569,0.5,10.4,10.4,5.4258639865002145,4,12.0,16,elasticnet_then_mrmr_auto_k_no_smote,nested_cv_outputs_all_triple_concat_batch_smote_compare/Post1_Post2_Pre/fs_method_comparison/elasticnet_then_mrmr_auto_k_no_smote,elasticnet_then_mrmr_auto_k,elasticnet_then_mrmr,auto,False,33,4,1.5757575757575757
Post1_Post2_Pre,Post1,Post2,Pre,SVM_Linear,0.6153929349517584,0.1004840023110561,0.5911959134615384,0.6688015905165774,0.1961699808509643,0.6629140404126757,0.5143725697118355,0.0719719739620398,0.5258620689655172,0.5388772175536881,0.0696795367864389,0.5054086538461539,0.5454648225337879,0.1343655614491167,0.5555555555555556,0.7352941176470588,0.2216640433107855,0.703125,0.5870343640595357,0.0895621112721274,0.6206896551724138,0.3424603174603174,0.2051537409973318,0.3076923076923077,10.4,10.4,5.4258639865002145,4,12.0,16,elasticnet_then_mrmr_auto_k_no_smote,nested_cv_outputs_all_triple_concat_batch_smote_compare/Post1_Post2_Pre/fs_method_comparison/elasticnet_then_mrmr_auto_k_no_smote,elasticnet_then_mrmr_auto_k,elasticnet_then_mrmr,auto,False,33,4,1.5757575757575757
Post1_Post2_Pre,Post1,Post2,Pre,RandomForest,0.6144086523498288,0.0855384539469386,0.631610576923077,0.7121307066344507,0.084245764957004,0.7213084036254565,0.5730198796383446,0.1030537845322768,0.5862068965517241,0.5909337068160597,0.0838860536593781,0.5853365384615384,0.6476190476190476,0.2445088556655284,0.6333333333333333,0.5898039215686275,0.1289140756787724,0.59375,0.5728361960620025,0.1292860077631456,0.6129032258064516,0.5920634920634921,0.220720549787539,0.5769230769230769,10.4,10.4,5.4258639865002145,4,12.0,16,elasticnet_then_mrmr_auto_k_smote,nested_cv_outputs_all_triple_concat_batch_smote_compare/Post1_Post2_Pre/fs_method_comparison/elasticnet_then_mrmr_auto_k_smote,elasticnet_then_mrmr_auto_k,elasticnet_then_mrmr,auto,True,33,4,1.5757575757575757
Post1_Post2_Pre,Post1,Post2,Pre,RandomForest,0.6140787426081544,0.1396728565423166,0.5850360576923078,0.7040775019123557,0.090558382725029,0.6637348093862525,0.5926128747040871,0.0903161880701171,0.5948275862068966,0.620485527544351,0.0804109773649574,0.5877403846153846,0.6565079365079365,0.2225159057107619,0.6268656716417911,0.691764705882353,0.2116862599800938,0.65625,0.6131015037593984,0.1023343143268396,0.6412213740458015,0.5492063492063493,0.2404853578848759,0.5192307692307693,16.0,16.0,2.1908902300206643,12,16.0,18,corr_mrmr_auto_k_no_smote,nested_cv_outputs_all_triple_concat_batch_smote_compare/Post1_Post2_Pre/fs_method_comparison/corr_mrmr_auto_k_no_smote,corr_mrmr_auto_k,corr_mrmr,auto,False,49,4,1.6326530612244898
Post1_Post2_Pre,Post1,Post2,Pre,LightGBM,0.6119335511982571,0.1004910380136069,0.5931490384615384,0.6854527608452958,0.0759520954423607,0.6683158578814985,0.5299012197788616,0.1154959578936057,0.5258620689655172,0.5644864612511671,0.13301552990472,0.5198317307692308,0.5695238095238095,0.179229897084918,0.5692307692307692,0.6329411764705882,0.2206501873788269,0.578125,0.5581281833616298,0.1169842813826714,0.5736434108527132,0.496031746031746,0.2195703447790125,0.4615384615384615,10.4,10.4,5.4258639865002145,4,12.0,16,elasticnet_then_mrmr_auto_k_smote,nested_cv_outputs_all_triple_concat_batch_smote_compare/Post1_Post2_Pre/fs_method_comparison/elasticnet_then_mrmr_auto_k_smote,elasticnet_then_mrmr_auto_k,elasticnet_then_mrmr,auto,True,33,4,1.5757575757575757
Post1_Post2_Pre,Post1,Post2,Pre,GradientBoosting,0.6103653127917833,0.1222829404576419,0.6107271634615383,0.7046971742637551,0.0940216367793008,0.7033357628773965,0.5145969405702442,0.1714757994311075,0.5603448275862069,0.5576470588235295,0.1101699082733837,0.5456730769230769,0.557384403036577,0.1838662543328107,0.5866666666666667,0.7152941176470589,0.2246288750091788,0.6875,0.5851100870455709,0.1522724178386844,0.6330935251798561,0.3999999999999999,0.2260776661041756,0.4038461538461538,10.4,10.4,5.4258639865002145,4,12.0,16,elasticnet_then_mrmr_auto_k_no_smote,nested_cv_outputs_all_triple_concat_batch_smote_compare/Post1_Post2_Pre/fs_method_comparison/elasticnet_then_mrmr_auto_k_no_smote,elasticnet_then_mrmr_auto_k,elasticnet_then_mrmr,auto,False,33,4,1.5757575757575757
Post1_Post2_Pre,Post1,Post2,Pre,GradientBoosting,0.6031652661064426,0.1393001088536875,0.6060697115384616,0.7098390792525728,0.0866056654497215,0.7100101590862242,0.5954274930359469,0.1120314474398028,0.5689655172413793,0.6146848739495798,0.1394361309736726,0.5679086538461539,0.6314285714285715,0.1344376040687839,0.6166666666666667,0.6329411764705882,0.2206501873788269,0.578125,0.5985738539898132,0.0937270677541824,0.5967741935483871,0.5964285714285713,0.1881705696045641,0.5576923076923077,16.0,16.0,2.1908902300206643,12,16.0,18,corr_mrmr_auto_k_smote,nested_cv_outputs_all_triple_concat_batch_smote_compare/Post1_Post2_Pre/fs_method_comparison/corr_mrmr_auto_k_smote,corr_mrmr_auto_k,corr_mrmr,auto,True,49,4,1.6326530612244898
Post1_Post2_Pre,Post1,Post2,Pre,NaiveBayes,0.6027419856831622,0.0498738314667072,0.6280048076923077,0.6626063866978874,0.1817426749574521,0.6721494645462973,0.5576880294344143,0.0579690184502722,0.5689655172413793,0.5094281045751634,0.0453901922715124,0.5408653846153846,0.5205074588805305,0.1697759654895495,0.5777777777777777,0.716078431372549,0.2296392369824042,0.8125,0.5973037323037322,0.1841677328595705,0.6753246753246753,0.3027777777777777,0.1813869746368278,0.2692307692307692,10.4,10.4,5.4258639865002145,4,12.0,16,elasticnet_then_mrmr_auto_k_smote,nested_cv_outputs_all_triple_concat_batch_smote_compare/Post1_Post2_Pre/fs_method_comparison/elasticnet_then_mrmr_auto_k_smote,elasticnet_then_mrmr_auto_k,elasticnet_then_mrmr,auto,True,33,4,1.5757575757575757
Post1_Post2_Pre,Post1,Post2,Pre,GradientBoosting,0.6001206037970744,0.176095264620129,0.6015625,0.6980650431441623,0.0987316119275644,0.6601049738832638,0.5838714431039237,0.1225990202814407,0.5603448275862069,0.5984733893557422,0.1497226025805106,0.5546875,0.6004761904761905,0.1157485741869153,0.6,0.6564705882352941,0.2330956113139859,0.609375,0.5993541830579596,0.1093202674490517,0.6046511627906976,0.5404761904761904,0.1916038051307686,0.5,16.0,16.0,2.1908902300206643,12,16.0,18,corr_mrmr_auto_k_no_smote,nested_cv_outputs_all_triple_concat_batch_smote_compare/Post1_Post2_Pre/fs_method_comparison/corr_mrmr_auto_k_no_smote,corr_mrmr_auto_k,corr_mrmr,auto,False,49,4,1.6326530612244898
Post1_Post2_Pre,Post1,Post2,Pre,NaiveBayes,0.5998685029567382,0.0490802871909536,0.6278545673076923,0.6616392637449631,0.181325069302075,0.6728955011909313,0.5410213627677476,0.0799653207689407,0.5603448275862069,0.4983169934640522,0.0632311477926575,0.53125,0.5138407922138637,0.1824146074763757,0.5714285714285714,0.716078431372549,0.2296392369824042,0.8125,0.5917481767481767,0.1946795854107152,0.6709677419354839,0.2805555555555555,0.1537594722566449,0.25,10.4,10.4,5.4258639865002145,4,12.0,16,elasticnet_then_mrmr_auto_k_no_smote,nested_cv_outputs_all_triple_concat_batch_smote_compare/Post1_Post2_Pre/fs_method_comparison/elasticnet_then_mrmr_auto_k_no_smote,elasticnet_then_mrmr_auto_k,elasticnet_then_mrmr,auto,False,33,4,1.5757575757575757
Post1_Post2_Pre,Post1,Post2,Pre,KNN,0.5987142079053843,0.1310191267421053,0.5671574519230769,0.6878333346236228,0.1144562812912292,0.6886937198762482,0.5262794367911164,0.0915783889794907,0.5344827586206896,0.5584033613445378,0.0661297728880927,0.5222355769230769,0.5575985221674877,0.1496116957865431,0.5694444444444444,0.6882352941176471,0.2781550686479268,0.640625,0.5651882454951509,0.1340016446243761,0.6029411764705882,0.4285714285714285,0.2243801124659768,0.4038461538461538,16.0,16.0,2.1908902300206643,12,16.0,18,corr_mrmr_auto_k_no_smote,nested_cv_outputs_all_triple_concat_batch_smote_compare/Post1_Post2_Pre/fs_method_comparison/corr_mrmr_auto_k_no_smote,corr_mrmr_auto_k,corr_mrmr,auto,False,49,4,1.6326530612244898
Post1_Post2_Pre,Post1,Post2,Pre,KNN,0.5916814503579209,0.1827082496374485,0.5772235576923077,0.6843513905481104,0.1380680330110534,0.6949813770456096,0.5366922411416293,0.1821842648942569,0.5258620689655172,0.5476423902894492,0.1716722947537211,0.5234375,0.5476428571428571,0.3098226615866777,0.5737704918032787,0.5627450980392156,0.2894797730817345,0.546875,0.515047619047619,0.2487639466116158,0.56,0.5325396825396826,0.2358945919333492,0.5,16.0,16.0,2.1908902300206643,12,16.0,18,corr_mrmr_auto_k_smote,nested_cv_outputs_all_triple_concat_batch_smote_compare/Post1_Post2_Pre/fs_method_comparison/corr_mrmr_auto_k_smote,corr_mrmr_auto_k,corr_mrmr,auto,True,49,4,1.6326530612244898
Post1_Post2_Pre,Post1,Post2,Pre,LightGBM,0.5906753812636166,0.153365727954703,0.5441706730769231,0.6872956512834879,0.0717147398224681,0.6163275098588783,0.5926128747040871,0.0903161880701171,0.5862068965517241,0.6154575163398693,0.1093768734239633,0.5853365384615384,0.6058613445378151,0.1220742696947921,0.6333333333333333,0.6364705882352941,0.2347758999203091,0.59375,0.587722816399287,0.123360813108112,0.6129032258064516,0.5944444444444444,0.0987577157479509,0.5769230769230769,16.0,16.0,2.1908902300206643,12,16.0,18,corr_mrmr_auto_k_smote,nested_cv_outputs_all_triple_concat_batch_smote_compare/Post1_Post2_Pre/fs_method_comparison/corr_mrmr_auto_k_smote,corr_mrmr_auto_k,corr_mrmr,auto,True,49,4,1.6326530612244898
Post1_Post2_Pre,Post1,Post2,Pre,NaiveBayes,0.580249766573296,0.1852699671426288,0.5084134615384616,0.6602667533949541,0.1046805084346585,0.6170182094028723,0.5120290351102365,0.094797247993877,0.5086206896551724,0.5246615312791784,0.108534027183354,0.4879807692307692,0.5614285714285714,0.1762445219553628,0.5432098765432098,0.7235294117647059,0.1638633914962837,0.6875,0.5907108772641507,0.0781925511862987,0.6068965517241379,0.3257936507936508,0.2763580498753648,0.2884615384615384,16.0,16.0,2.1908902300206643,12,16.0,18,corr_mrmr_auto_k_no_smote,nested_cv_outputs_all_triple_concat_batch_smote_compare/Post1_Post2_Pre/fs_method_comparison/corr_mrmr_auto_k_no_smote,corr_mrmr_auto_k,corr_mrmr,auto,False,49,4,1.6326530612244898
Post1_Post2_Pre,Post1,Post2,Pre,XGBoost,0.579863834422658,0.1413812718250165,0.5420673076923077,0.681619601440351,0.1062254731432051,0.6184975466664806,0.5253358432446308,0.0853361588670194,0.5258620689655172,0.5328688141923437,0.0862996280648664,0.5198317307692308,0.5439285714285714,0.1644859028758938,0.5692307692307692,0.5780392156862745,0.1080418845974749,0.578125,0.5413166642578408,0.1170806297437258,0.5736434108527132,0.4876984126984126,0.1404246161266282,0.4615384615384615,16.0,16.0,2.1908902300206643,12,16.0,18,corr_mrmr_auto_k_no_smote,nested_cv_outputs_all_triple_concat_batch_smote_compare/Post1_Post2_Pre/fs_method_comparison/corr_mrmr_auto_k_no_smote,corr_mrmr_auto_k,corr_mrmr,auto,False,49,4,1.6326530612244898
Post1_Post2_Pre,Post1,Post2,Pre,XGBoost,0.5745152505446623,0.1292296290059663,0.5655048076923077,0.68963259290654,0.096649704627789,0.6698257470527478,0.5218053297586113,0.0894320424322836,0.5086206896551724,0.526531279178338,0.0950989509162042,0.5060096153846154,0.5428571428571429,0.1431742512225991,0.5573770491803278,0.5427450980392157,0.1417331074268425,0.53125,0.5216562912657988,0.1018561760447953,0.544,0.5103174603174603,0.152529689314733,0.4807692307692308,16.0,16.0,2.1908902300206643,12,16.0,18,corr_mrmr_auto_k_smote,nested_cv_outputs_all_triple_concat_batch_smote_compare/Post1_Post2_Pre/fs_method_comparison/corr_mrmr_auto_k_smote,corr_mrmr_auto_k,corr_mrmr,auto,True,49,4,1.6326530612244898
Post1_Post2_Pre,Post1,Post2,Pre,NaiveBayes,0.5682422969187675,0.1883893046062638,0.5006009615384616,0.639422563518985,0.0996577243188703,0.6074210005170686,0.4798774516794538,0.0808456550417853,0.4741379310344827,0.4917857142857142,0.1102923377602544,0.4549278846153846,0.5394616977225672,0.1654441280053367,0.5189873417721519,0.6799999999999999,0.1987364933061522,0.640625,0.5539245723456251,0.0722885287877768,0.5734265734265734,0.3035714285714285,0.2880143311990993,0.2692307692307692,16.0,16.0,2.1908902300206643,12,16.0,18,corr_mrmr_auto_k_smote,nested_cv_outputs_all_triple_concat_batch_smote_compare/Post1_Post2_Pre/fs_method_comparison/corr_mrmr_auto_k_smote,corr_mrmr_auto_k,corr_mrmr,auto,True,49,4,1.6326530612244898
Post1_Post2_Pre,Post1,Post2,Pre,LightGBM,0.5627715530656707,0.1572827197476309,0.5279447115384617,0.664861987746321,0.1091889151947482,0.620440821120105,0.5488049399617809,0.105812141255683,0.5431034482758621,0.5733940242763772,0.1258657796276587,0.5372596153846154,0.5675000000000001,0.1435270009440732,0.5846153846153846,0.6364705882352941,0.2405990217630911,0.59375,0.5625552825552826,0.1300401484719896,0.5891472868217055,0.5103174603174603,0.1679392084278929,0.4807692307692308,16.0,16.0,2.1908902300206643,12,16.0,18,corr_mrmr_auto_k_no_smote,nested_cv_outputs_all_triple_concat_batch_smote_compare/Post1_Post2_Pre/fs_method_comparison/corr_mrmr_auto_k_no_smote,corr_mrmr_auto_k,corr_mrmr,auto,False,49,4,1.6326530612244898
Post1_Post2_Pre,Post1,Post2,Pre,SVM_RBF,0.5514962651727358,0.2461465488413014,0.5069110576923077,0.6958946914872458,0.1865166324639913,0.6476745538393827,0.4948171282431571,0.0895739547710364,0.4827586206896552,0.5443464052287582,0.1157716165404001,0.5024038461538461,0.4197552447552447,0.2481855028327068,0.5555555555555556,0.4164705882352941,0.3479330962216253,0.3125,0.370995670995671,0.2293293873812147,0.4,0.6722222222222222,0.1975154314959019,0.6923076923076923,16.0,16.0,2.1908902300206643,12,16.0,18,corr_mrmr_auto_k_smote,nested_cv_outputs_all_triple_concat_batch_smote_compare/Post1_Post2_Pre/fs_method_comparison/corr_mrmr_auto_k_smote,corr_mrmr_auto_k,corr_mrmr,auto,True,49,4,1.6326530612244898
Post1_Post2_Pre,Post1,Post2,Pre,SVM_RBF,0.5461585745409274,0.1534599495679506,0.5225360576923077,0.624064517386753,0.1788312388259833,0.6264587483734354,0.4834616810701348,0.058015678169712,0.4913793103448275,0.5062091503267974,0.0761262567822532,0.46875,0.5192500689274883,0.1269308107903407,0.5301204819277109,0.7235294117647059,0.2275185835978084,0.6875,0.567345624977204,0.0831155315253385,0.5986394557823129,0.2888888888888889,0.2090543080247419,0.25,10.4,10.4,5.4258639865002145,4,12.0,16,elasticnet_then_mrmr_auto_k_no_smote,nested_cv_outputs_all_triple_concat_batch_smote_compare/Post1_Post2_Pre/fs_method_comparison/elasticnet_then_mrmr_auto_k_no_smote,elasticnet_then_mrmr_auto_k,elasticnet_then_mrmr,auto,False,33,4,1.5757575757575757
Post1_Post2_Pre,Post1,Post2,Pre,SVM_RBF,0.5423459383753502,0.1507210745525248,0.5360576923076923,0.6256830888166873,0.1864591029888122,0.6195557638417417,0.5064734795546809,0.1325781441125901,0.5086206896551724,0.5398692810457517,0.1232273167447976,0.5186298076923077,0.4992063492063492,0.3578335472935106,0.574468085106383,0.4686274509803921,0.2430423597230771,0.421875,0.4399274047186933,0.2483186065854279,0.4864864864864865,0.611111111111111,0.3617515688022157,0.6153846153846154,10.4,10.4,5.4258639865002145,4,12.0,16,elasticnet_then_mrmr_auto_k_smote,nested_cv_outputs_all_triple_concat_batch_smote_compare/Post1_Post2_Pre/fs_method_comparison/elasticnet_then_mrmr_auto_k_smote,elasticnet_then_mrmr_auto_k,elasticnet_then_mrmr,auto,True,33,4,1.5757575757575757
Post1_Post2_T2,Post1,Post2,T2,NaiveBayes,0.7353104575163397,0.0569725200619209,0.7064302884615385,0.738669989813624,0.171497935841686,0.7656049578048236,0.6040776551343848,0.087734827799558,0.6206896551724138,0.616704014939309,0.0870056155726932,0.6129807692307692,0.6308180708180707,0.2005184339765771,0.6470588235294118,0.6603921568627451,0.1545038318742341,0.6875,0.613030303030303,0.1386528388952085,0.6666666666666666,0.573015873015873,0.2474434664431694,0.5384615384615384,10.0,10.0,5.059644256269407,4,8.0,16,mrmr_then_elasticnet_no_corr_auto_k_no_smote,nested_cv_outputs_all_triple_concat_batch_smote_compare/Post1_Post2_T2/fs_method_comparison/mrmr_then_elasticnet_no_corr_auto_k_no_smote,mrmr_then_elasticnet_no_corr_auto_k,mrmr_then_elasticnet_no_corr,auto,False,38,3,1.3157894736842106
Post1_Post2_T2,Post1,Post2,T2,NaiveBayes,0.7291433239962651,0.061316529987458,0.7034254807692307,0.7304356424110925,0.1713618619407646,0.7613950991494508,0.5967361645893348,0.0690816337653393,0.6120689655172413,0.6120821661998133,0.0662667794366561,0.6069711538461539,0.6289377289377288,0.1943174245803119,0.6461538461538462,0.6368627450980392,0.1547425339918559,0.65625,0.5995348837209302,0.1278760592184585,0.6511627906976745,0.5873015873015873,0.2230568227670196,0.5576923076923077,10.0,10.0,5.059644256269407,4,8.0,16,mrmr_then_elasticnet_no_corr_auto_k_smote,nested_cv_outputs_all_triple_concat_batch_smote_compare/Post1_Post2_T2/fs_method_comparison/mrmr_then_elasticnet_no_corr_auto_k_smote,mrmr_then_elasticnet_no_corr_auto_k,mrmr_then_elasticnet_no_corr,auto,True,38,3,1.3157894736842106
Post1_Post2_T2,Post1,Post2,T2,LogisticRegression,0.7205298786181139,0.0901841435202731,0.6838942307692308,0.7722983662372548,0.0922281365592218,0.7606089577721189,0.5879947329891713,0.0372364641530148,0.5862068965517241,0.5813515406162464,0.0507335692437991,0.5907451923076923,0.6189186176142698,0.1969109146814555,0.6481481481481481,0.4996078431372549,0.1853969006350709,0.546875,0.5294505494505495,0.1496327984513821,0.5932203389830508,0.6630952380952381,0.1709318199599768,0.6346153846153846,10.0,10.0,5.059644256269407,4,8.0,16,mrmr_then_elasticnet_no_corr_auto_k_no_smote,nested_cv_outputs_all_triple_concat_batch_smote_compare/Post1_Post2_T2/fs_method_comparison/mrmr_then_elasticnet_no_corr_auto_k_no_smote,mrmr_then_elasticnet_no_corr_auto_k,mrmr_then_elasticnet_no_corr,auto,False,38,3,1.3157894736842106
Post1_Post2_T2,Post1,Post2,T2,SVM_Linear,0.716514939309057,0.0801643888911745,0.6896033653846153,0.7718986116260311,0.0823349512227674,0.7598195895739877,0.6355722882975384,0.0471655640652144,0.6293103448275862,0.6473529411764706,0.0404149944956643,0.6352163461538461,0.7071794871794871,0.1926895354390544,0.6981132075471698,0.5780392156862745,0.1597306460176038,0.578125,0.5986911723753829,0.0901301275085884,0.6324786324786325,0.7166666666666666,0.1632993161855452,0.6923076923076923,10.0,10.0,5.059644256269407,4,8.0,16,mrmr_then_elasticnet_no_corr_auto_k_smote,nested_cv_outputs_all_triple_concat_batch_smote_compare/Post1_Post2_T2/fs_method_comparison/mrmr_then_elasticnet_no_corr_auto_k_smote,mrmr_then_elasticnet_no_corr_auto_k,mrmr_then_elasticnet_no_corr,auto,True,38,3,1.3157894736842106
Post1_Post2_T2,Post1,Post2,T2,LogisticRegression,0.7109803921568627,0.0949105579569781,0.680889423076923,0.7687314821207439,0.0919151691421886,0.7563692454839943,0.5977648479316999,0.0611418716757391,0.5862068965517241,0.6088025210084033,0.0497695613308633,0.5907451923076923,0.6405852842809365,0.142199747623085,0.6481481481481481,0.5545098039215686,0.1885552835734803,0.546875,0.5599999999999999,0.1103529690483123,0.5932203389830508,0.6630952380952381,0.1709318199599768,0.6346153846153846,10.0,10.0,5.059644256269407,4,8.0,16,mrmr_then_elasticnet_no_corr_auto_k_smote,nested_cv_outputs_all_triple_concat_batch_smote_compare/Post1_Post2_T2/fs_method_comparison/mrmr_then_elasticnet_no_corr_auto_k_smote,mrmr_then_elasticnet_no_corr_auto_k,mrmr_then_elasticnet_no_corr,auto,True,38,3,1.3157894736842106
Post1_Post2_T2,Post1,Post2,T2,SVM_Linear,0.7086663554310613,0.0701814928356407,0.6502403846153846,0.7643111515285093,0.0904028981644845,0.7450628819457163,0.5915727826740063,0.0494668476207926,0.603448275862069,0.6285714285714286,0.0201400852413075,0.5973557692307692,0.6319014319014319,0.1575804020597149,0.6363636363636364,0.7,0.2250720761142234,0.65625,0.6141033157449026,0.0838978875934384,0.6461538461538462,0.5571428571428572,0.2050109227774215,0.5384615384615384,10.0,10.0,5.059644256269407,4,8.0,16,mrmr_then_elasticnet_no_corr_auto_k_no_smote,nested_cv_outputs_all_triple_concat_batch_smote_compare/Post1_Post2_T2/fs_method_comparison/mrmr_then_elasticnet_no_corr_auto_k_no_smote,mrmr_then_elasticnet_no_corr_auto_k,mrmr_then_elasticnet_no_corr,auto,False,38,3,1.3157894736842106
Post1_Post2_T2,Post1,Post2,T2,ExtraTrees,0.7066495487083723,0.1083263784372595,0.635516826923077,0.7710643542442177,0.0643783521615248,0.6923109456768981,0.6457873420609793,0.0649135245877675,0.6293103448275862,0.6525816993464052,0.0515361031326273,0.6370192307692308,0.7238461538461538,0.1639815258753325,0.7058823529411765,0.5662745098039215,0.1424474379814054,0.5625,0.6061490061490062,0.0679339724871483,0.6260869565217392,0.7388888888888888,0.1625415426480866,0.7115384615384616,10.0,10.0,5.059644256269407,4,8.0,16,mrmr_then_elasticnet_no_corr_auto_k_no_smote,nested_cv_outputs_all_triple_concat_batch_smote_compare/Post1_Post2_T2/fs_method_comparison/mrmr_then_elasticnet_no_corr_auto_k_no_smote,mrmr_then_elasticnet_no_corr_auto_k,mrmr_then_elasticnet_no_corr,auto,False,38,3,1.3157894736842106
Post1_Post2_T2,Post1,Post2,T2,SVM_RBF,0.7046942110177404,0.1013283174042792,0.6775841346153847,0.7637223567626044,0.0887815359692999,0.7537532614995217,0.6424688400216765,0.03547272084818,0.6379310344827587,0.653235294117647,0.0314606605805985,0.6430288461538461,0.7126340326340326,0.192795082027161,0.7037037037037037,0.5898039215686274,0.1488461322575869,0.59375,0.6092731829573935,0.0829130866241459,0.6440677966101694,0.7166666666666666,0.1632993161855452,0.6923076923076923,10.0,10.0,5.059644256269407,4,8.0,16,mrmr_then_elasticnet_no_corr_auto_k_smote,nested_cv_outputs_all_triple_concat_batch_smote_compare/Post1_Post2_T2/fs_method_comparison/mrmr_then_elasticnet_no_corr_auto_k_smote,mrmr_then_elasticnet_no_corr_auto_k,mrmr_then_elasticnet_no_corr,auto,True,38,3,1.3157894736842106
Post1_Post2_T2,Post1,Post2,T2,XGBoost,0.7029761904761905,0.075144551835612,0.6577524038461537,0.7963894634098889,0.0354675765470903,0.7183021084249137,0.567717692022475,0.0943506977539918,0.5948275862068966,0.6064682539682539,0.05503991236239,0.5895432692307692,0.6117316017316017,0.179217349445401,0.6307692307692307,0.6799999999999999,0.2055829756122614,0.640625,0.5972934186556478,0.1104616395933508,0.6356589147286822,0.532936507936508,0.2033032206987515,0.5384615384615384,8.8,8.8,4.995998398718719,4,6.0,18,elasticnet_then_mrmr_auto_k_no_smote,nested_cv_outputs_all_triple_concat_batch_smote_compare/Post1_Post2_T2/fs_method_comparison/elasticnet_then_mrmr_auto_k_no_smote,elasticnet_then_mrmr_auto_k,elasticnet_then_mrmr,auto,False,27,4,1.6296296296296295
Post1_Post2_T2,Post1,Post2,T2,ExtraTrees,0.699408652349829,0.1146691233424074,0.6313100961538463,0.7668113819110497,0.0643326737103895,0.6872414664366823,0.6277796792257304,0.0746861723926032,0.6120689655172413,0.656421568627451,0.0939032484486247,0.6177884615384616,0.6771794871794872,0.1056410256410256,0.6792452830188679,0.6211764705882353,0.2391912555830685,0.5625,0.6061815661815662,0.0925869508155698,0.6153846153846154,0.6916666666666667,0.1224744871391589,0.6730769230769231,10.0,10.0,5.059644256269407,4,8.0,16,mrmr_then_elasticnet_no_corr_auto_k_smote,nested_cv_outputs_all_triple_concat_batch_smote_compare/Post1_Post2_T2/fs_method_comparison/mrmr_then_elasticnet_no_corr_auto_k_smote,mrmr_then_elasticnet_no_corr_auto_k,mrmr_then_elasticnet_no_corr,auto,True,38,3,1.3157894736842106
Post1_Post2_T2,Post1,Post2,T2,LightGBM,0.6912636165577342,0.0888245580787986,0.6316105769230769,0.735420758188857,0.0421420846507753,0.6459452901143555,0.6146497057509294,0.0753402561178165,0.6293103448275862,0.6562114845938375,0.0329789526673819,0.6316105769230769,0.6780555555555556,0.1799185343769387,0.6842105263157895,0.6564705882352941,0.2270801574860195,0.609375,0.6090775890775891,0.1099679874199488,0.6446280991735537,0.6559523809523811,0.1953396948187492,0.6538461538461539,8.8,8.8,4.995998398718719,4,6.0,18,elasticnet_then_mrmr_auto_k_smote,nested_cv_outputs_all_triple_concat_batch_smote_compare/Post1_Post2_T2/fs_method_comparison/elasticnet_then_mrmr_auto_k_smote,elasticnet_then_mrmr_auto_k,elasticnet_then_mrmr,auto,True,27,4,1.6296296296296295
Post1_Post2_T2,Post1,Post2,T2,RandomForest,0.6757166199813259,0.087024540681473,0.670673076923077,0.7483654810617806,0.1118585981595038,0.7339333385264006,0.6271018130306227,0.1135297644312233,0.646551724137931,0.6512605042016806,0.0859526445411993,0.6490384615384616,0.7058333333333333,0.2514347717489457,0.7017543859649122,0.6215686274509804,0.1159352588164273,0.625,0.6192977392977392,0.1422325185914109,0.6611570247933884,0.680952380952381,0.2271782941309821,0.6730769230769231,8.8,8.8,4.995998398718719,4,6.0,18,elasticnet_then_mrmr_auto_k_no_smote,nested_cv_outputs_all_triple_concat_batch_smote_compare/Post1_Post2_T2/fs_method_comparison/elasticnet_then_mrmr_auto_k_no_smote,elasticnet_then_mrmr_auto_k,elasticnet_then_mrmr,auto,False,27,4,1.6296296296296295
Post1_Post2_T2,Post1,Post2,T2,SVM_RBF,0.6749315281668223,0.0267840112619991,0.6409254807692307,0.7224867276446053,0.0912853117292534,0.6771786679743017,0.6061202855974824,0.1120543499772002,0.6293103448275862,0.6332399626517273,0.048511808939769,0.6135817307692308,0.6279932590095929,0.1776139850636487,0.6363636363636364,0.7823529411764706,0.2229093567234872,0.765625,0.6485854357888929,0.127857003908309,0.6950354609929078,0.4841269841269842,0.2575026876845697,0.4615384615384615,8.8,8.8,4.995998398718719,4,6.0,18,elasticnet_then_mrmr_auto_k_no_smote,nested_cv_outputs_all_triple_concat_batch_smote_compare/Post1_Post2_T2/fs_method_comparison/elasticnet_then_mrmr_auto_k_no_smote,elasticnet_then_mrmr_auto_k,elasticnet_then_mrmr,auto,False,27,4,1.6296296296296295
Post1_Post2_T2,Post1,Post2,T2,ExtraTrees,0.6737857920946156,0.0508568205239717,0.6667668269230769,0.7420688131072712,0.1018682663280449,0.7290336712617348,0.5757018719755093,0.087237700634402,0.5948275862068966,0.5951003734827264,0.0542371718266785,0.5949519230769231,0.6266666666666667,0.1951068083554919,0.6440677966101694,0.5898039215686275,0.1289140756787724,0.59375,0.572336169577549,0.1283445520563495,0.6178861788617886,0.6003968253968254,0.1754829925526489,0.5961538461538461,8.8,8.8,4.995998398718719,4,6.0,18,elasticnet_then_mrmr_auto_k_no_smote,nested_cv_outputs_all_triple_concat_batch_smote_compare/Post1_Post2_T2/fs_method_comparison/elasticnet_then_mrmr_auto_k_no_smote,elasticnet_then_mrmr_auto_k,elasticnet_then_mrmr,auto,False,27,4,1.6296296296296295
Post1_Post2_T2,Post1,Post2,T2,ExtraTrees,0.6730866791160909,0.0688458417981432,0.678936298076923,0.7395141559203661,0.1037536747455617,0.732899252165835,0.5811571261515643,0.1018002737472285,0.5948275862068966,0.6078804855275444,0.0705162648925455,0.6021634615384616,0.6791316526610645,0.2432384033624396,0.6666666666666666,0.5427450980392157,0.172559714463567,0.53125,0.5482874968169086,0.1446909250721131,0.591304347826087,0.6730158730158731,0.2292208587062084,0.6730769230769231,8.8,8.8,4.995998398718719,4,6.0,18,elasticnet_then_mrmr_auto_k_smote,nested_cv_outputs_all_triple_concat_batch_smote_compare/Post1_Post2_T2/fs_method_comparison/elasticnet_then_mrmr_auto_k_smote,elasticnet_then_mrmr_auto_k,elasticnet_then_mrmr,auto,True,27,4,1.6296296296296295
Post1_Post2_T2,Post1,Post2,T2,KNN,0.6693681917211329,0.0808376239811261,0.657001201923077,0.7216942567153188,0.1122440580097264,0.7144921924423546,0.5820531834992346,0.1427222359022692,0.603448275862069,0.6192343604108309,0.0996024278756251,0.5919471153846154,0.6609222661396574,0.2425712677835905,0.625,0.7352941176470589,0.1600173001027699,0.703125,0.6361904761904761,0.1092065799185455,0.6617647058823529,0.5031746031746032,0.3302045145299709,0.4807692307692308,8.8,8.8,4.995998398718719,4,6.0,18,elasticnet_then_mrmr_auto_k_no_smote,nested_cv_outputs_all_triple_concat_batch_smote_compare/Post1_Post2_T2/fs_method_comparison/elasticnet_then_mrmr_auto_k_no_smote,elasticnet_then_mrmr_auto_k,elasticnet_then_mrmr,auto,False,27,4,1.6296296296296295
Post1_Post2_T2,Post1,Post2,T2,XGBoost,0.667569249922191,0.0959397775408564,0.6177884615384616,0.7197037784071981,0.0880577155978895,0.6720801823854174,0.5623537073481456,0.0738972025296224,0.5689655172413793,0.5655368814192343,0.0653216804144807,0.5661057692307692,0.5677489177489178,0.1414889221248439,0.6129032258064516,0.5898039215686274,0.1534250766107866,0.59375,0.5600744284954811,0.1214203980214223,0.6031746031746031,0.5412698412698413,0.0781494198418487,0.5384615384615384,10.0,10.0,5.059644256269407,4,8.0,16,mrmr_then_elasticnet_no_corr_auto_k_smote,nested_cv_outputs_all_triple_concat_batch_smote_compare/Post1_Post2_T2/fs_method_comparison/mrmr_then_elasticnet_no_corr_auto_k_smote,mrmr_then_elasticnet_no_corr_auto_k,mrmr_then_elasticnet_no_corr,auto,True,38,3,1.3157894736842106
Post1_Post2_T2,Post1,Post2,T2,XGBoost,0.6661881419234359,0.0607639840949639,0.6613581730769231,0.7255043923807392,0.0876163897429122,0.7284161819421417,0.6317613112385081,0.0510930071405007,0.6379310344827587,0.6675793650793651,0.0551602970490348,0.6376201923076923,0.6802380952380952,0.1717087657248673,0.6833333333333333,0.6799999999999999,0.2055829756122614,0.640625,0.6315763217326358,0.0897743810431724,0.6612903225806451,0.65515873015873,0.1833590994056337,0.6346153846153846,8.8,8.8,4.995998398718719,4,6.0,18,elasticnet_then_mrmr_auto_k_smote,nested_cv_outputs_all_triple_concat_batch_smote_compare/Post1_Post2_T2/fs_method_comparison/elasticnet_then_mrmr_auto_k_smote,elasticnet_then_mrmr_auto_k,elasticnet_then_mrmr,auto,True,27,4,1.6296296296296295
Post1_Post2_T2,Post1,Post2,T2,RandomForest,0.6660247432306257,0.1227003756092717,0.6619591346153846,0.7335506170361665,0.0847792414308964,0.7336003581708264,0.5904823022731811,0.0975417631868899,0.5862068965517241,0.5904084967320261,0.0782421396364079,0.5871394230769231,0.5883380018674136,0.1197828467285914,0.6379310344827587,0.5780392156862744,0.194860531360369,0.578125,0.5645224409930292,0.1445825191697146,0.6065573770491803,0.6027777777777777,0.0654990340141755,0.5961538461538461,10.0,10.0,5.059644256269407,4,8.0,16,mrmr_then_elasticnet_no_corr_auto_k_smote,nested_cv_outputs_all_triple_concat_batch_smote_compare/Post1_Post2_T2/fs_method_comparison/mrmr_then_elasticnet_no_corr_auto_k_smote,mrmr_then_elasticnet_no_corr_auto_k,mrmr_then_elasticnet_no_corr,auto,True,38,3,1.3157894736842106
Post1_Post2_T2,Post1,Post2,T2,SVM_Linear,0.6646436352318706,0.0951057408518542,0.6532451923076923,0.6986305559717098,0.1786003814658693,0.6797074638440669,0.5825570672066779,0.1405055760975042,0.6120689655172413,0.5940242763772176,0.0891250728955494,0.5979567307692308,0.6078922489085828,0.2038404816158066,0.6266666666666667,0.7039215686274509,0.2082866152923843,0.734375,0.6130921933990987,0.1703000532198782,0.6762589928057554,0.4841269841269842,0.2575026876845697,0.4615384615384615,8.8,8.8,4.995998398718719,4,6.0,18,elasticnet_then_mrmr_auto_k_no_smote,nested_cv_outputs_all_triple_concat_batch_smote_compare/Post1_Post2_T2/fs_method_comparison/elasticnet_then_mrmr_auto_k_no_smote,elasticnet_then_mrmr_auto_k,elasticnet_then_mrmr,auto,False,27,4,1.6296296296296295
Post1_Post2_T2,Post1,Post2,T2,RandomForest,0.6556427015250544,0.1165338969374265,0.6772836538461539,0.7433673125691809,0.1199229633095658,0.7348015718166516,0.606671705503741,0.1826326932379643,0.646551724137931,0.6120915032679738,0.1700747285829847,0.6436298076923077,0.6769191919191918,0.2947342337497056,0.6825396825396826,0.6019607843137256,0.2133203571601434,0.671875,0.602061642061642,0.2227074981231127,0.6771653543307087,0.6222222222222222,0.270801280154532,0.6153846153846154,8.8,8.8,4.995998398718719,4,6.0,18,elasticnet_then_mrmr_auto_k_smote,nested_cv_outputs_all_triple_concat_batch_smote_compare/Post1_Post2_T2/fs_method_comparison/elasticnet_then_mrmr_auto_k_smote,elasticnet_then_mrmr_auto_k,elasticnet_then_mrmr,auto,True,27,4,1.6296296296296295
Post1_Post2_T2,Post1,Post2,T2,GradientBoosting,0.6551237161531279,0.0807919160582584,0.6654146634615384,0.7396309917898604,0.110495240102665,0.7394727917969128,0.5954954698002529,0.0599729129597129,0.6120689655172413,0.6275793650793651,0.0438726157749991,0.6069711538461539,0.6291125541125542,0.1661111222361924,0.6461538461538462,0.7,0.1807328411263202,0.65625,0.621979190400243,0.0832903105197987,0.6511627906976745,0.5551587301587302,0.1717497725731733,0.5576923076923077,8.8,8.8,4.995998398718719,4,6.0,18,elasticnet_then_mrmr_auto_k_no_smote,nested_cv_outputs_all_triple_concat_batch_smote_compare/Post1_Post2_T2/fs_method_comparison/elasticnet_then_mrmr_auto_k_no_smote,elasticnet_then_mrmr_auto_k,elasticnet_then_mrmr,auto,False,27,4,1.6296296296296295
Post1_Post2_T2,Post1,Post2,T2,GradientBoosting,0.6518362900715842,0.1044951888034814,0.6361177884615385,0.7169621193701466,0.1152423428004949,0.7199089583347109,0.5321534848787353,0.1292413382404995,0.5689655172413793,0.5773015873015872,0.0764105771603675,0.5606971153846154,0.5754564276303407,0.1764946802927984,0.6029411764705882,0.6799999999999999,0.2309480985447883,0.640625,0.5768834860603491,0.13249386027848,0.6212121212121212,0.4746031746031746,0.2042876259453482,0.4807692307692308,10.0,10.0,5.059644256269407,4,8.0,16,mrmr_then_elasticnet_no_corr_auto_k_no_smote,nested_cv_outputs_all_triple_concat_batch_smote_compare/Post1_Post2_T2/fs_method_comparison/mrmr_then_elasticnet_no_corr_auto_k_no_smote,mrmr_then_elasticnet_no_corr_auto_k,mrmr_then_elasticnet_no_corr,auto,False,38,3,1.3157894736842106
Post1_Post2_T2,Post1,Post2,T2,KNN,0.6511208372237784,0.0592360496140276,0.6579026442307693,0.7126044994543003,0.1157679824740271,0.7477439587981737,0.5978237928182311,0.077404079543384,0.5948275862068966,0.585814659197012,0.0676155886767257,0.6003605769230769,0.6161172161172161,0.164589153006483,0.660377358490566,0.4831372549019608,0.2044096722514805,0.546875,0.5183805668016194,0.1746767721706807,0.5982905982905983,0.6884920634920635,0.1608391637118345,0.6538461538461539,10.0,10.0,5.059644256269407,4,8.0,16,mrmr_then_elasticnet_no_corr_auto_k_smote,nested_cv_outputs_all_triple_concat_batch_smote_compare/Post1_Post2_T2/fs_method_comparison/mrmr_then_elasticnet_no_corr_auto_k_smote,mrmr_then_elasticnet_no_corr_auto_k,mrmr_then_elasticnet_no_corr,auto,True,38,3,1.3157894736842106
Post1_Post2_T2,Post1,Post2,T2,RandomForest,0.6488811079987551,0.1222314775447473,0.6454326923076924,0.7323525531309177,0.0899084295564618,0.728078861402071,0.5802021239173631,0.0613462481234261,0.5689655172413793,0.5552894491129784,0.0240176437119052,0.5697115384615384,0.5793582887700535,0.1301682539143182,0.6206896551724138,0.5113725490196079,0.1850481820523832,0.5625,0.5300653594771242,0.1389315582283547,0.5901639344262295,0.5992063492063492,0.1683587574253684,0.5769230769230769,10.0,10.0,5.059644256269407,4,8.0,16,mrmr_then_elasticnet_no_corr_auto_k_no_smote,nested_cv_outputs_all_triple_concat_batch_smote_compare/Post1_Post2_T2/fs_method_comparison/mrmr_then_elasticnet_no_corr_auto_k_no_smote,mrmr_then_elasticnet_no_corr_auto_k,mrmr_then_elasticnet_no_corr,auto,False,38,3,1.3157894736842106
Post1_Post2_T2,Post1,Post2,T2,KNN,0.642556800497977,0.1066340660394123,0.6443810096153846,0.7095771628674442,0.1179143693343758,0.7037299256108014,0.5575939077607599,0.1334143294991335,0.5775862068965517,0.5776984126984127,0.111519328341487,0.5721153846153846,0.6438562091503268,0.2599283543015276,0.6153846153846154,0.6133333333333333,0.1088078066720031,0.625,0.5792830645771823,0.1374956230974109,0.6201550387596899,0.5420634920634921,0.2876433992284152,0.5192307692307693,8.8,8.8,4.995998398718719,4,6.0,18,elasticnet_then_mrmr_auto_k_smote,nested_cv_outputs_all_triple_concat_batch_smote_compare/Post1_Post2_T2/fs_method_comparison/elasticnet_then_mrmr_auto_k_smote,elasticnet_then_mrmr_auto_k,elasticnet_then_mrmr,auto,True,27,4,1.6296296296296295
Post1_Post2_T2,Post1,Post2,T2,XGBoost,0.6423949579831932,0.0917200864978856,0.6496394230769231,0.685616074074803,0.1205405105201103,0.6763153548218611,0.5576942091402602,0.0876646562507656,0.5775862068965517,0.5754575163398693,0.0515721479617075,0.5757211538461539,0.5906060606060606,0.1748287893954232,0.6229508196721312,0.5898039215686274,0.1534250766107866,0.59375,0.5587223587223588,0.1371821726739235,0.608,0.5611111111111111,0.143156652519168,0.5576923076923077,10.0,10.0,5.059644256269407,4,8.0,16,mrmr_then_elasticnet_no_corr_auto_k_no_smote,nested_cv_outputs_all_triple_concat_batch_smote_compare/Post1_Post2_T2/fs_method_comparison/mrmr_then_elasticnet_no_corr_auto_k_no_smote,mrmr_then_elasticnet_no_corr_auto_k,mrmr_then_elasticnet_no_corr,auto,False,38,3,1.3157894736842106
Post1_Post2_T2,Post1,Post2,T2,LightGBM,0.6423910675381264,0.1038115782693847,0.6185396634615384,0.6781155017721957,0.1520723080930657,0.6366662614447867,0.5984341576110208,0.1014376927762847,0.6206896551724138,0.6124206349206348,0.0801388172167992,0.6201923076923077,0.6139285714285714,0.1809851160866494,0.6666666666666666,0.6133333333333333,0.1766813556166292,0.625,0.5867484596896361,0.1564479081288217,0.6451612903225806,0.6115079365079366,0.1019030311873996,0.6153846153846154,8.8,8.8,4.995998398718719,4,6.0,18,elasticnet_then_mrmr_auto_k_no_smote,nested_cv_outputs_all_triple_concat_batch_smote_compare/Post1_Post2_T2/fs_method_comparison/elasticnet_then_mrmr_auto_k_no_smote,elasticnet_then_mrmr_auto_k,elasticnet_then_mrmr,auto,False,27,4,1.6296296296296295
Post1_Post2_T2,Post1,Post2,T2,ExtraTrees,0.6407080610021787,0.0656328306992385,0.6141826923076923,0.745645475929464,0.0523273479572396,0.6974960595467149,0.5868543395795898,0.0716822155289096,0.5948275862068966,0.6053104575163399,0.0637707230115663,0.5985576923076923,0.6571428571428571,0.2001133465661971,0.6545454545454545,0.5745098039215686,0.1759906327240539,0.5625,0.564324942791762,0.1272077038769365,0.6050420168067226,0.6361111111111111,0.2134374745810949,0.6346153846153846,13.6,13.6,5.276362383309167,4,16.0,18,corr_mrmr_auto_k_smote,nested_cv_outputs_all_triple_concat_batch_smote_compare/Post1_Post2_T2/fs_method_comparison/corr_mrmr_auto_k_smote,corr_mrmr_auto_k,corr_mrmr,auto,True,52,3,1.3076923076923077
Post1_Post2_T2,Post1,Post2,T2,RandomForest,0.6391760037348273,0.0715187391254384,0.6231971153846154,0.7375622399501343,0.0893644644581885,0.7097188465882269,0.6273760968977876,0.1166848804671739,0.6120689655172413,0.6269467787114846,0.1247656152165286,0.6141826923076923,0.665,0.1946792233393178,0.6666666666666666,0.6062745098039215,0.1519140978251575,0.59375,0.6114523614523615,0.1270048500528532,0.628099173553719,0.6476190476190475,0.2142327976990855,0.6346153846153846,13.6,13.6,5.276362383309167,4,16.0,18,corr_mrmr_auto_k_smote,nested_cv_outputs_all_triple_concat_batch_smote_compare/Post1_Post2_T2/fs_method_comparison/corr_mrmr_auto_k_smote,corr_mrmr_auto_k,corr_mrmr,auto,True,52,3,1.3076923076923077
Post1_Post2_T2,Post1,Post2,T2,GradientBoosting,0.6379824151882976,0.1239719506808282,0.6200420673076923,0.695762360002002,0.0971909769396637,0.683790609866906,0.5965830980291491,0.0723519288963752,0.5948275862068966,0.6173225957049486,0.0954289815482958,0.5931490384615384,0.6064102564102564,0.1069390064769669,0.639344262295082,0.6564705882352941,0.2112935936060578,0.609375,0.6033817163228928,0.0945303709346797,0.624,0.5781746031746031,0.0256436419387357,0.5769230769230769,10.0,10.0,5.059644256269407,4,8.0,16,mrmr_then_elasticnet_no_corr_auto_k_smote,nested_cv_outputs_all_triple_concat_batch_smote_compare/Post1_Post2_T2/fs_method_comparison/mrmr_then_elasticnet_no_corr_auto_k_smote,mrmr_then_elasticnet_no_corr_auto_k,mrmr_then_elasticnet_no_corr,auto,True,38,3,1.3157894736842106
Post1_Post2_T2,Post1,Post2,T2,GradientBoosting,0.6368448490507314,0.0923694126148189,0.6225961538461539,0.6694576754012518,0.1791591312904048,0.7034234254724678,0.5965655096355875,0.118940853022363,0.5862068965517241,0.6028804855275444,0.1300340346338563,0.5889423076923077,0.6445098039215688,0.2157286945807471,0.6428571428571429,0.5827450980392157,0.104481657542286,0.5625,0.5891170836150552,0.1203895387531168,0.6,0.6230158730158731,0.2156628295146513,0.6153846153846154,13.6,13.6,5.276362383309167,4,16.0,18,corr_mrmr_auto_k_smote,nested_cv_outputs_all_triple_concat_batch_smote_compare/Post1_Post2_T2/fs_method_comparison/corr_mrmr_auto_k_smote,corr_mrmr_auto_k,corr_mrmr,auto,True,52,3,1.3076923076923077
Post1_Post2_T2,Post1,Post2,T2,SVM_RBF,0.6368183940242764,0.1864030121617703,0.6095252403846154,0.7226658287894845,0.1463859986169301,0.7243399050106587,0.5472196077312874,0.084599491068729,0.5517241379310345,0.5965126050420169,0.0608225815074891,0.5558894230769231,0.4771428571428571,0.2809184806020497,0.6111111111111112,0.5858823529411765,0.3580338465761549,0.515625,0.4847926267281106,0.2602793370688848,0.559322033898305,0.6071428571428571,0.2670490455773324,0.5961538461538461,10.0,10.0,5.059644256269407,4,8.0,16,mrmr_then_elasticnet_no_corr_auto_k_no_smote,nested_cv_outputs_all_triple_concat_batch_smote_compare/Post1_Post2_T2/fs_method_comparison/mrmr_then_elasticnet_no_corr_auto_k_no_smote,mrmr_then_elasticnet_no_corr_auto_k,mrmr_then_elasticnet_no_corr,auto,False,38,3,1.3157894736842106
Post1_Post2_T2,Post1,Post2,T2,RandomForest,0.6331644880174292,0.0743435928825576,0.6150841346153846,0.7376806300504946,0.0836147953317131,0.6968138925195995,0.6167688694941197,0.0490281267332453,0.6120689655172413,0.6187698412698412,0.0406938232817846,0.6105769230769231,0.6441904761904762,0.133672493808214,0.6557377049180327,0.6133333333333333,0.1880652827011883,0.625,0.5984247046983421,0.0948844450872187,0.64,0.6242063492063492,0.1688425613748502,0.5961538461538461,13.6,13.6,5.276362383309167,4,16.0,18,corr_mrmr_auto_k_no_smote,nested_cv_outputs_all_triple_concat_batch_smote_compare/Post1_Post2_T2/fs_method_comparison/corr_mrmr_auto_k_no_smote,corr_mrmr_auto_k,corr_mrmr,auto,False,52,3,1.3076923076923077
Post1_Post2_T2,Post1,Post2,T2,GradientBoosting,0.6325389044506691,0.0650659726629409,0.6311598557692307,0.6920601532075537,0.0825536601283991,0.6659259605853775,0.5945052907789281,0.0678492884147371,0.603448275862069,0.6281769374416433,0.0770454278356503,0.6063701923076923,0.6254761904761905,0.1453972586116787,0.6607142857142857,0.6329411764705883,0.2110314101155639,0.578125,0.5925856418004556,0.0962474404027529,0.6166666666666667,0.6234126984126984,0.0938422847207616,0.6346153846153846,8.8,8.8,4.995998398718719,4,6.0,18,elasticnet_then_mrmr_auto_k_smote,nested_cv_outputs_all_triple_concat_batch_smote_compare/Post1_Post2_T2/fs_method_comparison/elasticnet_then_mrmr_auto_k_smote,elasticnet_then_mrmr_auto_k,elasticnet_then_mrmr,auto,True,27,4,1.6296296296296295
Post1_Post2_T2,Post1,Post2,T2,KNN,0.6291230936819172,0.0858021380659169,0.6287560096153846,0.7066395561127166,0.1164514836308368,0.7207122650651591,0.5611130125590637,0.0840223741305422,0.5775862068965517,0.5919234360410831,0.0454528367769992,0.5649038461538461,0.592170868347339,0.1557536093064289,0.6027397260273972,0.7235294117647059,0.187498558241285,0.6875,0.6114432733693854,0.0935913875158531,0.6423357664233577,0.4603174603174603,0.1801255126358927,0.4423076923076923,10.0,10.0,5.059644256269407,4,8.0,16,mrmr_then_elasticnet_no_corr_auto_k_no_smote,nested_cv_outputs_all_triple_concat_batch_smote_compare/Post1_Post2_T2/fs_method_comparison/mrmr_then_elasticnet_no_corr_auto_k_no_smote,mrmr_then_elasticnet_no_corr_auto_k,mrmr_then_elasticnet_no_corr,auto,False,38,3,1.3157894736842106
Post1_Post2_T2,Post1,Post2,T2,LogisticRegression,0.6282306255835668,0.096185110534756,0.639423076923077,0.6733507908864309,0.1719545737879834,0.6592768387955249,0.5855309318045692,0.1385492537702126,0.6120689655172413,0.6019724556489262,0.0908035249216629,0.6033653846153846,0.625,0.2148068325464578,0.6376811594202898,0.6686274509803922,0.1657297773263956,0.6875,0.6083529576675077,0.1619040628466437,0.6616541353383458,0.5353174603174604,0.2292689423393207,0.5192307692307693,8.8,8.8,4.995998398718719,4,6.0,18,elasticnet_then_mrmr_auto_k_smote,nested_cv_outputs_all_triple_concat_batch_smote_compare/Post1_Post2_T2/fs_method_comparison/elasticnet_then_mrmr_auto_k_smote,elasticnet_then_mrmr_auto_k,elasticnet_then_mrmr,auto,True,27,4,1.6296296296296295
Post1_Post2_T2,Post1,Post2,T2,LightGBM,0.6281878306878307,0.1254186492807963,0.6317608173076923,0.685538062647459,0.1294710214149622,0.6784487971038299,0.583394179667817,0.0848379082235357,0.5948275862068966,0.5934547152194211,0.0818100485157346,0.5985576923076923,0.6028571428571429,0.1664788056893855,0.6545454545454545,0.5662745098039216,0.1156324234916524,0.5625,0.5671548634285009,0.1182126454728893,0.6050420168067226,0.6206349206349205,0.0797451218227331,0.6346153846153846,10.0,10.0,5.059644256269407,4,8.0,16,mrmr_then_elasticnet_no_corr_auto_k_smote,nested_cv_outputs_all_triple_concat_batch_smote_compare/Post1_Post2_T2/fs_method_comparison/mrmr_then_elasticnet_no_corr_auto_k_smote,mrmr_then_elasticnet_no_corr_auto_k,mrmr_then_elasticnet_no_corr,auto,True,38,3,1.3157894736842106
Post1_Post2_T2,Post1,Post2,T2,SVM_Linear,0.6257609710550887,0.1030139074989981,0.6301081730769231,0.6807240926854023,0.1760781103766795,0.6649719387064468,0.5957459855680101,0.1072965201414361,0.6120689655172413,0.6059407096171802,0.0731256569992308,0.6033653846153846,0.6255555555555555,0.2048064427998926,0.6376811594202898,0.6686274509803922,0.1657297773263956,0.6875,0.6109292431706226,0.1491893495943501,0.6616541353383458,0.5432539682539683,0.2171777216046822,0.5192307692307693,8.8,8.8,4.995998398718719,4,6.0,18,elasticnet_then_mrmr_auto_k_smote,nested_cv_outputs_all_triple_concat_batch_smote_compare/Post1_Post2_T2/fs_method_comparison/elasticnet_then_mrmr_auto_k_smote,elasticnet_then_mrmr_auto_k,elasticnet_then_mrmr,auto,True,27,4,1.6296296296296295
Post1_Post2_T2,Post1,Post2,T2,ExtraTrees,0.625379707438531,0.0442862222908781,0.5997596153846154,0.7297122680406247,0.0756657771114813,0.7074192040131141,0.5956433073785689,0.1009498172911975,0.6120689655172413,0.6047922502334268,0.1024072346851454,0.6159855769230769,0.635,0.1628223298909308,0.6727272727272727,0.5615686274509804,0.2252414655449698,0.578125,0.5523201523201523,0.1690013473659966,0.6218487394957983,0.6480158730158732,0.1967053525372536,0.6538461538461539,13.6,13.6,5.276362383309167,4,16.0,18,corr_mrmr_auto_k_no_smote,nested_cv_outputs_all_triple_concat_batch_smote_compare/Post1_Post2_T2/fs_method_comparison/corr_mrmr_auto_k_no_smote,corr_mrmr_auto_k,corr_mrmr,auto,False,52,3,1.3076923076923077
Post1_Post2_T2,Post1,Post2,T2,LightGBM,0.6239620292561469,0.0960633555784163,0.6002103365384616,0.6871015555692062,0.1263435230599107,0.6651366638656402,0.5431053497238147,0.0841702835442109,0.5603448275862069,0.5420751633986928,0.0992329288280012,0.5582932692307692,0.564469696969697,0.2161482460700414,0.6065573770491803,0.5313725490196078,0.1375906258262653,0.578125,0.5337584337584338,0.1661995300726809,0.592,0.5527777777777777,0.1333333333333333,0.5384615384615384,10.0,10.0,5.059644256269407,4,8.0,16,mrmr_then_elasticnet_no_corr_auto_k_no_smote,nested_cv_outputs_all_triple_concat_batch_smote_compare/Post1_Post2_T2/fs_method_comparison/mrmr_then_elasticnet_no_corr_auto_k_no_smote,mrmr_then_elasticnet_no_corr_auto_k,mrmr_then_elasticnet_no_corr,auto,False,38,3,1.3157894736842106
Post1_Post2_T2,Post1,Post2,T2,XGBoost,0.6238352007469654,0.1163857401068051,0.58984375,0.7055816070779912,0.1249547979672182,0.6580192885147925,0.5682363119515511,0.110163904872221,0.5603448275862069,0.5789519140989728,0.108877897343096,0.5582932692307692,0.5973809523809523,0.1878726832850283,0.6065573770491803,0.6027450980392157,0.1149200280247743,0.578125,0.5779660416812809,0.1308925540243287,0.592,0.5551587301587302,0.1694885820362692,0.5384615384615384,13.6,13.6,5.276362383309167,4,16.0,18,corr_mrmr_auto_k_no_smote,nested_cv_outputs_all_triple_concat_batch_smote_compare/Post1_Post2_T2/fs_method_comparison/corr_mrmr_auto_k_no_smote,corr_mrmr_auto_k,corr_mrmr,auto,False,52,3,1.3076923076923077
Post1_Post2_T2,Post1,Post2,T2,LogisticRegression,0.6223482726423903,0.0972462144061418,0.6421274038461539,0.6702608428329062,0.1715936063296101,0.6703586409014423,0.6021975984712358,0.1090890471847931,0.6206896551724138,0.6130835667600374,0.0723773778710046,0.6129807692307692,0.6305555555555555,0.2044263276997122,0.6470588235294118,0.6686274509803922,0.1657297773263956,0.6875,0.6144135637281137,0.1517441206290602,0.6666666666666666,0.5575396825396826,0.201554490518128,0.5384615384615384,8.8,8.8,4.995998398718719,4,6.0,18,elasticnet_then_mrmr_auto_k_no_smote,nested_cv_outputs_all_triple_concat_batch_smote_compare/Post1_Post2_T2/fs_method_comparison/elasticnet_then_mrmr_auto_k_no_smote,elasticnet_then_mrmr_auto_k,elasticnet_then_mrmr,auto,False,27,4,1.6296296296296295
Post1_Post2_T2,Post1,Post2,T2,NaiveBayes,0.6162107065048241,0.1086593227180085,0.641376201923077,0.6551179759043445,0.1971580188880045,0.6643245695777543,0.5278738008993848,0.1399626591616098,0.5603448275862069,0.5300536881419233,0.0409267313743025,0.5222355769230769,0.5364782276546982,0.1455501873065386,0.5643564356435643,0.9176470588235294,0.0797921174485325,0.890625,0.6575498575498575,0.1291646273002372,0.6909090909090909,0.1424603174603174,0.1077174481078072,0.1538461538461538,8.8,8.8,4.995998398718719,4,6.0,18,elasticnet_then_mrmr_auto_k_no_smote,nested_cv_outputs_all_triple_concat_batch_smote_compare/Post1_Post2_T2/fs_method_comparison/elasticnet_then_mrmr_auto_k_no_smote,elasticnet_then_mrmr_auto_k,elasticnet_then_mrmr,auto,False,27,4,1.6296296296296295
Post1_Post2_T2,Post1,Post2,T2,XGBoost,0.6100575785869904,0.1281365484011233,0.5919471153846154,0.6795633503935681,0.1883218848409936,0.660003768829854,0.5824867136324311,0.1237502252285443,0.5862068965517241,0.5938118580765639,0.1199880760652607,0.5853365384615384,0.6122035858877963,0.1941663206410013,0.6333333333333333,0.6062745098039215,0.1375705054983931,0.59375,0.5861943917351887,0.1414322625127754,0.6129032258064516,0.5813492063492063,0.1637788361805335,0.5769230769230769,13.6,13.6,5.276362383309167,4,16.0,18,corr_mrmr_auto_k_smote,nested_cv_outputs_all_triple_concat_batch_smote_compare/Post1_Post2_T2/fs_method_comparison/corr_mrmr_auto_k_smote,corr_mrmr_auto_k,corr_mrmr,auto,True,52,3,1.3076923076923077
Post1_Post2_T2,Post1,Post2,T2,GradientBoosting,0.6031279178338,0.1279640337215309,0.533954326923077,0.6886514609917359,0.113984664991514,0.6427923220642674,0.4787432379757185,0.1625868329457245,0.4913793103448275,0.5153781512605041,0.1172159852896864,0.4723557692307692,0.5311965811965812,0.1736191779848406,0.5316455696202531,0.7164705882352942,0.2562006134365402,0.65625,0.5645492721164613,0.1477002718117765,0.5874125874125874,0.3142857142857143,0.2677486552788419,0.2884615384615384,13.6,13.6,5.276362383309167,4,16.0,18,corr_mrmr_auto_k_no_smote,nested_cv_outputs_all_triple_concat_batch_smote_compare/Post1_Post2_T2/fs_method_comparison/corr_mrmr_auto_k_no_smote,corr_mrmr_auto_k,corr_mrmr,auto,False,52,3,1.3076923076923077
Post1_Post2_T2,Post1,Post2,T2,KNN,0.5997194989106754,0.0596990985318827,0.5838341346153846,0.6565639497487885,0.0877417226058056,0.6218819146172255,0.5079209568086097,0.0638364705145746,0.5172413793103449,0.5333473389355742,0.0474137608304014,0.5174278846153846,0.5564801864801865,0.1658070583276878,0.5689655172413793,0.5309803921568628,0.1296278647286529,0.515625,0.5100760500760501,0.0963296216842418,0.5409836065573771,0.5357142857142857,0.1528267289131544,0.5192307692307693,13.6,13.6,5.276362383309167,4,16.0,18,corr_mrmr_auto_k_smote,nested_cv_outputs_all_triple_concat_batch_smote_compare/Post1_Post2_T2/fs_method_comparison/corr_mrmr_auto_k_smote,corr_mrmr_auto_k,corr_mrmr,auto,True,52,3,1.3076923076923077
Post1_Post2_T2,Post1,Post2,T2,KNN,0.5993537970743853,0.066041165445684,0.573467548076923,0.6435523395407751,0.0789261199024377,0.6127951680182817,0.5106091288516205,0.1148335606979369,0.5344827586206896,0.5348622782446311,0.0748064630983649,0.5258413461538461,0.5485172235172235,0.173753798415336,0.5735294117647058,0.6098039215686274,0.2126705390267647,0.609375,0.53994227994228,0.1438614514820566,0.5909090909090909,0.4599206349206349,0.1780167752915729,0.4423076923076923,13.6,13.6,5.276362383309167,4,16.0,18,corr_mrmr_auto_k_no_smote,nested_cv_outputs_all_triple_concat_batch_smote_compare/Post1_Post2_T2/fs_method_comparison/corr_mrmr_auto_k_no_smote,corr_mrmr_auto_k,corr_mrmr,auto,False,52,3,1.3076923076923077
Post1_Post2_T2,Post1,Post2,T2,NaiveBayes,0.5986834733893558,0.1341280952757418,0.6416766826923077,0.6536888070339991,0.2108669776227096,0.6642466715043988,0.5278738008993848,0.1399626591616098,0.5603448275862069,0.5300536881419233,0.0409267313743025,0.5222355769230769,0.5364782276546982,0.1455501873065386,0.5643564356435643,0.9176470588235294,0.0797921174485325,0.890625,0.6575498575498575,0.1291646273002372,0.6909090909090909,0.1424603174603174,0.1077174481078072,0.1538461538461538,8.8,8.8,4.995998398718719,4,6.0,18,elasticnet_then_mrmr_auto_k_smote,nested_cv_outputs_all_triple_concat_batch_smote_compare/Post1_Post2_T2/fs_method_comparison/elasticnet_then_mrmr_auto_k_smote,elasticnet_then_mrmr_auto_k,elasticnet_then_mrmr,auto,True,27,4,1.6296296296296295
Post1_Post2_T2,Post1,Post2,T2,LightGBM,0.5984796140678494,0.1101441453772489,0.5993088942307692,0.6602819873819046,0.1843933305920303,0.6694185338242875,0.5771693144329406,0.0614876855930438,0.5603448275862069,0.5797852474323062,0.0602980802582195,0.5618990384615384,0.5981704260651629,0.115608566594222,0.6140350877192983,0.5627450980392157,0.095173812545189,0.546875,0.5654532632481988,0.0633712287395834,0.5785123966942148,0.5968253968253968,0.1081987942998047,0.5769230769230769,13.6,13.6,5.276362383309167,4,16.0,18,corr_mrmr_auto_k_smote,nested_cv_outputs_all_triple_concat_batch_smote_compare/Post1_Post2_T2/fs_method_comparison/corr_mrmr_auto_k_smote,corr_mrmr_auto_k,corr_mrmr,auto,True,52,3,1.3076923076923077
Post1_Post2_T2,Post1,Post2,T2,LogisticRegression,0.5961041083099905,0.0741661683750547,0.5952524038461539,0.6328221251706678,0.1386111473032857,0.6450626148734812,0.5929199585484346,0.0829910845066094,0.6120689655172413,0.6042156862745097,0.060064826073147,0.6087740384615384,0.609606625258799,0.1637864945596702,0.6507936507936508,0.6250980392156863,0.187967129244127,0.640625,0.5878448275862069,0.1408886565884256,0.6456692913385826,0.5833333333333334,0.1111111111111111,0.5769230769230769,13.6,13.6,5.276362383309167,4,16.0,18,corr_mrmr_auto_k_smote,nested_cv_outputs_all_triple_concat_batch_smote_compare/Post1_Post2_T2/fs_method_comparison/corr_mrmr_auto_k_smote,corr_mrmr_auto_k,corr_mrmr,auto,True,52,3,1.3076923076923077
Post1_Post2_T2,Post1,Post2,T2,NaiveBayes,0.5937784002489886,0.1024673616884907,0.5934495192307693,0.6481085443390626,0.1609915802856923,0.6600944424072834,0.5555512772976622,0.0734124662772635,0.5689655172413793,0.5298085901027076,0.0793678804360977,0.5534855769230769,0.5535554572706276,0.2006662795674455,0.5921052631578947,0.6254901960784314,0.193353616245036,0.703125,0.572311348781937,0.180481672204565,0.6428571428571429,0.4341269841269841,0.1996090913951538,0.4038461538461538,13.6,13.6,5.276362383309167,4,16.0,18,corr_mrmr_auto_k_no_smote,nested_cv_outputs_all_triple_concat_batch_smote_compare/Post1_Post2_T2/fs_method_comparison/corr_mrmr_auto_k_no_smote,corr_mrmr_auto_k,corr_mrmr,auto,False,52,3,1.3076923076923077
Post1_Post2_T2,Post1,Post2,T2,LogisticRegression,0.5918977591036414,0.0781597187664927,0.6060697115384617,0.6495287026750647,0.1398304591063141,0.6730932236608832,0.5864683456452088,0.0716326208643228,0.603448275862069,0.5970728291316526,0.0463616218208128,0.5991586538461539,0.6038095238095237,0.161129797962336,0.640625,0.6250980392156863,0.187967129244127,0.640625,0.5839423885618167,0.1351098975965121,0.640625,0.569047619047619,0.1246713997832314,0.5576923076923077,13.6,13.6,5.276362383309167,4,16.0,18,corr_mrmr_auto_k_no_smote,nested_cv_outputs_all_triple_concat_batch_smote_compare/Post1_Post2_T2/fs_method_comparison/corr_mrmr_auto_k_no_smote,corr_mrmr_auto_k,corr_mrmr,auto,False,52,3,1.3076923076923077
Post1_Post2_T2,Post1,Post2,T2,SVM_RBF,0.5854458450046686,0.1489410378011655,0.6358173076923077,0.6629065216760199,0.1499516831154317,0.6727283974430968,0.6016399988591312,0.1144699454335677,0.603448275862069,0.6425653594771241,0.0758529044995762,0.6153846153846154,0.5412280701754386,0.3245566618904471,0.6956521739130435,0.5823529411764705,0.3501853192032286,0.5,0.5158045977011494,0.2793038408021885,0.5818181818181818,0.7027777777777777,0.23596400646217,0.7307692307692307,8.8,8.8,4.995998398718719,4,6.0,18,elasticnet_then_mrmr_auto_k_smote,nested_cv_outputs_all_triple_concat_batch_smote_compare/Post1_Post2_T2/fs_method_comparison/elasticnet_then_mrmr_auto_k_smote,elasticnet_then_mrmr_auto_k,elasticnet_then_mrmr,auto,True,27,4,1.6296296296296295
Post1_Post2_T2,Post1,Post2,T2,LightGBM,0.5786290071584188,0.0928942757975005,0.5429687499999999,0.6753785145925277,0.1282654803181885,0.6073799029107521,0.5134765123641654,0.0441593398899297,0.5172413793103449,0.5227614379084967,0.0406747759166953,0.515625,0.5346764346764347,0.1316137373414127,0.5666666666666667,0.5427450980392157,0.114751289822622,0.53125,0.5181652661064426,0.0921758002900261,0.5483870967741935,0.5027777777777779,0.0659685671502106,0.5,13.6,13.6,5.276362383309167,4,16.0,18,corr_mrmr_auto_k_no_smote,nested_cv_outputs_all_triple_concat_batch_smote_compare/Post1_Post2_T2/fs_method_comparison/corr_mrmr_auto_k_no_smote,corr_mrmr_auto_k,corr_mrmr,auto,False,52,3,1.3076923076923077
Post1_Post2_T2,Post1,Post2,T2,NaiveBayes,0.568714596949891,0.1085457493109252,0.5784254807692307,0.6211880069605307,0.1606208933993807,0.6468427513557096,0.5222179439643287,0.0782933313153694,0.5431034482758621,0.4973085901027077,0.0658545275709628,0.5282451923076923,0.5106983144134847,0.1839484040654572,0.5733333333333334,0.5854901960784314,0.2320018030130524,0.671875,0.5296642899584076,0.1961899631481615,0.6187050359712231,0.4091269841269841,0.1629421325929794,0.3846153846153846,13.6,13.6,5.276362383309167,4,16.0,18,corr_mrmr_auto_k_smote,nested_cv_outputs_all_triple_concat_batch_smote_compare/Post1_Post2_T2/fs_method_comparison/corr_mrmr_auto_k_smote,corr_mrmr_auto_k,corr_mrmr,auto,True,52,3,1.3076923076923077
Post1_Post2_T2,Post1,Post2,T2,SVM_Linear,0.5416394335511983,0.1184886659627375,0.4667968749999999,0.6086952312803773,0.1286966729969504,0.5497979788617826,0.4697864673949212,0.1468177922860308,0.5,0.5167973856209149,0.0617118077589888,0.4891826923076923,0.4070458404074702,0.2560207472186395,0.5428571428571428,0.6447058823529412,0.3898646735314962,0.59375,0.4661111111111111,0.2749208640345099,0.5671641791044776,0.3888888888888889,0.3718489006818113,0.3846153846153846,13.6,13.6,5.276362383309167,4,16.0,18,corr_mrmr_auto_k_no_smote,nested_cv_outputs_all_triple_concat_batch_smote_compare/Post1_Post2_T2/fs_method_comparison/corr_mrmr_auto_k_no_smote,corr_mrmr_auto_k,corr_mrmr,auto,False,52,3,1.3076923076923077
Post1_Post2_T2,Post1,Post2,T2,SVM_Linear,0.5304699657640835,0.1387745682435844,0.5673076923076923,0.5886702282590601,0.1426609840284542,0.601082068590816,0.5451479801869124,0.1329718622505892,0.5603448275862069,0.5557843137254903,0.1103985030120377,0.5582932692307692,0.5373567608861726,0.1697845107904741,0.6065573770491803,0.5615686274509804,0.2673854212098825,0.578125,0.5153587588881706,0.2086631182035584,0.592,0.55,0.1059932446018828,0.5384615384615384,13.6,13.6,5.276362383309167,4,16.0,18,corr_mrmr_auto_k_smote,nested_cv_outputs_all_triple_concat_batch_smote_compare/Post1_Post2_T2/fs_method_comparison/corr_mrmr_auto_k_smote,corr_mrmr_auto_k,corr_mrmr,auto,True,52,3,1.3076923076923077
Post1_Post2_T2,Post1,Post2,T2,SVM_RBF,0.4577038593215063,0.1003456688977908,0.4897836538461538,0.5345906874174366,0.0948665371248154,0.5591428936477993,0.5187991405455255,0.1394711156672976,0.5517241379310345,0.5386437908496732,0.052013425466162,0.5180288461538461,0.5519187986651836,0.1654811964382271,0.5625,0.8411764705882353,0.2051246561666199,0.84375,0.626058410188845,0.1310510137583617,0.675,0.2361111111111111,0.2900085141364042,0.1923076923076923,13.6,13.6,5.276362383309167,4,16.0,18,corr_mrmr_auto_k_no_smote,nested_cv_outputs_all_triple_concat_batch_smote_compare/Post1_Post2_T2/fs_method_comparison/corr_mrmr_auto_k_no_smote,corr_mrmr_auto_k,corr_mrmr,auto,False,52,3,1.3076923076923077
Post1_Post2_T2,Post1,Post2,T2,SVM_RBF,0.4540005446623094,0.1016087911299729,0.4732572115384615,0.5323368737035842,0.0866902383984363,0.5367610030890829,0.4773547056083207,0.0569429062716081,0.4741379310344827,0.5179901960784313,0.0401083185656536,0.5018028846153846,0.3,0.2799416848895061,0.5555555555555556,0.3109803921568627,0.2817520839887217,0.234375,0.2840322580645161,0.2503942780594467,0.3296703296703296,0.725,0.2318071782780562,0.7692307692307693,13.6,13.6,5.276362383309167,4,16.0,18,corr_mrmr_auto_k_smote,nested_cv_outputs_all_triple_concat_batch_smote_compare/Post1_Post2_T2/fs_method_comparison/corr_mrmr_auto_k_smote,corr_mrmr_auto_k,corr_mrmr,auto,True,52,3,1.3076923076923077
Post1_Pre_T2,Post1,Pre,T2,NaiveBayes,0.682120292561469,0.0740432566626414,0.6947115384615385,0.7015696195510753,0.1641612532838707,0.7444881509971175,0.6353745377104665,0.072020528815007,0.6379310344827587,0.5908870214752568,0.0718239889686438,0.6231971153846154,0.6011278195488722,0.1455726175789087,0.6447368421052632,0.6643137254901961,0.2504725253734145,0.765625,0.6154954954954956,0.1741468964867602,0.7,0.5174603174603174,0.2451160635407115,0.4807692307692308,11.6,11.6,6.374950980203691,4,14.0,18,mrmr_then_elasticnet_no_corr_auto_k_no_smote,nested_cv_outputs_all_triple_concat_batch_smote_compare/Post1_Pre_T2/fs_method_comparison/mrmr_then_elasticnet_no_corr_auto_k_no_smote,mrmr_then_elasticnet_no_corr_auto_k,mrmr_then_elasticnet_no_corr,auto,False,42,3,1.380952380952381
Post1_Pre_T2,Post1,Pre,T2,NaiveBayes,0.6762278244631185,0.0842061223407044,0.6947115384615385,0.7021623378669772,0.1692781257738946,0.7510638966957752,0.6242634265993554,0.086339671590093,0.6293103448275862,0.5808870214752568,0.0766578490493505,0.6153846153846154,0.5877944862155389,0.1419675861247153,0.64,0.644313725490196,0.2736951497314916,0.75,0.5954954954954956,0.1911725957761472,0.6906474820143885,0.5174603174603174,0.2451160635407115,0.4807692307692308,11.6,11.6,6.374950980203691,4,14.0,18,mrmr_then_elasticnet_no_corr_auto_k_smote,nested_cv_outputs_all_triple_concat_batch_smote_compare/Post1_Pre_T2/fs_method_comparison/mrmr_then_elasticnet_no_corr_auto_k_smote,mrmr_then_elasticnet_no_corr_auto_k,mrmr_then_elasticnet_no_corr,auto,True,42,3,1.380952380952381
Post1_Pre_T2,Post1,Pre,T2,XGBoost,0.6740810768751946,0.046235600639307,0.6174879807692308,0.7147751887304159,0.0764373554437635,0.6447195381280509,0.5650356996853103,0.0809074279576086,0.5862068965517241,0.5826003734827264,0.0450426681128421,0.5853365384615384,0.6012066365007541,0.1789817909829732,0.6333333333333333,0.5898039215686274,0.11165388382481,0.59375,0.5675935828877006,0.1257217317922164,0.6129032258064516,0.5753968253968254,0.1398718053972076,0.5769230769230769,11.6,11.6,6.374950980203691,4,14.0,18,mrmr_then_elasticnet_no_corr_auto_k_smote,nested_cv_outputs_all_triple_concat_batch_smote_compare/Post1_Pre_T2/fs_method_comparison/mrmr_then_elasticnet_no_corr_auto_k_smote,mrmr_then_elasticnet_no_corr_auto_k,mrmr_then_elasticnet_no_corr,auto,True,42,3,1.380952380952381
Post1_Pre_T2,Post1,Pre,T2,GradientBoosting,0.6738204170557112,0.0732052614879696,0.6206430288461537,0.7176777245063123,0.0864632445693138,0.677938268728987,0.5966895791144957,0.1043017565247489,0.6120689655172413,0.6216363211951447,0.0869523785661276,0.6033653846153846,0.6032976827094474,0.1436581912380009,0.6376811594202898,0.7317647058823529,0.2173638857389364,0.6875,0.6281465483024147,0.1269792161793953,0.6616541353383458,0.5115079365079366,0.1075857981132098,0.5192307692307693,11.6,11.6,6.374950980203691,4,14.0,18,mrmr_then_elasticnet_no_corr_auto_k_no_smote,nested_cv_outputs_all_triple_concat_batch_smote_compare/Post1_Pre_T2/fs_method_comparison/mrmr_then_elasticnet_no_corr_auto_k_no_smote,mrmr_then_elasticnet_no_corr_auto_k,mrmr_then_elasticnet_no_corr,auto,False,42,3,1.380952380952381
Post1_Pre_T2,Post1,Pre,T2,SVM_Linear,0.6681473700591347,0.1191354538367305,0.6304086538461537,0.7155818415887569,0.1261994085400487,0.6718509085994214,0.544060351958016,0.1317788646612754,0.5775862068965517,0.5524276377217554,0.0843912402581659,0.5612980769230769,0.5544226579520697,0.1801726006459201,0.5974025974025974,0.692156862745098,0.1811577954894289,0.71875,0.5919164555774462,0.164062636797842,0.6524822695035462,0.4126984126984127,0.132708285498911,0.4038461538461538,9.6,9.6,3.878143885933063,4,8.0,14,elasticnet_then_mrmr_auto_k_no_smote,nested_cv_outputs_all_triple_concat_batch_smote_compare/Post1_Pre_T2/fs_method_comparison/elasticnet_then_mrmr_auto_k_no_smote,elasticnet_then_mrmr_auto_k,elasticnet_then_mrmr,auto,False,31,4,1.5483870967741935
Post1_Pre_T2,Post1,Pre,T2,XGBoost,0.6672198879551821,0.0666423745846383,0.62890625,0.7198839612105548,0.0775848084708285,0.672488457060797,0.576111634009298,0.1282494756473621,0.603448275862069,0.5839869281045751,0.0898639332930573,0.5955528846153846,0.5796119085592769,0.1811430223780868,0.6323529411764706,0.6568627450980392,0.1807753815155468,0.671875,0.5920255183413079,0.1697936252658511,0.6515151515151515,0.5111111111111112,0.1077262190536962,0.5192307692307693,11.6,11.6,6.374950980203691,4,14.0,18,mrmr_then_elasticnet_no_corr_auto_k_no_smote,nested_cv_outputs_all_triple_concat_batch_smote_compare/Post1_Pre_T2/fs_method_comparison/mrmr_then_elasticnet_no_corr_auto_k_no_smote,mrmr_then_elasticnet_no_corr_auto_k,mrmr_then_elasticnet_no_corr,auto,False,42,3,1.380952380952381
Post1_Pre_T2,Post1,Pre,T2,XGBoost,0.6641176470588235,0.0356604086394015,0.6364182692307693,0.721447119379863,0.0784439865306134,0.7123165930016948,0.5170132055560309,0.1065833741393457,0.5431034482758621,0.5609943977591036,0.0418113818402145,0.5372596153846154,0.5689898989898989,0.1619994193073946,0.5846153846153846,0.6529411764705884,0.2188361792675091,0.59375,0.55846941110099,0.1130750234732217,0.5891472868217055,0.469047619047619,0.2083903927908102,0.4807692307692308,9.6,9.6,3.878143885933063,4,8.0,14,elasticnet_then_mrmr_auto_k_no_smote,nested_cv_outputs_all_triple_concat_batch_smote_compare/Post1_Pre_T2/fs_method_comparison/elasticnet_then_mrmr_auto_k_no_smote,elasticnet_then_mrmr_auto_k,elasticnet_then_mrmr,auto,False,31,4,1.5483870967741935
Post1_Pre_T2,Post1,Pre,T2,SVM_Linear,0.6640102707749767,0.1478468905506245,0.5793269230769231,0.7040327850252616,0.0685989165757291,0.6249390423715075,0.5473137294049419,0.0396122722506046,0.5517241379310345,0.5690849673202615,0.0629416685311873,0.5342548076923077,0.5739911448450348,0.1362008301625715,0.5769230769230769,0.7270588235294118,0.23733234840328,0.703125,0.5968137254901962,0.0888594482194777,0.6338028169014085,0.4111111111111111,0.249320063025743,0.3653846153846153,12.8,12.8,6.3999999999999995,4,18.0,18,corr_mrmr_auto_k_no_smote,nested_cv_outputs_all_triple_concat_batch_smote_compare/Post1_Pre_T2/fs_method_comparison/corr_mrmr_auto_k_no_smote,corr_mrmr_auto_k,corr_mrmr,auto,False,44,3,1.4545454545454546
Post1_Pre_T2,Post1,Pre,T2,SVM_Linear,0.6633800186741363,0.1322237205886631,0.6601562499999999,0.7126163401478054,0.1357131732736223,0.6998598947839295,0.6074560527841952,0.1210252191066741,0.6206896551724138,0.6129668534080299,0.1178202437337313,0.6201923076923077,0.6154761904761906,0.166649658996163,0.6666666666666666,0.6215686274509804,0.1474634955055934,0.625,0.6036866359447005,0.1423384792924176,0.6451612903225806,0.6043650793650794,0.0989647852652657,0.6153846153846154,9.6,9.6,3.878143885933063,4,8.0,14,elasticnet_then_mrmr_auto_k_smote,nested_cv_outputs_all_triple_concat_batch_smote_compare/Post1_Pre_T2/fs_method_comparison/elasticnet_then_mrmr_auto_k_smote,elasticnet_then_mrmr_auto_k,elasticnet_then_mrmr,auto,True,31,4,1.5483870967741935
Post1_Pre_T2,Post1,Pre,T2,SVM_Linear,0.6629201680672269,0.0583711513326206,0.6277043269230769,0.6986356735623678,0.0980293050722336,0.686237726070748,0.5965830980291491,0.0723519288963752,0.5948275862068966,0.6044841269841269,0.0765502433002025,0.5913461538461539,0.6187912087912089,0.160834377973202,0.6349206349206349,0.6133333333333333,0.2122666527562838,0.625,0.5852287581699346,0.1083908452512164,0.6299212598425197,0.5956349206349205,0.217937721819993,0.5576923076923077,11.6,11.6,6.374950980203691,4,14.0,18,mrmr_then_elasticnet_no_corr_auto_k_no_smote,nested_cv_outputs_all_triple_concat_batch_smote_compare/Post1_Pre_T2/fs_method_comparison/mrmr_then_elasticnet_no_corr_auto_k_no_smote,mrmr_then_elasticnet_no_corr_auto_k,mrmr_then_elasticnet_no_corr,auto,False,42,3,1.380952380952381
Post1_Pre_T2,Post1,Pre,T2,KNN,0.662594537815126,0.1244645144707569,0.6763822115384616,0.6502622861114862,0.1974728404823714,0.7062257553203944,0.6001083825332991,0.1086884201849994,0.6120689655172413,0.6064775910364146,0.1110718090303534,0.6069711538461539,0.6322222222222222,0.1975827722172333,0.6461538461538462,0.6450980392156863,0.1063894899313767,0.65625,0.612951176983435,0.1279492834094165,0.6511627906976745,0.5678571428571428,0.215496286589555,0.5576923076923077,9.6,9.6,3.878143885933063,4,8.0,14,elasticnet_then_mrmr_auto_k_smote,nested_cv_outputs_all_triple_concat_batch_smote_compare/Post1_Pre_T2/fs_method_comparison/elasticnet_then_mrmr_auto_k_smote,elasticnet_then_mrmr_auto_k,elasticnet_then_mrmr,auto,True,31,4,1.5483870967741935
Post1_Pre_T2,Post1,Pre,T2,LogisticRegression,0.6601571739807035,0.1070442770856749,0.6159855769230769,0.6979912255857308,0.0868592940239393,0.6640832458096944,0.5918584752288869,0.0841502119910394,0.5775862068965517,0.6056069094304389,0.1152256315223635,0.5775240384615384,0.6075,0.0610327780786685,0.6271186440677966,0.6247058823529412,0.2233559698628097,0.578125,0.5890909090909091,0.0983537589095795,0.6016260162601627,0.5865079365079364,0.1104971700568705,0.5769230769230769,12.8,12.8,6.3999999999999995,4,18.0,18,corr_mrmr_auto_k_smote,nested_cv_outputs_all_triple_concat_batch_smote_compare/Post1_Pre_T2/fs_method_comparison/corr_mrmr_auto_k_smote,corr_mrmr_auto_k,corr_mrmr,auto,True,44,3,1.4545454545454546
Post1_Pre_T2,Post1,Pre,T2,LogisticRegression,0.6592211328976034,0.0641154659665731,0.6376201923076923,0.7184512136498299,0.0827840501773226,0.6952198090443029,0.6056164018900392,0.0547470138547751,0.6120689655172413,0.5927077497665734,0.0711200727710176,0.6105769230769231,0.6061355311355311,0.1948382259224703,0.6557377049180327,0.5584313725490196,0.1946236226131003,0.625,0.5662800194822225,0.1664869542657041,0.64,0.626984126984127,0.1511066092433315,0.5961538461538461,11.6,11.6,6.374950980203691,4,14.0,18,mrmr_then_elasticnet_no_corr_auto_k_no_smote,nested_cv_outputs_all_triple_concat_batch_smote_compare/Post1_Pre_T2/fs_method_comparison/mrmr_then_elasticnet_no_corr_auto_k_no_smote,mrmr_then_elasticnet_no_corr_auto_k,mrmr_then_elasticnet_no_corr,auto,False,42,3,1.380952380952381
Post1_Pre_T2,Post1,Pre,T2,ExtraTrees,0.6591020852785558,0.153370074077014,0.5868389423076923,0.7217543010748722,0.107782460317717,0.6986155667599001,0.5527513951874352,0.1078599636582118,0.5258620689655172,0.5630182072829132,0.1478670938363342,0.5216346153846154,0.5901680672268907,0.0869663049488424,0.5714285714285714,0.6129411764705882,0.2325248805379849,0.5625,0.5637457614624797,0.0832424523493192,0.5669291338582677,0.513095238095238,0.2206848750117618,0.4807692307692308,12.8,12.8,6.3999999999999995,4,18.0,18,corr_mrmr_auto_k_smote,nested_cv_outputs_all_triple_concat_batch_smote_compare/Post1_Pre_T2/fs_method_comparison/corr_mrmr_auto_k_smote,corr_mrmr_auto_k,corr_mrmr,auto,True,44,3,1.4545454545454546
Post1_Pre_T2,Post1,Pre,T2,SVM_Linear,0.657609710550887,0.0879726253961829,0.6451322115384616,0.7038236685222563,0.0994477229366837,0.697531782166132,0.5683603814304593,0.0917700246661218,0.5775862068965517,0.5584430438842204,0.089525759350795,0.5775240384615384,0.5613333333333335,0.190445092699532,0.6271186440677966,0.5149019607843137,0.2353189529376837,0.578125,0.5190065681444992,0.1814373572757276,0.6016260162601627,0.601984126984127,0.1385005909959348,0.5769230769230769,11.6,11.6,6.374950980203691,4,14.0,18,mrmr_then_elasticnet_no_corr_auto_k_smote,nested_cv_outputs_all_triple_concat_batch_smote_compare/Post1_Pre_T2/fs_method_comparison/mrmr_then_elasticnet_no_corr_auto_k_smote,mrmr_then_elasticnet_no_corr_auto_k,mrmr_then_elasticnet_no_corr,auto,True,42,3,1.380952380952381
Post1_Pre_T2,Post1,Pre,T2,XGBoost,0.6556076875194522,0.0907718011924058,0.6478365384615384,0.7081897811392894,0.0789847048009751,0.6959199172174081,0.5975381002633505,0.0998698262424931,0.6120689655172413,0.6063608776844072,0.0951721322114477,0.6141826923076923,0.620343137254902,0.1777128119234019,0.6666666666666666,0.5980392156862745,0.1508657573464419,0.59375,0.5836411170528818,0.1369444976674655,0.628099173553719,0.6146825396825397,0.1498319374279696,0.6346153846153846,9.6,9.6,3.878143885933063,4,8.0,14,elasticnet_then_mrmr_auto_k_smote,nested_cv_outputs_all_triple_concat_batch_smote_compare/Post1_Pre_T2/fs_method_comparison/elasticnet_then_mrmr_auto_k_smote,elasticnet_then_mrmr_auto_k,elasticnet_then_mrmr,auto,True,31,4,1.5483870967741935
Post1_Pre_T2,Post1,Pre,T2,LightGBM,0.6551431683784625,0.0430798480771523,0.6119290865384616,0.7240494690835394,0.0721821483745109,0.6485368575191787,0.5628400026620272,0.0435962478260858,0.5689655172413793,0.5801330532212885,0.027989785617407,0.5715144230769231,0.5983494936436113,0.1574430542917073,0.625,0.5709803921568627,0.0925888913780311,0.546875,0.5594312578832702,0.0912380188612381,0.5833333333333334,0.5892857142857142,0.0995391244134168,0.5961538461538461,11.6,11.6,6.374950980203691,4,14.0,18,mrmr_then_elasticnet_no_corr_auto_k_no_smote,nested_cv_outputs_all_triple_concat_batch_smote_compare/Post1_Pre_T2/fs_method_comparison/mrmr_then_elasticnet_no_corr_auto_k_no_smote,mrmr_then_elasticnet_no_corr_auto_k,mrmr_then_elasticnet_no_corr,auto,False,42,3,1.380952380952381
Post1_Pre_T2,Post1,Pre,T2,LogisticRegression,0.6528454715219422,0.1239461105614176,0.6649639423076923,0.7067931230260445,0.1353740700496463,0.7100058803258,0.6185671638953063,0.1182691271526667,0.6293103448275862,0.6177380952380952,0.1179648791467192,0.6262019230769231,0.618452380952381,0.1653905225317057,0.6666666666666666,0.6533333333333333,0.1333471734454755,0.65625,0.6231923895760907,0.1414966845999257,0.6614173228346457,0.5821428571428571,0.1180620579775214,0.5961538461538461,9.6,9.6,3.878143885933063,4,8.0,14,elasticnet_then_mrmr_auto_k_smote,nested_cv_outputs_all_triple_concat_batch_smote_compare/Post1_Pre_T2/fs_method_comparison/elasticnet_then_mrmr_auto_k_smote,elasticnet_then_mrmr_auto_k,elasticnet_then_mrmr,auto,True,31,4,1.5483870967741935
Post1_Pre_T2,Post1,Pre,T2,SVM_RBF,0.6500280112044818,0.1281310952723521,0.6072716346153847,0.6904906345367048,0.1275446564507509,0.6318056587455128,0.5723306047555213,0.1220885485508258,0.5948275862068966,0.5815079365079365,0.1016263012482363,0.5859375,0.5826298701298701,0.1784831540963218,0.6231884057971014,0.6733333333333332,0.1203327438505371,0.671875,0.6063459353781935,0.1480316218044285,0.6466165413533834,0.4896825396825397,0.1074100137823312,0.5,9.6,9.6,3.878143885933063,4,8.0,14,elasticnet_then_mrmr_auto_k_smote,nested_cv_outputs_all_triple_concat_batch_smote_compare/Post1_Pre_T2/fs_method_comparison/elasticnet_then_mrmr_auto_k_smote,elasticnet_then_mrmr_auto_k,elasticnet_then_mrmr,auto,True,31,4,1.5483870967741935
Post1_Pre_T2,Post1,Pre,T2,ExtraTrees,0.6475101151571739,0.12563770699983,0.596454326923077,0.7076069759773002,0.1019603315944554,0.6872053707149861,0.5985368358004621,0.1374476009806206,0.5603448275862069,0.6025116713352008,0.1708402736219621,0.5564903846153846,0.6653968253968254,0.1681712884607079,0.6031746031746031,0.6447058823529412,0.2031448253567,0.59375,0.6173872180451128,0.0707453973363363,0.5984251968503937,0.5603174603174603,0.2774646761489758,0.5192307692307693,12.8,12.8,6.3999999999999995,4,18.0,18,corr_mrmr_auto_k_no_smote,nested_cv_outputs_all_triple_concat_batch_smote_compare/Post1_Pre_T2/fs_method_comparison/corr_mrmr_auto_k_no_smote,corr_mrmr_auto_k,corr_mrmr,auto,False,44,3,1.4545454545454546
Post1_Pre_T2,Post1,Pre,T2,LightGBM,0.6461826953003424,0.1039938653968826,0.6174879807692308,0.6830595405019311,0.1046100528649541,0.6503520195422229,0.6067567952996207,0.100078794322483,0.6120689655172413,0.6099509803921569,0.0691837938090623,0.6069711538461539,0.6045325434799118,0.1708910988320431,0.6461538461538462,0.6615686274509803,0.1502406118384701,0.65625,0.6123809523809524,0.1513237133206554,0.6511627906976745,0.5583333333333333,0.0806991058129663,0.5576923076923077,11.6,11.6,6.374950980203691,4,14.0,18,mrmr_then_elasticnet_no_corr_auto_k_smote,nested_cv_outputs_all_triple_concat_batch_smote_compare/Post1_Pre_T2/fs_method_comparison/mrmr_then_elasticnet_no_corr_auto_k_smote,mrmr_then_elasticnet_no_corr_auto_k,mrmr_then_elasticnet_no_corr,auto,True,42,3,1.380952380952381
Post1_Pre_T2,Post1,Pre,T2,KNN,0.6444600062247121,0.1405789538160374,0.6538461538461539,0.660533833878944,0.1942152731777109,0.7011332201636266,0.5624601884334921,0.1119536881801151,0.5862068965517241,0.5705532212885155,0.0936256439574295,0.5727163461538461,0.5748461538461539,0.1774826602081347,0.6081081081081081,0.6803921568627451,0.1699899356995548,0.703125,0.597995397995398,0.1457373491596736,0.6521739130434783,0.4607142857142857,0.1619047619047619,0.4423076923076923,9.6,9.6,3.878143885933063,4,8.0,14,elasticnet_then_mrmr_auto_k_no_smote,nested_cv_outputs_all_triple_concat_batch_smote_compare/Post1_Pre_T2/fs_method_comparison/elasticnet_then_mrmr_auto_k_no_smote,elasticnet_then_mrmr_auto_k,elasticnet_then_mrmr,auto,False,31,4,1.5483870967741935
Post1_Pre_T2,Post1,Pre,T2,LogisticRegression,0.6440219421101773,0.1167300409169989,0.6442307692307692,0.7028843235554165,0.1305009749808583,0.694389163975248,0.5949977657986557,0.0770132325559261,0.603448275862069,0.5961811391223156,0.0753072919035576,0.5991586538461539,0.5968922305764411,0.1434223178029209,0.640625,0.6415686274509803,0.10088725954645,0.640625,0.6059767025089606,0.1086919099243359,0.640625,0.5507936507936508,0.0523087525501082,0.5576923076923077,9.6,9.6,3.878143885933063,4,8.0,14,elasticnet_then_mrmr_auto_k_no_smote,nested_cv_outputs_all_triple_concat_batch_smote_compare/Post1_Pre_T2/fs_method_comparison/elasticnet_then_mrmr_auto_k_no_smote,elasticnet_then_mrmr_auto_k,elasticnet_then_mrmr,auto,False,31,4,1.5483870967741935
Post1_Pre_T2,Post1,Pre,T2,SVM_RBF,0.6426470588235293,0.1180498732151248,0.6099759615384615,0.6979766190518596,0.127751580584754,0.6343470487924727,0.5868719279731515,0.1039760279484529,0.6120689655172413,0.5776237161531279,0.0560291810410481,0.5907451923076923,0.5693927125506073,0.1682556899973259,0.6144578313253012,0.7592156862745099,0.1304085202765042,0.796875,0.6370599775250938,0.1540622064829971,0.6938775510204082,0.396031746031746,0.0770454672984863,0.3846153846153846,9.6,9.6,3.878143885933063,4,8.0,14,elasticnet_then_mrmr_auto_k_no_smote,nested_cv_outputs_all_triple_concat_batch_smote_compare/Post1_Pre_T2/fs_method_comparison/elasticnet_then_mrmr_auto_k_no_smote,elasticnet_then_mrmr_auto_k,elasticnet_then_mrmr,auto,False,31,4,1.5483870967741935
Post1_Pre_T2,Post1,Pre,T2,GradientBoosting,0.6424323062558357,0.0692732157622569,0.6206430288461539,0.7089765017806438,0.1043362631402537,0.7022304642047821,0.5165682667351188,0.1123550471283135,0.5431034482758621,0.5549019607843138,0.0564196544689677,0.5336538461538461,0.556258069415964,0.1573718657511061,0.5797101449275363,0.6764705882352942,0.189700182312907,0.625,0.5729911288485142,0.1084867302119394,0.6015037593984962,0.4333333333333333,0.1625415426480866,0.4423076923076923,9.6,9.6,3.878143885933063,4,8.0,14,elasticnet_then_mrmr_auto_k_no_smote,nested_cv_outputs_all_triple_concat_batch_smote_compare/Post1_Pre_T2/fs_method_comparison/elasticnet_then_mrmr_auto_k_no_smote,elasticnet_then_mrmr_auto_k,elasticnet_then_mrmr,auto,False,31,4,1.5483870967741935
Post1_Pre_T2,Post1,Pre,T2,LogisticRegression,0.6401945222533458,0.0774219788976079,0.6259014423076923,0.7099174477762846,0.0867992510193251,0.6901223043612229,0.5644904594848977,0.0764611734880778,0.5775862068965517,0.5598319327731092,0.0892425396183692,0.5775240384615384,0.574046822742475,0.208583882255936,0.6271186440677966,0.5149019607843137,0.1968908658924923,0.578125,0.5233333333333333,0.181842422626478,0.6016260162601627,0.6047619047619047,0.151805294929581,0.5769230769230769,11.6,11.6,6.374950980203691,4,14.0,18,mrmr_then_elasticnet_no_corr_auto_k_smote,nested_cv_outputs_all_triple_concat_batch_smote_compare/Post1_Pre_T2/fs_method_comparison/mrmr_then_elasticnet_no_corr_auto_k_smote,mrmr_then_elasticnet_no_corr_auto_k,mrmr_then_elasticnet_no_corr,auto,True,42,3,1.380952380952381
Post1_Pre_T2,Post1,Pre,T2,ExtraTrees,0.6401128229069406,0.0785518433606228,0.6274038461538461,0.7093969506721104,0.0889153707558359,0.7004043535507039,0.5914724812945058,0.0381731683833764,0.5948275862068966,0.5806862745098039,0.0509630438053893,0.5985576923076923,0.600125313283208,0.1826887167873588,0.6545454545454545,0.5113725490196079,0.1428355671080035,0.5625,0.5427565019333651,0.149127837420678,0.6050420168067226,0.6499999999999999,0.0816496580927726,0.6346153846153846,11.6,11.6,6.374950980203691,4,14.0,18,mrmr_then_elasticnet_no_corr_auto_k_no_smote,nested_cv_outputs_all_triple_concat_batch_smote_compare/Post1_Pre_T2/fs_method_comparison/mrmr_then_elasticnet_no_corr_auto_k_no_smote,mrmr_then_elasticnet_no_corr_auto_k,mrmr_then_elasticnet_no_corr,auto,False,42,3,1.380952380952381
Post1_Pre_T2,Post1,Pre,T2,ExtraTrees,0.636125116713352,0.1073359498800819,0.6382211538461539,0.6702048087187857,0.1715223154648635,0.6875473744908223,0.5896865463050113,0.0807429244690422,0.5948275862068966,0.5821755368814193,0.0857282909351727,0.5985576923076923,0.5983333333333334,0.2049661218619094,0.6545454545454545,0.527843137254902,0.1794793615291667,0.5625,0.5459307359307359,0.1875485557088796,0.6050420168067226,0.6365079365079366,0.092846967289433,0.6346153846153846,9.6,9.6,3.878143885933063,4,8.0,14,elasticnet_then_mrmr_auto_k_smote,nested_cv_outputs_all_triple_concat_batch_smote_compare/Post1_Pre_T2/fs_method_comparison/elasticnet_then_mrmr_auto_k_smote,elasticnet_then_mrmr_auto_k,elasticnet_then_mrmr,auto,True,31,4,1.5483870967741935
Post1_Pre_T2,Post1,Pre,T2,NaiveBayes,0.6359586056644881,0.0810408788096347,0.5674579326923077,0.6864210221442709,0.1671047577096883,0.6183499463994796,0.547959270984855,0.1154157892444257,0.5689655172413793,0.5577054154995331,0.0674964914853558,0.5426682692307692,0.5569264069264068,0.14474289939245,0.5795454545454546,0.8388235294117647,0.1030738640649859,0.796875,0.6462846139739592,0.1117959195846017,0.6710526315789473,0.2765873015873016,0.1512919919157595,0.2884615384615384,12.8,12.8,6.3999999999999995,4,18.0,18,corr_mrmr_auto_k_no_smote,nested_cv_outputs_all_triple_concat_batch_smote_compare/Post1_Pre_T2/fs_method_comparison/corr_mrmr_auto_k_no_smote,corr_mrmr_auto_k,corr_mrmr,auto,False,44,3,1.4545454545454546
Post1_Pre_T2,Post1,Pre,T2,ExtraTrees,0.6356854964207905,0.0967140779732627,0.6126802884615384,0.6991785158060067,0.1172859808637767,0.6726592803249135,0.5965830980291492,0.0723519288963752,0.603448275862069,0.5893183940242764,0.0831529019845285,0.6081730769230769,0.6108333333333333,0.2080931949338511,0.6666666666666666,0.5278431372549021,0.1546232289955851,0.5625,0.5544289044289045,0.1768475105121434,0.6101694915254238,0.6507936507936508,0.0870486957663254,0.6538461538461539,9.6,9.6,3.878143885933063,4,8.0,14,elasticnet_then_mrmr_auto_k_no_smote,nested_cv_outputs_all_triple_concat_batch_smote_compare/Post1_Pre_T2/fs_method_comparison/elasticnet_then_mrmr_auto_k_no_smote,elasticnet_then_mrmr_auto_k,elasticnet_then_mrmr,auto,False,31,4,1.5483870967741935
Post1_Pre_T2,Post1,Pre,T2,RandomForest,0.6349929971988795,0.0979117108042628,0.6346153846153847,0.7010762940824591,0.0927466172914227,0.6967114658073736,0.5880598575815483,0.0954545557165415,0.603448275862069,0.6008543417366946,0.070877778503426,0.6045673076923077,0.6078618113912231,0.1702804824654719,0.6551724137931034,0.5898039215686274,0.1784481784802578,0.59375,0.5704014939309057,0.1532014125284447,0.6229508196721312,0.6119047619047618,0.1041589188350661,0.6153846153846154,9.6,9.6,3.878143885933063,4,8.0,14,elasticnet_then_mrmr_auto_k_smote,nested_cv_outputs_all_triple_concat_batch_smote_compare/Post1_Pre_T2/fs_method_comparison/elasticnet_then_mrmr_auto_k_smote,elasticnet_then_mrmr_auto_k,elasticnet_then_mrmr,auto,True,31,4,1.5483870967741935
Post1_Pre_T2,Post1,Pre,T2,GradientBoosting,0.6321829287270464,0.0783589722961711,0.6383713942307693,0.6976738344163854,0.0949949408896406,0.7009197048256386,0.5815079432988222,0.10072571157661,0.5862068965517241,0.55812558356676,0.0931454421446368,0.5853365384615384,0.5640079365079365,0.1791897408193772,0.6333333333333333,0.5349019607843137,0.1782412259846831,0.59375,0.5445938375350139,0.1758511559798994,0.6129032258064516,0.5813492063492063,0.090281048257523,0.5769230769230769,9.6,9.6,3.878143885933063,4,8.0,14,elasticnet_then_mrmr_auto_k_smote,nested_cv_outputs_all_triple_concat_batch_smote_compare/Post1_Pre_T2/fs_method_comparison/elasticnet_then_mrmr_auto_k_smote,elasticnet_then_mrmr_auto_k,elasticnet_then_mrmr,auto,True,31,4,1.5483870967741935
Post1_Pre_T2,Post1,Pre,T2,SVM_Linear,0.6278291316526611,0.1833222022210659,0.5916466346153846,0.6658153397113471,0.1110437514837107,0.6318551851919664,0.590410997974958,0.1330944592260484,0.5603448275862069,0.6032259570494864,0.1559346211337793,0.5582932692307692,0.6188461538461538,0.0865888742050309,0.6065573770491803,0.6247058823529412,0.2233559698628097,0.578125,0.5973659673659674,0.1168204696572403,0.592,0.5817460317460317,0.2076818991318437,0.5384615384615384,12.8,12.8,6.3999999999999995,4,18.0,18,corr_mrmr_auto_k_smote,nested_cv_outputs_all_triple_concat_batch_smote_compare/Post1_Pre_T2/fs_method_comparison/corr_mrmr_auto_k_smote,corr_mrmr_auto_k,corr_mrmr,auto,True,44,3,1.4545454545454546
Post1_Pre_T2,Post1,Pre,T2,XGBoost,0.6235262994086523,0.121801980948796,0.62109375,0.7028352961208848,0.0651757647527706,0.6749641171485903,0.5850684045900953,0.0759580561203692,0.5862068965517241,0.5769140989729225,0.0883444678046032,0.578125,0.590046685340803,0.1399048496309758,0.6176470588235294,0.6450980392156862,0.1063894899313767,0.65625,0.6015847780553664,0.1019087059605346,0.6363636363636364,0.5087301587301587,0.1586587140800653,0.5,12.8,12.8,6.3999999999999995,4,18.0,18,corr_mrmr_auto_k_no_smote,nested_cv_outputs_all_triple_concat_batch_smote_compare/Post1_Pre_T2/fs_method_comparison/corr_mrmr_auto_k_no_smote,corr_mrmr_auto_k,corr_mrmr,auto,False,44,3,1.4545454545454546
Post1_Pre_T2,Post1,Pre,T2,ExtraTrees,0.619364301276066,0.0805388778476437,0.6260516826923077,0.6978084185794398,0.0960598423875631,0.6978998405628397,0.5837801736021981,0.0270976421967872,0.5862068965517241,0.5760644257703081,0.0437805448368015,0.5925480769230769,0.5999245852187028,0.1801346421865338,0.6538461538461539,0.487843137254902,0.1160307268164416,0.53125,0.5302327827682797,0.136695079192859,0.5862068965517241,0.6642857142857143,0.056544486128752,0.6538461538461539,11.6,11.6,6.374950980203691,4,14.0,18,mrmr_then_elasticnet_no_corr_auto_k_smote,nested_cv_outputs_all_triple_concat_batch_smote_compare/Post1_Pre_T2/fs_method_comparison/mrmr_then_elasticnet_no_corr_auto_k_smote,mrmr_then_elasticnet_no_corr_auto_k,mrmr_then_elasticnet_no_corr,auto,True,42,3,1.380952380952381
Post1_Pre_T2,Post1,Pre,T2,NaiveBayes,0.6186290071584188,0.063794379752019,0.5662560096153847,0.6744020574488355,0.1579541335243959,0.6215994468906075,0.5625481304013007,0.1204105412970965,0.5862068965517241,0.5719211017740429,0.0649498041877589,0.5600961538461539,0.5682327476445124,0.1527805914316637,0.5909090909090909,0.8505882352941176,0.0971283173672954,0.8125,0.6570658657459232,0.116279853524143,0.6842105263157895,0.2932539682539682,0.1773343392466312,0.3076923076923077,12.8,12.8,6.3999999999999995,4,18.0,18,corr_mrmr_auto_k_smote,nested_cv_outputs_all_triple_concat_batch_smote_compare/Post1_Pre_T2/fs_method_comparison/corr_mrmr_auto_k_smote,corr_mrmr_auto_k,corr_mrmr,auto,True,44,3,1.4545454545454546
Post1_Pre_T2,Post1,Pre,T2,NaiveBayes,0.615848895113601,0.0684670958841378,0.6373197115384615,0.6569590246306005,0.1742205713201798,0.706329217509716,0.5987136704600553,0.0718484833066372,0.603448275862069,0.5697268907563025,0.0406736010684512,0.5757211538461539,0.5622716210816897,0.1453388929035206,0.6,0.8192156862745099,0.1109076183486339,0.84375,0.6596969696969697,0.1384341131119587,0.7012987012987013,0.3202380952380952,0.1172993319799512,0.3076923076923077,9.6,9.6,3.878143885933063,4,8.0,14,elasticnet_then_mrmr_auto_k_no_smote,nested_cv_outputs_all_triple_concat_batch_smote_compare/Post1_Pre_T2/fs_method_comparison/elasticnet_then_mrmr_auto_k_no_smote,elasticnet_then_mrmr_auto_k,elasticnet_then_mrmr,auto,False,31,4,1.5483870967741935
Post1_Pre_T2,Post1,Pre,T2,NaiveBayes,0.6138881107998755,0.070464157950424,0.6391225961538464,0.6642152977692266,0.1756846614853781,0.7078142364511674,0.5910213627677476,0.0629204491049729,0.5948275862068966,0.5586157796451914,0.0433833425912896,0.5661057692307692,0.5564745196324143,0.140397215567212,0.5934065934065934,0.8192156862745099,0.1109076183486339,0.84375,0.6557945306725794,0.1346472121993671,0.6967741935483871,0.298015873015873,0.1417416768203544,0.2884615384615384,9.6,9.6,3.878143885933063,4,8.0,14,elasticnet_then_mrmr_auto_k_smote,nested_cv_outputs_all_triple_concat_batch_smote_compare/Post1_Pre_T2/fs_method_comparison/elasticnet_then_mrmr_auto_k_smote,elasticnet_then_mrmr_auto_k,elasticnet_then_mrmr,auto,True,31,4,1.5483870967741935
Post1_Pre_T2,Post1,Pre,T2,RandomForest,0.6118417366946778,0.0886523545682685,0.6382211538461537,0.6852459401666119,0.0867636130454614,0.7019265213010708,0.635085992983657,0.1061020291981509,0.6293103448275862,0.6226470588235294,0.0861471381023245,0.6262019230769231,0.6288888888888888,0.0915167123643289,0.6666666666666666,0.6286274509803922,0.1976159328120884,0.65625,0.614154135338346,0.1413836203862274,0.6614173228346457,0.6166666666666666,0.1222222222222222,0.5961538461538461,11.6,11.6,6.374950980203691,4,14.0,18,mrmr_then_elasticnet_no_corr_auto_k_no_smote,nested_cv_outputs_all_triple_concat_batch_smote_compare/Post1_Pre_T2/fs_method_comparison/mrmr_then_elasticnet_no_corr_auto_k_no_smote,mrmr_then_elasticnet_no_corr_auto_k,mrmr_then_elasticnet_no_corr,auto,False,42,3,1.380952380952381
Post1_Pre_T2,Post1,Pre,T2,GradientBoosting,0.6113406473700592,0.1027351828772716,0.5847355769230769,0.689904474757453,0.0724975763904238,0.6694652594825767,0.5523654012530541,0.0569873067268536,0.5431034482758621,0.5265196078431373,0.0715572781761361,0.5408653846153846,0.5675163398692811,0.1814082400259664,0.5901639344262295,0.5113725490196079,0.1274745076323767,0.5625,0.5248179271708684,0.1288190922484894,0.576,0.5416666666666666,0.2074983266331455,0.5192307692307693,12.8,12.8,6.3999999999999995,4,18.0,18,corr_mrmr_auto_k_smote,nested_cv_outputs_all_triple_concat_batch_smote_compare/Post1_Pre_T2/fs_method_comparison/corr_mrmr_auto_k_smote,corr_mrmr_auto_k,corr_mrmr,auto,True,44,3,1.4545454545454546
Post1_Pre_T2,Post1,Pre,T2,RandomForest,0.6110488639900404,0.1299119786144985,0.6030649038461539,0.6849843001546556,0.102308429493281,0.6479748642101054,0.5640455206639856,0.086996747414768,0.5775862068965517,0.5716666666666667,0.0654313004061147,0.5739182692307692,0.5743697478991596,0.158704325903607,0.6190476190476191,0.5933333333333333,0.1817832128827272,0.609375,0.5567075234627417,0.1518808871651888,0.6141732283464567,0.55,0.1059932446018828,0.5384615384615384,11.6,11.6,6.374950980203691,4,14.0,18,mrmr_then_elasticnet_no_corr_auto_k_smote,nested_cv_outputs_all_triple_concat_batch_smote_compare/Post1_Pre_T2/fs_method_comparison/mrmr_then_elasticnet_no_corr_auto_k_smote,mrmr_then_elasticnet_no_corr_auto_k,mrmr_then_elasticnet_no_corr,auto,True,42,3,1.380952380952381
Post1_Pre_T2,Post1,Pre,T2,RandomForest,0.6057399626517274,0.1039453648355657,0.6283052884615384,0.6825719079521653,0.101144434876133,0.6878539096173205,0.5266891988249052,0.1232906479578484,0.5431034482758621,0.512093837535014,0.1234143771132427,0.5372596153846154,0.5280112044817927,0.2054273827307229,0.5846153846153846,0.5349019607843137,0.1702990562233316,0.59375,0.5227637721755369,0.19018867005461,0.5891472868217055,0.4892857142857142,0.1332860838427348,0.4807692307692308,9.6,9.6,3.878143885933063,4,8.0,14,elasticnet_then_mrmr_auto_k_no_smote,nested_cv_outputs_all_triple_concat_batch_smote_compare/Post1_Pre_T2/fs_method_comparison/elasticnet_then_mrmr_auto_k_no_smote,elasticnet_then_mrmr_auto_k,elasticnet_then_mrmr,auto,False,31,4,1.5483870967741935
Post1_Pre_T2,Post1,Pre,T2,LightGBM,0.601896981014628,0.0674988189897303,0.5895432692307693,0.6942172513209652,0.0924612058771399,0.6670034881497453,0.5135944021372275,0.1214276034551422,0.5431034482758621,0.5384150326797386,0.0785006230226421,0.5426682692307692,0.5529411764705883,0.1861930793230958,0.5932203389830508,0.5462745098039216,0.1846038600884445,0.546875,0.512629821159233,0.161668996535008,0.5691056910569106,0.5305555555555556,0.1753303759784389,0.5384615384615384,9.6,9.6,3.878143885933063,4,8.0,14,elasticnet_then_mrmr_auto_k_smote,nested_cv_outputs_all_triple_concat_batch_smote_compare/Post1_Pre_T2/fs_method_comparison/elasticnet_then_mrmr_auto_k_smote,elasticnet_then_mrmr_auto_k,elasticnet_then_mrmr,auto,True,31,4,1.5483870967741935
Post1_Pre_T2,Post1,Pre,T2,LogisticRegression,0.5987270463741051,0.0802480534683642,0.5892427884615384,0.6679341981543596,0.0820924025640099,0.642877266359384,0.5789552494224351,0.0896471246976825,0.5603448275862069,0.570359477124183,0.0768261384083566,0.5618990384615384,0.595,0.062549980015984,0.6140350877192983,0.5462745098039216,0.1321725713594225,0.546875,0.5579220779220779,0.0887918362243628,0.5785123966942148,0.5944444444444444,0.1401057801435388,0.5769230769230769,12.8,12.8,6.3999999999999995,4,18.0,18,corr_mrmr_auto_k_no_smote,nested_cv_outputs_all_triple_concat_batch_smote_compare/Post1_Pre_T2/fs_method_comparison/corr_mrmr_auto_k_no_smote,corr_mrmr_auto_k,corr_mrmr,auto,False,44,3,1.4545454545454546
Post1_Pre_T2,Post1,Pre,T2,LightGBM,0.5963799408652349,0.0947449240902198,0.5911959134615384,0.7128132246984472,0.0759383447092854,0.6976673977128764,0.5539507334835477,0.080696878387638,0.5344827586206896,0.5546848739495798,0.093822646086671,0.5330528846153846,0.5943724696356274,0.1427161052763149,0.5833333333333334,0.5462745098039216,0.1268286465069265,0.546875,0.5412698412698413,0.0781494198418487,0.5645161290322581,0.5630952380952381,0.2276768207215603,0.5192307692307693,12.8,12.8,6.3999999999999995,4,18.0,18,corr_mrmr_auto_k_no_smote,nested_cv_outputs_all_triple_concat_batch_smote_compare/Post1_Pre_T2/fs_method_comparison/corr_mrmr_auto_k_no_smote,corr_mrmr_auto_k,corr_mrmr,auto,False,44,3,1.4545454545454546
Post1_Pre_T2,Post1,Pre,T2,LightGBM,0.5929466230936818,0.1106510537352888,0.5865384615384615,0.6927982214837354,0.1088259708015265,0.6294855507413263,0.4947909833338088,0.1187074839850461,0.5258620689655172,0.4965499533146592,0.1113322818960934,0.5252403846153846,0.5176190476190475,0.2151179605738471,0.576271186440678,0.4796078431372549,0.185526257739032,0.53125,0.4780802027860852,0.1920690049311653,0.5528455284552846,0.5134920634920636,0.1396825396825396,0.5192307692307693,9.6,9.6,3.878143885933063,4,8.0,14,elasticnet_then_mrmr_auto_k_no_smote,nested_cv_outputs_all_triple_concat_batch_smote_compare/Post1_Pre_T2/fs_method_comparison/elasticnet_then_mrmr_auto_k_no_smote,elasticnet_then_mrmr_auto_k,elasticnet_then_mrmr,auto,False,31,4,1.5483870967741935
Post1_Pre_T2,Post1,Pre,T2,LightGBM,0.5892779333955804,0.0826048496417624,0.57421875,0.6733530394830277,0.1620862972611274,0.6556726820282738,0.5639865757774546,0.0760724204084593,0.5689655172413793,0.5743954248366012,0.0832133186794994,0.5643028846153846,0.6062521688837478,0.1871622174802657,0.609375,0.6015686274509804,0.1198640778337713,0.609375,0.5716516516516517,0.1071390670137717,0.609375,0.5472222222222222,0.2111111111111111,0.5192307692307693,12.8,12.8,6.3999999999999995,4,18.0,18,corr_mrmr_auto_k_smote,nested_cv_outputs_all_triple_concat_batch_smote_compare/Post1_Pre_T2/fs_method_comparison/corr_mrmr_auto_k_smote,corr_mrmr_auto_k,corr_mrmr,auto,True,44,3,1.4545454545454546
Post1_Pre_T2,Post1,Pre,T2,GradientBoosting,0.5842631497043261,0.1248595856498001,0.5600961538461539,0.6478487103562273,0.0917240527845782,0.602945883941096,0.5404171776808039,0.0466280264581121,0.5431034482758621,0.537829131652661,0.0311061507484902,0.5390625,0.5580952380952381,0.1412095466121953,0.5873015873015873,0.5780392156862745,0.1508168199745495,0.578125,0.5430942275042445,0.1104309886636251,0.5826771653543307,0.4976190476190476,0.1719422052466302,0.5,11.6,11.6,6.374950980203691,4,14.0,18,mrmr_then_elasticnet_no_corr_auto_k_smote,nested_cv_outputs_all_triple_concat_batch_smote_compare/Post1_Pre_T2/fs_method_comparison/mrmr_then_elasticnet_no_corr_auto_k_smote,mrmr_then_elasticnet_no_corr_auto_k,mrmr_then_elasticnet_no_corr,auto,True,42,3,1.380952380952381
Post1_Pre_T2,Post1,Pre,T2,XGBoost,0.5765701836290071,0.113801230317292,0.5763221153846153,0.6449376346522178,0.1812839885664345,0.6546652828380171,0.5169014954888147,0.1130534749974702,0.5258620689655172,0.5070751633986929,0.1239823111657227,0.5216346153846154,0.5493557422969187,0.218166064074553,0.5714285714285714,0.5113725490196079,0.1694299191434652,0.5625,0.5087262114806308,0.1681390780707383,0.5669291338582677,0.5027777777777779,0.2045772515502441,0.4807692307692308,12.8,12.8,6.3999999999999995,4,18.0,18,corr_mrmr_auto_k_smote,nested_cv_outputs_all_triple_concat_batch_smote_compare/Post1_Pre_T2/fs_method_comparison/corr_mrmr_auto_k_smote,corr_mrmr_auto_k,corr_mrmr,auto,True,44,3,1.4545454545454546
Post1_Pre_T2,Post1,Pre,T2,SVM_RBF,0.5758201058201058,0.1606963467458089,0.6027644230769231,0.6373620328094048,0.1190623655970845,0.641535545586648,0.5640331612522936,0.0854104719268739,0.5689655172413793,0.5718137254901962,0.0957558164559783,0.5877403846153846,0.4842307692307693,0.327629101885603,0.6842105263157895,0.4019607843137255,0.2245932715808055,0.40625,0.4319157088122605,0.2688566545691151,0.5098039215686274,0.7416666666666666,0.1525503357527331,0.7692307692307693,11.6,11.6,6.374950980203691,4,14.0,18,mrmr_then_elasticnet_no_corr_auto_k_smote,nested_cv_outputs_all_triple_concat_batch_smote_compare/Post1_Pre_T2/fs_method_comparison/mrmr_then_elasticnet_no_corr_auto_k_smote,mrmr_then_elasticnet_no_corr_auto_k,mrmr_then_elasticnet_no_corr,auto,True,42,3,1.380952380952381
Post1_Pre_T2,Post1,Pre,T2,SVM_RBF,0.5699626517273576,0.2258390313055673,0.4999999999999999,0.6887196241165415,0.1722508630759386,0.6055525673274801,0.4451180323816587,0.1031162879467074,0.4741379310344827,0.484640522875817,0.0247072655835762,0.4549278846153846,0.3973397570171763,0.2385874944985837,0.5189873417721519,0.6470588235294118,0.3701678287659358,0.640625,0.4608726220016542,0.2512231162690442,0.5734265734265734,0.3222222222222222,0.375811878339728,0.2692307692307692,12.8,12.8,6.3999999999999995,4,18.0,18,corr_mrmr_auto_k_no_smote,nested_cv_outputs_all_triple_concat_batch_smote_compare/Post1_Pre_T2/fs_method_comparison/corr_mrmr_auto_k_no_smote,corr_mrmr_auto_k,corr_mrmr,auto,False,44,3,1.4545454545454546
Post1_Pre_T2,Post1,Pre,T2,KNN,0.5684200902583256,0.1427424977966532,0.6155348557692308,0.6642229937151816,0.1319728982333098,0.6822789363684949,0.5701463164199538,0.0675474606031022,0.5862068965517241,0.5525280112044818,0.0618871527598095,0.5817307692307692,0.5713492063492064,0.1885418313580084,0.625,0.5419607843137255,0.255382954935651,0.625,0.5225803857825888,0.2078963174622297,0.625,0.5630952380952381,0.1756390627761657,0.5384615384615384,11.6,11.6,6.374950980203691,4,14.0,18,mrmr_then_elasticnet_no_corr_auto_k_smote,nested_cv_outputs_all_triple_concat_batch_smote_compare/Post1_Pre_T2/fs_method_comparison/mrmr_then_elasticnet_no_corr_auto_k_smote,mrmr_then_elasticnet_no_corr_auto_k,mrmr_then_elasticnet_no_corr,auto,True,42,3,1.380952380952381
Post1_Pre_T2,Post1,Pre,T2,RandomForest,0.5594782913165266,0.0938204625654346,0.5680588942307693,0.6613714423432052,0.1331041439123692,0.6775368719479907,0.5571841457269711,0.0417459300126546,0.5603448275862069,0.557985527544351,0.047079019636945,0.5510817307692308,0.5886141490088859,0.1710610593411723,0.5942028985507246,0.6250980392156863,0.1207078953570886,0.640625,0.5755555555555556,0.1004680404929539,0.6165413533834586,0.4908730158730158,0.1972649342143634,0.4615384615384615,12.8,12.8,6.3999999999999995,4,18.0,18,corr_mrmr_auto_k_no_smote,nested_cv_outputs_all_triple_concat_batch_smote_compare/Post1_Pre_T2/fs_method_comparison/corr_mrmr_auto_k_no_smote,corr_mrmr_auto_k,corr_mrmr,auto,False,44,3,1.4545454545454546
Post1_Pre_T2,Post1,Pre,T2,SVM_RBF,0.5593884220354808,0.1487424457668091,0.60546875,0.633361642580641,0.1116839924070231,0.6418043546923093,0.5847289961305534,0.0866462785448948,0.5948275862068966,0.5858006535947713,0.0897130311329408,0.5841346153846154,0.5901902398676593,0.1743174685312261,0.6197183098591549,0.652156862745098,0.2245850546034832,0.6875,0.5888888888888889,0.150256981514428,0.6518518518518519,0.5194444444444445,0.2672447437956821,0.4807692307692308,11.6,11.6,6.374950980203691,4,14.0,18,mrmr_then_elasticnet_no_corr_auto_k_no_smote,nested_cv_outputs_all_triple_concat_batch_smote_compare/Post1_Pre_T2/fs_method_comparison/mrmr_then_elasticnet_no_corr_auto_k_no_smote,mrmr_then_elasticnet_no_corr_auto_k,mrmr_then_elasticnet_no_corr,auto,False,42,3,1.380952380952381
Post1_Pre_T2,Post1,Pre,T2,KNN,0.5534772798008093,0.1698290383534227,0.5949519230769231,0.6611801791543823,0.1376452461856897,0.7054532848696382,0.50679815179259,0.1193349827121343,0.5344827586206896,0.4890242763772175,0.1135234775530135,0.5186298076923077,0.4886699507389163,0.2155984052344667,0.5657894736842105,0.5772549019607844,0.2835313101663996,0.671875,0.5105218047456181,0.2269660575367347,0.6142857142857143,0.4007936507936508,0.1853136364786827,0.3653846153846153,11.6,11.6,6.374950980203691,4,14.0,18,mrmr_then_elasticnet_no_corr_auto_k_no_smote,nested_cv_outputs_all_triple_concat_batch_smote_compare/Post1_Pre_T2/fs_method_comparison/mrmr_then_elasticnet_no_corr_auto_k_no_smote,mrmr_then_elasticnet_no_corr_auto_k,mrmr_then_elasticnet_no_corr,auto,False,42,3,1.380952380952381
Post1_Pre_T2,Post1,Pre,T2,RandomForest,0.551192032368503,0.08844052944295,0.5558894230769231,0.6464388731345208,0.1772401925283337,0.6656498457545283,0.5539569131893938,0.0884495623785502,0.5431034482758621,0.5551610644257703,0.0888564479362155,0.5408653846153846,0.5801508295625943,0.1670471990626249,0.5901639344262295,0.5662745098039216,0.1563442410912997,0.5625,0.5464617558735206,0.1165229771912896,0.576,0.544047619047619,0.1727097918753438,0.5192307692307693,12.8,12.8,6.3999999999999995,4,18.0,18,corr_mrmr_auto_k_smote,nested_cv_outputs_all_triple_concat_batch_smote_compare/Post1_Pre_T2/fs_method_comparison/corr_mrmr_auto_k_smote,corr_mrmr_auto_k,corr_mrmr,auto,True,44,3,1.4545454545454546
Post1_Pre_T2,Post1,Pre,T2,GradientBoosting,0.5406248054777467,0.0510143360578171,0.5213341346153847,0.6468926778089431,0.1443674136252151,0.6458758639648853,0.458751889563903,0.0652800819361752,0.4741379310344827,0.4665289449112978,0.0316787459068593,0.4603365384615384,0.4978210678210678,0.1391437469804262,0.5205479452054794,0.5898039215686274,0.11165388382481,0.59375,0.5152801557213322,0.1035793518810795,0.5547445255474452,0.3432539682539682,0.1456949186562366,0.3269230769230769,12.8,12.8,6.3999999999999995,4,18.0,18,corr_mrmr_auto_k_no_smote,nested_cv_outputs_all_triple_concat_batch_smote_compare/Post1_Pre_T2/fs_method_comparison/corr_mrmr_auto_k_no_smote,corr_mrmr_auto_k,corr_mrmr,auto,False,44,3,1.4545454545454546
Post1_Pre_T2,Post1,Pre,T2,SVM_RBF,0.526029411764706,0.1465943973673101,0.4900841346153846,0.5790196487215236,0.1961331792678128,0.590073739304856,0.4564734795546808,0.1157993844413345,0.4741379310344827,0.5206045751633986,0.0526883740631322,0.4855769230769231,0.4495238095238095,0.2861084582577406,0.5333333333333333,0.471764705882353,0.3300498022606866,0.375,0.3947465437788018,0.2148405877816874,0.4403669724770642,0.5694444444444444,0.3539896071571998,0.5961538461538461,12.8,12.8,6.3999999999999995,4,18.0,18,corr_mrmr_auto_k_smote,nested_cv_outputs_all_triple_concat_batch_smote_compare/Post1_Pre_T2/fs_method_comparison/corr_mrmr_auto_k_smote,corr_mrmr_auto_k,corr_mrmr,auto,True,44,3,1.4545454545454546
Post1_Pre_T2,Post1,Pre,T2,KNN,0.52234243697479,0.1993423953741208,0.5268930288461537,0.5889278620538959,0.2052968346795922,0.5859919633094275,0.4811718623731972,0.1672436787812567,0.4827586206896552,0.4483169934640523,0.1996242411864664,0.4771634615384615,0.4955221386800333,0.2888284828755939,0.53125,0.4494117647058823,0.2442303071008477,0.53125,0.4670098039215686,0.2563707494406904,0.53125,0.4472222222222221,0.2573607738200104,0.4230769230769231,12.8,12.8,6.3999999999999995,4,18.0,18,corr_mrmr_auto_k_smote,nested_cv_outputs_all_triple_concat_batch_smote_compare/Post1_Pre_T2/fs_method_comparison/corr_mrmr_auto_k_smote,corr_mrmr_auto_k,corr_mrmr,auto,True,44,3,1.4545454545454546
Post1_Pre_T2,Post1,Pre,T2,KNN,0.5095899470899471,0.1939273544066474,0.4959435096153846,0.5641320151893551,0.1841611889453031,0.5665624125818709,0.5272605839346662,0.1612030276773069,0.5172413793103449,0.5372829131652661,0.1552092919001853,0.4993990384615384,0.5404347826086956,0.1774722747856136,0.5512820512820513,0.7364705882352942,0.2235417953226093,0.671875,0.5962266112266112,0.1626374026640595,0.6056338028169014,0.3380952380952381,0.2203349565350505,0.3269230769230769,12.8,12.8,6.3999999999999995,4,18.0,18,corr_mrmr_auto_k_no_smote,nested_cv_outputs_all_triple_concat_batch_smote_compare/Post1_Pre_T2/fs_method_comparison/corr_mrmr_auto_k_no_smote,corr_mrmr_auto_k,corr_mrmr,auto,False,44,3,1.4545454545454546
Post2_Pre_T2,Post2,Pre,T2,SVM_RBF,0.7428591470258137,0.1612683498246359,0.7020710059171598,0.8032133840168513,0.0874214582698326,0.7354347971321076,0.6603813987684954,0.1121277167824045,0.6581196581196581,0.6818434343434342,0.1288532315864701,0.6576923076923077,0.6869780219780219,0.1250846350356034,0.7049180327868853,0.6992424242424242,0.210704141103238,0.6615384615384615,0.6714567961684642,0.1098874249628335,0.6825396825396826,0.6644444444444444,0.1277342921173325,0.6538461538461539,13.2,13.2,4.308131845707603,8,16.0,18,elasticnet_then_mrmr_auto_k_smote,nested_cv_outputs_all_triple_concat_batch_smote_compare/Post2_Pre_T2/fs_method_comparison/elasticnet_then_mrmr_auto_k_smote,elasticnet_then_mrmr_auto_k,elasticnet_then_mrmr,auto,True,42,5,1.5714285714285714
Post2_Pre_T2,Post2,Pre,T2,SVM_RBF,0.7353759820426488,0.1757874111246118,0.7065088757396449,0.8067359802726835,0.093531330779612,0.782677388978464,0.6497858652697361,0.1106518880021364,0.6410256410256411,0.6676010101010101,0.1347248989159746,0.6365384615384615,0.6737928737928737,0.1300393545562671,0.676923076923077,0.7174242424242424,0.1918866266895525,0.676923076923077,0.674328342851263,0.0917479513333665,0.676923076923077,0.6177777777777778,0.1723619504859139,0.5961538461538461,13.2,13.2,4.308131845707603,8,16.0,18,elasticnet_then_mrmr_auto_k_no_smote,nested_cv_outputs_all_triple_concat_batch_smote_compare/Post2_Pre_T2/fs_method_comparison/elasticnet_then_mrmr_auto_k_no_smote,elasticnet_then_mrmr_auto_k,elasticnet_then_mrmr,auto,False,42,5,1.5714285714285714
Post2_Pre_T2,Post2,Pre,T2,SVM_Linear,0.7336910774410775,0.1436068529560539,0.7079881656804734,0.7582151650259881,0.127068053727831,0.7372077200973373,0.6779000091903319,0.1030619983063578,0.6837606837606838,0.7100378787878787,0.1059218067249784,0.6884615384615385,0.7341103341103341,0.1495476421843962,0.75,0.6867424242424243,0.2236119309967915,0.6461538461538462,0.6742286878909269,0.1131206296542586,0.6942148760330579,0.7333333333333334,0.1398411797560201,0.7307692307692307,13.2,13.2,4.308131845707603,8,16.0,18,elasticnet_then_mrmr_auto_k_smote,nested_cv_outputs_all_triple_concat_batch_smote_compare/Post2_Pre_T2/fs_method_comparison/elasticnet_then_mrmr_auto_k_smote,elasticnet_then_mrmr_auto_k,elasticnet_then_mrmr,auto,True,42,5,1.5714285714285714
Post2_Pre_T2,Post2,Pre,T2,XGBoost,0.7332014590347924,0.0949656725664127,0.6997041420118343,0.8034244966284255,0.0589844144402653,0.736307173770749,0.6559525778880617,0.1326057676941021,0.6495726495726496,0.6716287878787878,0.1301138513958789,0.6538461538461539,0.6792429792429792,0.1085562789703093,0.7142857142857143,0.6632575757575758,0.2369359814812378,0.6153846153846154,0.6500522466039707,0.1457084105615773,0.6611570247933884,0.6799999999999999,0.0653197264742181,0.6923076923076923,13.2,13.2,4.308131845707603,8,16.0,18,elasticnet_then_mrmr_auto_k_smote,nested_cv_outputs_all_triple_concat_batch_smote_compare/Post2_Pre_T2/fs_method_comparison/elasticnet_then_mrmr_auto_k_smote,elasticnet_then_mrmr_auto_k,elasticnet_then_mrmr,auto,True,42,5,1.5714285714285714
Post2_Pre_T2,Post2,Pre,T2,KNN,0.730206228956229,0.1485831714632187,0.6792899408284024,0.754028844403205,0.1063975705845062,0.70984563611036,0.648260270195754,0.109253021819457,0.6495726495726496,0.6632323232323232,0.1415164537896374,0.6423076923076922,0.673015873015873,0.1488513168825419,0.6764705882352942,0.7353535353535353,0.1901275354780695,0.7076923076923077,0.6759428546193252,0.0974171507909723,0.6917293233082706,0.5911111111111111,0.2371018429928736,0.5769230769230769,13.2,13.2,4.308131845707603,8,16.0,18,elasticnet_then_mrmr_auto_k_smote,nested_cv_outputs_all_triple_concat_batch_smote_compare/Post2_Pre_T2/fs_method_comparison/elasticnet_then_mrmr_auto_k_smote,elasticnet_then_mrmr_auto_k,elasticnet_then_mrmr,auto,True,42,5,1.5714285714285714
Post2_Pre_T2,Post2,Pre,T2,XGBoost,0.7272250280583614,0.1016529586979005,0.6849112426035503,0.7955379284169213,0.0666567268616495,0.7521331697446556,0.6359268449591029,0.0610704538538582,0.6324786324786325,0.6621085858585858,0.0779094467943788,0.6346153846153846,0.672034632034632,0.1148427328234563,0.6896551724137931,0.6731060606060606,0.1822501182481626,0.6153846153846154,0.6473306263628843,0.0676643804769355,0.6504065040650406,0.6511111111111111,0.0859514649147276,0.6538461538461539,13.2,13.2,4.308131845707603,8,16.0,18,elasticnet_then_mrmr_auto_k_no_smote,nested_cv_outputs_all_triple_concat_batch_smote_compare/Post2_Pre_T2/fs_method_comparison/elasticnet_then_mrmr_auto_k_no_smote,elasticnet_then_mrmr_auto_k,elasticnet_then_mrmr,auto,False,42,5,1.5714285714285714
Post2_Pre_T2,Post2,Pre,T2,ExtraTrees,0.7267255892255892,0.1247614065930996,0.7041420118343196,0.77171674039511,0.085226558024803,0.7615213872225604,0.6574781729620438,0.0605578487241597,0.6581196581196581,0.689760101010101,0.0763263204815028,0.6634615384615385,0.7104270729270729,0.1344052288014723,0.7272727272727273,0.6617424242424242,0.191935970824218,0.6153846153846154,0.6553016726403823,0.0763975000723019,0.6666666666666666,0.7177777777777777,0.1114660995909729,0.7115384615384616,13.2,13.2,4.308131845707603,8,16.0,18,elasticnet_then_mrmr_auto_k_no_smote,nested_cv_outputs_all_triple_concat_batch_smote_compare/Post2_Pre_T2/fs_method_comparison/elasticnet_then_mrmr_auto_k_no_smote,elasticnet_then_mrmr_auto_k,elasticnet_then_mrmr,auto,False,42,5,1.5714285714285714
Post2_Pre_T2,Post2,Pre,T2,ExtraTrees,0.7250420875420875,0.1281824859204367,0.7118343195266273,0.777041306633115,0.0848897691384384,0.7518175677282062,0.6790295009649847,0.0946908654274824,0.6752136752136753,0.7026767676767676,0.1081501240956471,0.6788461538461539,0.7173669467787114,0.1171471304146178,0.7368421052631579,0.6853535353535353,0.1960454877887224,0.6461538461538462,0.6788059163059164,0.0992901980694853,0.6885245901639344,0.72,0.1019319550327085,0.7115384615384616,13.2,13.2,4.308131845707603,8,16.0,18,elasticnet_then_mrmr_auto_k_smote,nested_cv_outputs_all_triple_concat_batch_smote_compare/Post2_Pre_T2/fs_method_comparison/elasticnet_then_mrmr_auto_k_smote,elasticnet_then_mrmr_auto_k,elasticnet_then_mrmr,auto,True,42,5,1.5714285714285714
Post2_Pre_T2,Post2,Pre,T2,LightGBM,0.7220440516273849,0.1039096827020489,0.6431952662721893,0.7960410524299468,0.0533045918287372,0.6898852906931598,0.6230236191526514,0.0644768564007331,0.6153846153846154,0.6346843434343434,0.0554238222375656,0.6173076923076923,0.6616228070175438,0.1127448943564506,0.6724137931034483,0.6160353535353535,0.1395772656283892,0.6,0.618655462184874,0.085093152328042,0.6341463414634146,0.6533333333333332,0.1066666666666666,0.6346153846153846,13.2,13.2,4.308131845707603,8,16.0,18,elasticnet_then_mrmr_auto_k_smote,nested_cv_outputs_all_triple_concat_batch_smote_compare/Post2_Pre_T2/fs_method_comparison/elasticnet_then_mrmr_auto_k_smote,elasticnet_then_mrmr_auto_k,elasticnet_then_mrmr,auto,True,42,5,1.5714285714285714
Post2_Pre_T2,Post2,Pre,T2,SVM_Linear,0.7216863075196409,0.1392813590055105,0.680473372781065,0.7479987018257198,0.1218998684522057,0.7200582146098933,0.6385451704806543,0.0744011725081087,0.6495726495726496,0.6671843434343435,0.0867485294779988,0.6442307692307692,0.6652991452991452,0.155062240218998,0.6818181818181818,0.7299242424242424,0.1789130275907532,0.6923076923076923,0.6676906294258909,0.0818376945918158,0.6870229007633588,0.6044444444444445,0.1509803355685602,0.5961538461538461,13.2,13.2,4.308131845707603,8,16.0,18,elasticnet_then_mrmr_auto_k_no_smote,nested_cv_outputs_all_triple_concat_batch_smote_compare/Post2_Pre_T2/fs_method_comparison/elasticnet_then_mrmr_auto_k_no_smote,elasticnet_then_mrmr_auto_k,elasticnet_then_mrmr,auto,False,42,5,1.5714285714285714
Post2_Pre_T2,Post2,Pre,T2,LogisticRegression,0.7168223905723906,0.1542798556550526,0.6967455621301776,0.7469918141982546,0.1381662095979739,0.7444235127430299,0.6679000091903318,0.1076093661290983,0.6752136752136753,0.6931565656565656,0.1196159743865169,0.675,0.6965811965811965,0.1442394742545572,0.7213114754098361,0.7174242424242424,0.1918866266895525,0.676923076923077,0.6832227529499006,0.1024242749388136,0.6984126984126984,0.6688888888888889,0.1370590572898601,0.6730769230769231,13.2,13.2,4.308131845707603,8,16.0,18,elasticnet_then_mrmr_auto_k_no_smote,nested_cv_outputs_all_triple_concat_batch_smote_compare/Post2_Pre_T2/fs_method_comparison/elasticnet_then_mrmr_auto_k_no_smote,elasticnet_then_mrmr_auto_k,elasticnet_then_mrmr,auto,False,42,5,1.5714285714285714
Post2_Pre_T2,Post2,Pre,T2,LightGBM,0.716705948372615,0.1037458500184613,0.6198224852071007,0.7929087809644646,0.0493312903049947,0.6729462593607134,0.6208271298593878,0.1133631053734085,0.6068376068376068,0.6391919191919191,0.1214934616380395,0.6076923076923078,0.6420813173754351,0.0865728545606372,0.6610169491525424,0.6606060606060605,0.218043016665567,0.6,0.6315151515151515,0.1209937426760512,0.6290322580645161,0.6177777777777778,0.0430904876214784,0.6153846153846154,13.2,13.2,4.308131845707603,8,16.0,18,elasticnet_then_mrmr_auto_k_no_smote,nested_cv_outputs_all_triple_concat_batch_smote_compare/Post2_Pre_T2/fs_method_comparison/elasticnet_then_mrmr_auto_k_no_smote,elasticnet_then_mrmr_auto_k,elasticnet_then_mrmr,auto,False,42,5,1.5714285714285714
Post2_Pre_T2,Post2,Pre,T2,LogisticRegression,0.7114057239057239,0.1465913718960533,0.6911242603550296,0.7460325233570847,0.1259661832734646,0.7278881334256431,0.6659525778880617,0.0926348444125745,0.6666666666666666,0.6902398989898989,0.1079142638534231,0.6653846153846155,0.6956333140543667,0.1428696111993579,0.7096774193548387,0.7160353535353535,0.182070707070707,0.676923076923077,0.681065378964653,0.0899762948245101,0.6929133858267716,0.6644444444444444,0.1457886174831708,0.6538461538461539,13.2,13.2,4.308131845707603,8,16.0,18,elasticnet_then_mrmr_auto_k_smote,nested_cv_outputs_all_triple_concat_batch_smote_compare/Post2_Pre_T2/fs_method_comparison/elasticnet_then_mrmr_auto_k_smote,elasticnet_then_mrmr_auto_k,elasticnet_then_mrmr,auto,True,42,5,1.5714285714285714
Post2_Pre_T2,Post2,Pre,T2,GradientBoosting,0.71121632996633,0.1318455587220785,0.7044378698224852,0.7908024335414042,0.0738923788154568,0.7614485357960179,0.6539297858652697,0.108105537931836,0.6495726495726496,0.6632954545454546,0.1216492774512775,0.648076923076923,0.6687351863822452,0.0950511014010759,0.6935483870967742,0.7021464646464646,0.1789228289986037,0.6615384615384615,0.6720205711974344,0.0953305359628966,0.6771653543307087,0.6244444444444445,0.0844444444444444,0.6346153846153846,13.2,13.2,4.308131845707603,8,16.0,18,elasticnet_then_mrmr_auto_k_smote,nested_cv_outputs_all_triple_concat_batch_smote_compare/Post2_Pre_T2/fs_method_comparison/elasticnet_then_mrmr_auto_k_smote,elasticnet_then_mrmr_auto_k,elasticnet_then_mrmr,auto,True,42,5,1.5714285714285714
Post2_Pre_T2,Post2,Pre,T2,RandomForest,0.708733164983165,0.1201157480958664,0.6920118343195266,0.7922290772253016,0.0976807671383693,0.7773533251073794,0.6336191526514108,0.0611490271686173,0.6324786324786325,0.628371212121212,0.0583577280750285,0.6288461538461538,0.6433006535947712,0.0888978993895242,0.671875,0.6589646464646465,0.1150296182741555,0.6615384615384615,0.6431843048481418,0.0826968763792804,0.6666666666666666,0.5977777777777777,0.0645592846503731,0.5961538461538461,13.2,13.2,4.308131845707603,8,16.0,18,elasticnet_then_mrmr_auto_k_no_smote,nested_cv_outputs_all_triple_concat_batch_smote_compare/Post2_Pre_T2/fs_method_comparison/elasticnet_then_mrmr_auto_k_no_smote,elasticnet_then_mrmr_auto_k,elasticnet_then_mrmr,auto,False,42,5,1.5714285714285714
Post2_Pre_T2,Post2,Pre,T2,NaiveBayes,0.7012752525252526,0.0913787705720204,0.6739644970414201,0.7431105006383352,0.0792678566516446,0.7468770904763045,0.66098796066538,0.1141371610765604,0.6410256410256411,0.6255934343434344,0.1192681579708713,0.6269230769230769,0.6703654188948306,0.0811371898163236,0.6533333333333333,0.7311868686868687,0.1474585313486585,0.7538461538461538,0.691535657325131,0.0985335484495561,0.7,0.5199999999999999,0.2705641112039897,0.5,11.6,11.6,5.571355310873648,4,14.0,18,mrmr_then_elasticnet_no_corr_auto_k_smote,nested_cv_outputs_all_triple_concat_batch_smote_compare/Post2_Pre_T2/fs_method_comparison/mrmr_then_elasticnet_no_corr_auto_k_smote,mrmr_then_elasticnet_no_corr_auto_k,mrmr_then_elasticnet_no_corr,auto,True,45,4,1.288888888888889
Post2_Pre_T2,Post2,Pre,T2,KNN,0.6947944725028059,0.1054633243106973,0.660355029585799,0.7817492394536192,0.0794333945424942,0.7309882795779326,0.6322415219189412,0.0788446005490917,0.6153846153846154,0.6382954545454546,0.0797106429744975,0.6173076923076923,0.6721367521367522,0.0995124354819302,0.6724137931034483,0.6188131313131313,0.0719169574616002,0.6,0.6370538070623132,0.0451112575913764,0.6341463414634146,0.6577777777777778,0.1172524974068704,0.6346153846153846,11.6,11.6,5.571355310873648,4,14.0,18,mrmr_then_elasticnet_no_corr_auto_k_smote,nested_cv_outputs_all_triple_concat_batch_smote_compare/Post2_Pre_T2/fs_method_comparison/mrmr_then_elasticnet_no_corr_auto_k_smote,mrmr_then_elasticnet_no_corr_auto_k,mrmr_then_elasticnet_no_corr,auto,True,45,4,1.288888888888889
Post2_Pre_T2,Post2,Pre,T2,KNN,0.6946815375982043,0.1525365621908969,0.6714497041420119,0.7337137425082452,0.1186728880948196,0.7418996514450863,0.6142275526146493,0.1050985286932655,0.6324786324786325,0.6354545454545454,0.1095661470879355,0.6230769230769231,0.6359803921568628,0.1519220697047017,0.6571428571428571,0.7353535353535353,0.1901275354780695,0.7076923076923077,0.6538923065238855,0.1083179523914719,0.6814814814814815,0.5355555555555556,0.187827080969915,0.5384615384615384,13.2,13.2,4.308131845707603,8,16.0,18,elasticnet_then_mrmr_auto_k_no_smote,nested_cv_outputs_all_triple_concat_batch_smote_compare/Post2_Pre_T2/fs_method_comparison/elasticnet_then_mrmr_auto_k_no_smote,elasticnet_then_mrmr_auto_k,elasticnet_then_mrmr,auto,False,42,5,1.5714285714285714
Post2_Pre_T2,Post2,Pre,T2,RandomForest,0.6889772727272727,0.1082819890806844,0.7014792899408285,0.7549043889482475,0.1525680815042592,0.7926197472717937,0.6234454553809392,0.0728818444156813,0.6410256410256411,0.6211489898989899,0.0718322717713272,0.6423076923076922,0.6436904761904763,0.1662450449366428,0.6949152542372882,0.5978535353535352,0.1042626585561044,0.6307692307692307,0.6134731515696261,0.1327579317835573,0.6612903225806451,0.6444444444444445,0.0612624388981787,0.6538461538461539,13.2,13.2,4.308131845707603,8,16.0,18,elasticnet_then_mrmr_auto_k_smote,nested_cv_outputs_all_triple_concat_batch_smote_compare/Post2_Pre_T2/fs_method_comparison/elasticnet_then_mrmr_auto_k_smote,elasticnet_then_mrmr_auto_k,elasticnet_then_mrmr,auto,True,42,5,1.5714285714285714
Post2_Pre_T2,Post2,Pre,T2,NaiveBayes,0.685513468013468,0.1089625067903789,0.6576923076923077,0.7232332659013544,0.0904656124453624,0.737717075011856,0.6445363477621543,0.1309099923720934,0.6239316239316239,0.6098358585858585,0.1300486441957679,0.6096153846153847,0.6549080501765924,0.0958531089645459,0.64,0.7130050505050505,0.1820055502012248,0.7384615384615385,0.6719225219225219,0.1285158062796106,0.6857142857142857,0.5066666666666666,0.2808804499435549,0.4807692307692308,11.6,11.6,5.571355310873648,4,14.0,18,mrmr_then_elasticnet_no_corr_auto_k_no_smote,nested_cv_outputs_all_triple_concat_batch_smote_compare/Post2_Pre_T2/fs_method_comparison/mrmr_then_elasticnet_no_corr_auto_k_no_smote,mrmr_then_elasticnet_no_corr_auto_k,mrmr_then_elasticnet_no_corr,auto,False,45,4,1.288888888888889
Post2_Pre_T2,Post2,Pre,T2,RandomForest,0.6805765993265993,0.1503271525712098,0.620414201183432,0.7712857710145492,0.1048567043357429,0.7233429692538447,0.5666574763348956,0.0716670804501999,0.5555555555555556,0.5746212121212121,0.1023539006335397,0.5480769230769231,0.5852259436469963,0.0660267699169597,0.5970149253731343,0.6603535353535352,0.2058859151326163,0.6153846153846154,0.5997997997997998,0.0796928827447267,0.6060606060606061,0.4888888888888889,0.1032795558988644,0.4807692307692308,12.8,12.8,4.833218389437829,4,14.0,18,corr_mrmr_auto_k_no_smote,nested_cv_outputs_all_triple_concat_batch_smote_compare/Post2_Pre_T2/fs_method_comparison/corr_mrmr_auto_k_no_smote,corr_mrmr_auto_k,corr_mrmr,auto,False,42,3,1.5238095238095235
Post2_Pre_T2,Post2,Pre,T2,SVM_RBF,0.6795454545454546,0.1280854283333256,0.651775147928994,0.7417683466345074,0.0766300021037152,0.721513735085012,0.6439665471923537,0.1568660279571694,0.6153846153846154,0.6619823232323233,0.1667174337281715,0.6173076923076923,0.7046608946608947,0.1479776387385798,0.6724137931034483,0.6506313131313132,0.1929347466043929,0.6,0.6618818818818819,0.1357732075684409,0.6341463414634146,0.6733333333333333,0.2112397269033981,0.6346153846153846,11.6,11.6,5.571355310873648,4,14.0,18,mrmr_then_elasticnet_no_corr_auto_k_smote,nested_cv_outputs_all_triple_concat_batch_smote_compare/Post2_Pre_T2/fs_method_comparison/mrmr_then_elasticnet_no_corr_auto_k_smote,mrmr_then_elasticnet_no_corr_auto_k,mrmr_then_elasticnet_no_corr,auto,True,45,4,1.288888888888889
Post2_Pre_T2,Post2,Pre,T2,SVM_RBF,0.6794654882154882,0.1217471709658072,0.6375739644970415,0.7440509432532759,0.0712314346024279,0.7201547440281848,0.6513739545997611,0.1603478231106864,0.6239316239316239,0.6667045454545455,0.1707652779401734,0.6211538461538462,0.7051810411810411,0.1507561586500704,0.6666666666666666,0.6867424242424243,0.2015621385184079,0.6461538461538462,0.6779642742663985,0.137570988535773,0.65625,0.6466666666666666,0.2561249694973139,0.5961538461538461,11.6,11.6,5.571355310873648,4,14.0,18,mrmr_then_elasticnet_no_corr_auto_k_no_smote,nested_cv_outputs_all_triple_concat_batch_smote_compare/Post2_Pre_T2/fs_method_comparison/mrmr_then_elasticnet_no_corr_auto_k_no_smote,mrmr_then_elasticnet_no_corr_auto_k,mrmr_then_elasticnet_no_corr,auto,False,45,4,1.288888888888889
Post2_Pre_T2,Post2,Pre,T2,GradientBoosting,0.6782982603815938,0.1156722029836641,0.6106508875739646,0.7696013124373108,0.0672436514786144,0.6758402504916092,0.5445363477621543,0.0662411573084634,0.5384615384615384,0.5437878787878788,0.075664184859968,0.5211538461538462,0.564336917562724,0.1052182990358211,0.5714285714285714,0.6742424242424242,0.1952136170715928,0.676923076923077,0.5931042591117686,0.0835821297058106,0.6197183098591549,0.4133333333333333,0.2152689962366637,0.3653846153846153,13.2,13.2,4.308131845707603,8,16.0,18,elasticnet_then_mrmr_auto_k_no_smote,nested_cv_outputs_all_triple_concat_batch_smote_compare/Post2_Pre_T2/fs_method_comparison/elasticnet_then_mrmr_auto_k_no_smote,elasticnet_then_mrmr_auto_k,elasticnet_then_mrmr,auto,False,42,5,1.5714285714285714
Post2_Pre_T2,Post2,Pre,T2,GradientBoosting,0.6745524691358024,0.1576889759565998,0.678698224852071,0.7639936309889542,0.1014871586500713,0.7541435920546256,0.6722543883834206,0.1430410369431849,0.6495726495726496,0.6891287878787878,0.1547155081278527,0.65,0.7303463203463203,0.1460970913919619,0.7,0.6938131313131313,0.1691155790386087,0.6461538461538462,0.6965984165984166,0.1134589260710524,0.672,0.6844444444444444,0.2170054331685991,0.6538461538461539,11.6,11.6,5.571355310873648,4,14.0,18,mrmr_then_elasticnet_no_corr_auto_k_smote,nested_cv_outputs_all_triple_concat_batch_smote_compare/Post2_Pre_T2/fs_method_comparison/mrmr_then_elasticnet_no_corr_auto_k_smote,mrmr_then_elasticnet_no_corr_auto_k,mrmr_then_elasticnet_no_corr,auto,True,45,4,1.288888888888889
Post2_Pre_T2,Post2,Pre,T2,SVM_Linear,0.6734329405162739,0.1232111618205728,0.6017751479289941,0.7350110950102529,0.0448523645042403,0.700731038484038,0.6229850197592134,0.1584390423894447,0.5897435897435898,0.6413636363636364,0.1642460981253841,0.5923076923076923,0.6879220779220778,0.1282717220474228,0.6491228070175439,0.6227272727272728,0.2155679122536293,0.5692307692307692,0.6351654999567885,0.144346298098032,0.6065573770491803,0.6599999999999999,0.2110058216972305,0.6153846153846154,11.6,11.6,5.571355310873648,4,14.0,18,mrmr_then_elasticnet_no_corr_auto_k_smote,nested_cv_outputs_all_triple_concat_batch_smote_compare/Post2_Pre_T2/fs_method_comparison/mrmr_then_elasticnet_no_corr_auto_k_smote,mrmr_then_elasticnet_no_corr_auto_k,mrmr_then_elasticnet_no_corr,auto,True,45,4,1.288888888888889
Post2_Pre_T2,Post2,Pre,T2,RandomForest,0.6718322109988776,0.1513115558576982,0.6357988165680474,0.7817483379861352,0.0664675881606719,0.7197102916718534,0.636274239500046,0.1608573129258808,0.6068376068376068,0.6636489898989899,0.1658895565272254,0.6153846153846154,0.726374269005848,0.1563806985604501,0.6862745098039216,0.6006313131313131,0.2300259719258514,0.5384615384615384,0.6296392496392496,0.1605088742900818,0.603448275862069,0.7266666666666667,0.2091251618847749,0.6923076923076923,11.6,11.6,5.571355310873648,4,14.0,18,mrmr_then_elasticnet_no_corr_auto_k_smote,nested_cv_outputs_all_triple_concat_batch_smote_compare/Post2_Pre_T2/fs_method_comparison/mrmr_then_elasticnet_no_corr_auto_k_smote,mrmr_then_elasticnet_no_corr_auto_k,mrmr_then_elasticnet_no_corr,auto,True,45,4,1.288888888888889
Post2_Pre_T2,Post2,Pre,T2,SVM_Linear,0.6713033108866442,0.1232685248281992,0.6100591715976331,0.7314128315076267,0.0455607823634476,0.6854551148911772,0.6073155040896977,0.1305530883891923,0.5811965811965812,0.6267045454545455,0.1479872636617807,0.5769230769230769,0.6565656565656565,0.1192175969601662,0.625,0.6645202020202021,0.2085542140987447,0.6153846153846154,0.6356613756613756,0.0984920883624854,0.6201550387596899,0.5888888888888889,0.2418039201552967,0.5384615384615384,11.6,11.6,5.571355310873648,4,14.0,18,mrmr_then_elasticnet_no_corr_auto_k_no_smote,nested_cv_outputs_all_triple_concat_batch_smote_compare/Post2_Pre_T2/fs_method_comparison/mrmr_then_elasticnet_no_corr_auto_k_no_smote,mrmr_then_elasticnet_no_corr_auto_k,mrmr_then_elasticnet_no_corr,auto,False,45,4,1.288888888888889
Post2_Pre_T2,Post2,Pre,T2,XGBoost,0.6692494388327722,0.1009747980458079,0.6162721893491124,0.7349385757284969,0.0811119139341898,0.6711957568798566,0.5670535796342248,0.0397543975557188,0.5641025641025641,0.5886489898989898,0.0754379663813784,0.5615384615384615,0.6027777777777776,0.0822147143719374,0.6129032258064516,0.6395202020202021,0.1964583170022465,0.5846153846153846,0.5932496811753778,0.0412451344976717,0.5984251968503937,0.5377777777777778,0.0870929686322907,0.5384615384615384,12.8,12.8,4.833218389437829,4,14.0,18,corr_mrmr_auto_k_smote,nested_cv_outputs_all_triple_concat_batch_smote_compare/Post2_Pre_T2/fs_method_comparison/corr_mrmr_auto_k_smote,corr_mrmr_auto_k,corr_mrmr,auto,True,42,3,1.5238095238095235
Post2_Pre_T2,Post2,Pre,T2,ExtraTrees,0.6655611672278339,0.1729877634582435,0.6784023668639053,0.7663738954686059,0.0936318402122338,0.7495051529307493,0.6347486444260638,0.134768842587043,0.6153846153846154,0.6528914141414142,0.1232441882431818,0.6269230769230769,0.7266788766788767,0.1441368022808705,0.7083333333333334,0.5435606060606061,0.1733011466195508,0.5230769230769231,0.6022837482989286,0.1402214525173004,0.6017699115044248,0.7622222222222221,0.1717879830230016,0.7307692307692307,11.6,11.6,5.571355310873648,4,14.0,18,mrmr_then_elasticnet_no_corr_auto_k_smote,nested_cv_outputs_all_triple_concat_batch_smote_compare/Post2_Pre_T2/fs_method_comparison/mrmr_then_elasticnet_no_corr_auto_k_smote,mrmr_then_elasticnet_no_corr_auto_k,mrmr_then_elasticnet_no_corr,auto,True,45,4,1.288888888888889
Post2_Pre_T2,Post2,Pre,T2,KNN,0.663368406285073,0.1256378857911177,0.6427514792899408,0.7626815282120885,0.0932287124493851,0.7276394850387056,0.5664479367705174,0.0833288046394581,0.5641025641025641,0.5792676767676768,0.0930522884313326,0.551923076923077,0.6046296296296296,0.1655101809540431,0.5972222222222222,0.6674242424242424,0.1036841441336134,0.6615384615384615,0.6109302325581395,0.0799052981928363,0.6277372262773723,0.4911111111111111,0.2430668251355612,0.4423076923076923,11.6,11.6,5.571355310873648,4,14.0,18,mrmr_then_elasticnet_no_corr_auto_k_no_smote,nested_cv_outputs_all_triple_concat_batch_smote_compare/Post2_Pre_T2/fs_method_comparison/mrmr_then_elasticnet_no_corr_auto_k_no_smote,mrmr_then_elasticnet_no_corr_auto_k,mrmr_then_elasticnet_no_corr,auto,False,45,4,1.288888888888889
Post2_Pre_T2,Post2,Pre,T2,KNN,0.6632659932659932,0.05999412026886,0.6667159763313609,0.72385137278378,0.06484545730497,0.7312684953461135,0.5989155408510247,0.0675978646287562,0.6068376068376068,0.5885858585858585,0.0817261844051635,0.6038461538461538,0.6205128205128204,0.1145671373030014,0.6507936507936508,0.6282828282828283,0.146439827224882,0.6307692307692307,0.6085328341168162,0.1007950230272664,0.640625,0.5488888888888889,0.1929114170152063,0.5769230769230769,12.8,12.8,4.833218389437829,4,14.0,18,corr_mrmr_auto_k_smote,nested_cv_outputs_all_triple_concat_batch_smote_compare/Post2_Pre_T2/fs_method_comparison/corr_mrmr_auto_k_smote,corr_mrmr_auto_k,corr_mrmr,auto,True,42,3,1.5238095238095235
Post2_Pre_T2,Post2,Pre,T2,GradientBoosting,0.6632112794612793,0.1366621625825688,0.5815088757396449,0.7245219501278496,0.0953103500329335,0.6474047421411051,0.5997343994118187,0.1303700290365857,0.5726495726495726,0.6209343434343435,0.13808729078019,0.5788461538461538,0.6446794871794872,0.0708991746436762,0.6415094339622641,0.5952020202020203,0.223113384718549,0.5230769230769231,0.5991513056835638,0.1247955354771235,0.576271186440678,0.6466666666666667,0.0911923756830364,0.6346153846153846,12.8,12.8,4.833218389437829,4,14.0,18,corr_mrmr_auto_k_smote,nested_cv_outputs_all_triple_concat_batch_smote_compare/Post2_Pre_T2/fs_method_comparison/corr_mrmr_auto_k_smote,corr_mrmr_auto_k,corr_mrmr,auto,True,42,3,1.5238095238095235
Post2_Pre_T2,Post2,Pre,T2,XGBoost,0.6622516835016834,0.1496508163280373,0.6272189349112426,0.7488631864172692,0.0828069991328013,0.7225204291888478,0.6381233342523664,0.1015427752896084,0.6239316239316239,0.6642045454545453,0.1207692218803125,0.625,0.6833166833166834,0.1309095422274456,0.6779661016949152,0.6617424242424242,0.2075799048468687,0.6153846153846154,0.6448377996765094,0.0974380105397312,0.6451612903225806,0.6666666666666666,0.1657009056205088,0.6346153846153846,11.6,11.6,5.571355310873648,4,14.0,18,mrmr_then_elasticnet_no_corr_auto_k_smote,nested_cv_outputs_all_triple_concat_batch_smote_compare/Post2_Pre_T2/fs_method_comparison/mrmr_then_elasticnet_no_corr_auto_k_smote,mrmr_then_elasticnet_no_corr_auto_k,mrmr_then_elasticnet_no_corr,auto,True,45,4,1.288888888888889
Post2_Pre_T2,Post2,Pre,T2,LightGBM,0.6610122053872053,0.1459370861874374,0.6090236686390533,0.7377098144586162,0.0945806194407812,0.6594676954143779,0.593593419722452,0.0803799724171481,0.5897435897435898,0.5951136363636363,0.1075411453778917,0.5826923076923077,0.6040106951871658,0.0992493776314084,0.6268656716417911,0.6768939393939395,0.2203542935646554,0.6461538461538462,0.6173274094326725,0.1089393181185989,0.6363636363636364,0.5133333333333333,0.1571976816340212,0.5192307692307693,12.8,12.8,4.833218389437829,4,14.0,18,corr_mrmr_auto_k_smote,nested_cv_outputs_all_triple_concat_batch_smote_compare/Post2_Pre_T2/fs_method_comparison/corr_mrmr_auto_k_smote,corr_mrmr_auto_k,corr_mrmr,auto,True,42,3,1.5238095238095235
Post2_Pre_T2,Post2,Pre,T2,LightGBM,0.6587619248035915,0.1706978643335808,0.609319526627219,0.7488822180228247,0.0995043657827914,0.6659980920805939,0.6126376252182704,0.046217337687557,0.6068376068376068,0.625189393939394,0.0837410252216495,0.6038461538461538,0.6568421052631579,0.0958501831908971,0.6507936507936508,0.661489898989899,0.2396025547578853,0.6307692307692307,0.6157786357786358,0.109570654821473,0.640625,0.5888888888888888,0.1916787435808695,0.5769230769230769,12.8,12.8,4.833218389437829,4,14.0,18,corr_mrmr_auto_k_no_smote,nested_cv_outputs_all_triple_concat_batch_smote_compare/Post2_Pre_T2/fs_method_comparison/corr_mrmr_auto_k_no_smote,corr_mrmr_auto_k,corr_mrmr,auto,False,42,3,1.5238095238095235
Post2_Pre_T2,Post2,Pre,T2,LogisticRegression,0.6544248035914703,0.1335498556993549,0.6357988165680474,0.7259159949017383,0.044579701787752,0.7111420513100524,0.6497472658762982,0.1438707454891478,0.6239316239316239,0.6669191919191919,0.1479165508046296,0.6288461538461538,0.7067418546365914,0.1106660441284131,0.6909090909090909,0.6338383838383839,0.2103237486034554,0.5846153846153846,0.6542857142857142,0.1414334704226955,0.6333333333333333,0.7,0.1394875984575574,0.6730769230769231,11.6,11.6,5.571355310873648,4,14.0,18,mrmr_then_elasticnet_no_corr_auto_k_smote,nested_cv_outputs_all_triple_concat_batch_smote_compare/Post2_Pre_T2/fs_method_comparison/mrmr_then_elasticnet_no_corr_auto_k_smote,mrmr_then_elasticnet_no_corr_auto_k,mrmr_then_elasticnet_no_corr,auto,True,45,4,1.288888888888889
Post2_Pre_T2,Post2,Pre,T2,RandomForest,0.6528507295173962,0.1169757920066555,0.6127218934911243,0.7374527291683687,0.0833111146186447,0.7108316889306006,0.5400321661611984,0.0697954984408808,0.5384615384615384,0.5558838383838384,0.0909138028380446,0.5384615384615384,0.5672222222222223,0.0823347578224349,0.5932203389830508,0.5851010101010101,0.2762842654904845,0.5384615384615384,0.5367172675521822,0.1335281607019987,0.5645161290322581,0.5266666666666667,0.1757663994069794,0.5384615384615384,12.8,12.8,4.833218389437829,4,14.0,18,corr_mrmr_auto_k_smote,nested_cv_outputs_all_triple_concat_batch_smote_compare/Post2_Pre_T2/fs_method_comparison/corr_mrmr_auto_k_smote,corr_mrmr_auto_k,corr_mrmr,auto,True,42,3,1.5238095238095235
Post2_Pre_T2,Post2,Pre,T2,ExtraTrees,0.6517592592592594,0.1429949829810484,0.6396449704142012,0.7301309167135148,0.0690166015835596,0.6776534594527959,0.6180222406028857,0.0865714696466919,0.6068376068376068,0.6260227272727272,0.1122448926541703,0.6076923076923078,0.6461278195488722,0.0638652653503106,0.6610169491525424,0.6364898989898989,0.2355501628018975,0.6,0.6145665145665145,0.1255165409104895,0.6290322580645161,0.6155555555555556,0.1522830373245494,0.6153846153846154,12.8,12.8,4.833218389437829,4,14.0,18,corr_mrmr_auto_k_no_smote,nested_cv_outputs_all_triple_concat_batch_smote_compare/Post2_Pre_T2/fs_method_comparison/corr_mrmr_auto_k_no_smote,corr_mrmr_auto_k,corr_mrmr,auto,False,42,3,1.5238095238095235
Post2_Pre_T2,Post2,Pre,T2,LogisticRegression,0.650628507295174,0.1355049528404907,0.6289940828402367,0.7219714725704668,0.047380881935331,0.6994905922626855,0.6736062861869314,0.1301052615883609,0.6495726495726496,0.6878156565656566,0.1353526284267822,0.6519230769230769,0.7242307692307692,0.0964886478897783,0.7068965517241379,0.6756313131313132,0.1879288450204907,0.6307692307692307,0.6868811814482443,0.1178598914048274,0.6666666666666666,0.7,0.1394875984575574,0.6730769230769231,11.6,11.6,5.571355310873648,4,14.0,18,mrmr_then_elasticnet_no_corr_auto_k_no_smote,nested_cv_outputs_all_triple_concat_batch_smote_compare/Post2_Pre_T2/fs_method_comparison/mrmr_then_elasticnet_no_corr_auto_k_no_smote,mrmr_then_elasticnet_no_corr_auto_k,mrmr_then_elasticnet_no_corr,auto,False,45,4,1.288888888888889
Post2_Pre_T2,Post2,Pre,T2,GradientBoosting,0.6473428731762064,0.1619521535894933,0.5792899408284023,0.7554915365523799,0.0832679716094217,0.6972013226965235,0.5255050087308153,0.1307555473034343,0.5470085470085471,0.5769823232323232,0.0966578430527488,0.5326923076923077,0.6182274714532779,0.2027206151093062,0.581081081081081,0.7006313131313131,0.2518147833908287,0.6615384615384615,0.5917693413062625,0.0993356923751025,0.6187050359712231,0.4533333333333333,0.3814462407311169,0.4038461538461538,11.6,11.6,5.571355310873648,4,14.0,18,mrmr_then_elasticnet_no_corr_auto_k_no_smote,nested_cv_outputs_all_triple_concat_batch_smote_compare/Post2_Pre_T2/fs_method_comparison/mrmr_then_elasticnet_no_corr_auto_k_no_smote,mrmr_then_elasticnet_no_corr_auto_k,mrmr_then_elasticnet_no_corr,auto,False,45,4,1.288888888888889
Post2_Pre_T2,Post2,Pre,T2,RandomForest,0.6464141414141414,0.1665602009201421,0.6112426035502958,0.7681497637565877,0.0707356588556466,0.713727647207903,0.6273412370186564,0.1692518416979257,0.5982905982905983,0.6573989898989898,0.1673393478490246,0.6076923076923078,0.7144444444444444,0.1426642436623595,0.68,0.5881313131313132,0.2677269702303364,0.5230769230769231,0.6066666666666667,0.2005670972363791,0.591304347826087,0.7266666666666667,0.2091251618847749,0.6923076923076923,11.6,11.6,5.571355310873648,4,14.0,18,mrmr_then_elasticnet_no_corr_auto_k_no_smote,nested_cv_outputs_all_triple_concat_batch_smote_compare/Post2_Pre_T2/fs_method_comparison/mrmr_then_elasticnet_no_corr_auto_k_no_smote,mrmr_then_elasticnet_no_corr_auto_k,mrmr_then_elasticnet_no_corr,auto,False,45,4,1.288888888888889
Post2_Pre_T2,Post2,Pre,T2,XGBoost,0.6461083052749719,0.1603981283480855,0.5627218934911242,0.7503356526433488,0.0850773405476542,0.6528805747718782,0.6060022056796251,0.1133851889606455,0.5982905982905983,0.6401767676767676,0.1382674434927005,0.5980769230769231,0.6540909090909091,0.1783093235813345,0.65,0.6492424242424242,0.222082141340306,0.6,0.6172199730094466,0.1170982472312323,0.624,0.631111111111111,0.2157273084357617,0.5961538461538461,11.6,11.6,5.571355310873648,4,14.0,18,mrmr_then_elasticnet_no_corr_auto_k_no_smote,nested_cv_outputs_all_triple_concat_batch_smote_compare/Post2_Pre_T2/fs_method_comparison/mrmr_then_elasticnet_no_corr_auto_k_no_smote,mrmr_then_elasticnet_no_corr_auto_k,mrmr_then_elasticnet_no_corr,auto,False,45,4,1.288888888888889
Post2_Pre_T2,Post2,Pre,T2,ExtraTrees,0.6456719977553311,0.1525228681136706,0.6378698224852071,0.7341701481574461,0.0856808508249999,0.6983989525711054,0.5797343994118188,0.0799032979014026,0.5726495726495726,0.5908838383838384,0.1068396756439522,0.5711538461538461,0.5993421052631579,0.1009905922499303,0.6229508196721312,0.623989898989899,0.2374786867715666,0.5846153846153846,0.5855335377394201,0.1250815285426388,0.6031746031746031,0.5577777777777777,0.1288888888888889,0.5576923076923077,12.8,12.8,4.833218389437829,4,14.0,18,corr_mrmr_auto_k_smote,nested_cv_outputs_all_triple_concat_batch_smote_compare/Post2_Pre_T2/fs_method_comparison/corr_mrmr_auto_k_smote,corr_mrmr_auto_k,corr_mrmr,auto,True,42,3,1.5238095238095235
Post2_Pre_T2,Post2,Pre,T2,ExtraTrees,0.6437289562289562,0.1833715636956402,0.6671597633136095,0.7564883407915773,0.0929635697558025,0.7460151906063093,0.6022415219189413,0.1415449964482014,0.5811965811965812,0.6146969696969696,0.1271117872223987,0.5884615384615385,0.6720879120879121,0.1285842954020082,0.6538461538461539,0.544949494949495,0.1753002765848282,0.5230769230769231,0.5853247541481099,0.1363046044391953,0.5811965811965812,0.6844444444444444,0.1796567371680687,0.6538461538461539,11.6,11.6,5.571355310873648,4,14.0,18,mrmr_then_elasticnet_no_corr_auto_k_no_smote,nested_cv_outputs_all_triple_concat_batch_smote_compare/Post2_Pre_T2/fs_method_comparison/mrmr_then_elasticnet_no_corr_auto_k_no_smote,mrmr_then_elasticnet_no_corr_auto_k,mrmr_then_elasticnet_no_corr,auto,False,45,4,1.288888888888889
Post2_Pre_T2,Post2,Pre,T2,GradientBoosting,0.6394781144781145,0.0998814291833184,0.5931952662721893,0.684479279313374,0.082942469835494,0.6736570129833157,0.5535805532579726,0.052636907789848,0.5470085470085471,0.5612121212121213,0.0842090276679499,0.5384615384615385,0.5733333333333333,0.0735686460322082,0.5882352941176471,0.6646464646464646,0.2121010692696961,0.6153846153846154,0.5909071320836027,0.0822940066952632,0.6015037593984962,0.4577777777777777,0.1307905686183303,0.4615384615384615,12.8,12.8,4.833218389437829,4,14.0,18,corr_mrmr_auto_k_no_smote,nested_cv_outputs_all_triple_concat_batch_smote_compare/Post2_Pre_T2/fs_method_comparison/corr_mrmr_auto_k_no_smote,corr_mrmr_auto_k,corr_mrmr,auto,False,42,3,1.5238095238095235
Post2_Pre_T2,Post2,Pre,T2,XGBoost,0.6375687429854097,0.0992470494012294,0.5955621301775148,0.7084058729582384,0.0777218000624652,0.6693897512829545,0.5906901939160004,0.0724379571565261,0.5811965811965812,0.5946969696969697,0.0984392214949809,0.573076923076923,0.602406015037594,0.0886317881569462,0.6176470588235294,0.6782828282828283,0.20884525412221,0.6461538461538462,0.6172096908939013,0.101141129866374,0.631578947368421,0.5111111111111111,0.1249197273116017,0.5,12.8,12.8,4.833218389437829,4,14.0,18,corr_mrmr_auto_k_no_smote,nested_cv_outputs_all_triple_concat_batch_smote_compare/Post2_Pre_T2/fs_method_comparison/corr_mrmr_auto_k_no_smote,corr_mrmr_auto_k,corr_mrmr,auto,False,42,3,1.5238095238095235
Post2_Pre_T2,Post2,Pre,T2,KNN,0.6374782547699215,0.0681023077849705,0.6153846153846154,0.6824010105001821,0.0633023544036245,0.6759909305191125,0.5402187298961493,0.0846762307240197,0.5555555555555556,0.5422348484848485,0.0219153513369514,0.5269230769230769,0.5563636363636364,0.1202600869847491,0.5730337078651685,0.8178030303030303,0.1188597494391223,0.7846153846153846,0.6434615384615385,0.0833080829595215,0.6623376623376623,0.2666666666666667,0.0983819716496829,0.2692307692307692,12.8,12.8,4.833218389437829,4,14.0,18,corr_mrmr_auto_k_no_smote,nested_cv_outputs_all_triple_concat_batch_smote_compare/Post2_Pre_T2/fs_method_comparison/corr_mrmr_auto_k_no_smote,corr_mrmr_auto_k,corr_mrmr,auto,False,42,3,1.5238095238095235
Post2_Pre_T2,Post2,Pre,T2,LightGBM,0.6270693041526375,0.1331812228875867,0.5933431952662722,0.7069865498279829,0.0572701017986181,0.6512950503652595,0.6277116073890268,0.1592795218218225,0.5897435897435898,0.6469823232323233,0.1602468944691963,0.6,0.7091666666666667,0.1084102291196627,0.673469387755102,0.5784090909090909,0.2194800391910521,0.5076923076923077,0.6202325289089995,0.1429169478619129,0.5789473684210527,0.7155555555555555,0.1476733131185435,0.6923076923076923,11.6,11.6,5.571355310873648,4,14.0,18,mrmr_then_elasticnet_no_corr_auto_k_no_smote,nested_cv_outputs_all_triple_concat_batch_smote_compare/Post2_Pre_T2/fs_method_comparison/mrmr_then_elasticnet_no_corr_auto_k_no_smote,mrmr_then_elasticnet_no_corr_auto_k,mrmr_then_elasticnet_no_corr,auto,False,45,4,1.288888888888889
Post2_Pre_T2,Post2,Pre,T2,SVM_Linear,0.6051171436588103,0.176060391697823,0.5633136094674557,0.6859521207354573,0.0847464423896566,0.6396807858615593,0.5381959378733572,0.0426113385586113,0.5384615384615384,0.5429545454545455,0.072293371043174,0.5192307692307692,0.5603113553113552,0.09142954734381,0.569620253164557,0.7214646464646465,0.2119521933649593,0.6923076923076923,0.6031386157701947,0.0761540856702635,0.625,0.3644444444444444,0.1678329563422151,0.3461538461538461,12.8,12.8,4.833218389437829,4,14.0,18,corr_mrmr_auto_k_no_smote,nested_cv_outputs_all_triple_concat_batch_smote_compare/Post2_Pre_T2/fs_method_comparison/corr_mrmr_auto_k_no_smote,corr_mrmr_auto_k,corr_mrmr,auto,False,42,3,1.5238095238095235
Post2_Pre_T2,Post2,Pre,T2,NaiveBayes,0.5989113355780022,0.1428196915432438,0.6004437869822485,0.6861370075542771,0.130584182172755,0.6815323941306315,0.535691572465766,0.146040889902021,0.5384615384615384,0.5314267676767677,0.1550971288437471,0.5134615384615384,0.5431929181929182,0.1351229015517587,0.5647058823529412,0.7561868686868687,0.1941254105807889,0.7384615384615385,0.6193223443223443,0.1277456444290685,0.64,0.3066666666666667,0.1516330854153953,0.2884615384615384,13.2,13.2,4.308131845707603,8,16.0,18,elasticnet_then_mrmr_auto_k_smote,nested_cv_outputs_all_triple_concat_batch_smote_compare/Post2_Pre_T2/fs_method_comparison/elasticnet_then_mrmr_auto_k_smote,elasticnet_then_mrmr_auto_k,elasticnet_then_mrmr,auto,True,42,5,1.5714285714285714
Post2_Pre_T2,Post2,Pre,T2,NaiveBayes,0.5989113355780022,0.1464921987428248,0.5933431952662722,0.6876956207317362,0.1329251732849137,0.675550481061503,0.5190662622920688,0.1399127786057162,0.5299145299145299,0.5165656565656566,0.1433670928202999,0.5019230769230769,0.5306547918312624,0.138085144111091,0.5568181818181818,0.7686868686868686,0.1992925069238383,0.7538461538461538,0.6131662910732679,0.130262003398465,0.6405228758169934,0.2644444444444444,0.125786415094088,0.25,13.2,13.2,4.308131845707603,8,16.0,18,elasticnet_then_mrmr_auto_k_no_smote,nested_cv_outputs_all_triple_concat_batch_smote_compare/Post2_Pre_T2/fs_method_comparison/elasticnet_then_mrmr_auto_k_no_smote,elasticnet_then_mrmr_auto_k,elasticnet_then_mrmr,auto,False,42,5,1.5714285714285714
Post2_Pre_T2,Post2,Pre,T2,SVM_RBF,0.5988285634118968,0.2085973498743095,0.5677514792899409,0.7201250702770411,0.1526057021243939,0.6640300795912126,0.5584679716937782,0.0852131687334133,0.5470085470085471,0.5363636363636364,0.1226929743818156,0.5153846153846154,0.5526185190022203,0.0583836138478665,0.5652173913043478,0.806060606060606,0.2561278376862477,0.8,0.6358247545257624,0.1141632842820268,0.6624203821656051,0.2666666666666667,0.2494438257849294,0.2307692307692307,12.8,12.8,4.833218389437829,4,14.0,18,corr_mrmr_auto_k_smote,nested_cv_outputs_all_triple_concat_batch_smote_compare/Post2_Pre_T2/fs_method_comparison/corr_mrmr_auto_k_smote,corr_mrmr_auto_k,corr_mrmr,auto,True,42,3,1.5238095238095235
Post2_Pre_T2,Post2,Pre,T2,LogisticRegression,0.5937345679012346,0.1853951381849383,0.5863905325443787,0.6690904321574375,0.0820045768125076,0.6574686718883129,0.5695349692123886,0.1048553136344905,0.5470085470085471,0.5737121212121211,0.1342808378793848,0.5403846153846154,0.5903641456582633,0.0326936958323359,0.5909090909090909,0.6563131313131313,0.1904233807126865,0.6,0.6076767676767677,0.074377137816631,0.5954198473282443,0.491111111111111,0.116830572694177,0.4807692307692308,12.8,12.8,4.833218389437829,4,14.0,18,corr_mrmr_auto_k_smote,nested_cv_outputs_all_triple_concat_batch_smote_compare/Post2_Pre_T2/fs_method_comparison/corr_mrmr_auto_k_smote,corr_mrmr_auto_k,corr_mrmr,auto,True,42,3,1.5238095238095235
Post2_Pre_T2,Post2,Pre,T2,LogisticRegression,0.5899551066217733,0.1836314965299478,0.5798816568047337,0.6587949406665006,0.0885201403707802,0.6412040091843737,0.5949195845970039,0.1333696997896793,0.5641025641025641,0.5959343434343434,0.1550023604636758,0.5596153846153846,0.6227450980392157,0.0475278910000671,0.609375,0.6563131313131313,0.1904233807126865,0.6,0.627936507936508,0.0969923099449671,0.6046511627906976,0.5355555555555556,0.165163592676107,0.5192307692307693,12.8,12.8,4.833218389437829,4,14.0,18,corr_mrmr_auto_k_no_smote,nested_cv_outputs_all_triple_concat_batch_smote_compare/Post2_Pre_T2/fs_method_comparison/corr_mrmr_auto_k_no_smote,corr_mrmr_auto_k,corr_mrmr,auto,False,42,3,1.5238095238095235
Post2_Pre_T2,Post2,Pre,T2,LightGBM,0.5854657687991021,0.1724902140271626,0.5584319526627219,0.6560202727247768,0.0867631918594204,0.6215128865006221,0.5886674018932083,0.1366204730192879,0.5641025641025641,0.6065656565656565,0.1511879938056337,0.5673076923076923,0.6330618401206636,0.102567802257822,0.625,0.6020202020202021,0.2053895943587949,0.5384615384615384,0.601053570085828,0.113247498109233,0.5785123966942148,0.611111111111111,0.1322175536057201,0.5961538461538461,11.6,11.6,5.571355310873648,4,14.0,18,mrmr_then_elasticnet_no_corr_auto_k_smote,nested_cv_outputs_all_triple_concat_batch_smote_compare/Post2_Pre_T2/fs_method_comparison/mrmr_then_elasticnet_no_corr_auto_k_smote,mrmr_then_elasticnet_no_corr_auto_k,mrmr_then_elasticnet_no_corr,auto,True,45,4,1.288888888888889
Post2_Pre_T2,Post2,Pre,T2,NaiveBayes,0.5742522446689113,0.025859019395605,0.5801775147928994,0.626863798781802,0.116805665988518,0.6317704930774786,0.6017571914346107,0.0282833551890904,0.5982905982905983,0.538989898989899,0.0364779173646147,0.575,0.5682983682983683,0.1265577568032698,0.6071428571428571,0.6868686868686869,0.2539492677459721,0.7846153846153846,0.6102255639097744,0.1718348378894411,0.6845637583892618,0.3911111111111111,0.2745501370929867,0.3653846153846153,12.8,12.8,4.833218389437829,4,14.0,18,corr_mrmr_auto_k_no_smote,nested_cv_outputs_all_triple_concat_batch_smote_compare/Post2_Pre_T2/fs_method_comparison/corr_mrmr_auto_k_no_smote,corr_mrmr_auto_k,corr_mrmr,auto,False,42,3,1.5238095238095235
Post2_Pre_T2,Post2,Pre,T2,SVM_RBF,0.569064253647587,0.2316301573523677,0.4994082840236686,0.7068168530312938,0.1757712310453017,0.6309198939386342,0.4704907637165701,0.0877209653677177,0.4786324786324786,0.4776767676767677,0.0949099423314106,0.45,0.5190101201771031,0.1142112534006471,0.5227272727272727,0.7353535353535353,0.234304246113818,0.7076923076923077,0.5752451728935492,0.088604214642437,0.6013071895424836,0.2199999999999999,0.2341678199523465,0.1923076923076923,12.8,12.8,4.833218389437829,4,14.0,18,corr_mrmr_auto_k_no_smote,nested_cv_outputs_all_triple_concat_batch_smote_compare/Post2_Pre_T2/fs_method_comparison/corr_mrmr_auto_k_no_smote,corr_mrmr_auto_k,corr_mrmr,auto,False,42,3,1.5238095238095235
Post2_Pre_T2,Post2,Pre,T2,NaiveBayes,0.5631004489337823,0.0309903050672898,0.5736686390532545,0.6157362215771908,0.1279807483562045,0.617230849708612,0.5917571914346108,0.0351438758455077,0.5897435897435898,0.5303156565656566,0.021184385426521,0.5692307692307692,0.5606060606060606,0.1209514241983559,0.6049382716049383,0.6561868686868687,0.2577247538955729,0.7538461538461538,0.5921553884711779,0.1739747666387676,0.6712328767123288,0.4044444444444444,0.2664443517746108,0.3846153846153846,12.8,12.8,4.833218389437829,4,14.0,18,corr_mrmr_auto_k_smote,nested_cv_outputs_all_triple_concat_batch_smote_compare/Post2_Pre_T2/fs_method_comparison/corr_mrmr_auto_k_smote,corr_mrmr_auto_k,corr_mrmr,auto,True,42,3,1.5238095238095235
Post2_Pre_T2,Post2,Pre,T2,SVM_Linear,0.5120833333333333,0.1956833547050999,0.5428994082840237,0.604395462670614,0.096435019218555,0.6120539109282754,0.5861602793860858,0.1310019829600767,0.5555555555555556,0.5880934343434343,0.1531199294994526,0.5423076923076923,0.6182436317635558,0.0528705590973865,0.589041095890411,0.7006313131313131,0.2518147833908287,0.6615384615384615,0.6308513600786837,0.1045588673090915,0.6231884057971014,0.4755555555555555,0.2791875337695895,0.4230769230769231,12.8,12.8,4.833218389437829,4,14.0,18,corr_mrmr_auto_k_smote,nested_cv_outputs_all_triple_concat_batch_smote_compare/Post2_Pre_T2/fs_method_comparison/corr_mrmr_auto_k_smote,corr_mrmr_auto_k,corr_mrmr,auto,True,42,3,1.5238095238095235
