Quad_Tag,Dataset_A,Dataset_B,Dataset_C,Dataset_D,Model,Mean_AUC,Std_AUC,Pooled_AUC,Mean_PR_AUC,Std_PR_AUC,Pooled_PR_AUC,Mean_Acc,Std_Acc,Pooled_Acc,Mean_Bal_Acc,Std_Bal_Acc,Pooled_Bal_Acc,Mean_Prec,Std_Prec,Pooled_Prec,Mean_Rec,Std_Rec,Pooled_Rec,Mean_F1,Std_F1,Pooled_F1,Mean_Specificity,Std_Specificity,Pooled_Specificity,Avg_Features,Mean_Selected_K,Std_Selected_K,Min_Selected_K,Median_Selected_K,Max_Selected_K,Run_Name,Run_Dir,Experiment_ID,FS_METHOD,FS_N_FEATURES,USE_SMOTE,N_Unique_Selected_Features,Max_Selection_Count,Mean_Selection_Count
ADC_Post1_Post2_Pre,ADC,Post1,Post2,Pre,SVM_RBF,0.8125,0.0353375188268145,0.765079365079365,0.848908421123077,0.0768116582334915,0.823823126081703,0.7053221288515406,0.0503961388430194,0.6991150442477876,0.6997222222222222,0.0590090973509069,0.6847619047619048,0.7326814362108479,0.1523948055183276,0.6986301369863014,0.8434920634920635,0.1760534287532116,0.8095238095238095,0.7505298142717497,0.0612029030718274,0.75,0.555952380952381,0.26281228050565,0.56,7.6,7.6,2.939387691339814,4,6.0,12,elasticnet_then_mrmr_auto_k_no_smote,nested_cv_outputs_all_quad_concat_batch/ADC_Post1_Post2_Pre/fs_method_comparison/elasticnet_then_mrmr_auto_k_no_smote,elasticnet_then_mrmr_auto_k,elasticnet_then_mrmr,auto,False,21,4,1.8095238095238095
ADC_Post1_Post2_Pre,ADC,Post1,Post2,Pre,ExtraTrees,0.7918253968253969,0.067935580768039,0.7425396825396826,0.823575134635966,0.1434823380348452,0.752714439116676,0.7048459383753501,0.0386616880871026,0.6991150442477876,0.7030555555555555,0.0362815617893653,0.6971428571428572,0.7432034632034632,0.0937216540107017,0.7377049180327869,0.7415873015873016,0.1357617108262864,0.7142857142857143,0.7271957671957672,0.0627457013640659,0.7258064516129032,0.6645238095238095,0.1364898474541234,0.68,7.6,7.6,2.939387691339814,4,6.0,12,elasticnet_then_mrmr_auto_k_no_smote,nested_cv_outputs_all_quad_concat_batch/ADC_Post1_Post2_Pre/fs_method_comparison/elasticnet_then_mrmr_auto_k_no_smote,elasticnet_then_mrmr_auto_k,elasticnet_then_mrmr,auto,False,21,4,1.8095238095238095
ADC_Post1_Post2_Pre,ADC,Post1,Post2,Pre,LogisticRegression,0.7792857142857142,0.0471246825102098,0.7682539682539682,0.8341191074382526,0.0838372365440471,0.8083378917009849,0.7199439775910366,0.0802875518708459,0.7079646017699115,0.7103174603174602,0.0626335811086137,0.7071428571428571,0.7558333333333332,0.107870807501896,0.75,0.7334920634920635,0.1642043353386753,0.7142857142857143,0.7299749373433584,0.1025056651390881,0.7317073170731707,0.687142857142857,0.1606364891070925,0.7,7.6,7.6,2.939387691339814,4,6.0,12,elasticnet_then_mrmr_auto_k_no_smote,nested_cv_outputs_all_quad_concat_batch/ADC_Post1_Post2_Pre/fs_method_comparison/elasticnet_then_mrmr_auto_k_no_smote,elasticnet_then_mrmr_auto_k,elasticnet_then_mrmr,auto,False,21,4,1.8095238095238095
ADC_Post1_Post2_Pre,ADC,Post1,Post2,Pre,SVM_Linear,0.778095238095238,0.0568147547009214,0.7622222222222222,0.8268325339653677,0.0865324725114295,0.809528173447005,0.7254201680672269,0.0568653322809756,0.7168141592920354,0.723968253968254,0.0507915426149804,0.7088888888888889,0.7455156608097784,0.1205769561572166,0.7313432835820896,0.8036507936507936,0.1299723791809713,0.7777777777777778,0.7569267997580157,0.0706022027680802,0.7538461538461538,0.6442857142857144,0.1571688290225722,0.64,7.6,7.6,2.939387691339814,4,6.0,12,elasticnet_then_mrmr_auto_k_no_smote,nested_cv_outputs_all_quad_concat_batch/ADC_Post1_Post2_Pre/fs_method_comparison/elasticnet_then_mrmr_auto_k_no_smote,elasticnet_then_mrmr_auto_k,elasticnet_then_mrmr,auto,False,21,4,1.8095238095238095
ADC_Post1_Post2_Pre,ADC,Post1,Post2,Pre,NaiveBayes,0.7723809523809524,0.072223356000171,0.6704761904761904,0.772094769625662,0.1259429986367258,0.6893426755286183,0.6390756302521009,0.097524257817906,0.6371681415929203,0.6396428571428572,0.0875444313639479,0.6292063492063492,0.696111111111111,0.1358966564510249,0.6666666666666666,0.7147619047619048,0.1826042673875065,0.6984126984126984,0.6765491288817861,0.0906672971640453,0.6821705426356589,0.5645238095238095,0.2736193956870476,0.56,10.0,10.0,4.560701700396552,4,10.0,18,mrmr_then_elasticnet_no_corr_auto_k_no_smote,nested_cv_outputs_all_quad_concat_batch/ADC_Post1_Post2_Pre/fs_method_comparison/mrmr_then_elasticnet_no_corr_auto_k_no_smote,mrmr_then_elasticnet_no_corr_auto_k,mrmr_then_elasticnet_no_corr,auto,False,41,3,1.2195121951219512
ADC_Post1_Post2_Pre,ADC,Post1,Post2,Pre,LogisticRegression,0.7721031746031745,0.0531742478073887,0.7533333333333333,0.8222393633239496,0.1112925927365875,0.8079207637539492,0.6910364145658263,0.0787638013082113,0.6814159292035398,0.6957936507936509,0.0549018226336415,0.6750793650793651,0.7308333333333333,0.1320084640009921,0.7076923076923077,0.7592063492063492,0.1646021796666751,0.7301587301587301,0.7198110956731646,0.0963413500035609,0.71875,0.6323809523809524,0.1714193119192415,0.62,10.0,10.0,4.560701700396552,4,10.0,18,mrmr_then_elasticnet_no_corr_auto_k_no_smote,nested_cv_outputs_all_quad_concat_batch/ADC_Post1_Post2_Pre/fs_method_comparison/mrmr_then_elasticnet_no_corr_auto_k_no_smote,mrmr_then_elasticnet_no_corr_auto_k,mrmr_then_elasticnet_no_corr,auto,False,41,3,1.2195121951219512
ADC_Post1_Post2_Pre,ADC,Post1,Post2,Pre,RandomForest,0.7603571428571428,0.0531219236804373,0.7409523809523809,0.7893417345872994,0.1056259213287546,0.7664801907572583,0.7165126050420169,0.0872957222274291,0.7079646017699115,0.716388888888889,0.0783138313801408,0.7071428571428571,0.7435497835497836,0.1393311681418476,0.75,0.7325396825396825,0.1907999893303074,0.7142857142857143,0.7229629629629629,0.1330452081318508,0.7317073170731707,0.7002380952380952,0.1011061273098314,0.7,7.6,7.6,2.939387691339814,4,6.0,12,elasticnet_then_mrmr_auto_k_no_smote,nested_cv_outputs_all_quad_concat_batch/ADC_Post1_Post2_Pre/fs_method_comparison/elasticnet_then_mrmr_auto_k_no_smote,elasticnet_then_mrmr_auto_k,elasticnet_then_mrmr,auto,False,21,4,1.8095238095238095
ADC_Post1_Post2_Pre,ADC,Post1,Post2,Pre,NaiveBayes,0.7566666666666666,0.0486653568404896,0.6549206349206349,0.8183941072946306,0.0470650114702426,0.7128831215179545,0.5925070028011205,0.1044550359623392,0.584070796460177,0.5846428571428571,0.062398266913287,0.5568253968253968,0.635179643646463,0.1634184738888452,0.5952380952380952,0.8333333333333334,0.2048787657176197,0.7936507936507936,0.6798821548821549,0.0966994046736735,0.6802721088435374,0.3359523809523809,0.2989858140561233,0.32,7.6,7.6,2.939387691339814,4,6.0,12,elasticnet_then_mrmr_auto_k_no_smote,nested_cv_outputs_all_quad_concat_batch/ADC_Post1_Post2_Pre/fs_method_comparison/elasticnet_then_mrmr_auto_k_no_smote,elasticnet_then_mrmr_auto_k,elasticnet_then_mrmr,auto,False,21,4,1.8095238095238095
ADC_Post1_Post2_Pre,ADC,Post1,Post2,Pre,SVM_Linear,0.7559920634920635,0.0710690245354844,0.7158730158730159,0.8129970772637405,0.1191440733393978,0.779039558029587,0.6619887955182072,0.0749882937506957,0.6548672566371682,0.660952380952381,0.0711469757914777,0.6388888888888888,0.6979000531632111,0.1537003046673693,0.6621621621621622,0.8014285714285714,0.1319947928762148,0.7777777777777778,0.7195600049437647,0.0642296075791799,0.7153284671532847,0.5204761904761905,0.2537232945633523,0.5,10.0,10.0,4.560701700396552,4,10.0,18,mrmr_then_elasticnet_no_corr_auto_k_no_smote,nested_cv_outputs_all_quad_concat_batch/ADC_Post1_Post2_Pre/fs_method_comparison/mrmr_then_elasticnet_no_corr_auto_k_no_smote,mrmr_then_elasticnet_no_corr_auto_k,mrmr_then_elasticnet_no_corr,auto,False,41,3,1.2195121951219512
ADC_Post1_Post2_Pre,ADC,Post1,Post2,Pre,SVM_RBF,0.7482936507936507,0.0585915889939114,0.7152380952380952,0.7959617496496868,0.1268128042213809,0.7600794536855306,0.6497478991596639,0.0397385511222017,0.6460176991150443,0.6417063492063491,0.0701486292376794,0.6309523809523809,0.6833986928104576,0.1315734164959001,0.6575342465753424,0.7903174603174603,0.152906171569714,0.7619047619047619,0.7060166545395747,0.0535214836103338,0.7058823529411765,0.493095238095238,0.2505395538177772,0.5,10.0,10.0,4.560701700396552,4,10.0,18,mrmr_then_elasticnet_no_corr_auto_k_no_smote,nested_cv_outputs_all_quad_concat_batch/ADC_Post1_Post2_Pre/fs_method_comparison/mrmr_then_elasticnet_no_corr_auto_k_no_smote,mrmr_then_elasticnet_no_corr_auto_k,mrmr_then_elasticnet_no_corr,auto,False,41,3,1.2195121951219512
ADC_Post1_Post2_Pre,ADC,Post1,Post2,Pre,KNN,0.7449801587301587,0.0650283384937385,0.7061904761904761,0.7567384020430239,0.1410761389391163,0.7025365456103609,0.6797478991596639,0.0670808024047683,0.672566371681416,0.6796031746031745,0.0317971810163185,0.660952380952381,0.7017156862745098,0.136273980814321,0.6857142857142857,0.7934920634920635,0.1591980405814358,0.7619047619047619,0.7209523809523809,0.0835493798074716,0.7218045112781954,0.5657142857142857,0.169416766632841,0.56,7.6,7.6,2.939387691339814,4,6.0,12,elasticnet_then_mrmr_auto_k_no_smote,nested_cv_outputs_all_quad_concat_batch/ADC_Post1_Post2_Pre/fs_method_comparison/elasticnet_then_mrmr_auto_k_no_smote,elasticnet_then_mrmr_auto_k,elasticnet_then_mrmr,auto,False,21,4,1.8095238095238095
ADC_Post1_Post2_Pre,ADC,Post1,Post2,Pre,KNN,0.7436111111111112,0.0678687913514464,0.686984126984127,0.7833265980182729,0.1003023884528809,0.7337084486264354,0.6502240896358543,0.096517150505927,0.6460176991150443,0.665436507936508,0.0722599761778153,0.633015873015873,0.694945054945055,0.150861222767591,0.6619718309859155,0.7673015873015874,0.0992823835610482,0.746031746031746,0.7074272391759658,0.0661414524250978,0.7014925373134329,0.5635714285714285,0.2225720602309842,0.52,10.0,10.0,4.560701700396552,4,10.0,18,mrmr_then_elasticnet_no_corr_auto_k_no_smote,nested_cv_outputs_all_quad_concat_batch/ADC_Post1_Post2_Pre/fs_method_comparison/mrmr_then_elasticnet_no_corr_auto_k_no_smote,mrmr_then_elasticnet_no_corr_auto_k,mrmr_then_elasticnet_no_corr,auto,False,41,3,1.2195121951219512
ADC_Post1_Post2_Pre,ADC,Post1,Post2,Pre,GradientBoosting,0.7327777777777778,0.0597986248621098,0.7092063492063492,0.7579410256343889,0.1239981159881411,0.7263901570324591,0.6903221288515405,0.0817481988129674,0.6814159292035398,0.6775,0.062661934335075,0.670952380952381,0.6948323735088441,0.131999110649779,0.6956521739130435,0.7723809523809523,0.1395764387800987,0.7619047619047619,0.7222907607779688,0.1089755505802045,0.7272727272727273,0.5826190476190476,0.1292609377293687,0.58,7.6,7.6,2.939387691339814,4,6.0,12,elasticnet_then_mrmr_auto_k_no_smote,nested_cv_outputs_all_quad_concat_batch/ADC_Post1_Post2_Pre/fs_method_comparison/elasticnet_then_mrmr_auto_k_no_smote,elasticnet_then_mrmr_auto_k,elasticnet_then_mrmr,auto,False,21,4,1.8095238095238095
ADC_Post1_Post2_Pre,ADC,Post1,Post2,Pre,LogisticRegression,0.7088888888888889,0.0805114039611808,0.7028571428571428,0.7593533958069931,0.0627392567124961,0.7176178919088438,0.6523669467787115,0.1104422010656443,0.6371681415929203,0.6579365079365079,0.092663955870452,0.6312698412698412,0.6812012987012988,0.1080580940747068,0.671875,0.7125396825396825,0.1812781806660369,0.6825396825396826,0.6809516379496097,0.1193971345858321,0.6771653543307087,0.6033333333333333,0.0968389269755596,0.58,9.6,9.6,5.4258639865002145,4,6.0,18,corr_mrmr_auto_k_no_smote,nested_cv_outputs_all_quad_concat_batch/ADC_Post1_Post2_Pre/fs_method_comparison/corr_mrmr_auto_k_no_smote,corr_mrmr_auto_k,corr_mrmr,auto,False,38,3,1.263157894736842
ADC_Post1_Post2_Pre,ADC,Post1,Post2,Pre,ExtraTrees,0.6988492063492063,0.0756572777963064,0.6717460317460318,0.7763204828510556,0.1079029092719159,0.7302891450730504,0.6108403361344538,0.0621560580015894,0.6106194690265486,0.6090873015873017,0.0943896065952568,0.6033333333333333,0.6718954248366013,0.1324332040984464,0.6461538461538462,0.6917460317460318,0.137157553592329,0.6666666666666666,0.6564495530012772,0.0573889008224107,0.65625,0.5264285714285715,0.2492373855913619,0.54,10.0,10.0,4.560701700396552,4,10.0,18,mrmr_then_elasticnet_no_corr_auto_k_no_smote,nested_cv_outputs_all_quad_concat_batch/ADC_Post1_Post2_Pre/fs_method_comparison/mrmr_then_elasticnet_no_corr_auto_k_no_smote,mrmr_then_elasticnet_no_corr_auto_k,mrmr_then_elasticnet_no_corr,auto,False,41,3,1.2195121951219512
ADC_Post1_Post2_Pre,ADC,Post1,Post2,Pre,LightGBM,0.6871825396825396,0.0859441362620111,0.6952380952380952,0.7437585454418777,0.1116815705872477,0.7409260957837476,0.6624649859943977,0.0999854342898112,0.6548672566371682,0.6536904761904762,0.0981067312319901,0.6492063492063491,0.6863636363636363,0.1701670976971145,0.6875,0.7047619047619047,0.1478322406587307,0.6984126984126984,0.6859405218025907,0.1326861415365375,0.6929133858267716,0.6026190476190476,0.1643278068919373,0.6,7.6,7.6,2.939387691339814,4,6.0,12,elasticnet_then_mrmr_auto_k_no_smote,nested_cv_outputs_all_quad_concat_batch/ADC_Post1_Post2_Pre/fs_method_comparison/elasticnet_then_mrmr_auto_k_no_smote,elasticnet_then_mrmr_auto_k,elasticnet_then_mrmr,auto,False,21,4,1.8095238095238095
ADC_Post1_Post2_Pre,ADC,Post1,Post2,Pre,GradientBoosting,0.6790079365079366,0.1032920881770223,0.6626984126984128,0.7371625335654015,0.1341496079061186,0.722532912903562,0.6180812324929972,0.1054981171652076,0.6106194690265486,0.6290873015873016,0.1041614586755532,0.6074603174603175,0.6780952380952381,0.1912745174953629,0.6557377049180327,0.6484126984126984,0.1228390946917197,0.6349206349206349,0.6464526701368806,0.1236671762938694,0.6451612903225806,0.6097619047619047,0.1808715358248924,0.58,10.0,10.0,4.560701700396552,4,10.0,18,mrmr_then_elasticnet_no_corr_auto_k_no_smote,nested_cv_outputs_all_quad_concat_batch/ADC_Post1_Post2_Pre/fs_method_comparison/mrmr_then_elasticnet_no_corr_auto_k_no_smote,mrmr_then_elasticnet_no_corr_auto_k,mrmr_then_elasticnet_no_corr,auto,False,41,3,1.2195121951219512
ADC_Post1_Post2_Pre,ADC,Post1,Post2,Pre,XGBoost,0.6776587301587302,0.0426969374855798,0.6726984126984127,0.7288614574984791,0.1021897720854607,0.6966909810817539,0.6596498599439776,0.0737068740172135,0.6548672566371682,0.6571031746031746,0.0414894948258229,0.643015873015873,0.6855769230769231,0.14749636441212,0.6714285714285714,0.7734920634920636,0.1506110841360988,0.746031746031746,0.7037695637695638,0.0894278613439635,0.706766917293233,0.5407142857142857,0.1857087911275091,0.54,7.6,7.6,2.939387691339814,4,6.0,12,elasticnet_then_mrmr_auto_k_no_smote,nested_cv_outputs_all_quad_concat_batch/ADC_Post1_Post2_Pre/fs_method_comparison/elasticnet_then_mrmr_auto_k_no_smote,elasticnet_then_mrmr_auto_k,elasticnet_then_mrmr,auto,False,21,4,1.8095238095238095
ADC_Post1_Post2_Pre,ADC,Post1,Post2,Pre,NaiveBayes,0.6731349206349206,0.1039845800825091,0.5377777777777777,0.7543603980861703,0.0965758614700106,0.6279245093494539,0.589985994397759,0.1161135380815004,0.5752212389380531,0.6238492063492063,0.1047075075222368,0.5592063492063492,0.6909969257795344,0.188404435553666,0.6027397260273972,0.7317460317460317,0.2419997313891927,0.6984126984126984,0.6515824915824917,0.0919359390769885,0.6470588235294118,0.5159523809523809,0.3934811782559915,0.42,9.6,9.6,5.4258639865002145,4,6.0,18,corr_mrmr_auto_k_no_smote,nested_cv_outputs_all_quad_concat_batch/ADC_Post1_Post2_Pre/fs_method_comparison/corr_mrmr_auto_k_no_smote,corr_mrmr_auto_k,corr_mrmr,auto,False,38,3,1.263157894736842
ADC_Post1_Post2_Pre,ADC,Post1,Post2,Pre,RandomForest,0.6647619047619048,0.073078992731389,0.6577777777777778,0.7292047022699774,0.1074433039535477,0.7002817751819634,0.6093697478991598,0.0892917546152556,0.6017699115044248,0.6098412698412699,0.1046317734347159,0.6015873015873016,0.675128205128205,0.1606065462778003,0.6551724137931034,0.623015873015873,0.1322804231746074,0.6031746031746031,0.6316498316498316,0.1064867714047788,0.628099173553719,0.5966666666666667,0.2017699460056207,0.6,10.0,10.0,4.560701700396552,4,10.0,18,mrmr_then_elasticnet_no_corr_auto_k_no_smote,nested_cv_outputs_all_quad_concat_batch/ADC_Post1_Post2_Pre/fs_method_comparison/mrmr_then_elasticnet_no_corr_auto_k_no_smote,mrmr_then_elasticnet_no_corr_auto_k,mrmr_then_elasticnet_no_corr,auto,False,41,3,1.2195121951219512
ADC_Post1_Post2_Pre,ADC,Post1,Post2,Pre,XGBoost,0.6596428571428572,0.0912268359689572,0.6590476190476189,0.722914143972748,0.1320121741347977,0.7287931564187509,0.60093837535014,0.0979732631304536,0.5929203539823009,0.5973412698412698,0.0970685212002948,0.5895238095238096,0.6589499389499389,0.174971637483047,0.639344262295082,0.6349206349206348,0.1404560114643107,0.6190476190476191,0.6289444108355179,0.1224445761657656,0.6290322580645161,0.5597619047619048,0.2063482295459175,0.56,10.0,10.0,4.560701700396552,4,10.0,18,mrmr_then_elasticnet_no_corr_auto_k_no_smote,nested_cv_outputs_all_quad_concat_batch/ADC_Post1_Post2_Pre/fs_method_comparison/mrmr_then_elasticnet_no_corr_auto_k_no_smote,mrmr_then_elasticnet_no_corr_auto_k,mrmr_then_elasticnet_no_corr,auto,False,41,3,1.2195121951219512
ADC_Post1_Post2_Pre,ADC,Post1,Post2,Pre,RandomForest,0.6568253968253968,0.1359073165427318,0.606031746031746,0.7271492492224467,0.08911184248239,0.6640887696257252,0.5987955182072829,0.1629930289162817,0.5752212389380531,0.6147619047619047,0.1366604445240307,0.5674603174603174,0.6182883679787705,0.1592167980508477,0.6153846153846154,0.6880952380952381,0.2835633320182744,0.6349206349206349,0.6226740075340481,0.2063148469341853,0.625,0.5414285714285714,0.1672615234701636,0.5,9.6,9.6,5.4258639865002145,4,6.0,18,corr_mrmr_auto_k_no_smote,nested_cv_outputs_all_quad_concat_batch/ADC_Post1_Post2_Pre/fs_method_comparison/corr_mrmr_auto_k_no_smote,corr_mrmr_auto_k,corr_mrmr,auto,False,38,3,1.263157894736842
ADC_Post1_Post2_Pre,ADC,Post1,Post2,Pre,SVM_Linear,0.655515873015873,0.1048298541061531,0.633968253968254,0.7064898700459972,0.0865396030164798,0.6723935073458727,0.6295518207282913,0.0831300630350235,0.6283185840707964,0.6,0.0658969166814193,0.5944444444444444,0.6244805194805195,0.1101111078112336,0.6153846153846154,0.8714285714285713,0.1238095238095238,0.8888888888888888,0.7162119128405722,0.0803726673362505,0.7272727272727273,0.3285714285714285,0.2147613768338987,0.3,9.6,9.6,5.4258639865002145,4,6.0,18,corr_mrmr_auto_k_no_smote,nested_cv_outputs_all_quad_concat_batch/ADC_Post1_Post2_Pre/fs_method_comparison/corr_mrmr_auto_k_no_smote,corr_mrmr_auto_k,corr_mrmr,auto,False,38,3,1.263157894736842
ADC_Post1_Post2_Pre,ADC,Post1,Post2,Pre,LightGBM,0.6402380952380952,0.1305062989051404,0.6296825396825397,0.6678439962280895,0.1703039173119856,0.667778290879482,0.60093837535014,0.0979732631304536,0.5929203539823009,0.599563492063492,0.0979230007922152,0.5915873015873016,0.6472261072261072,0.1711365714992249,0.6440677966101694,0.6117460317460318,0.1403002215942308,0.6031746031746031,0.6203817729625352,0.1373699129779287,0.6229508196721312,0.5873809523809523,0.1260907062917483,0.58,10.0,10.0,4.560701700396552,4,10.0,18,mrmr_then_elasticnet_no_corr_auto_k_no_smote,nested_cv_outputs_all_quad_concat_batch/ADC_Post1_Post2_Pre/fs_method_comparison/mrmr_then_elasticnet_no_corr_auto_k_no_smote,mrmr_then_elasticnet_no_corr_auto_k,mrmr_then_elasticnet_no_corr,auto,False,41,3,1.2195121951219512
ADC_Post1_Post2_Pre,ADC,Post1,Post2,Pre,ExtraTrees,0.634920634920635,0.0834281395702866,0.6031746031746033,0.710964417552398,0.1323003068491242,0.6595909899525767,0.5933613445378152,0.093838187212918,0.584070796460177,0.6026984126984127,0.0870466696716894,0.5753968253968254,0.631904761904762,0.1108777594967557,0.6212121212121212,0.6839682539682539,0.1669252717813706,0.6507936507936508,0.6405282436861384,0.0995578354734043,0.6356589147286822,0.5214285714285715,0.1027953959282042,0.5,9.6,9.6,5.4258639865002145,4,6.0,18,corr_mrmr_auto_k_no_smote,nested_cv_outputs_all_quad_concat_batch/ADC_Post1_Post2_Pre/fs_method_comparison/corr_mrmr_auto_k_no_smote,corr_mrmr_auto_k,corr_mrmr,auto,False,38,3,1.263157894736842
ADC_Post1_Post2_Pre,ADC,Post1,Post2,Pre,XGBoost,0.6209920634920636,0.1332468776770502,0.5825396825396826,0.6969212250900878,0.0928093864868283,0.6494497865603668,0.6307983193277311,0.1299878980652358,0.6106194690265486,0.6392857142857142,0.1066083079206881,0.6012698412698413,0.6632794106478317,0.1384198594437022,0.6417910447761194,0.7180952380952381,0.1827606667893035,0.6825396825396826,0.6707507052334638,0.1319919429664647,0.6615384615384615,0.5604761904761905,0.1599433006112817,0.52,9.6,9.6,5.4258639865002145,4,6.0,18,corr_mrmr_auto_k_no_smote,nested_cv_outputs_all_quad_concat_batch/ADC_Post1_Post2_Pre/fs_method_comparison/corr_mrmr_auto_k_no_smote,corr_mrmr_auto_k,corr_mrmr,auto,False,38,3,1.263157894736842
ADC_Post1_Post2_Pre,ADC,Post1,Post2,Pre,GradientBoosting,0.6009126984126985,0.1067998330222724,0.5549206349206349,0.6799647187009957,0.0780184456833526,0.620816782121083,0.5704621848739496,0.1400937232170936,0.5486725663716814,0.5742063492063492,0.1323270797466095,0.5457142857142857,0.61238344988345,0.1535659908416504,0.6,0.6017460317460317,0.1695981051154621,0.5714285714285714,0.5969073963341536,0.1502509661144367,0.5853658536585366,0.5466666666666666,0.1388044187577134,0.52,9.6,9.6,5.4258639865002145,4,6.0,18,corr_mrmr_auto_k_no_smote,nested_cv_outputs_all_quad_concat_batch/ADC_Post1_Post2_Pre/fs_method_comparison/corr_mrmr_auto_k_no_smote,corr_mrmr_auto_k,corr_mrmr,auto,False,38,3,1.263157894736842
ADC_Post1_Post2_Pre,ADC,Post1,Post2,Pre,LightGBM,0.5882539682539683,0.1489089826357006,0.5657142857142856,0.6837588825478215,0.1124089018664063,0.6389697515514083,0.6264145658263306,0.1208235909098958,0.6106194690265486,0.6185714285714285,0.1091001121315655,0.6033333333333333,0.653434800493624,0.0971619535761941,0.6461538461538462,0.7014285714285714,0.2013649567451811,0.6666666666666666,0.6612684246112238,0.1311178295736493,0.65625,0.5357142857142857,0.1528267289131544,0.54,9.6,9.6,5.4258639865002145,4,6.0,18,corr_mrmr_auto_k_no_smote,nested_cv_outputs_all_quad_concat_batch/ADC_Post1_Post2_Pre/fs_method_comparison/corr_mrmr_auto_k_no_smote,corr_mrmr_auto_k,corr_mrmr,auto,False,38,3,1.263157894736842
ADC_Post1_Post2_Pre,ADC,Post1,Post2,Pre,KNN,0.5434325396825397,0.0755037983823913,0.5358730158730158,0.6271886689625891,0.098794288542747,0.5920608737959125,0.5281652661064425,0.0935273144662223,0.5221238938053098,0.526984126984127,0.0916094441061242,0.5136507936507937,0.5732600732600732,0.1348015209097505,0.5692307692307692,0.5906349206349206,0.129242224261748,0.5873015873015873,0.5723116269919338,0.1074039029129421,0.578125,0.4633333333333332,0.1367885635245546,0.44,9.6,9.6,5.4258639865002145,4,6.0,18,corr_mrmr_auto_k_no_smote,nested_cv_outputs_all_quad_concat_batch/ADC_Post1_Post2_Pre/fs_method_comparison/corr_mrmr_auto_k_no_smote,corr_mrmr_auto_k,corr_mrmr,auto,False,38,3,1.263157894736842
ADC_Post1_Post2_Pre,ADC,Post1,Post2,Pre,SVM_RBF,0.473015873015873,0.236973415380029,0.5815873015873017,0.6082444904789799,0.114929774662572,0.6436583014032959,0.5960224089635855,0.076237246725546,0.6017699115044248,0.5452380952380953,0.0585152653687833,0.5747619047619048,0.4810714285714285,0.2500091835047959,0.6071428571428571,0.75,0.3872983346207417,0.8095238095238095,0.5831323833881379,0.2993893553014742,0.6938775510204082,0.3404761904761905,0.3675931399703862,0.34,9.6,9.6,5.4258639865002145,4,6.0,18,corr_mrmr_auto_k_no_smote,nested_cv_outputs_all_quad_concat_batch/ADC_Post1_Post2_Pre/fs_method_comparison/corr_mrmr_auto_k_no_smote,corr_mrmr_auto_k,corr_mrmr,auto,False,38,3,1.263157894736842
ADC_Post1_Post2_T2,ADC,Post1,Post2,T2,SVM_RBF,0.805,0.0604945187408085,0.765079365079365,0.8463073307070615,0.0796386459596914,0.8262420245015072,0.7194677871148459,0.0701795978382181,0.7079646017699115,0.7184126984126984,0.0580964307276316,0.6988888888888889,0.733048128342246,0.0908942422601371,0.7205882352941176,0.8125396825396825,0.1574747177235007,0.7777777777777778,0.7538003629764065,0.0801576780823613,0.7480916030534351,0.6242857142857143,0.1267811870419073,0.62,7.6,7.6,5.276362383309167,4,6.0,18,elasticnet_then_mrmr_auto_k_no_smote,nested_cv_outputs_all_quad_concat_batch/ADC_Post1_Post2_T2/fs_method_comparison/elasticnet_then_mrmr_auto_k_no_smote,elasticnet_then_mrmr_auto_k,elasticnet_then_mrmr,auto,False,26,4,1.4615384615384617
ADC_Post1_Post2_T2,ADC,Post1,Post2,T2,SVM_Linear,0.7784523809523809,0.0763881776920098,0.7517460317460317,0.8310251004674012,0.0888197384983615,0.8095088867719649,0.7011344537815125,0.0707899501047567,0.6902654867256637,0.7012698412698413,0.0637145902033992,0.6830158730158731,0.7244766997708174,0.0976234778902132,0.7121212121212122,0.7782539682539682,0.1478864279291161,0.746031746031746,0.7347593120732866,0.0804206725625617,0.7286821705426356,0.6242857142857143,0.1267811870419073,0.62,7.6,7.6,5.276362383309167,4,6.0,18,elasticnet_then_mrmr_auto_k_no_smote,nested_cv_outputs_all_quad_concat_batch/ADC_Post1_Post2_T2/fs_method_comparison/elasticnet_then_mrmr_auto_k_no_smote,elasticnet_then_mrmr_auto_k,elasticnet_then_mrmr,auto,False,26,4,1.4615384615384617
ADC_Post1_Post2_T2,ADC,Post1,Post2,T2,LogisticRegression,0.7690873015873015,0.0845987074075989,0.7501587301587301,0.8319621169212242,0.0818501250868158,0.8138602612665049,0.6994677871148459,0.0728277930279908,0.6902654867256637,0.6955555555555556,0.0712897239561814,0.6912698412698413,0.7441491841491842,0.0651710234292415,0.7413793103448276,0.7073015873015873,0.1438014644365601,0.6825396825396826,0.7151710694360421,0.081650825139861,0.7107438016528925,0.6838095238095239,0.1201227641125939,0.7,7.6,7.6,5.276362383309167,4,6.0,18,elasticnet_then_mrmr_auto_k_no_smote,nested_cv_outputs_all_quad_concat_batch/ADC_Post1_Post2_T2/fs_method_comparison/elasticnet_then_mrmr_auto_k_no_smote,elasticnet_then_mrmr_auto_k,elasticnet_then_mrmr,auto,False,26,4,1.4615384615384617
ADC_Post1_Post2_T2,ADC,Post1,Post2,T2,ExtraTrees,0.7487698412698413,0.0484056070788728,0.7196825396825396,0.7932105658905011,0.1113526795648148,0.7801248917472132,0.6506582633053222,0.0909430635361583,0.6371681415929203,0.6490476190476191,0.087308297000455,0.6415873015873016,0.7011188811188811,0.1173339053388683,0.7037037037037037,0.6261904761904763,0.1597270284202448,0.6031746031746031,0.6525940455002239,0.1228691884403487,0.6495726495726496,0.6719047619047618,0.1028880024253746,0.68,7.6,7.6,5.276362383309167,4,6.0,18,elasticnet_then_mrmr_auto_k_no_smote,nested_cv_outputs_all_quad_concat_batch/ADC_Post1_Post2_T2/fs_method_comparison/elasticnet_then_mrmr_auto_k_no_smote,elasticnet_then_mrmr_auto_k,elasticnet_then_mrmr,auto,False,26,4,1.4615384615384617
ADC_Post1_Post2_T2,ADC,Post1,Post2,T2,RandomForest,0.7368253968253968,0.0616536420638959,0.7273015873015873,0.7648857654336425,0.1098973072692719,0.7553062610714296,0.6856582633053222,0.0968223237377062,0.672566371681416,0.6773809523809524,0.0908111316283087,0.6692063492063491,0.72,0.1122497216032182,0.7096774193548387,0.7280952380952381,0.1576291977102386,0.6984126984126984,0.7093734335839599,0.111710628757893,0.704,0.6266666666666667,0.1803083778173136,0.64,7.6,7.6,5.276362383309167,4,6.0,18,elasticnet_then_mrmr_auto_k_no_smote,nested_cv_outputs_all_quad_concat_batch/ADC_Post1_Post2_T2/fs_method_comparison/elasticnet_then_mrmr_auto_k_no_smote,elasticnet_then_mrmr_auto_k,elasticnet_then_mrmr,auto,False,26,4,1.4615384615384617
ADC_Post1_Post2_T2,ADC,Post1,Post2,T2,KNN,0.7365674603174603,0.0981818047941826,0.7065079365079365,0.7691022296267025,0.1084294514080088,0.7306603480520553,0.6828011204481793,0.0782271074574285,0.672566371681416,0.6847619047619048,0.0836135123693728,0.6671428571428571,0.7287883358471594,0.119838057119548,0.703125,0.7538095238095238,0.1651407089929429,0.7142857142857143,0.7159970424144653,0.0841406281410632,0.7086614173228346,0.6157142857142858,0.2079464434800679,0.62,7.6,7.6,5.276362383309167,4,6.0,18,elasticnet_then_mrmr_auto_k_no_smote,nested_cv_outputs_all_quad_concat_batch/ADC_Post1_Post2_T2/fs_method_comparison/elasticnet_then_mrmr_auto_k_no_smote,elasticnet_then_mrmr_auto_k,elasticnet_then_mrmr,auto,False,26,4,1.4615384615384617
ADC_Post1_Post2_T2,ADC,Post1,Post2,T2,SVM_RBF,0.7356746031746032,0.0907186947782128,0.7134920634920636,0.8092326726612071,0.104600723674625,0.7751387288777192,0.6730812324929972,0.0906263723945542,0.672566371681416,0.6678968253968254,0.1164640557908629,0.6630158730158731,0.7146428571428571,0.13147708731865,0.6911764705882353,0.7760317460317461,0.1492894061297213,0.746031746031746,0.7204087140929246,0.0752029690466527,0.7175572519083969,0.5597619047619047,0.2652496364078798,0.58,8.0,8.0,4.381780460041329,4,8.0,16,mrmr_then_elasticnet_no_corr_auto_k_no_smote,nested_cv_outputs_all_quad_concat_batch/ADC_Post1_Post2_T2/fs_method_comparison/mrmr_then_elasticnet_no_corr_auto_k_no_smote,mrmr_then_elasticnet_no_corr_auto_k,mrmr_then_elasticnet_no_corr,auto,False,30,3,1.3333333333333333
ADC_Post1_Post2_T2,ADC,Post1,Post2,T2,NaiveBayes,0.7290079365079365,0.1639051454330232,0.61015873015873,0.8039155612789699,0.083097658878146,0.6810293307170405,0.5651820728291316,0.1346666251241259,0.5486725663716814,0.5601587301587301,0.1465335151105114,0.5271428571428571,0.6266606841058315,0.1506771222305475,0.5769230769230769,0.7626984126984127,0.206233178612694,0.7142857142857143,0.651401393676436,0.1135642117547665,0.6382978723404256,0.3576190476190476,0.3452311986174862,0.34,7.6,7.6,5.276362383309167,4,6.0,18,elasticnet_then_mrmr_auto_k_no_smote,nested_cv_outputs_all_quad_concat_batch/ADC_Post1_Post2_T2/fs_method_comparison/elasticnet_then_mrmr_auto_k_no_smote,elasticnet_then_mrmr_auto_k,elasticnet_then_mrmr,auto,False,26,4,1.4615384615384617
ADC_Post1_Post2_T2,ADC,Post1,Post2,T2,NaiveBayes,0.7289285714285715,0.0764686143433489,0.6736507936507935,0.7888942903788105,0.075718057111065,0.7399844594592162,0.6376050420168068,0.0779383765582138,0.6371681415929203,0.6390079365079365,0.1173217221802461,0.6333333333333333,0.7150974025974026,0.1516845450742099,0.6774193548387096,0.7196825396825396,0.2141165705164252,0.6666666666666666,0.6746851409460105,0.0728880888273265,0.672,0.5583333333333333,0.2905932629027116,0.6,8.0,8.0,4.381780460041329,4,8.0,16,mrmr_then_elasticnet_no_corr_auto_k_no_smote,nested_cv_outputs_all_quad_concat_batch/ADC_Post1_Post2_T2/fs_method_comparison/mrmr_then_elasticnet_no_corr_auto_k_no_smote,mrmr_then_elasticnet_no_corr_auto_k,mrmr_then_elasticnet_no_corr,auto,False,30,3,1.3333333333333333
ADC_Post1_Post2_T2,ADC,Post1,Post2,T2,LogisticRegression,0.7272619047619048,0.1148342765062791,0.7050793650793651,0.8060286091333948,0.102226510468992,0.7697538802267114,0.6681792717086834,0.0957722149799146,0.6637168141592921,0.6703174603174603,0.1114596008892257,0.6653968253968254,0.7445665445665446,0.1720345224711721,0.7192982456140351,0.6739682539682541,0.138529148625466,0.6507936507936508,0.685837447576578,0.1041030987288356,0.6833333333333333,0.6666666666666667,0.2297341458681703,0.68,8.0,8.0,4.381780460041329,4,8.0,16,mrmr_then_elasticnet_no_corr_auto_k_no_smote,nested_cv_outputs_all_quad_concat_batch/ADC_Post1_Post2_T2/fs_method_comparison/mrmr_then_elasticnet_no_corr_auto_k_no_smote,mrmr_then_elasticnet_no_corr_auto_k,mrmr_then_elasticnet_no_corr,auto,False,30,3,1.3333333333333333
ADC_Post1_Post2_T2,ADC,Post1,Post2,T2,GradientBoosting,0.7226587301587302,0.0804409615762997,0.7120634920634921,0.7562761927096662,0.1100733198716833,0.7392917376979806,0.6970868347338937,0.082809875855693,0.6902654867256637,0.678968253968254,0.1129317950137112,0.6850793650793651,0.72585179526356,0.1346225206876586,0.71875,0.7469841269841269,0.1399838021079857,0.7301587301587301,0.7241278597288199,0.1015598668281014,0.7244094488188977,0.6109523809523809,0.2469569903890975,0.64,7.6,7.6,5.276362383309167,4,6.0,18,elasticnet_then_mrmr_auto_k_no_smote,nested_cv_outputs_all_quad_concat_batch/ADC_Post1_Post2_T2/fs_method_comparison/elasticnet_then_mrmr_auto_k_no_smote,elasticnet_then_mrmr_auto_k,elasticnet_then_mrmr,auto,False,26,4,1.4615384615384617
ADC_Post1_Post2_T2,ADC,Post1,Post2,T2,SVM_Linear,0.7213095238095238,0.1267669024968942,0.7009523809523809,0.7963977845886744,0.1195577308898634,0.766839595436051,0.6360364145658264,0.0921108498789743,0.6283185840707964,0.6349206349206349,0.0958180095540523,0.6192063492063492,0.6789608267549444,0.133952372587704,0.6567164179104478,0.7217460317460318,0.1347838709264945,0.6984126984126984,0.6819670750705233,0.0899430075655394,0.676923076923077,0.5480952380952382,0.1944840257737872,0.54,8.0,8.0,4.381780460041329,4,8.0,16,mrmr_then_elasticnet_no_corr_auto_k_no_smote,nested_cv_outputs_all_quad_concat_batch/ADC_Post1_Post2_T2/fs_method_comparison/mrmr_then_elasticnet_no_corr_auto_k_no_smote,mrmr_then_elasticnet_no_corr_auto_k,mrmr_then_elasticnet_no_corr,auto,False,30,3,1.3333333333333333
ADC_Post1_Post2_T2,ADC,Post1,Post2,T2,ExtraTrees,0.7152777777777778,0.1054701886572185,0.6977777777777777,0.7985155946949417,0.1214020351349555,0.7393355183470804,0.6272268907563024,0.1088465307770486,0.6194690265486725,0.6242063492063492,0.1313941562179757,0.6236507936507937,0.7222222222222222,0.188398055086813,0.6851851851851852,0.6150793650793651,0.1715461090299212,0.5873015873015873,0.6343956809474051,0.1322003772054845,0.6324786324786325,0.6333333333333333,0.2818589087547961,0.66,8.0,8.0,4.381780460041329,4,8.0,16,mrmr_then_elasticnet_no_corr_auto_k_no_smote,nested_cv_outputs_all_quad_concat_batch/ADC_Post1_Post2_T2/fs_method_comparison/mrmr_then_elasticnet_no_corr_auto_k_no_smote,mrmr_then_elasticnet_no_corr_auto_k,mrmr_then_elasticnet_no_corr,auto,False,30,3,1.3333333333333333
ADC_Post1_Post2_T2,ADC,Post1,Post2,T2,RandomForest,0.7128571428571429,0.0528505882775198,0.6915873015873015,0.7701488876688641,0.0910519881263278,0.7272478861044838,0.6554621848739496,0.0690932003343795,0.6460176991150443,0.6559920634920635,0.0305128541037719,0.6412698412698412,0.7215126050420168,0.16440084942302,0.6825396825396826,0.7179365079365081,0.2018069045076979,0.6825396825396826,0.6766488180749641,0.1140966798419349,0.6825396825396826,0.594047619047619,0.2285714285714285,0.6,8.0,8.0,4.381780460041329,4,8.0,16,mrmr_then_elasticnet_no_corr_auto_k_no_smote,nested_cv_outputs_all_quad_concat_batch/ADC_Post1_Post2_T2/fs_method_comparison/mrmr_then_elasticnet_no_corr_auto_k_no_smote,mrmr_then_elasticnet_no_corr_auto_k,mrmr_then_elasticnet_no_corr,auto,False,30,3,1.3333333333333333
ADC_Post1_Post2_T2,ADC,Post1,Post2,T2,XGBoost,0.6974206349206349,0.0789473131682628,0.6977777777777778,0.7487142200649171,0.1224030331373813,0.7474709903813386,0.6723669467787114,0.0502022133230804,0.672566371681416,0.6538492063492064,0.0815595036332677,0.6588888888888889,0.68593837535014,0.1138867369795871,0.6805555555555556,0.7869841269841269,0.066031746031746,0.7777777777777778,0.7234322019551221,0.0555630347801047,0.725925925925926,0.5207142857142857,0.212902413423905,0.54,7.6,7.6,5.276362383309167,4,6.0,18,elasticnet_then_mrmr_auto_k_no_smote,nested_cv_outputs_all_quad_concat_batch/ADC_Post1_Post2_T2/fs_method_comparison/elasticnet_then_mrmr_auto_k_no_smote,elasticnet_then_mrmr_auto_k,elasticnet_then_mrmr,auto,False,26,4,1.4615384615384617
ADC_Post1_Post2_T2,ADC,Post1,Post2,T2,LightGBM,0.6923611111111111,0.0866914556239892,0.6731746031746032,0.7530022932502602,0.1391448256181508,0.6770602094045615,0.642843137254902,0.0987618466071378,0.6460176991150443,0.6397222222222222,0.130455188901835,0.6371428571428572,0.7006837606837606,0.1769048258475102,0.6716417910447762,0.7306349206349207,0.0662754963845073,0.7142857142857143,0.6953093077521391,0.0659110623639692,0.6923076923076923,0.5488095238095239,0.2961487491661125,0.56,8.0,8.0,4.381780460041329,4,8.0,16,mrmr_then_elasticnet_no_corr_auto_k_no_smote,nested_cv_outputs_all_quad_concat_batch/ADC_Post1_Post2_T2/fs_method_comparison/mrmr_then_elasticnet_no_corr_auto_k_no_smote,mrmr_then_elasticnet_no_corr_auto_k,mrmr_then_elasticnet_no_corr,auto,False,30,3,1.3333333333333333
ADC_Post1_Post2_T2,ADC,Post1,Post2,T2,GradientBoosting,0.6845238095238095,0.1154138543362049,0.6523809523809524,0.7699997825750075,0.1285604355744497,0.7196095078188145,0.6196498599439776,0.0945411307645562,0.6194690265486725,0.6226984126984128,0.1066999664574722,0.6153968253968254,0.692987012987013,0.1919436584563001,0.6612903225806451,0.6739682539682541,0.138529148625466,0.6507936507936508,0.6557802197802198,0.1007767825851949,0.656,0.5714285714285714,0.2451340509758809,0.58,8.0,8.0,4.381780460041329,4,8.0,16,mrmr_then_elasticnet_no_corr_auto_k_no_smote,nested_cv_outputs_all_quad_concat_batch/ADC_Post1_Post2_T2/fs_method_comparison/mrmr_then_elasticnet_no_corr_auto_k_no_smote,mrmr_then_elasticnet_no_corr_auto_k,mrmr_then_elasticnet_no_corr,auto,False,30,3,1.3333333333333333
ADC_Post1_Post2_T2,ADC,Post1,Post2,T2,KNN,0.6806746031746032,0.0929103429205679,0.6377777777777777,0.7634470177425111,0.1205362565468642,0.7236726539152865,0.5984173669467787,0.1040147867643844,0.584070796460177,0.6172222222222221,0.0879741767924708,0.5815873015873017,0.70425465057818,0.2013641510506316,0.6333333333333333,0.643968253968254,0.1851093117431663,0.6031746031746031,0.6229353577179664,0.1300426807746675,0.6178861788617886,0.5904761904761905,0.2547285247379899,0.56,8.0,8.0,4.381780460041329,4,8.0,16,mrmr_then_elasticnet_no_corr_auto_k_no_smote,nested_cv_outputs_all_quad_concat_batch/ADC_Post1_Post2_T2/fs_method_comparison/mrmr_then_elasticnet_no_corr_auto_k_no_smote,mrmr_then_elasticnet_no_corr_auto_k,mrmr_then_elasticnet_no_corr,auto,False,30,3,1.3333333333333333
ADC_Post1_Post2_T2,ADC,Post1,Post2,T2,LightGBM,0.6730158730158731,0.0622492450228988,0.6614285714285714,0.7044301551119002,0.103311578031694,0.6923733088196795,0.6061204481792717,0.044799357147212,0.6106194690265486,0.5909126984126983,0.0547421174280731,0.6074603174603175,0.6455011655011655,0.1225416948752568,0.6557377049180327,0.6349206349206348,0.0992539568308792,0.6349206349206349,0.6330574712643677,0.0845470113004054,0.6451612903225806,0.5469047619047619,0.1730636310960892,0.58,7.6,7.6,5.276362383309167,4,6.0,18,elasticnet_then_mrmr_auto_k_no_smote,nested_cv_outputs_all_quad_concat_batch/ADC_Post1_Post2_T2/fs_method_comparison/elasticnet_then_mrmr_auto_k_no_smote,elasticnet_then_mrmr_auto_k,elasticnet_then_mrmr,auto,False,26,4,1.4615384615384617
ADC_Post1_Post2_T2,ADC,Post1,Post2,T2,RandomForest,0.668968253968254,0.1222011938207929,0.6555555555555556,0.7763918097890977,0.1478989660043887,0.7565212720083148,0.6606582633053222,0.0930455562573264,0.6460176991150443,0.6415873015873016,0.0955706495487899,0.6474603174603175,0.7067171717171717,0.1303401794980837,0.7017543859649122,0.6579365079365079,0.2142327976990855,0.6349206349206349,0.6603524907586692,0.1410118359288521,0.6666666666666666,0.6252380952380951,0.2463226135213184,0.66,6.8,6.8,5.6,4,4.0,18,corr_mrmr_auto_k_no_smote,nested_cv_outputs_all_quad_concat_batch/ADC_Post1_Post2_T2/fs_method_comparison/corr_mrmr_auto_k_no_smote,corr_mrmr_auto_k,corr_mrmr,auto,False,30,3,1.1333333333333333
ADC_Post1_Post2_T2,ADC,Post1,Post2,T2,XGBoost,0.6603571428571429,0.0832244564637769,0.6695238095238095,0.731233183209988,0.1314446464302948,0.7183463040958813,0.6379831932773109,0.0538080692778155,0.6371681415929203,0.6355952380952381,0.0638991907301158,0.6312698412698412,0.6866666666666666,0.139204086785474,0.671875,0.6971428571428571,0.115060863318392,0.6825396825396826,0.6737770479839446,0.0716022267574558,0.6771653543307087,0.574047619047619,0.1939247346809799,0.58,8.0,8.0,4.381780460041329,4,8.0,16,mrmr_then_elasticnet_no_corr_auto_k_no_smote,nested_cv_outputs_all_quad_concat_batch/ADC_Post1_Post2_T2/fs_method_comparison/mrmr_then_elasticnet_no_corr_auto_k_no_smote,mrmr_then_elasticnet_no_corr_auto_k,mrmr_then_elasticnet_no_corr,auto,False,30,3,1.3333333333333333
ADC_Post1_Post2_T2,ADC,Post1,Post2,T2,GradientBoosting,0.6595238095238096,0.1084587041292018,0.679047619047619,0.7720065240397834,0.1343094869374311,0.7753436791575545,0.618655462184874,0.1165763737741473,0.6106194690265486,0.5935714285714286,0.134954804263322,0.5992063492063492,0.6581444140654666,0.1885287874560722,0.6376811594202898,0.7023809523809523,0.1559680310415538,0.6984126984126984,0.6629671095188338,0.1345845374076525,0.6666666666666666,0.4847619047619047,0.3158137457354649,0.5,6.8,6.8,5.6,4,4.0,18,corr_mrmr_auto_k_no_smote,nested_cv_outputs_all_quad_concat_batch/ADC_Post1_Post2_T2/fs_method_comparison/corr_mrmr_auto_k_no_smote,corr_mrmr_auto_k,corr_mrmr,auto,False,30,3,1.1333333333333333
ADC_Post1_Post2_T2,ADC,Post1,Post2,T2,KNN,0.6519246031746031,0.1806338091368152,0.6514285714285714,0.7275558810711655,0.1890273614825483,0.7177179756529001,0.6241316526610644,0.1006780479036649,0.6194690265486725,0.5921031746031746,0.1302981734659638,0.6092063492063492,0.6412420912420912,0.1520912774888824,0.6470588235294118,0.6992063492063492,0.1517181351790288,0.6984126984126984,0.6629090909090909,0.1326418155774016,0.6717557251908397,0.485,0.266270539113887,0.52,6.8,6.8,5.6,4,4.0,18,corr_mrmr_auto_k_no_smote,nested_cv_outputs_all_quad_concat_batch/ADC_Post1_Post2_T2/fs_method_comparison/corr_mrmr_auto_k_no_smote,corr_mrmr_auto_k,corr_mrmr,auto,False,30,3,1.1333333333333333
ADC_Post1_Post2_T2,ADC,Post1,Post2,T2,LightGBM,0.6286111111111111,0.0969119116481537,0.6176190476190477,0.7088435434790349,0.1203834330978559,0.6949030351292081,0.6371288515406162,0.0677965535017359,0.6283185840707964,0.6191666666666666,0.0659379580432208,0.6295238095238096,0.6903535353535354,0.1348343351256747,0.6842105263157895,0.6357142857142858,0.1939238252185696,0.6190476190476191,0.6400715512557618,0.1235244592432494,0.65,0.6026190476190476,0.2456358309596691,0.64,6.8,6.8,5.6,4,4.0,18,corr_mrmr_auto_k_no_smote,nested_cv_outputs_all_quad_concat_batch/ADC_Post1_Post2_T2/fs_method_comparison/corr_mrmr_auto_k_no_smote,corr_mrmr_auto_k,corr_mrmr,auto,False,30,3,1.1333333333333333
ADC_Post1_Post2_T2,ADC,Post1,Post2,T2,LogisticRegression,0.626825396825397,0.1399520758056049,0.653968253968254,0.7201759100644981,0.1089078090883769,0.738720527004578,0.607703081232493,0.0904545615933547,0.6017699115044248,0.5792460317460317,0.1365320207620675,0.6015873015873016,0.6428821178821179,0.1302741065713798,0.6551724137931034,0.6139682539682539,0.1999934491242595,0.6031746031746031,0.6160594996619337,0.1457539233862173,0.628099173553719,0.5445238095238095,0.2823387907174007,0.6,6.8,6.8,5.6,4,4.0,18,corr_mrmr_auto_k_no_smote,nested_cv_outputs_all_quad_concat_batch/ADC_Post1_Post2_T2/fs_method_comparison/corr_mrmr_auto_k_no_smote,corr_mrmr_auto_k,corr_mrmr,auto,False,30,3,1.1333333333333333
ADC_Post1_Post2_T2,ADC,Post1,Post2,T2,SVM_Linear,0.6161111111111112,0.1310239342753286,0.6133333333333333,0.7147634729716021,0.1144479996265376,0.6616353813019689,0.5934593837535014,0.0755265862826195,0.5929203539823009,0.554047619047619,0.09917345486399,0.5709523809523809,0.596060606060606,0.1433419819288383,0.6075949367088608,0.768095238095238,0.2142730154967443,0.7619047619047619,0.6591450216450216,0.1409579998374824,0.676056338028169,0.3399999999999999,0.2395829710142187,0.38,6.8,6.8,5.6,4,4.0,18,corr_mrmr_auto_k_no_smote,nested_cv_outputs_all_quad_concat_batch/ADC_Post1_Post2_T2/fs_method_comparison/corr_mrmr_auto_k_no_smote,corr_mrmr_auto_k,corr_mrmr,auto,False,30,3,1.1333333333333333
ADC_Post1_Post2_T2,ADC,Post1,Post2,T2,ExtraTrees,0.5981746031746031,0.1623724182771913,0.6015873015873016,0.7408849936604992,0.1342619736661221,0.6808016817466169,0.6265126050420168,0.0849413577063241,0.6194690265486725,0.5963888888888889,0.1273653998318461,0.6215873015873016,0.6671212121212121,0.1692252643154816,0.6785714285714286,0.6092063492063493,0.2276644261954433,0.6031746031746031,0.6195238095238096,0.1639257616386094,0.6386554621848739,0.5835714285714285,0.3077701235981034,0.64,6.8,6.8,5.6,4,4.0,18,corr_mrmr_auto_k_no_smote,nested_cv_outputs_all_quad_concat_batch/ADC_Post1_Post2_T2/fs_method_comparison/corr_mrmr_auto_k_no_smote,corr_mrmr_auto_k,corr_mrmr,auto,False,30,3,1.1333333333333333
ADC_Post1_Post2_T2,ADC,Post1,Post2,T2,NaiveBayes,0.5884920634920634,0.1020802770764363,0.587936507936508,0.7030347046980975,0.0822955671958112,0.6903018756643482,0.6146498599439776,0.0829060486006273,0.6194690265486725,0.5798015873015873,0.1084288200613852,0.6174603174603175,0.6630769230769231,0.0271165211618508,0.6666666666666666,0.6165079365079364,0.1264496689219515,0.6349206349206349,0.6325536062378168,0.080462207216565,0.6504065040650406,0.5430952380952381,0.2378145965093925,0.6,6.8,6.8,5.6,4,4.0,18,corr_mrmr_auto_k_no_smote,nested_cv_outputs_all_quad_concat_batch/ADC_Post1_Post2_T2/fs_method_comparison/corr_mrmr_auto_k_no_smote,corr_mrmr_auto_k,corr_mrmr,auto,False,30,3,1.1333333333333333
ADC_Post1_Post2_T2,ADC,Post1,Post2,T2,XGBoost,0.5794444444444444,0.1393634522810612,0.5650793650793651,0.695795632329596,0.1341641604897051,0.6207874214951341,0.572310924369748,0.0312437205830785,0.5752212389380531,0.561984126984127,0.0667641011345344,0.5633333333333334,0.6288034188034188,0.1482807239501679,0.6086956521739131,0.6915873015873016,0.127162176761766,0.6666666666666666,0.633029341029341,0.0585440165372668,0.6363636363636364,0.4323809523809523,0.2540849930111367,0.46,6.8,6.8,5.6,4,4.0,18,corr_mrmr_auto_k_no_smote,nested_cv_outputs_all_quad_concat_batch/ADC_Post1_Post2_T2/fs_method_comparison/corr_mrmr_auto_k_no_smote,corr_mrmr_auto_k,corr_mrmr,auto,False,30,3,1.1333333333333333
ADC_Post1_Post2_T2,ADC,Post1,Post2,T2,SVM_RBF,0.5179761904761906,0.1962277151692754,0.5771428571428572,0.6685141404952001,0.1768391810012876,0.6625083077040594,0.5484033613445378,0.0827679476273167,0.5486725663716814,0.5215873015873016,0.0506207374274333,0.5477777777777778,0.4800000000000001,0.2785677655436823,0.603448275862069,0.5188888888888888,0.3387631825142167,0.5555555555555556,0.4789915966386554,0.2747968544340267,0.5785123966942148,0.5242857142857142,0.3618433531860133,0.54,6.8,6.8,5.6,4,4.0,18,corr_mrmr_auto_k_no_smote,nested_cv_outputs_all_quad_concat_batch/ADC_Post1_Post2_T2/fs_method_comparison/corr_mrmr_auto_k_no_smote,corr_mrmr_auto_k,corr_mrmr,auto,False,30,3,1.1333333333333333
ADC_Post1_Pre_T2,ADC,Post1,Pre,T2,ExtraTrees,0.7451984126984127,0.0599020259130757,0.7203174603174602,0.7984424634760969,0.1250576352812932,0.7831694580285102,0.6529831932773109,0.0512643613371813,0.6548672566371682,0.6729761904761905,0.0465529469609422,0.6533333333333333,0.7174999999999999,0.1245101513041317,0.7,0.690952380952381,0.1511137788213234,0.6666666666666666,0.6803809523809523,0.0538700881246524,0.6829268292682927,0.655,0.1343296111973992,0.64,10.4,10.4,6.374950980203691,4,8.0,18,elasticnet_then_mrmr_auto_k_no_smote,nested_cv_outputs_all_quad_concat_batch/ADC_Post1_Pre_T2/fs_method_comparison/elasticnet_then_mrmr_auto_k_no_smote,elasticnet_then_mrmr_auto_k,elasticnet_then_mrmr,auto,False,33,4,1.5757575757575757
ADC_Post1_Pre_T2,ADC,Post1,Pre,T2,SVM_Linear,0.7301984126984128,0.117187343684283,0.7015873015873015,0.7961708464789697,0.1235155874793759,0.7660039111480954,0.6190336134453782,0.0994734073399562,0.6194690265486725,0.6253571428571428,0.1158589086867999,0.6092063492063492,0.6830367018602314,0.1895263694168848,0.6470588235294118,0.7185714285714286,0.1227997076689424,0.6984126984126984,0.673929267613478,0.0816342541583641,0.6717557251908397,0.5321428571428573,0.2611894994989769,0.52,10.4,10.4,6.374950980203691,4,8.0,18,elasticnet_then_mrmr_auto_k_no_smote,nested_cv_outputs_all_quad_concat_batch/ADC_Post1_Pre_T2/fs_method_comparison/elasticnet_then_mrmr_auto_k_no_smote,elasticnet_then_mrmr_auto_k,elasticnet_then_mrmr,auto,False,33,4,1.5757575757575757
ADC_Post1_Pre_T2,ADC,Post1,Pre,T2,LogisticRegression,0.7292857142857143,0.1176650939150039,0.7155555555555556,0.7993546297691603,0.1173479084386719,0.7732960746643647,0.6403221288515406,0.0994064764539271,0.6371681415929203,0.6487301587301587,0.1152531255229408,0.6395238095238096,0.7104218657159833,0.1944494155866877,0.6964285714285714,0.6331746031746033,0.1882531652329027,0.6190476190476191,0.6486130268199234,0.1349027605497818,0.6554621848739496,0.6642857142857143,0.1911298308608521,0.66,10.4,10.4,6.374950980203691,4,8.0,18,elasticnet_then_mrmr_auto_k_no_smote,nested_cv_outputs_all_quad_concat_batch/ADC_Post1_Pre_T2/fs_method_comparison/elasticnet_then_mrmr_auto_k_no_smote,elasticnet_then_mrmr_auto_k,elasticnet_then_mrmr,auto,False,33,4,1.5757575757575757
ADC_Post1_Pre_T2,ADC,Post1,Pre,T2,SVM_RBF,0.7252777777777777,0.0901445117896531,0.6933333333333334,0.7854273607137753,0.1181570282773823,0.7604883959434092,0.656890756302521,0.0410462507690361,0.6548672566371682,0.6707539682539683,0.0511094473750708,0.6450793650793651,0.716068376068376,0.1681684693566612,0.6764705882352942,0.7617460317460318,0.1510860990370967,0.7301587301587301,0.7040879977722083,0.0410392943215868,0.7022900763358778,0.5797619047619047,0.2285466256384087,0.56,10.4,10.4,6.374950980203691,4,8.0,18,elasticnet_then_mrmr_auto_k_no_smote,nested_cv_outputs_all_quad_concat_batch/ADC_Post1_Pre_T2/fs_method_comparison/elasticnet_then_mrmr_auto_k_no_smote,elasticnet_then_mrmr_auto_k,elasticnet_then_mrmr,auto,False,33,4,1.5757575757575757
ADC_Post1_Pre_T2,ADC,Post1,Pre,T2,SVM_RBF,0.7231746031746031,0.0809066942352958,0.6869841269841269,0.7718159501811295,0.1192601029846953,0.739482529306529,0.6764145658263306,0.0576708865613875,0.672566371681416,0.6831746031746031,0.0435493771359499,0.6588888888888889,0.7038095238095237,0.1337883392822078,0.6805555555555556,0.8149206349206348,0.1714597267397682,0.7777777777777778,0.7266666666666667,0.0695042372972149,0.725925925925926,0.5514285714285714,0.1828571428571428,0.54,9.2,9.2,4.995998398718719,4,8.0,16,mrmr_then_elasticnet_no_corr_auto_k_no_smote,nested_cv_outputs_all_quad_concat_batch/ADC_Post1_Pre_T2/fs_method_comparison/mrmr_then_elasticnet_no_corr_auto_k_no_smote,mrmr_then_elasticnet_no_corr_auto_k,mrmr_then_elasticnet_no_corr,auto,False,35,3,1.3142857142857145
ADC_Post1_Pre_T2,ADC,Post1,Pre,T2,SVM_Linear,0.7170634920634921,0.0684493328053797,0.6914285714285714,0.7808271137947367,0.1095869526612814,0.7632281989724612,0.6785574229691876,0.0829161272088101,0.672566371681416,0.685873015873016,0.0624384806829285,0.6568253968253968,0.7006977336389102,0.1625738727784431,0.6756756756756757,0.8203174603174602,0.1475504192751382,0.7936507936507936,0.7302590768108009,0.0872827417924815,0.7299270072992701,0.5514285714285714,0.2110636060645905,0.52,9.2,9.2,4.995998398718719,4,8.0,16,mrmr_then_elasticnet_no_corr_auto_k_no_smote,nested_cv_outputs_all_quad_concat_batch/ADC_Post1_Pre_T2/fs_method_comparison/mrmr_then_elasticnet_no_corr_auto_k_no_smote,mrmr_then_elasticnet_no_corr_auto_k,mrmr_then_elasticnet_no_corr,auto,False,35,3,1.3142857142857145
ADC_Post1_Pre_T2,ADC,Post1,Pre,T2,LogisticRegression,0.7133333333333335,0.0529345445960369,0.706031746031746,0.7648074951858324,0.1116340354406136,0.7488397301040461,0.6746498599439776,0.0470092985029209,0.672566371681416,0.6846825396825397,0.0341081527962979,0.665079365079365,0.7125819278760456,0.1379851839299417,0.696969696969697,0.756031746031746,0.1375812364526308,0.7301587301587301,0.711258529465426,0.067602308615073,0.7131782945736435,0.6133333333333333,0.1571976816340212,0.6,9.2,9.2,4.995998398718719,4,8.0,16,mrmr_then_elasticnet_no_corr_auto_k_no_smote,nested_cv_outputs_all_quad_concat_batch/ADC_Post1_Pre_T2/fs_method_comparison/mrmr_then_elasticnet_no_corr_auto_k_no_smote,mrmr_then_elasticnet_no_corr_auto_k,mrmr_then_elasticnet_no_corr,auto,False,35,3,1.3142857142857145
ADC_Post1_Pre_T2,ADC,Post1,Pre,T2,RandomForest,0.7115079365079364,0.1066579267016488,0.6580952380952381,0.7708227713128445,0.1250202145947413,0.6777300069708202,0.6476050420168068,0.0610105703972172,0.6460176991150443,0.6366269841269842,0.1254118686978217,0.6392063492063491,0.6981699346405228,0.102046553501575,0.676923076923077,0.7349206349206348,0.1809523809523809,0.6984126984126984,0.6893039049235993,0.0551112169151982,0.6875,0.5383333333333333,0.2986822912579704,0.58,14.0,14.0,3.3466401061363023,10,12.0,18,corr_mrmr_auto_k_no_smote,nested_cv_outputs_all_quad_concat_batch/ADC_Post1_Pre_T2/fs_method_comparison/corr_mrmr_auto_k_no_smote,corr_mrmr_auto_k,corr_mrmr,auto,False,46,4,1.5217391304347827
ADC_Post1_Pre_T2,ADC,Post1,Pre,T2,KNN,0.6935714285714286,0.091483669465023,0.6438095238095238,0.7209375854004529,0.1539556687644889,0.6990083670533258,0.5931232492997198,0.1071796535192492,0.584070796460177,0.5872619047619048,0.0434994490311266,0.5650793650793651,0.6236601307189542,0.1327940844727169,0.6052631578947368,0.7633333333333333,0.2075013014982238,0.7301587301587301,0.6561749680715198,0.1194643067286907,0.6618705035971223,0.4111904761904762,0.2016817051794278,0.4,9.2,9.2,4.995998398718719,4,8.0,16,mrmr_then_elasticnet_no_corr_auto_k_no_smote,nested_cv_outputs_all_quad_concat_batch/ADC_Post1_Pre_T2/fs_method_comparison/mrmr_then_elasticnet_no_corr_auto_k_no_smote,mrmr_then_elasticnet_no_corr_auto_k,mrmr_then_elasticnet_no_corr,auto,False,35,3,1.3142857142857145
ADC_Post1_Pre_T2,ADC,Post1,Pre,T2,RandomForest,0.6912301587301586,0.1639559607555374,0.6750793650793652,0.7747754552741732,0.1657276137239461,0.7288932494100868,0.6113165266106443,0.1091073414618043,0.6106194690265486,0.612063492063492,0.1217382708976884,0.6115873015873016,0.6601298701298701,0.1994018716713599,0.6666666666666666,0.6107936507936508,0.1935477217239462,0.6031746031746031,0.6208791208791208,0.1654187471625041,0.6333333333333333,0.6133333333333333,0.1571976816340212,0.62,10.4,10.4,6.374950980203691,4,8.0,18,elasticnet_then_mrmr_auto_k_no_smote,nested_cv_outputs_all_quad_concat_batch/ADC_Post1_Pre_T2/fs_method_comparison/elasticnet_then_mrmr_auto_k_no_smote,elasticnet_then_mrmr_auto_k,elasticnet_then_mrmr,auto,False,33,4,1.5757575757575757
ADC_Post1_Pre_T2,ADC,Post1,Pre,T2,NaiveBayes,0.6812698412698414,0.1003817354868402,0.6168253968253968,0.741584803521594,0.094743714427453,0.6867294093058012,0.5630252100840336,0.074052097155181,0.5663716814159292,0.5639285714285713,0.1095248447156047,0.5553968253968254,0.6338528138528139,0.1191715686885129,0.6029411764705882,0.6919047619047619,0.2123382404200223,0.6507936507936508,0.621904761904762,0.0808481121211874,0.6259541984732825,0.4359523809523809,0.2765641970719291,0.46,9.2,9.2,4.995998398718719,4,8.0,16,mrmr_then_elasticnet_no_corr_auto_k_no_smote,nested_cv_outputs_all_quad_concat_batch/ADC_Post1_Pre_T2/fs_method_comparison/mrmr_then_elasticnet_no_corr_auto_k_no_smote,mrmr_then_elasticnet_no_corr_auto_k,mrmr_then_elasticnet_no_corr,auto,False,35,3,1.3142857142857145
ADC_Post1_Pre_T2,ADC,Post1,Pre,T2,XGBoost,0.6808333333333334,0.134836434977831,0.6663492063492064,0.7485639043046163,0.1482332074314696,0.7087883080232149,0.6543697478991597,0.0626433122990084,0.6460176991150443,0.6412301587301588,0.0786708125661038,0.6309523809523809,0.673810503222268,0.0930085647035347,0.6575342465753424,0.7936507936507936,0.1603096021962234,0.7619047619047619,0.7105376344086022,0.0635279154843415,0.7058823529411765,0.4888095238095237,0.2190005125331808,0.5,14.0,14.0,3.3466401061363023,10,12.0,18,corr_mrmr_auto_k_no_smote,nested_cv_outputs_all_quad_concat_batch/ADC_Post1_Pre_T2/fs_method_comparison/corr_mrmr_auto_k_no_smote,corr_mrmr_auto_k,corr_mrmr,auto,False,46,4,1.5217391304347827
ADC_Post1_Pre_T2,ADC,Post1,Pre,T2,LogisticRegression,0.6792460317460318,0.1853233913601722,0.6828571428571428,0.7555321854654393,0.0601901590746085,0.6959354776593549,0.6551820728291317,0.123139911987094,0.6460176991150443,0.641825396825397,0.1626356053761119,0.6392063492063491,0.6941269841269841,0.0779643857941238,0.676923076923077,0.7450793650793651,0.1898895728749246,0.6984126984126984,0.6983152325257589,0.1067056085446689,0.6875,0.5385714285714286,0.2882600866422897,0.58,14.0,14.0,3.3466401061363023,10,12.0,18,corr_mrmr_auto_k_no_smote,nested_cv_outputs_all_quad_concat_batch/ADC_Post1_Pre_T2/fs_method_comparison/corr_mrmr_auto_k_no_smote,corr_mrmr_auto_k,corr_mrmr,auto,False,46,4,1.5217391304347827
ADC_Post1_Pre_T2,ADC,Post1,Pre,T2,KNN,0.6777777777777778,0.0548015729342648,0.6241269841269842,0.7323428844080345,0.161485699474956,0.6753029199688354,0.5757422969187675,0.0284703476421729,0.5752212389380531,0.5953571428571427,0.0522294586581737,0.5674603174603174,0.6680701754385965,0.189742012728534,0.6153846153846154,0.6752380952380952,0.1697940892782851,0.6349206349206349,0.6264513213478731,0.048061885135784,0.625,0.5154761904761905,0.2519088126418393,0.5,10.4,10.4,6.374950980203691,4,8.0,18,elasticnet_then_mrmr_auto_k_no_smote,nested_cv_outputs_all_quad_concat_batch/ADC_Post1_Pre_T2/fs_method_comparison/elasticnet_then_mrmr_auto_k_no_smote,elasticnet_then_mrmr_auto_k,elasticnet_then_mrmr,auto,False,33,4,1.5757575757575757
ADC_Post1_Pre_T2,ADC,Post1,Pre,T2,NaiveBayes,0.6751190476190476,0.1191783409279307,0.6377777777777778,0.7622382583971852,0.0987393310356781,0.7088703841111015,0.549453781512605,0.0636009248273851,0.5575221238938053,0.5407142857142857,0.1215083252977098,0.530952380952381,0.5986879786879787,0.1237148531833267,0.5783132530120482,0.7952380952380952,0.1815639900676673,0.7619047619047619,0.6549527202932948,0.029483649010865,0.6575342465753424,0.2861904761904762,0.2708029548635166,0.3,10.4,10.4,6.374950980203691,4,8.0,18,elasticnet_then_mrmr_auto_k_no_smote,nested_cv_outputs_all_quad_concat_batch/ADC_Post1_Pre_T2/fs_method_comparison/elasticnet_then_mrmr_auto_k_no_smote,elasticnet_then_mrmr_auto_k,elasticnet_then_mrmr,auto,False,33,4,1.5757575757575757
ADC_Post1_Pre_T2,ADC,Post1,Pre,T2,LightGBM,0.6748015873015873,0.1284069592768559,0.682063492063492,0.7173336321264967,0.1804833935890804,0.7202456745669366,0.6615966386554623,0.13204956560431,0.6637168141592921,0.6648809523809524,0.116996483377497,0.6653968253968254,0.7151515151515151,0.1846905658759866,0.7192982456140351,0.6390476190476191,0.1618350301125481,0.6507936507936508,0.6626959247648903,0.1500169505266259,0.6833333333333333,0.6907142857142856,0.1659856836161868,0.68,9.2,9.2,4.995998398718719,4,8.0,16,mrmr_then_elasticnet_no_corr_auto_k_no_smote,nested_cv_outputs_all_quad_concat_batch/ADC_Post1_Pre_T2/fs_method_comparison/mrmr_then_elasticnet_no_corr_auto_k_no_smote,mrmr_then_elasticnet_no_corr_auto_k,mrmr_then_elasticnet_no_corr,auto,False,35,3,1.3142857142857145
ADC_Post1_Pre_T2,ADC,Post1,Pre,T2,RandomForest,0.6701190476190477,0.0716110543777669,0.6647619047619048,0.7185506425165675,0.142145677716752,0.699166072651481,0.6261204481792717,0.0732268016072844,0.6283185840707964,0.6286111111111111,0.0755698099132185,0.6315873015873016,0.681163542340013,0.1603800784296769,0.6909090909090909,0.5926984126984127,0.1804800295552922,0.6031746031746031,0.6183543149060391,0.1330663862770722,0.6440677966101694,0.6645238095238095,0.1555153819196205,0.66,9.2,9.2,4.995998398718719,4,8.0,16,mrmr_then_elasticnet_no_corr_auto_k_no_smote,nested_cv_outputs_all_quad_concat_batch/ADC_Post1_Pre_T2/fs_method_comparison/mrmr_then_elasticnet_no_corr_auto_k_no_smote,mrmr_then_elasticnet_no_corr_auto_k,mrmr_then_elasticnet_no_corr,auto,False,35,3,1.3142857142857145
ADC_Post1_Pre_T2,ADC,Post1,Pre,T2,GradientBoosting,0.6652777777777779,0.0742593817797652,0.6711111111111111,0.705593426321293,0.1455983687438889,0.6945533068410601,0.626218487394958,0.0339420677454989,0.6283185840707964,0.6271825396825397,0.0480886238838205,0.6233333333333333,0.6755128205128205,0.1421484440457991,0.6666666666666666,0.6850793650793652,0.1207626725394116,0.6666666666666666,0.662000962000962,0.0676830405621923,0.6666666666666666,0.5692857142857143,0.1770449037933136,0.58,9.2,9.2,4.995998398718719,4,8.0,16,mrmr_then_elasticnet_no_corr_auto_k_no_smote,nested_cv_outputs_all_quad_concat_batch/ADC_Post1_Pre_T2/fs_method_comparison/mrmr_then_elasticnet_no_corr_auto_k_no_smote,mrmr_then_elasticnet_no_corr_auto_k,mrmr_then_elasticnet_no_corr,auto,False,35,3,1.3142857142857145
ADC_Post1_Pre_T2,ADC,Post1,Pre,T2,SVM_Linear,0.6649603174603175,0.1441000604179139,0.6441269841269841,0.7198854512824364,0.0631393314403961,0.6690158372724371,0.6268907563025211,0.0754866881002595,0.6283185840707964,0.6058333333333333,0.1257814825620415,0.6068253968253968,0.6429411764705882,0.0884966716868718,0.6329113924050633,0.8095238095238095,0.1044487865165847,0.7936507936507936,0.7054636591478697,0.0330790610887127,0.704225352112676,0.4021428571428571,0.2339501080598692,0.42,14.0,14.0,3.3466401061363023,10,12.0,18,corr_mrmr_auto_k_no_smote,nested_cv_outputs_all_quad_concat_batch/ADC_Post1_Pre_T2/fs_method_comparison/corr_mrmr_auto_k_no_smote,corr_mrmr_auto_k,corr_mrmr,auto,False,46,4,1.5217391304347827
ADC_Post1_Pre_T2,ADC,Post1,Pre,T2,GradientBoosting,0.6648015873015873,0.1549348646860624,0.6292063492063491,0.7631813952718683,0.1696524864405459,0.7145603985860705,0.6046498599439776,0.1173066687699109,0.6017699115044248,0.6008730158730159,0.1309928749319702,0.5995238095238096,0.6349750902692078,0.2274975449810467,0.65,0.6217460317460317,0.2500317944005047,0.6190476190476191,0.610548977808506,0.2039306548870529,0.6341463414634146,0.58,0.16,0.58,10.4,10.4,6.374950980203691,4,8.0,18,elasticnet_then_mrmr_auto_k_no_smote,nested_cv_outputs_all_quad_concat_batch/ADC_Post1_Pre_T2/fs_method_comparison/elasticnet_then_mrmr_auto_k_no_smote,elasticnet_then_mrmr_auto_k,elasticnet_then_mrmr,auto,False,33,4,1.5757575757575757
ADC_Post1_Pre_T2,ADC,Post1,Pre,T2,XGBoost,0.6546031746031745,0.0886386073959221,0.6663492063492064,0.72693665810548,0.1399102586062698,0.7205064957760624,0.5772128851540617,0.1065566578697815,0.584070796460177,0.5655952380952382,0.1214041629166586,0.5815873015873017,0.6422008547008546,0.1794987531881056,0.6333333333333333,0.6071428571428571,0.1363140002961719,0.6031746031746031,0.6074048648190524,0.1206520920810205,0.6178861788617886,0.5240476190476191,0.2651213729664738,0.56,9.2,9.2,4.995998398718719,4,8.0,16,mrmr_then_elasticnet_no_corr_auto_k_no_smote,nested_cv_outputs_all_quad_concat_batch/ADC_Post1_Pre_T2/fs_method_comparison/mrmr_then_elasticnet_no_corr_auto_k_no_smote,mrmr_then_elasticnet_no_corr_auto_k,mrmr_then_elasticnet_no_corr,auto,False,35,3,1.3142857142857145
ADC_Post1_Pre_T2,ADC,Post1,Pre,T2,ExtraTrees,0.6532142857142857,0.0626982117738392,0.6412698412698412,0.7182616301323443,0.1196966891240503,0.7176554448736134,0.5818347338935574,0.0489823708106964,0.584070796460177,0.5963888888888889,0.0527208190079186,0.5815873015873017,0.6615418894830659,0.1437741528193269,0.6333333333333333,0.633015873015873,0.1340472196372107,0.6031746031746031,0.618005698005698,0.0551107623486993,0.6178861788617886,0.5597619047619047,0.2029549283655014,0.56,9.2,9.2,4.995998398718719,4,8.0,16,mrmr_then_elasticnet_no_corr_auto_k_no_smote,nested_cv_outputs_all_quad_concat_batch/ADC_Post1_Pre_T2/fs_method_comparison/mrmr_then_elasticnet_no_corr_auto_k_no_smote,mrmr_then_elasticnet_no_corr_auto_k,mrmr_then_elasticnet_no_corr,auto,False,35,3,1.3142857142857145
ADC_Post1_Pre_T2,ADC,Post1,Pre,T2,ExtraTrees,0.6532142857142856,0.1489329858209996,0.6460317460317461,0.7323821707795429,0.1258387868320476,0.6945263103359929,0.6255602240896359,0.0891596022637557,0.6194690265486725,0.6166269841269841,0.1390888809547356,0.6195238095238096,0.7087912087912087,0.129805875328873,0.6724137931034483,0.6473015873015873,0.1380802765111689,0.6190476190476191,0.6523589743589743,0.0679243110495659,0.6446280991735537,0.5859523809523809,0.3242629878058409,0.62,14.0,14.0,3.3466401061363023,10,12.0,18,corr_mrmr_auto_k_no_smote,nested_cv_outputs_all_quad_concat_batch/ADC_Post1_Pre_T2/fs_method_comparison/corr_mrmr_auto_k_no_smote,corr_mrmr_auto_k,corr_mrmr,auto,False,46,4,1.5217391304347827
ADC_Post1_Pre_T2,ADC,Post1,Pre,T2,XGBoost,0.6476587301587301,0.1892348106323243,0.626031746031746,0.7595530331320852,0.1805827426234972,0.6970529559113501,0.6117927170868348,0.1204605931326821,0.6106194690265486,0.6092857142857142,0.1301973423176757,0.6053968253968254,0.6468942821883998,0.21157748451352,0.6507936507936508,0.6528571428571428,0.2111633781819432,0.6507936507936508,0.6349461777047983,0.1764516153253842,0.6507936507936508,0.5657142857142857,0.169416766632841,0.56,10.4,10.4,6.374950980203691,4,8.0,18,elasticnet_then_mrmr_auto_k_no_smote,nested_cv_outputs_all_quad_concat_batch/ADC_Post1_Pre_T2/fs_method_comparison/elasticnet_then_mrmr_auto_k_no_smote,elasticnet_then_mrmr_auto_k,elasticnet_then_mrmr,auto,False,33,4,1.5757575757575757
ADC_Post1_Pre_T2,ADC,Post1,Pre,T2,GradientBoosting,0.647579365079365,0.1642972352374705,0.6238095238095238,0.7373448363413591,0.1718244627840974,0.6954512702138396,0.6034173669467787,0.0868677921170078,0.5929203539823009,0.5838492063492063,0.1178060655713955,0.5874603174603175,0.6458064811005988,0.1085678900233272,0.6349206349206349,0.666031746031746,0.1703866041100833,0.6349206349206349,0.6379870136616279,0.1087916042819615,0.6349206349206349,0.5016666666666667,0.2692788723816094,0.54,14.0,14.0,3.3466401061363023,10,12.0,18,corr_mrmr_auto_k_no_smote,nested_cv_outputs_all_quad_concat_batch/ADC_Post1_Pre_T2/fs_method_comparison/corr_mrmr_auto_k_no_smote,corr_mrmr_auto_k,corr_mrmr,auto,False,46,4,1.5217391304347827
ADC_Post1_Pre_T2,ADC,Post1,Pre,T2,LightGBM,0.6435714285714286,0.1163228927129591,0.6320634920634921,0.7220856421631889,0.1492073970024743,0.7030755085574882,0.6046498599439776,0.0943384514754322,0.6017699115044248,0.5980952380952382,0.1020186773665492,0.5974603174603175,0.6327855477855479,0.1842044250448272,0.6451612903225806,0.6361904761904762,0.1921130724408693,0.6349206349206349,0.6243386243386244,0.1639217995661403,0.64,0.5599999999999999,0.12,0.56,10.4,10.4,6.374950980203691,4,8.0,18,elasticnet_then_mrmr_auto_k_no_smote,nested_cv_outputs_all_quad_concat_batch/ADC_Post1_Pre_T2/fs_method_comparison/elasticnet_then_mrmr_auto_k_no_smote,elasticnet_then_mrmr_auto_k,elasticnet_then_mrmr,auto,False,33,4,1.5757575757575757
ADC_Post1_Pre_T2,ADC,Post1,Pre,T2,KNN,0.6398412698412698,0.1478924333145399,0.6260317460317459,0.7141774123916629,0.1300900796283514,0.6775484349400095,0.5867507002801121,0.0929093523875029,0.5752212389380531,0.575952380952381,0.1246783718095377,0.5633333333333334,0.6405228758169934,0.1242689760904022,0.6086956521739131,0.7038095238095238,0.173910893104017,0.6666666666666666,0.6440518859873698,0.0929769050266008,0.6363636363636364,0.4480952380952381,0.2957077677373842,0.46,14.0,14.0,3.3466401061363023,10,12.0,18,corr_mrmr_auto_k_no_smote,nested_cv_outputs_all_quad_concat_batch/ADC_Post1_Pre_T2/fs_method_comparison/corr_mrmr_auto_k_no_smote,corr_mrmr_auto_k,corr_mrmr,auto,False,46,4,1.5217391304347827
ADC_Post1_Pre_T2,ADC,Post1,Pre,T2,LightGBM,0.6303174603174603,0.1932517029951002,0.633968253968254,0.7180908284983899,0.1657323920426517,0.6661329975481033,0.6193697478991597,0.0998168335606054,0.6106194690265486,0.6021825396825397,0.1309794344349446,0.6074603174603175,0.689044289044289,0.1958741133910712,0.6557377049180327,0.6603174603174603,0.1951412845536889,0.6349206349206349,0.6422898550724637,0.131832523774377,0.6451612903225806,0.544047619047619,0.3282693573501137,0.58,14.0,14.0,3.3466401061363023,10,12.0,18,corr_mrmr_auto_k_no_smote,nested_cv_outputs_all_quad_concat_batch/ADC_Post1_Pre_T2/fs_method_comparison/corr_mrmr_auto_k_no_smote,corr_mrmr_auto_k,corr_mrmr,auto,False,46,4,1.5217391304347827
ADC_Post1_Pre_T2,ADC,Post1,Pre,T2,NaiveBayes,0.6247222222222223,0.1502066477791081,0.5726984126984126,0.7360697805125499,0.0549877167281929,0.6500552503309558,0.5857983193277312,0.1382531752913908,0.584070796460177,0.5751190476190475,0.1394354099936264,0.5568253968253968,0.6354145854145854,0.1562111767275282,0.5952380952380952,0.7942857142857143,0.1555445412362325,0.7936507936507936,0.6800897259488592,0.0883183427656482,0.6802721088435374,0.3559523809523809,0.2975809499425449,0.32,14.0,14.0,3.3466401061363023,10,12.0,18,corr_mrmr_auto_k_no_smote,nested_cv_outputs_all_quad_concat_batch/ADC_Post1_Pre_T2/fs_method_comparison/corr_mrmr_auto_k_no_smote,corr_mrmr_auto_k,corr_mrmr,auto,False,46,4,1.5217391304347827
ADC_Post1_Pre_T2,ADC,Post1,Pre,T2,SVM_RBF,0.608452380952381,0.1880872679310663,0.6371428571428571,0.6881534377607113,0.1697099306764851,0.6364481257940799,0.6317366946778712,0.0994706860074517,0.6371681415929203,0.6039682539682539,0.1071986920946225,0.6250793650793651,0.5261111111111111,0.2683244189915642,0.6571428571428571,0.7055555555555555,0.3807075933113736,0.7301587301587301,0.5941176470588235,0.3031692401360626,0.6917293233082706,0.5023809523809524,0.3200056688840275,0.52,14.0,14.0,3.3466401061363023,10,12.0,18,corr_mrmr_auto_k_no_smote,nested_cv_outputs_all_quad_concat_batch/ADC_Post1_Pre_T2/fs_method_comparison/corr_mrmr_auto_k_no_smote,corr_mrmr_auto_k,corr_mrmr,auto,False,46,4,1.5217391304347827
ADC_Post2_Pre_T2,ADC,Post2,Pre,T2,SVM_RBF,0.7985230868723692,0.0776298598781189,0.7228125,0.8355788688644022,0.1053816907526887,0.795871206733347,0.6833195789717529,0.1184101348475126,0.6842105263157895,0.7068234981392876,0.1053646572710475,0.6728125,0.7310101010101011,0.1759860351937215,0.7,0.8030409356725146,0.1566895307354592,0.765625,0.732899984290418,0.085940852574938,0.7313432835820896,0.6106060606060606,0.2760571133731088,0.58,12.8,12.8,5.6000000000000005,6,16.0,18,elasticnet_then_mrmr_auto_k_no_smote,nested_cv_outputs_all_quad_concat_batch/ADC_Post2_Pre_T2/fs_method_comparison/elasticnet_then_mrmr_auto_k_no_smote,elasticnet_then_mrmr_auto_k,elasticnet_then_mrmr,auto,False,38,4,1.6842105263157894
ADC_Post2_Pre_T2,ADC,Post2,Pre,T2,SVM_Linear,0.7900402751598924,0.0978273368439209,0.72453125,0.8308542784285564,0.1250264138137893,0.7698655167050834,0.6850511807033546,0.0748473444028697,0.6842105263157895,0.7001568314726209,0.0849842374012112,0.6815625000000001,0.7252380952380951,0.1571544007304098,0.7258064516129032,0.7230409356725146,0.2250292397660818,0.703125,0.6952485952323795,0.1261018849711927,0.7142857142857143,0.6772727272727272,0.1865298593516653,0.66,12.8,12.8,5.6000000000000005,6,16.0,18,elasticnet_then_mrmr_auto_k_no_smote,nested_cv_outputs_all_quad_concat_batch/ADC_Post2_Pre_T2/fs_method_comparison/elasticnet_then_mrmr_auto_k_no_smote,elasticnet_then_mrmr_auto_k,elasticnet_then_mrmr,auto,False,38,4,1.6842105263157894
ADC_Post2_Pre_T2,ADC,Post2,Pre,T2,ExtraTrees,0.7669075926731429,0.1304246562291298,0.715625,0.8459882502818967,0.1158934061016557,0.7851444514580088,0.71340977862717,0.1096798281580431,0.7105263157894737,0.7188216754006227,0.1188990257165473,0.7159375,0.7685314685314686,0.0958878145057898,0.7818181818181819,0.6859117490696438,0.1913567699256922,0.671875,0.7124844720496895,0.1294127960130774,0.7226890756302521,0.7517316017316018,0.1308111649584799,0.76,12.8,12.8,5.6000000000000005,6,16.0,18,elasticnet_then_mrmr_auto_k_no_smote,nested_cv_outputs_all_quad_concat_batch/ADC_Post2_Pre_T2/fs_method_comparison/elasticnet_then_mrmr_auto_k_no_smote,elasticnet_then_mrmr_auto_k,elasticnet_then_mrmr,auto,False,38,4,1.6842105263157894
ADC_Post2_Pre_T2,ADC,Post2,Pre,T2,LogisticRegression,0.7639413961902,0.0860632564940052,0.7053125,0.7930262170372855,0.1359392616198595,0.7396306756849418,0.6607957260131173,0.0935019675235942,0.6578947368421053,0.6832270069112175,0.1032924283080606,0.6603125000000001,0.7224908424908424,0.1498876034150338,0.7192982456140351,0.672514619883041,0.23371804308179,0.640625,0.6659458188869954,0.1228549406189536,0.6776859504132231,0.693939393939394,0.1731918261113158,0.68,12.8,12.8,5.6000000000000005,6,16.0,18,elasticnet_then_mrmr_auto_k_no_smote,nested_cv_outputs_all_quad_concat_batch/ADC_Post2_Pre_T2/fs_method_comparison/elasticnet_then_mrmr_auto_k_no_smote,elasticnet_then_mrmr_auto_k,elasticnet_then_mrmr,auto,False,38,4,1.6842105263157894
ADC_Post2_Pre_T2,ADC,Post2,Pre,T2,NaiveBayes,0.7593546308378845,0.1471958081663101,0.64140625,0.7601285490712835,0.2088962740888431,0.6536023331353399,0.6172190128711867,0.1266268941853891,0.6228070175438597,0.6172341839447102,0.1382031310137272,0.5896875,0.6396217817270449,0.1987401634282657,0.6179775280898876,0.8746198830409357,0.1212169972064587,0.859375,0.7116374245309778,0.0963525011693579,0.7189542483660131,0.3598484848484848,0.3559155087982569,0.32,12.8,12.8,5.6000000000000005,6,16.0,18,elasticnet_then_mrmr_auto_k_no_smote,nested_cv_outputs_all_quad_concat_batch/ADC_Post2_Pre_T2/fs_method_comparison/elasticnet_then_mrmr_auto_k_no_smote,elasticnet_then_mrmr_auto_k,elasticnet_then_mrmr,auto,False,38,4,1.6842105263157894
ADC_Post2_Pre_T2,ADC,Post2,Pre,T2,RandomForest,0.7330652963906552,0.0977529501014109,0.7028124999999998,0.7810833375809718,0.1115895639412601,0.7382427968191465,0.6840478362217493,0.0749039761979531,0.6842105263157895,0.6972307663097137,0.0805884502989818,0.6815625000000001,0.7177045177045176,0.1379685996638726,0.7258064516129032,0.7192450824029771,0.1570596741248238,0.703125,0.7039174022011551,0.1005885060911382,0.7142857142857143,0.6752164502164502,0.1175607660877179,0.66,12.8,12.8,5.6000000000000005,6,16.0,18,elasticnet_then_mrmr_auto_k_no_smote,nested_cv_outputs_all_quad_concat_batch/ADC_Post2_Pre_T2/fs_method_comparison/elasticnet_then_mrmr_auto_k_no_smote,elasticnet_then_mrmr_auto_k,elasticnet_then_mrmr,auto,False,38,4,1.6842105263157894
ADC_Post2_Pre_T2,ADC,Post2,Pre,T2,ExtraTrees,0.7323451420102138,0.1524258187787397,0.6140625000000001,0.8197147705337515,0.1266715744358628,0.7105168383786378,0.6068207155163676,0.1192484667613243,0.6052631578947368,0.6310951621477937,0.1270585047138217,0.606875,0.6822510822510823,0.2087489248859708,0.6666666666666666,0.6167357788410419,0.1756555821480843,0.59375,0.6224951016555214,0.1351554743362241,0.628099173553719,0.6454545454545454,0.2048202419117457,0.62,11.2,11.2,5.1536394906900505,4,14.0,16,mrmr_then_elasticnet_no_corr_auto_k_no_smote,nested_cv_outputs_all_quad_concat_batch/ADC_Post2_Pre_T2/fs_method_comparison/mrmr_then_elasticnet_no_corr_auto_k_no_smote,mrmr_then_elasticnet_no_corr_auto_k,mrmr_then_elasticnet_no_corr,auto,False,49,3,1.1428571428571428
ADC_Post2_Pre_T2,ADC,Post2,Pre,T2,GradientBoosting,0.7304971910952773,0.0933843481345435,0.6482812500000001,0.7784791242176547,0.1407837997636136,0.7349816387858045,0.588205996901649,0.0258198730866787,0.5877192982456141,0.6060625047467152,0.0456320426542471,0.578125,0.6458980785296575,0.1444833363357374,0.6268656716417911,0.6876661350345561,0.1849147626131677,0.65625,0.6339987900786448,0.0583177072721774,0.6412213740458015,0.5244588744588745,0.2282637638141008,0.5,12.8,12.8,5.6000000000000005,6,16.0,18,elasticnet_then_mrmr_auto_k_no_smote,nested_cv_outputs_all_quad_concat_batch/ADC_Post2_Pre_T2/fs_method_comparison/elasticnet_then_mrmr_auto_k_no_smote,elasticnet_then_mrmr_auto_k,elasticnet_then_mrmr,auto,False,38,4,1.6842105263157894
ADC_Post2_Pre_T2,ADC,Post2,Pre,T2,ExtraTrees,0.7203771250900437,0.1193292488647575,0.6290625000000001,0.8162931000552011,0.0984255468347427,0.7080245988037552,0.6440125092299006,0.0837083619054983,0.6403508771929824,0.6780396065922382,0.0782682349750689,0.6446875000000001,0.7276223776223776,0.1552242788738907,0.7090909090909091,0.6522913343965976,0.175416523026174,0.609375,0.657857440466136,0.0823586648196873,0.6554621848739496,0.7037878787878789,0.1571746059301924,0.68,15.6,15.6,1.9595917942265424,14,14.0,18,corr_mrmr_auto_k_no_smote,nested_cv_outputs_all_quad_concat_batch/ADC_Post2_Pre_T2/fs_method_comparison/corr_mrmr_auto_k_no_smote,corr_mrmr_auto_k,corr_mrmr,auto,False,58,4,1.3448275862068966
ADC_Post2_Pre_T2,ADC,Post2,Pre,T2,XGBoost,0.7198969070978641,0.1004951734803418,0.665,0.8077786274385502,0.0819470586739379,0.7662845143294559,0.6177054829228742,0.0695051475338571,0.6140350877192983,0.6288296498822815,0.0828209463865864,0.6059375,0.6638994991936168,0.121236603875299,0.6515151515151515,0.7104731525784157,0.1831787823115054,0.671875,0.6590480172001911,0.076998640265375,0.6615384615384615,0.5471861471861472,0.193870533152268,0.54,12.8,12.8,5.6000000000000005,6,16.0,18,elasticnet_then_mrmr_auto_k_no_smote,nested_cv_outputs_all_quad_concat_batch/ADC_Post2_Pre_T2/fs_method_comparison/elasticnet_then_mrmr_auto_k_no_smote,elasticnet_then_mrmr_auto_k,elasticnet_then_mrmr,auto,False,38,4,1.6842105263157894
ADC_Post2_Pre_T2,ADC,Post2,Pre,T2,KNN,0.7191611144481959,0.133508116491609,0.651875,0.7804154851843639,0.1149542392829765,0.7417099062955729,0.5861616644225339,0.0738215070605896,0.5877192982456141,0.6087174375332269,0.1084158726856376,0.5803125,0.6452991452991453,0.1844451573538815,0.6307692307692307,0.6697076023391813,0.2319632937899444,0.640625,0.6208297755883964,0.1073713488475622,0.6356589147286822,0.5477272727272727,0.2562756851782674,0.52,12.8,12.8,5.6000000000000005,6,16.0,18,elasticnet_then_mrmr_auto_k_no_smote,nested_cv_outputs_all_quad_concat_batch/ADC_Post2_Pre_T2/fs_method_comparison/elasticnet_then_mrmr_auto_k_no_smote,elasticnet_then_mrmr_auto_k,elasticnet_then_mrmr,auto,False,38,4,1.6842105263157894
ADC_Post2_Pre_T2,ADC,Post2,Pre,T2,SVM_RBF,0.7182630589329154,0.0895503799634896,0.6034375,0.792227762709323,0.1393661864842231,0.7019705216802657,0.5428513515470037,0.0419808716543884,0.543859649122807,0.5812107921318448,0.0606181839866205,0.536875,0.6433823529411764,0.2071129190699478,0.59375,0.632876129718235,0.1596451398538294,0.59375,0.5906879786879787,0.053310035253853,0.59375,0.5295454545454545,0.2740121249654824,0.48,15.6,15.6,1.9595917942265424,14,14.0,18,corr_mrmr_auto_k_no_smote,nested_cv_outputs_all_quad_concat_batch/ADC_Post2_Pre_T2/fs_method_comparison/corr_mrmr_auto_k_no_smote,corr_mrmr_auto_k,corr_mrmr,auto,False,58,4,1.3448275862068966
ADC_Post2_Pre_T2,ADC,Post2,Pre,T2,LightGBM,0.7148996343015482,0.0789529821553315,0.6703125,0.7924003985238376,0.0930866554533335,0.6954111951556375,0.6177054829228742,0.0695051475338571,0.6140350877192983,0.6313296498822816,0.0756721350436839,0.6125,0.673015873015873,0.1160359802063305,0.6666666666666666,0.6571398192450824,0.2186942114453706,0.625,0.6347132833066336,0.1037029481340268,0.6451612903225806,0.6055194805194806,0.1743962913970004,0.6,12.8,12.8,5.6000000000000005,6,16.0,18,elasticnet_then_mrmr_auto_k_no_smote,nested_cv_outputs_all_quad_concat_batch/ADC_Post2_Pre_T2/fs_method_comparison/elasticnet_then_mrmr_auto_k_no_smote,elasticnet_then_mrmr_auto_k,elasticnet_then_mrmr,auto,False,38,4,1.6842105263157894
ADC_Post2_Pre_T2,ADC,Post2,Pre,T2,LogisticRegression,0.7114249811857467,0.1308899498958506,0.645625,0.7848245643617034,0.1542742477242479,0.7397952464407563,0.6181383833557745,0.0681027038469376,0.6140350877192983,0.6501501860712386,0.0580697838191427,0.6234375,0.7171717171717171,0.1518514785694233,0.7,0.5813609782030834,0.1510890287347322,0.546875,0.6151628234465762,0.0740983317219363,0.6140350877192983,0.7189393939393939,0.1414943856024852,0.7,15.6,15.6,1.9595917942265424,14,14.0,18,corr_mrmr_auto_k_no_smote,nested_cv_outputs_all_quad_concat_batch/ADC_Post2_Pre_T2/fs_method_comparison/corr_mrmr_auto_k_no_smote,corr_mrmr_auto_k,corr_mrmr,auto,False,58,4,1.3448275862068966
ADC_Post2_Pre_T2,ADC,Post2,Pre,T2,NaiveBayes,0.7077588714670054,0.1179593267975836,0.6068749999999999,0.7646013835476626,0.1328039897431344,0.6691810918517875,0.6103172190128712,0.0825392416949937,0.6140350877192983,0.6356683375104428,0.0895109022762917,0.599375,0.6892857142857143,0.2081257469190495,0.6388888888888888,0.7451461988304093,0.2033939314344094,0.71875,0.663416149068323,0.0831623079451824,0.6764705882352942,0.5261904761904762,0.3314915101706117,0.48,11.2,11.2,5.1536394906900505,4,14.0,16,mrmr_then_elasticnet_no_corr_auto_k_no_smote,nested_cv_outputs_all_quad_concat_batch/ADC_Post2_Pre_T2/fs_method_comparison/mrmr_then_elasticnet_no_corr_auto_k_no_smote,mrmr_then_elasticnet_no_corr_auto_k,mrmr_then_elasticnet_no_corr,auto,False,49,3,1.1428571428571428
ADC_Post2_Pre_T2,ADC,Post2,Pre,T2,KNN,0.6774435745009908,0.1200045050626838,0.61203125,0.7600461188668666,0.1137210036868384,0.7156225171023674,0.54914505784071,0.069209309568247,0.5526315789473685,0.592772461456672,0.0930345721821526,0.538125,0.6446031746031745,0.2218729681790154,0.5915492957746479,0.6991812865497076,0.2072063103430903,0.65625,0.6170254309609148,0.0693850332531298,0.6222222222222222,0.4863636363636364,0.332174293479872,0.42,11.2,11.2,5.1536394906900505,4,14.0,16,mrmr_then_elasticnet_no_corr_auto_k_no_smote,nested_cv_outputs_all_quad_concat_batch/ADC_Post2_Pre_T2/fs_method_comparison/mrmr_then_elasticnet_no_corr_auto_k_no_smote,mrmr_then_elasticnet_no_corr_auto_k,mrmr_then_elasticnet_no_corr,auto,False,49,3,1.1428571428571428
ADC_Post2_Pre_T2,ADC,Post2,Pre,T2,SVM_Linear,0.669926492079602,0.1539145264288633,0.569375,0.7565488952328352,0.1623250444801594,0.679847931838551,0.5273291925465838,0.0441659518715228,0.5263157894736842,0.5690031897926635,0.0669712979241353,0.5125,0.629438982070561,0.2044527132201208,0.5714285714285714,0.6849760765550239,0.2450339345551616,0.625,0.5912380952380952,0.0833567858155327,0.5970149253731343,0.453030303030303,0.2934234772584292,0.4,15.6,15.6,1.9595917942265424,14,14.0,18,corr_mrmr_auto_k_no_smote,nested_cv_outputs_all_quad_concat_batch/ADC_Post2_Pre_T2/fs_method_comparison/corr_mrmr_auto_k_no_smote,corr_mrmr_auto_k,corr_mrmr,auto,False,58,4,1.3448275862068966
ADC_Post2_Pre_T2,ADC,Post2,Pre,T2,LightGBM,0.6656479410187544,0.1644951154887313,0.5923437500000001,0.7498626157291499,0.1820417636514335,0.6877988260830195,0.5414527501484023,0.1107790937645874,0.543859649122807,0.57985778841042,0.1238535278032813,0.5346875,0.6305555555555556,0.2339937743183632,0.5909090909090909,0.643806485911749,0.2197367060057285,0.609375,0.5912457912457912,0.1263698758867598,0.6,0.5159090909090909,0.2847154750706746,0.46,11.2,11.2,5.1536394906900505,4,14.0,16,mrmr_then_elasticnet_no_corr_auto_k_no_smote,nested_cv_outputs_all_quad_concat_batch/ADC_Post2_Pre_T2/fs_method_comparison/mrmr_then_elasticnet_no_corr_auto_k_no_smote,mrmr_then_elasticnet_no_corr_auto_k,mrmr_then_elasticnet_no_corr,auto,False,49,3,1.1428571428571428
ADC_Post2_Pre_T2,ADC,Post2,Pre,T2,LogisticRegression,0.6642801448064606,0.1453916089032924,0.61078125,0.7501894577498068,0.1663904972866289,0.7293926611617315,0.5609332696289219,0.0516525380351798,0.5614035087719298,0.590860484544695,0.0714318014092337,0.5503125,0.64,0.1760446419983617,0.6029411764705882,0.6769590643274854,0.190992970276709,0.640625,0.6170918177274999,0.0499177981568461,0.6212121212121212,0.5047619047619047,0.2989588888686203,0.46,11.2,11.2,5.1536394906900505,4,14.0,16,mrmr_then_elasticnet_no_corr_auto_k_no_smote,nested_cv_outputs_all_quad_concat_batch/ADC_Post2_Pre_T2/fs_method_comparison/mrmr_then_elasticnet_no_corr_auto_k_no_smote,mrmr_then_elasticnet_no_corr_auto_k,mrmr_then_elasticnet_no_corr,auto,False,49,3,1.1428571428571428
ADC_Post2_Pre_T2,ADC,Post2,Pre,T2,RandomForest,0.6633140818069048,0.1841008399306278,0.5493750000000001,0.7503153854405155,0.1834710368538435,0.5976043394525546,0.5525952308561004,0.1073106278050491,0.5526315789473685,0.5811709197235513,0.1276933283619412,0.5446875,0.6294117647058823,0.20713111417231,0.6,0.6464327485380117,0.2132095413891687,0.609375,0.598642742121003,0.1120037339956771,0.6046511627906976,0.5159090909090909,0.2454171314545636,0.48,11.2,11.2,5.1536394906900505,4,14.0,16,mrmr_then_elasticnet_no_corr_auto_k_no_smote,nested_cv_outputs_all_quad_concat_batch/ADC_Post2_Pre_T2/fs_method_comparison/mrmr_then_elasticnet_no_corr_auto_k_no_smote,mrmr_then_elasticnet_no_corr_auto_k,mrmr_then_elasticnet_no_corr,auto,False,49,3,1.1428571428571428
ADC_Post2_Pre_T2,ADC,Post2,Pre,T2,GradientBoosting,0.6557186757067139,0.1717776977460418,0.5565625000000001,0.7386900118912278,0.1780132712229687,0.6090352797213447,0.545015853711506,0.1163402836378827,0.543859649122807,0.5650417710944027,0.1254326126357521,0.5303125,0.6103785103785104,0.1883227255147461,0.5857142857142857,0.6753216374269005,0.2414773902084308,0.640625,0.6037319002836244,0.1306103374311914,0.6119402985074627,0.4547619047619048,0.2835633320182744,0.42,11.2,11.2,5.1536394906900505,4,14.0,16,mrmr_then_elasticnet_no_corr_auto_k_no_smote,nested_cv_outputs_all_quad_concat_batch/ADC_Post2_Pre_T2/fs_method_comparison/mrmr_then_elasticnet_no_corr_auto_k_no_smote,mrmr_then_elasticnet_no_corr_auto_k,mrmr_then_elasticnet_no_corr,auto,False,49,3,1.1428571428571428
ADC_Post2_Pre_T2,ADC,Post2,Pre,T2,RandomForest,0.6536752464264426,0.1404823811646074,0.5759375,0.7788244799140057,0.1164161105083084,0.7294399137682384,0.4832356049747354,0.0659919775107595,0.4824561403508772,0.5004171413381939,0.0759257180408839,0.4756249999999999,0.5459369388781152,0.1608489895330093,0.5396825396825397,0.5587347155768208,0.2097111320577332,0.53125,0.5238815207780725,0.1199770074674049,0.5354330708661418,0.4420995670995671,0.1525068043357901,0.42,15.6,15.6,1.9595917942265424,14,14.0,18,corr_mrmr_auto_k_no_smote,nested_cv_outputs_all_quad_concat_batch/ADC_Post2_Pre_T2/fs_method_comparison/corr_mrmr_auto_k_no_smote,corr_mrmr_auto_k,corr_mrmr,auto,False,58,4,1.3448275862068966
ADC_Post2_Pre_T2,ADC,Post2,Pre,T2,XGBoost,0.644946031285744,0.1332044321891078,0.5506249999999999,0.7570869543650571,0.1283557158310501,0.6711460131480469,0.4933298585472497,0.0501617844247494,0.4912280701754385,0.5393859649122807,0.0538602205810017,0.4834374999999999,0.616531713900135,0.2129417817236736,0.546875,0.6075598086124401,0.2598470104768093,0.546875,0.5361356839617708,0.1166908667978334,0.546875,0.4712121212121212,0.2882931626979769,0.42,15.6,15.6,1.9595917942265424,14,14.0,18,corr_mrmr_auto_k_no_smote,nested_cv_outputs_all_quad_concat_batch/ADC_Post2_Pre_T2/fs_method_comparison/corr_mrmr_auto_k_no_smote,corr_mrmr_auto_k,corr_mrmr,auto,False,58,4,1.3448275862068966
ADC_Post2_Pre_T2,ADC,Post2,Pre,T2,XGBoost,0.6431276020630088,0.1504358521842119,0.5667187499999999,0.7247200243831688,0.1756051908539552,0.6410249351428269,0.5718180370354283,0.0764718881607062,0.5701754385964912,0.6070946305156831,0.0855537612412023,0.5625,0.6558424908424908,0.1935902842025851,0.6153846153846154,0.6732801701222754,0.2028659027065017,0.625,0.6177452177452177,0.0875233154387665,0.6201550387596899,0.5409090909090909,0.2359748161688701,0.5,11.2,11.2,5.1536394906900505,4,14.0,16,mrmr_then_elasticnet_no_corr_auto_k_no_smote,nested_cv_outputs_all_quad_concat_batch/ADC_Post2_Pre_T2/fs_method_comparison/mrmr_then_elasticnet_no_corr_auto_k_no_smote,mrmr_then_elasticnet_no_corr_auto_k,mrmr_then_elasticnet_no_corr,auto,False,49,3,1.1428571428571428
ADC_Post2_Pre_T2,ADC,Post2,Pre,T2,LightGBM,0.6372452826280577,0.1330635712116555,0.5571875000000001,0.7489634101423158,0.1283343278817713,0.6734355158052745,0.5552100073839205,0.1056596612156626,0.5526315789473685,0.6026794258373205,0.1038321223695654,0.555625,0.6636363636363637,0.2336283062714713,0.6181818181818182,0.5780861244019138,0.2746852239443951,0.53125,0.557416534647656,0.1596461522559469,0.5714285714285714,0.6272727272727272,0.2500413188995466,0.58,15.6,15.6,1.9595917942265424,14,14.0,18,corr_mrmr_auto_k_no_smote,nested_cv_outputs_all_quad_concat_batch/ADC_Post2_Pre_T2/fs_method_comparison/corr_mrmr_auto_k_no_smote,corr_mrmr_auto_k,corr_mrmr,auto,False,58,4,1.3448275862068966
ADC_Post2_Pre_T2,ADC,Post2,Pre,T2,GradientBoosting,0.6149559792502377,0.1956226494660374,0.5442187500000001,0.7329081357511867,0.1823917077162518,0.6843189414188753,0.5054756837365534,0.0873375037551521,0.5,0.549115402141718,0.0737917348159841,0.4825,0.5923683669271905,0.1161821423705628,0.547945205479452,0.712408293460925,0.3034993834353217,0.625,0.5777472527472527,0.1288733241162546,0.583941605839416,0.3858225108225108,0.2736298025924357,0.34,15.6,15.6,1.9595917942265424,14,14.0,18,corr_mrmr_auto_k_no_smote,nested_cv_outputs_all_quad_concat_batch/ADC_Post2_Pre_T2/fs_method_comparison/corr_mrmr_auto_k_no_smote,corr_mrmr_auto_k,corr_mrmr,auto,False,58,4,1.3448275862068966
ADC_Post2_Pre_T2,ADC,Post2,Pre,T2,NaiveBayes,0.6047608461005589,0.1154863379071583,0.585625,0.663064221311754,0.1070065829028786,0.6159272259365709,0.529822351561482,0.1064941849944192,0.5350877192982456,0.50374895572264,0.089326678179614,0.5028125,0.5551169590643275,0.1389793488114457,0.5632183908045977,0.7619351408825094,0.0997047981565049,0.765625,0.6343071509824296,0.105590314473975,0.6490066225165563,0.2455627705627706,0.1465922574041629,0.24,15.6,15.6,1.9595917942265424,14,14.0,18,corr_mrmr_auto_k_no_smote,nested_cv_outputs_all_quad_concat_batch/ADC_Post2_Pre_T2/fs_method_comparison/corr_mrmr_auto_k_no_smote,corr_mrmr_auto_k,corr_mrmr,auto,False,58,4,1.3448275862068966
ADC_Post2_Pre_T2,ADC,Post2,Pre,T2,KNN,0.594282239114775,0.0664219159421952,0.53796875,0.6916181553224897,0.1223887384221564,0.6526180448093029,0.5088520175476697,0.094724641585574,0.5087719298245614,0.5485885167464114,0.0862888647680733,0.50125,0.6282870071105365,0.2212372766852493,0.5625,0.6047527910685805,0.1723002581308196,0.5625,0.558301404853129,0.1039605436061261,0.5625,0.4924242424242424,0.2916814242626215,0.44,15.6,15.6,1.9595917942265424,14,14.0,18,corr_mrmr_auto_k_no_smote,nested_cv_outputs_all_quad_concat_batch/ADC_Post2_Pre_T2/fs_method_comparison/corr_mrmr_auto_k_no_smote,corr_mrmr_auto_k,corr_mrmr,auto,False,58,4,1.3448275862068966
ADC_Post2_Pre_T2,ADC,Post2,Pre,T2,SVM_Linear,0.590436318067897,0.2385141128847598,0.58125,0.7179248783128849,0.2077022070015418,0.7167895808938141,0.5532409619366141,0.0515623316066443,0.5526315789473685,0.5800417710944027,0.0603742506600415,0.5315624999999999,0.6214192343604108,0.1583767318131402,0.5844155844155844,0.7553216374269006,0.1996493626174916,0.703125,0.6374019339536581,0.0464835707044508,0.6382978723404256,0.4047619047619047,0.2834233550467234,0.36,11.2,11.2,5.1536394906900505,4,14.0,16,mrmr_then_elasticnet_no_corr_auto_k_no_smote,nested_cv_outputs_all_quad_concat_batch/ADC_Post2_Pre_T2/fs_method_comparison/mrmr_then_elasticnet_no_corr_auto_k_no_smote,mrmr_then_elasticnet_no_corr_auto_k,mrmr_then_elasticnet_no_corr,auto,False,49,3,1.1428571428571428
ADC_Post2_Pre_T2,ADC,Post2,Pre,T2,SVM_RBF,0.5741177438545859,0.222438983663603,0.5709375,0.7104254949145916,0.2038167479206414,0.7073148865701469,0.5513718165892078,0.0340778709060163,0.5526315789473685,0.5934941520467836,0.0684712354081237,0.5359375,0.6462388591800357,0.198343155114976,0.589041095890411,0.7286549707602339,0.2177902145304687,0.671875,0.626005698005698,0.0252634331245419,0.6277372262773723,0.4583333333333333,0.3395258131243894,0.4,11.2,11.2,5.1536394906900505,4,14.0,16,mrmr_then_elasticnet_no_corr_auto_k_no_smote,nested_cv_outputs_all_quad_concat_batch/ADC_Post2_Pre_T2/fs_method_comparison/mrmr_then_elasticnet_no_corr_auto_k_no_smote,mrmr_then_elasticnet_no_corr_auto_k,mrmr_then_elasticnet_no_corr,auto,False,49,3,1.1428571428571428
Post1_Post2_Pre_T2,Post1,Post2,Pre,T2,SVM_RBF,0.7523062558356676,0.1849647835403156,0.658653846153846,0.8346301804775091,0.1332763417469493,0.7080020743693619,0.5680746888755788,0.1438788888200367,0.603448275862069,0.5977941176470589,0.0819406567002654,0.5865384615384616,0.5874065394828619,0.1695051864279652,0.6153846153846154,0.7705882352941177,0.1845222016630367,0.75,0.6319887955182073,0.1367465780356291,0.676056338028169,0.425,0.1841731606027864,0.4230769230769231,15.2,15.2,2.4,12,14.0,18,elasticnet_then_mrmr_auto_k_no_smote,nested_cv_outputs_all_quad_concat_batch/Post1_Post2_Pre_T2/fs_method_comparison/elasticnet_then_mrmr_auto_k_no_smote,elasticnet_then_mrmr_auto_k,elasticnet_then_mrmr,auto,False,41,4,1.853658536585366
Post1_Post2_Pre_T2,Post1,Post2,Pre,T2,SVM_Linear,0.7306178026766261,0.1505900185328672,0.6914062499999999,0.7542981872270803,0.1349465391299994,0.7260480698154287,0.6014080222089121,0.0974482190176741,0.6206896551724138,0.619967320261438,0.080776249147984,0.6057692307692308,0.5963853367433931,0.1466025624054832,0.631578947368421,0.7788235294117647,0.16957508467508,0.75,0.6505882352941177,0.1135522683483638,0.6857142857142857,0.4611111111111111,0.0777777777777777,0.4615384615384615,15.2,15.2,2.4,12,14.0,18,elasticnet_then_mrmr_auto_k_no_smote,nested_cv_outputs_all_quad_concat_batch/Post1_Post2_Pre_T2/fs_method_comparison/elasticnet_then_mrmr_auto_k_no_smote,elasticnet_then_mrmr_auto_k,elasticnet_then_mrmr,auto,False,41,4,1.853658536585366
Post1_Post2_Pre_T2,Post1,Post2,Pre,T2,KNN,0.7272047152194212,0.1771482217571386,0.6721754807692307,0.8073881619894057,0.1307051186886671,0.7332849005797802,0.5954013481265983,0.0757820507350217,0.6120689655172413,0.5987044817927171,0.0581445912692499,0.5889423076923077,0.5807056277056277,0.1300912112464458,0.611764705882353,0.8176470588235294,0.1768623103337989,0.8125,0.654720133667502,0.1127490282700664,0.697986577181208,0.3797619047619047,0.1279083430339361,0.3653846153846153,15.2,15.2,2.4,12,14.0,18,elasticnet_then_mrmr_auto_k_no_smote,nested_cv_outputs_all_quad_concat_batch/Post1_Post2_Pre_T2/fs_method_comparison/elasticnet_then_mrmr_auto_k_no_smote,elasticnet_then_mrmr_auto_k,elasticnet_then_mrmr,auto,False,41,4,1.853658536585366
Post1_Post2_Pre_T2,Post1,Post2,Pre,T2,LogisticRegression,0.7167841581076876,0.1562032096770755,0.689002403846154,0.7376520984374524,0.1546087509382462,0.7246742300563318,0.627951284903454,0.1482438614514802,0.6379310344827587,0.6483426704014938,0.1593794732706207,0.6340144230769231,0.6290559732664995,0.1579183425972193,0.671875,0.7117647058823529,0.2204116940611199,0.671875,0.6449764195434824,0.1419865470711388,0.671875,0.5849206349206348,0.1291384713088352,0.5961538461538461,15.2,15.2,2.4,12,14.0,18,elasticnet_then_mrmr_auto_k_no_smote,nested_cv_outputs_all_quad_concat_batch/Post1_Post2_Pre_T2/fs_method_comparison/elasticnet_then_mrmr_auto_k_no_smote,elasticnet_then_mrmr_auto_k,elasticnet_then_mrmr,auto,False,41,4,1.853658536585366
Post1_Post2_Pre_T2,Post1,Post2,Pre,T2,RandomForest,0.6911647992530345,0.0838487143912856,0.6829927884615385,0.7574166741262035,0.0491825730566672,0.739382576729133,0.6225839726952074,0.0684472475858673,0.6379310344827587,0.6271615312791783,0.059295680817868,0.6358173076923077,0.6314020344980098,0.1507469241009537,0.6774193548387096,0.6368627450980392,0.1406876067437092,0.65625,0.6146531730971958,0.1248835509862534,0.6666666666666666,0.6174603174603176,0.0735402152927642,0.6153846153846154,15.2,15.2,2.4,12,14.0,18,elasticnet_then_mrmr_auto_k_no_smote,nested_cv_outputs_all_quad_concat_batch/Post1_Post2_Pre_T2/fs_method_comparison/elasticnet_then_mrmr_auto_k_no_smote,elasticnet_then_mrmr_auto_k,elasticnet_then_mrmr,auto,False,41,4,1.853658536585366
Post1_Post2_Pre_T2,Post1,Post2,Pre,T2,ExtraTrees,0.6883730158730159,0.1019396893995718,0.6703725961538461,0.760002681164568,0.0944406905666978,0.752630597672765,0.5974791553768195,0.0599390811037371,0.603448275862069,0.6208333333333333,0.0696672703454962,0.5973557692307692,0.6064102564102564,0.1250805131895059,0.6363636363636364,0.7,0.1989592297092678,0.65625,0.6196916533758638,0.0920654794316581,0.6461538461538462,0.5416666666666666,0.0633430791721743,0.5384615384615384,15.2,15.2,2.4,12,14.0,18,elasticnet_then_mrmr_auto_k_no_smote,nested_cv_outputs_all_quad_concat_batch/Post1_Post2_Pre_T2/fs_method_comparison/elasticnet_then_mrmr_auto_k_no_smote,elasticnet_then_mrmr_auto_k,elasticnet_then_mrmr,auto,False,41,4,1.853658536585366
Post1_Post2_Pre_T2,Post1,Post2,Pre,T2,GradientBoosting,0.68109477124183,0.1074680991166085,0.6574519230769231,0.7044209262588417,0.15721629020755,0.7092058032851047,0.5965479212420257,0.122966766245933,0.6120689655172413,0.6243347338935574,0.1087807110712282,0.6051682692307692,0.607483660130719,0.1678119180747355,0.6417910447761194,0.7117647058823529,0.2006908483439056,0.671875,0.6243884220354808,0.1336973404254947,0.6564885496183206,0.5369047619047619,0.1354425014602656,0.5384615384615384,15.2,15.2,2.4,12,14.0,18,elasticnet_then_mrmr_auto_k_no_smote,nested_cv_outputs_all_quad_concat_batch/Post1_Post2_Pre_T2/fs_method_comparison/elasticnet_then_mrmr_auto_k_no_smote,elasticnet_then_mrmr_auto_k,elasticnet_then_mrmr,auto,False,41,4,1.853658536585366
Post1_Post2_Pre_T2,Post1,Post2,Pre,T2,XGBoost,0.680083255524432,0.0586939624990463,0.6736778846153847,0.6961549766286517,0.1481493364963441,0.7001994507019278,0.5911867887396253,0.0828448583823383,0.6120689655172413,0.6197712418300653,0.0632874166635827,0.6051682692307692,0.6095068330362449,0.1551807588683175,0.6417910447761194,0.7117647058823529,0.2006908483439056,0.671875,0.619858469703671,0.1096610092705284,0.6564885496183206,0.5277777777777778,0.1337954953199144,0.5384615384615384,15.2,15.2,2.4,12,14.0,18,elasticnet_then_mrmr_auto_k_no_smote,nested_cv_outputs_all_quad_concat_batch/Post1_Post2_Pre_T2/fs_method_comparison/elasticnet_then_mrmr_auto_k_no_smote,elasticnet_then_mrmr_auto_k,elasticnet_then_mrmr,auto,False,41,4,1.853658536585366
Post1_Post2_Pre_T2,Post1,Post2,Pre,T2,NaiveBayes,0.673897447868036,0.1317907495607501,0.6448317307692307,0.7109530928843674,0.1020088964577846,0.6902902773884221,0.5884986166966145,0.0611587086713002,0.5948275862068966,0.5854808590102707,0.076440370750243,0.5715144230769231,0.5681623931623931,0.1108951967004184,0.6,0.8058823529411765,0.1700803799388348,0.796875,0.6486257928118393,0.0991102544240566,0.6845637583892618,0.365079365079365,0.0992539568308792,0.3461538461538461,15.2,15.2,2.4,12,14.0,18,elasticnet_then_mrmr_auto_k_no_smote,nested_cv_outputs_all_quad_concat_batch/Post1_Post2_Pre_T2/fs_method_comparison/elasticnet_then_mrmr_auto_k_no_smote,elasticnet_then_mrmr_auto_k,elasticnet_then_mrmr,auto,False,41,4,1.853658536585366
Post1_Post2_Pre_T2,Post1,Post2,Pre,T2,NaiveBayes,0.6709617180205416,0.0660891311267752,0.6739783653846154,0.68829034397378,0.1812571070267944,0.7353514241774944,0.6039835334607303,0.0769299847018748,0.6206896551724138,0.5885760971055088,0.0276123628202666,0.6039663461538461,0.587012987012987,0.1550871465114436,0.6282051282051282,0.7192156862745098,0.1826895480663926,0.765625,0.6245344129554656,0.1527216616746303,0.6901408450704225,0.4579365079365079,0.1532301075520677,0.4423076923076923,11.6,11.6,6.248199740725324,4,16.0,18,mrmr_then_elasticnet_no_corr_auto_k_no_smote,nested_cv_outputs_all_quad_concat_batch/Post1_Post2_Pre_T2/fs_method_comparison/mrmr_then_elasticnet_no_corr_auto_k_no_smote,mrmr_then_elasticnet_no_corr_auto_k,mrmr_then_elasticnet_no_corr,auto,False,46,3,1.2608695652173914
Post1_Post2_Pre_T2,Post1,Post2,Pre,T2,LogisticRegression,0.6560932150638034,0.0878099154847355,0.6493389423076923,0.6882030841789031,0.1614847894374445,0.7139976953190509,0.5996097278077256,0.047619102052048,0.603448275862069,0.6065966386554622,0.0554911701540581,0.5991586538461539,0.6168243521184698,0.1655470657613279,0.640625,0.6250980392156863,0.1207078953570886,0.640625,0.5983006535947712,0.108277280227541,0.640625,0.5880952380952381,0.1577030259508482,0.5576923076923077,11.6,11.6,6.248199740725324,4,16.0,18,mrmr_then_elasticnet_no_corr_auto_k_no_smote,nested_cv_outputs_all_quad_concat_batch/Post1_Post2_Pre_T2/fs_method_comparison/mrmr_then_elasticnet_no_corr_auto_k_no_smote,mrmr_then_elasticnet_no_corr_auto_k,mrmr_then_elasticnet_no_corr,auto,False,46,3,1.2608695652173914
Post1_Post2_Pre_T2,Post1,Post2,Pre,T2,LightGBM,0.6503824307500778,0.0862367003751264,0.6524939903846154,0.6668193233347268,0.17328740635859,0.6855486513907527,0.571042373767624,0.0923227196460155,0.5948275862068966,0.583482726423903,0.0594927503596201,0.5895432692307692,0.5901754385964912,0.1766653600188617,0.6307692307692307,0.6415686274509803,0.10088725954645,0.640625,0.5929710902124696,0.1334825219284631,0.6356589147286822,0.5253968253968254,0.1100172917534187,0.5384615384615384,15.2,15.2,2.4,12,14.0,18,elasticnet_then_mrmr_auto_k_no_smote,nested_cv_outputs_all_quad_concat_batch/Post1_Post2_Pre_T2/fs_method_comparison/elasticnet_then_mrmr_auto_k_no_smote,elasticnet_then_mrmr_auto_k,elasticnet_then_mrmr,auto,False,41,4,1.853658536585366
Post1_Post2_Pre_T2,Post1,Post2,Pre,T2,SVM_Linear,0.6472790227201992,0.0775082042008643,0.6183894230769231,0.6825235858401224,0.1576167002925654,0.6817941056500206,0.592368538642176,0.0584837927360555,0.603448275862069,0.6251867413632118,0.0489112002109989,0.5919471153846154,0.6226190476190476,0.1653690986112889,0.625,0.7352941176470589,0.2185197131883142,0.703125,0.6279013256295204,0.0877704964047053,0.6617647058823529,0.5150793650793651,0.2226809324617529,0.4807692307692308,11.6,11.6,6.248199740725324,4,16.0,18,mrmr_then_elasticnet_no_corr_auto_k_no_smote,nested_cv_outputs_all_quad_concat_batch/Post1_Post2_Pre_T2/fs_method_comparison/mrmr_then_elasticnet_no_corr_auto_k_no_smote,mrmr_then_elasticnet_no_corr_auto_k,mrmr_then_elasticnet_no_corr,auto,False,46,3,1.2608695652173914
Post1_Post2_Pre_T2,Post1,Post2,Pre,T2,ExtraTrees,0.6281170245876128,0.0720217505572867,0.59765625,0.7260617505739492,0.1149468937400806,0.6932034908079834,0.5731140013119991,0.0839557226197769,0.5862068965517241,0.5988211951447245,0.0660270611579594,0.5853365384615384,0.6336363636363636,0.2113457687679715,0.6333333333333333,0.5980392156862745,0.0784313725490196,0.59375,0.581028431028431,0.1091069128497764,0.6129032258064516,0.5996031746031746,0.2039636217125773,0.5769230769230769,11.6,11.6,6.248199740725324,4,16.0,18,mrmr_then_elasticnet_no_corr_auto_k_no_smote,nested_cv_outputs_all_quad_concat_batch/Post1_Post2_Pre_T2/fs_method_comparison/mrmr_then_elasticnet_no_corr_auto_k_no_smote,mrmr_then_elasticnet_no_corr_auto_k,mrmr_then_elasticnet_no_corr,auto,False,46,3,1.2608695652173914
Post1_Post2_Pre_T2,Post1,Post2,Pre,T2,GradientBoosting,0.6210589791472145,0.1213857288389944,0.5698617788461537,0.6898032833611417,0.0627321648246826,0.6215943639369492,0.539176482891722,0.0403249368446831,0.5431034482758621,0.582156862745098,0.0541817253489027,0.5444711538461539,0.5888888888888889,0.1398853145779352,0.5964912280701754,0.5976470588235294,0.2202735009594061,0.53125,0.5464039408866995,0.0642296529991806,0.5619834710743802,0.5666666666666667,0.1433720877840437,0.5576923076923077,14.8,14.8,4.48998886412873,6,16.0,18,corr_mrmr_auto_k_no_smote,nested_cv_outputs_all_quad_concat_batch/Post1_Post2_Pre_T2/fs_method_comparison/corr_mrmr_auto_k_no_smote,corr_mrmr_auto_k,corr_mrmr,auto,False,53,3,1.3962264150943395
Post1_Post2_Pre_T2,Post1,Post2,Pre,T2,XGBoost,0.6120385932150638,0.1275619913229179,0.6060697115384616,0.7030119199324172,0.1053461751510284,0.6926276289338092,0.5740599716684256,0.1138987396135686,0.5689655172413793,0.5728874883286648,0.107809128392081,0.5625,0.5706582633053221,0.1601331620897431,0.6060606060606061,0.6215686274509803,0.1474634955055934,0.625,0.5813442524717866,0.1395808104696612,0.6153846153846154,0.5242063492063492,0.1190899395676361,0.5,11.6,11.6,6.248199740725324,4,16.0,18,mrmr_then_elasticnet_no_corr_auto_k_no_smote,nested_cv_outputs_all_quad_concat_batch/Post1_Post2_Pre_T2/fs_method_comparison/mrmr_then_elasticnet_no_corr_auto_k_no_smote,mrmr_then_elasticnet_no_corr_auto_k,mrmr_then_elasticnet_no_corr,auto,False,46,3,1.2608695652173914
Post1_Post2_Pre_T2,Post1,Post2,Pre,T2,RandomForest,0.6044335511982571,0.0727164580732168,0.6177884615384615,0.7206790696762814,0.1099448007682725,0.730354832965284,0.568705018871871,0.0768260030730501,0.5775862068965517,0.5721428571428572,0.0660338749598713,0.5721153846153846,0.5839402427637721,0.1632472020168809,0.6153846153846154,0.6133333333333333,0.1208606837757316,0.625,0.5766386554621848,0.1244428583657358,0.6201550387596899,0.5309523809523811,0.1391131975530507,0.5192307692307693,11.6,11.6,6.248199740725324,4,16.0,18,mrmr_then_elasticnet_no_corr_auto_k_no_smote,nested_cv_outputs_all_quad_concat_batch/Post1_Post2_Pre_T2/fs_method_comparison/mrmr_then_elasticnet_no_corr_auto_k_no_smote,mrmr_then_elasticnet_no_corr_auto_k,mrmr_then_elasticnet_no_corr,auto,False,46,3,1.2608695652173914
Post1_Post2_Pre_T2,Post1,Post2,Pre,T2,SVM_RBF,0.5993012760659819,0.1413702079326348,0.567608173076923,0.6977362182387937,0.0375716674608606,0.6696114108826622,0.4734999952463801,0.1211011136047231,0.5086206896551724,0.4957679738562091,0.0177971407912226,0.4771634615384615,0.5102521319985168,0.1410852131674453,0.5376344086021505,0.7776470588235294,0.2871745186332679,0.78125,0.5694927536231884,0.1534209428900965,0.6369426751592356,0.2138888888888888,0.2681095224891923,0.173076923076923,14.8,14.8,4.48998886412873,6,16.0,18,corr_mrmr_auto_k_no_smote,nested_cv_outputs_all_quad_concat_batch/Post1_Post2_Pre_T2/fs_method_comparison/corr_mrmr_auto_k_no_smote,corr_mrmr_auto_k,corr_mrmr,auto,False,53,3,1.3962264150943395
Post1_Post2_Pre_T2,Post1,Post2,Pre,T2,KNN,0.5913760504201682,0.0722158310346551,0.5686598557692307,0.6886258469278188,0.1097019190367487,0.6665713477613753,0.558424840516053,0.047393153150911,0.5603448275862069,0.5866479925303454,0.0592664195749538,0.5528846153846154,0.5896270086982162,0.1428241857927764,0.5970149253731343,0.6764705882352942,0.1704867852492875,0.625,0.5950163398692812,0.0598871255907768,0.6106870229007634,0.4968253968253968,0.1451621798300467,0.4807692307692308,11.6,11.6,6.248199740725324,4,16.0,18,mrmr_then_elasticnet_no_corr_auto_k_no_smote,nested_cv_outputs_all_quad_concat_batch/Post1_Post2_Pre_T2/fs_method_comparison/mrmr_then_elasticnet_no_corr_auto_k_no_smote,mrmr_then_elasticnet_no_corr_auto_k,mrmr_then_elasticnet_no_corr,auto,False,46,3,1.2608695652173914
Post1_Post2_Pre_T2,Post1,Post2,Pre,T2,LogisticRegression,0.5874159663865546,0.1001429290340687,0.5667067307692307,0.6972197849686894,0.0334560671490705,0.6700303350218706,0.5767181959061826,0.0923391384441157,0.5517241379310345,0.5774649859943978,0.0801894892713884,0.5576923076923077,0.6093455564043799,0.0816994306262015,0.6153846153846154,0.5192156862745098,0.1023401689874952,0.5,0.5492003252914068,0.0546544287019011,0.5517241379310345,0.6357142857142857,0.1292554799145145,0.6153846153846154,14.8,14.8,4.48998886412873,6,16.0,18,corr_mrmr_auto_k_no_smote,nested_cv_outputs_all_quad_concat_batch/Post1_Post2_Pre_T2/fs_method_comparison/corr_mrmr_auto_k_no_smote,corr_mrmr_auto_k,corr_mrmr,auto,False,53,3,1.3962264150943395
Post1_Post2_Pre_T2,Post1,Post2,Pre,T2,NaiveBayes,0.5855812324929973,0.0710484351160891,0.5555889423076923,0.640401143650642,0.1130835131447437,0.6369484960299414,0.5361964385879847,0.0846472235094475,0.5431034482758621,0.5550887021475257,0.07139389227903,0.5282451923076923,0.5695238095238094,0.1531705731849167,0.5733333333333334,0.711764705882353,0.1788080488655372,0.671875,0.5951436850043661,0.0892541031413278,0.6187050359712231,0.3984126984126984,0.2252989950892116,0.3846153846153846,14.8,14.8,4.48998886412873,6,16.0,18,corr_mrmr_auto_k_no_smote,nested_cv_outputs_all_quad_concat_batch/Post1_Post2_Pre_T2/fs_method_comparison/corr_mrmr_auto_k_no_smote,corr_mrmr_auto_k,corr_mrmr,auto,False,53,3,1.3962264150943395
Post1_Post2_Pre_T2,Post1,Post2,Pre,T2,SVM_RBF,0.5805501089324618,0.1568851998422199,0.5600961538461539,0.6618794990909397,0.141062809515023,0.6496899679485497,0.5417581738493863,0.0728334865330862,0.5517241379310345,0.5486601307189543,0.0593187577764067,0.5324519230769231,0.5633137829912023,0.1822294185758367,0.575,0.7250980392156863,0.1929571171479678,0.71875,0.5994653679653681,0.1305721526535943,0.6388888888888888,0.3722222222222222,0.25915341754868,0.3461538461538461,11.6,11.6,6.248199740725324,4,16.0,18,mrmr_then_elasticnet_no_corr_auto_k_no_smote,nested_cv_outputs_all_quad_concat_batch/Post1_Post2_Pre_T2/fs_method_comparison/mrmr_then_elasticnet_no_corr_auto_k_no_smote,mrmr_then_elasticnet_no_corr_auto_k,mrmr_then_elasticnet_no_corr,auto,False,46,3,1.2608695652173914
Post1_Post2_Pre_T2,Post1,Post2,Pre,T2,SVM_Linear,0.5803828197945845,0.1613726124984768,0.5151742788461539,0.6776295300335404,0.0631837288708641,0.6001170156614368,0.4934262190658185,0.0486857104325511,0.5,0.5279785247432306,0.0641665844250763,0.4909855769230769,0.5482983682983682,0.1312923814541393,0.5441176470588235,0.6329411764705882,0.2387278858034972,0.578125,0.5350402504472273,0.0664780166300338,0.5606060606060606,0.423015873015873,0.24212983738207,0.4038461538461538,14.8,14.8,4.48998886412873,6,16.0,18,corr_mrmr_auto_k_no_smote,nested_cv_outputs_all_quad_concat_batch/Post1_Post2_Pre_T2/fs_method_comparison/corr_mrmr_auto_k_no_smote,corr_mrmr_auto_k,corr_mrmr,auto,False,53,3,1.3962264150943395
Post1_Post2_Pre_T2,Post1,Post2,Pre,T2,GradientBoosting,0.5766265950824774,0.1306919847096191,0.5641526442307693,0.6736201578872997,0.1214357604868343,0.6268712506220272,0.5378530751167013,0.1267321474044708,0.5517241379310345,0.5544607843137255,0.1314565139927515,0.5306490384615384,0.5424388572633354,0.1629587407369283,0.573170731707317,0.7505882352941177,0.2455866502238387,0.734375,0.5996739844263064,0.1460810356484408,0.6438356164383562,0.3583333333333333,0.2134374745810949,0.3269230769230769,11.6,11.6,6.248199740725324,4,16.0,18,mrmr_then_elasticnet_no_corr_auto_k_no_smote,nested_cv_outputs_all_quad_concat_batch/Post1_Post2_Pre_T2/fs_method_comparison/mrmr_then_elasticnet_no_corr_auto_k_no_smote,mrmr_then_elasticnet_no_corr_auto_k,mrmr_then_elasticnet_no_corr,auto,False,46,3,1.2608695652173914
Post1_Post2_Pre_T2,Post1,Post2,Pre,T2,LightGBM,0.5764791472144414,0.1146998449685722,0.5643028846153846,0.6735611799697484,0.1094991356899025,0.6668772832542122,0.5287608263692801,0.0985857768546152,0.5344827586206896,0.5516806722689076,0.0800762270324736,0.5348557692307692,0.5657894736842105,0.1868916440885175,0.5862068965517241,0.5509803921568627,0.1417200862713149,0.53125,0.5286061117180662,0.1381326177191867,0.5573770491803278,0.5523809523809524,0.1525668508914361,0.5384615384615384,11.6,11.6,6.248199740725324,4,16.0,18,mrmr_then_elasticnet_no_corr_auto_k_no_smote,nested_cv_outputs_all_quad_concat_batch/Post1_Post2_Pre_T2/fs_method_comparison/mrmr_then_elasticnet_no_corr_auto_k_no_smote,mrmr_then_elasticnet_no_corr_auto_k,mrmr_then_elasticnet_no_corr,auto,False,46,3,1.2608695652173914
Post1_Post2_Pre_T2,Post1,Post2,Pre,T2,ExtraTrees,0.5764760348583878,0.1597287319417777,0.5324519230769231,0.6938265446807932,0.0826613585426408,0.6362845624125057,0.5762732570852704,0.092707002568874,0.5517241379310345,0.5972852474323063,0.1240170116083972,0.5540865384615384,0.6182539682539682,0.0966300397157106,0.6071428571428571,0.5894117647058824,0.2308521898618548,0.53125,0.5655913978494623,0.0869513058451646,0.5666666666666667,0.6051587301587301,0.1557558639051561,0.5769230769230769,14.8,14.8,4.48998886412873,6,16.0,18,corr_mrmr_auto_k_no_smote,nested_cv_outputs_all_quad_concat_batch/Post1_Post2_Pre_T2/fs_method_comparison/corr_mrmr_auto_k_no_smote,corr_mrmr_auto_k,corr_mrmr,auto,False,53,3,1.3962264150943395
Post1_Post2_Pre_T2,Post1,Post2,Pre,T2,XGBoost,0.560836445689387,0.0883742590960572,0.5369591346153846,0.6560929250789982,0.0699570833493442,0.6389594823302047,0.5199281252673911,0.0546189782029571,0.5258620689655172,0.5378408029878619,0.0491490822678663,0.5252403846153846,0.5483849483849483,0.1460269907352155,0.576271186440678,0.5427450980392157,0.1465344900897109,0.53125,0.518578799941029,0.0992832944657338,0.5528455284552846,0.5329365079365079,0.0960907597762994,0.5192307692307693,14.8,14.8,4.48998886412873,6,16.0,18,corr_mrmr_auto_k_no_smote,nested_cv_outputs_all_quad_concat_batch/Post1_Post2_Pre_T2/fs_method_comparison/corr_mrmr_auto_k_no_smote,corr_mrmr_auto_k,corr_mrmr,auto,False,53,3,1.3962264150943395
Post1_Post2_Pre_T2,Post1,Post2,Pre,T2,LightGBM,0.5536725801431683,0.0865291574412087,0.5315504807692307,0.6422232322822711,0.1465293742446427,0.643662673077463,0.5154126617419166,0.0973014810659626,0.5086206896551724,0.5226120448179272,0.116489909270131,0.5060096153846154,0.5391812865497077,0.1643118762227168,0.5573770491803278,0.5345098039215685,0.125107258864881,0.53125,0.5161056376573618,0.1081532127779544,0.544,0.5107142857142858,0.2056750280981373,0.4807692307692308,14.8,14.8,4.48998886412873,6,16.0,18,corr_mrmr_auto_k_no_smote,nested_cv_outputs_all_quad_concat_batch/Post1_Post2_Pre_T2/fs_method_comparison/corr_mrmr_auto_k_no_smote,corr_mrmr_auto_k,corr_mrmr,auto,False,53,3,1.3962264150943395
Post1_Post2_Pre_T2,Post1,Post2,Pre,T2,RandomForest,0.545083255524432,0.1057028529993092,0.544170673076923,0.6651582260533562,0.0975646063924239,0.6520735086316441,0.5381801241645514,0.0652781911513928,0.5344827586206896,0.5568884220354808,0.0679527011872637,0.5348557692307692,0.5891708291708292,0.1858917007170697,0.5862068965517241,0.5427450980392157,0.1417331074268425,0.53125,0.5287912087912088,0.1031114645947541,0.5573770491803278,0.571031746031746,0.1995617521473767,0.5384615384615384,14.8,14.8,4.48998886412873,6,16.0,18,corr_mrmr_auto_k_no_smote,nested_cv_outputs_all_quad_concat_batch/Post1_Post2_Pre_T2/fs_method_comparison/corr_mrmr_auto_k_no_smote,corr_mrmr_auto_k,corr_mrmr,auto,False,53,3,1.3962264150943395
Post1_Post2_Pre_T2,Post1,Post2,Pre,T2,KNN,0.4972432306255836,0.126948737825611,0.4508713942307693,0.6122614936621351,0.1031873861414047,0.5399682086817481,0.4440627287679568,0.1169374637003895,0.4568965517241379,0.4401027077497665,0.1113028214931093,0.4483173076923077,0.4895042016806723,0.1970675140976647,0.5074626865671642,0.496078431372549,0.1720134290153828,0.53125,0.4695413518942931,0.1692029160116506,0.5190839694656488,0.3841269841269842,0.2384045609754091,0.3653846153846153,14.8,14.8,4.48998886412873,6,16.0,18,corr_mrmr_auto_k_no_smote,nested_cv_outputs_all_quad_concat_batch/Post1_Post2_Pre_T2/fs_method_comparison/corr_mrmr_auto_k_no_smote,corr_mrmr_auto_k,corr_mrmr,auto,False,53,3,1.3962264150943395
