Quad_Tag,Dataset_A,Dataset_B,Dataset_C,Dataset_D,Experiment_ID,FS_METHOD,Model,Run_Name_No_SMOTE,Run_Name_SMOTE,Mean_AUC_No_SMOTE,Mean_AUC_SMOTE,Delta_Mean_AUC_SMOTE_minus_No_SMOTE,Std_AUC_No_SMOTE,Std_AUC_SMOTE,Delta_Std_AUC_SMOTE_minus_No_SMOTE,Pooled_AUC_No_SMOTE,Pooled_AUC_SMOTE,Delta_Pooled_AUC_SMOTE_minus_No_SMOTE,Mean_PR_AUC_No_SMOTE,Mean_PR_AUC_SMOTE,Delta_Mean_PR_AUC_SMOTE_minus_No_SMOTE,Std_PR_AUC_No_SMOTE,Std_PR_AUC_SMOTE,Delta_Std_PR_AUC_SMOTE_minus_No_SMOTE,Pooled_PR_AUC_No_SMOTE,Pooled_PR_AUC_SMOTE,Delta_Pooled_PR_AUC_SMOTE_minus_No_SMOTE,Mean_Acc_No_SMOTE,Mean_Acc_SMOTE,Delta_Mean_Acc_SMOTE_minus_No_SMOTE,Std_Acc_No_SMOTE,Std_Acc_SMOTE,Delta_Std_Acc_SMOTE_minus_No_SMOTE,Pooled_Acc_No_SMOTE,Pooled_Acc_SMOTE,Delta_Pooled_Acc_SMOTE_minus_No_SMOTE,Mean_Bal_Acc_No_SMOTE,Mean_Bal_Acc_SMOTE,Delta_Mean_Bal_Acc_SMOTE_minus_No_SMOTE,Std_Bal_Acc_No_SMOTE,Std_Bal_Acc_SMOTE,Delta_Std_Bal_Acc_SMOTE_minus_No_SMOTE,Pooled_Bal_Acc_No_SMOTE,Pooled_Bal_Acc_SMOTE,Delta_Pooled_Bal_Acc_SMOTE_minus_No_SMOTE,Mean_Prec_No_SMOTE,Mean_Prec_SMOTE,Delta_Mean_Prec_SMOTE_minus_No_SMOTE,Std_Prec_No_SMOTE,Std_Prec_SMOTE,Delta_Std_Prec_SMOTE_minus_No_SMOTE,Pooled_Prec_No_SMOTE,Pooled_Prec_SMOTE,Delta_Pooled_Prec_SMOTE_minus_No_SMOTE,Mean_Rec_No_SMOTE,Mean_Rec_SMOTE,Delta_Mean_Rec_SMOTE_minus_No_SMOTE,Std_Rec_No_SMOTE,Std_Rec_SMOTE,Delta_Std_Rec_SMOTE_minus_No_SMOTE,Pooled_Rec_No_SMOTE,Pooled_Rec_SMOTE,Delta_Pooled_Rec_SMOTE_minus_No_SMOTE,Mean_F1_No_SMOTE,Mean_F1_SMOTE,Delta_Mean_F1_SMOTE_minus_No_SMOTE,Std_F1_No_SMOTE,Std_F1_SMOTE,Delta_Std_F1_SMOTE_minus_No_SMOTE,Pooled_F1_No_SMOTE,Pooled_F1_SMOTE,Delta_Pooled_F1_SMOTE_minus_No_SMOTE,Mean_Specificity_No_SMOTE,Mean_Specificity_SMOTE,Delta_Mean_Specificity_SMOTE_minus_No_SMOTE,Std_Specificity_No_SMOTE,Std_Specificity_SMOTE,Delta_Std_Specificity_SMOTE_minus_No_SMOTE,Pooled_Specificity_No_SMOTE,Pooled_Specificity_SMOTE,Delta_Pooled_Specificity_SMOTE_minus_No_SMOTE,Mean_Kappa_No_SMOTE,Mean_Kappa_SMOTE,Delta_Mean_Kappa_SMOTE_minus_No_SMOTE,Std_Kappa_No_SMOTE,Std_Kappa_SMOTE,Delta_Std_Kappa_SMOTE_minus_No_SMOTE,Pooled_Kappa_No_SMOTE,Pooled_Kappa_SMOTE,Delta_Pooled_Kappa_SMOTE_minus_No_SMOTE,Pooled_Brier_No_SMOTE,Pooled_Brier_SMOTE,Delta_Pooled_Brier_SMOTE_minus_No_SMOTE,Avg_Features_No_SMOTE,Avg_Features_SMOTE,Delta_Avg_Features_SMOTE_minus_No_SMOTE,N_Unique_Selected_Features_No_SMOTE,N_Unique_Selected_Features_SMOTE,Delta_N_Unique_Selected_Features_SMOTE_minus_No_SMOTE
ADC_Post1_Post2_Pre,ADC,Post1,Post2,Pre,corr_mrmr_auto_k,corr_mrmr,ExtraTrees,corr_mrmr_auto_k_no_smote,corr_mrmr_auto_k_smote,0.5799603174603175,0.6099206349206349,0.029960317460317354,0.1214309056731757,0.1182710118750026,-0.003159893798173108,0.5971428571428572,0.6146031746031746,0.0174603174603174,0.6747962714189422,0.713762589439693,0.03896631802075079,0.118482428363352,0.1110073056580779,-0.007475122705274104,0.6688550780069715,0.682842535134317,0.013987457127345504,0.6000840336134454,0.5900840336134453,-0.01000000000000012,0.1225965206060378,0.1032172938959251,-0.019379226710112704,0.584070796460177,0.5752212389380531,-0.008849557522123908,0.594047619047619,0.5705555555555556,-0.023492063492063453,0.1222670501176406,0.105207206556459,-0.017059843561181592,0.5898412698412698,0.5757142857142856,-0.01412698412698421,0.6349206349206349,0.6143434343434343,-0.020577200577200583,0.207065302029603,0.1706830417611016,-0.03638226026850139,0.6538461538461539,0.631578947368421,-0.022267206477732837,0.5471428571428572,0.5749206349206348,0.02777777777777768,0.2267029004874952,0.2243175591587488,-0.0023853413287464043,0.5396825396825397,0.5714285714285714,0.031746031746031744,0.5775132275132275,0.5819102353585113,0.00439700784528374,0.2064943188034594,0.1901452859912541,-0.01634903281220529,0.591304347826087,0.6,0.008695652173912993,0.6409523809523809,0.5661904761904762,-0.0747619047619047,0.1142003649556737,0.1908234928990057,0.07662312794333198,0.64,0.58,-0.06000000000000005,0.1804544039838157,0.1373737373737374,-0.04308066661007831,0.2470956364144499,0.2115212173404,-0.0355744190740499,0.1756945522272234,0.1495766698024458,-0.02611788242477761,0.2451194516898046,0.2384408117384611,-0.00667863995134349,10.4,10.4,0.0,41,41,0
ADC_Post1_Post2_Pre,ADC,Post1,Post2,Pre,corr_mrmr_auto_k,corr_mrmr,GradientBoosting,corr_mrmr_auto_k_no_smote,corr_mrmr_auto_k_smote,0.593015873015873,0.5667460317460318,-0.02626984126984122,0.1286332890571717,0.1178923842346019,-0.0107409048225698,0.5322222222222223,0.546984126984127,0.014761904761904754,0.6628137472118187,0.6609578201001789,-0.0018559271116398435,0.1378623488446068,0.1141339275259429,-0.0237284213186639,0.6082449766823452,0.6329012378271346,0.02465626114478936,0.572843137254902,0.5290336134453782,-0.04380952380952374,0.1073247791873096,0.1078228690619519,0.0004980898746423101,0.5575221238938053,0.5132743362831859,-0.04424778761061943,0.5725,0.5173809523809523,-0.055119047619047734,0.0718067151009241,0.1056928335162291,0.033886118415305005,0.5392063492063492,0.513968253968254,-0.02523809523809528,0.6157142857142857,0.5722222222222222,-0.04349206349206347,0.1270063472622449,0.1783932091258865,0.05138686186364158,0.5866666666666667,0.5714285714285714,-0.015238095238095273,0.7347619047619047,0.5161904761904761,-0.21857142857142864,0.1811029727036424,0.2087778930269679,0.027674920323325497,0.6984126984126984,0.5079365079365079,-0.19047619047619047,0.6434974533106962,0.5266479925303454,-0.11684946078035074,0.1092155935127854,0.178337919740303,0.0691223262275176,0.6376811594202898,0.5378151260504201,-0.09986603336986966,0.4102380952380952,0.5185714285714286,0.10833333333333339,0.2159480495181722,0.2280669034990727,0.012118853980900485,0.38,0.52,0.14,0.1457258913068247,0.0316688315401644,-0.11405705976666031,0.1481321665487275,0.2116515498478686,0.06351938329914111,0.0804036458333333,0.027538726333907,-0.0528649194994263,0.2680031006775517,0.2713549593185645,0.0033518586410128393,10.4,10.4,0.0,41,41,0
ADC_Post1_Post2_Pre,ADC,Post1,Post2,Pre,corr_mrmr_auto_k,corr_mrmr,KNN,corr_mrmr_auto_k_no_smote,corr_mrmr_auto_k_smote,0.6265476190476191,0.5897817460317459,-0.036765873015873196,0.0946035740909856,0.1011616049693748,0.006558030878389201,0.6069841269841268,0.5992063492063492,-0.007777777777777661,0.6931002377497845,0.6710670183238661,-0.022033219425918404,0.1113242873066138,0.1014219769306409,-0.009902310375972903,0.6472562477958389,0.6435430993406279,-0.0037131484552109795,0.6594677871148459,0.6193697478991597,-0.04009803921568622,0.0962934136772949,0.0761362830416546,-0.0201571306356403,0.6460176991150443,0.6106194690265486,-0.03539823008849563,0.6368253968253968,0.5916666666666667,-0.045158730158730176,0.0967379907331963,0.1015017000454619,0.004763709312265593,0.6288888888888888,0.6053968253968254,-0.023492063492063453,0.6674134053081422,0.6437271062271062,-0.023686299081036033,0.1257580851137242,0.1339425295976418,0.008184444483917613,0.6533333333333333,0.6507936507936508,-0.0025396825396825085,0.7979365079365079,0.6504761904761904,-0.1474603174603175,0.1468160443181758,0.1998875975399418,0.053071553221766016,0.7777777777777778,0.6507936507936508,-0.12698412698412698,0.7138887945670628,0.6351760489141893,-0.07871274565287345,0.1044859792211355,0.1488072530726223,0.04432127385148679,0.7101449275362319,0.6507936507936508,-0.059351276742581116,0.4757142857142857,0.5328571428571428,0.057142857142857106,0.2206997734993756,0.2374486458382756,0.01674887233889999,0.48,0.56,0.08000000000000007,0.2722007404360346,0.1773476477262808,-0.09485309270975378,0.1934333919111831,0.2024643522150475,0.009030960303864383,0.2643229166666666,0.2107936507936507,-0.053529265873015874,0.2646041084136365,0.2691315578721361,0.004527449458499588,10.4,10.4,0.0,41,41,0
ADC_Post1_Post2_Pre,ADC,Post1,Post2,Pre,corr_mrmr_auto_k,corr_mrmr,LightGBM,corr_mrmr_auto_k_no_smote,corr_mrmr_auto_k_smote,0.5721825396825396,0.5916269841269841,0.019444444444444486,0.1424146807567131,0.1338650584262858,-0.008549622330427303,0.5828571428571429,0.5973015873015871,0.01444444444444426,0.6927729898742637,0.6800334304335834,-0.012739559440680281,0.1324429759766076,0.1498457069233826,0.017402730946774997,0.6807384086838122,0.6757389011472192,-0.004999507536592951,0.5661764705882353,0.6461344537815126,0.0799579831932773,0.1500032038617217,0.1434201529950852,-0.006583050866636492,0.5486725663716814,0.6283185840707964,0.07964601769911506,0.5560714285714285,0.6338095238095238,0.07773809523809527,0.1377871037733152,0.1385700194477345,0.0007829156744192933,0.5436507936507937,0.6274603174603175,0.08380952380952378,0.5858823529411765,0.6633029878618114,0.07742063492063489,0.2116535656064174,0.2246485735224298,0.012995007916012408,0.5967741935483871,0.6779661016949152,0.0811919081465281,0.5947619047619048,0.6423809523809524,0.04761904761904756,0.2548168362872233,0.278974113149425,0.024157276862201704,0.5873015873015873,0.6349206349206349,0.04761904761904756,0.5770235934664247,0.6314696590473253,0.05444606558090059,0.2183161601382664,0.2272741448099982,0.008957984671731783,0.592,0.6557377049180327,0.06373770491803277,0.5173809523809524,0.6252380952380953,0.10785714285714287,0.1319047619047619,0.1960933647774717,0.06418860287270978,0.5,0.62,0.12,0.113594173122475,0.2646464239551435,0.1510522508326685,0.2797188754255208,0.2843889367448582,0.004670061319337393,0.0871218121336923,0.2528337531486145,0.1657119410149222,0.3038925426946805,0.2912078171791999,-0.01268472551548061,10.4,10.4,0.0,41,41,0
ADC_Post1_Post2_Pre,ADC,Post1,Post2,Pre,corr_mrmr_auto_k,corr_mrmr,LogisticRegression,corr_mrmr_auto_k_no_smote,corr_mrmr_auto_k_smote,0.6773809523809524,0.6734126984126985,-0.003968253968253954,0.1559244088165871,0.166343223568653,0.010418814752065908,0.693968253968254,0.7012698412698413,0.0073015873015872534,0.7543765684366948,0.7546905290229474,0.00031396058625265955,0.1491145684348727,0.1504786377784961,0.001364069343623403,0.7488591245693272,0.7517917448009976,0.002932620231670402,0.6357983193277311,0.6237535014005603,-0.012044817927170826,0.115977477175724,0.143844785832916,0.02786730865719199,0.6283185840707964,0.6106194690265486,-0.017699115044247815,0.6169444444444444,0.6058333333333333,-0.011111111111111072,0.1321054096326876,0.1545243190573772,0.022418909424689604,0.6295238095238096,0.6115873015873016,-0.017936507936508028,0.6685714285714285,0.6572943722943723,-0.011277056277056219,0.2317800583847812,0.242405549681303,0.010625491296521822,0.6842105263157895,0.6666666666666666,-0.01754385964912286,0.6003174603174604,0.5947619047619048,-0.005555555555555536,0.2168567687453349,0.2279663507899063,0.011109582044571381,0.6190476190476191,0.6031746031746031,-0.015873015873015928,0.622244008714597,0.6133994440688152,-0.00884456464578176,0.2053626297390249,0.2176030031065335,0.012240373367508606,0.65,0.6333333333333333,-0.01666666666666672,0.6335714285714287,0.616904761904762,-0.01666666666666672,0.2308890438433435,0.2482962351872522,0.017407191343908696,0.64,0.62,-0.020000000000000018,0.2229815024289047,0.2011041018556526,-0.021877400573252076,0.2523566990112434,0.3005613901568547,0.04820469114561127,0.2558795860771402,0.2204452806522421,-0.03543430542489809,0.2219754889612959,0.2214086857039253,-0.0005668032573706017,10.4,10.4,0.0,41,41,0
ADC_Post1_Post2_Pre,ADC,Post1,Post2,Pre,corr_mrmr_auto_k,corr_mrmr,NaiveBayes,corr_mrmr_auto_k_no_smote,corr_mrmr_auto_k_smote,0.580515873015873,0.5762698412698413,-0.004246031746031775,0.12422703818767,0.1058595693609984,-0.018367468826671604,0.5885714285714285,0.5974603174603176,0.008888888888889057,0.6849289125862896,0.6771485321480145,-0.007780380438275114,0.1434879474184602,0.1342504345793843,-0.009237512839075895,0.6634070096630984,0.6641385128650361,0.000731503201937711,0.5384033613445378,0.5700700280112045,0.03166666666666673,0.0649507535085544,0.0528913850006411,-0.01205936850791331,0.5398230088495575,0.5752212389380531,0.03539823008849563,0.5096031746031746,0.5405555555555555,0.030952380952380842,0.0523342745364569,0.0486944701535233,-0.003639804382933598,0.5274603174603174,0.5736507936507937,0.04619047619047634,0.5588461538461538,0.62,0.061153846153846225,0.1365985783148314,0.0812403840463596,-0.055358194268471814,0.5797101449275363,0.6271186440677966,0.04740849914026035,0.613968253968254,0.5663492063492064,-0.04761904761904767,0.1586901536888882,0.1520247158698997,-0.006665437818988484,0.6349206349206349,0.5873015873015873,-0.04761904761904756,0.5802283486494012,0.5786802671013197,-0.0015480815480815036,0.139777352982035,0.1068934056800334,-0.0328839473020016,0.6060606060606061,0.6065573770491803,0.0004967709885742577,0.4052380952380952,0.5147619047619048,0.10952380952380958,0.1454557307723297,0.2266006306367849,0.0811448998644552,0.42,0.56,0.14000000000000007,0.0167742712216909,0.0808963298961793,0.0641220586744884,0.1016622830935145,0.0984813808792264,-0.0031809022142881005,0.0556091288974606,0.146095717884131,0.0904865889866704,0.3297097859705246,0.32355166057775,-0.006158125392774605,10.4,10.4,0.0,41,41,0
ADC_Post1_Post2_Pre,ADC,Post1,Post2,Pre,corr_mrmr_auto_k,corr_mrmr,RandomForest,corr_mrmr_auto_k_no_smote,corr_mrmr_auto_k_smote,0.6148412698412699,0.6379761904761905,0.02313492063492062,0.113031477431734,0.0991277148676155,-0.013903762564118502,0.5958730158730158,0.6019047619047619,0.006031746031746166,0.6943698203105967,0.7359521648282441,0.04158234451764742,0.1211721221975974,0.1306001206491252,0.009427998451527808,0.6423458270291045,0.6710118066214474,0.02866597959234296,0.5750840336134454,0.5988935574229691,0.023809523809523725,0.1355265356995162,0.1166256211823424,-0.018900914517173795,0.5575221238938053,0.584070796460177,0.026548672566371723,0.5646031746031746,0.5856349206349206,0.021031746031746068,0.1335597567262685,0.1179425963520625,-0.01561716037420599,0.5557142857142857,0.5815873015873017,0.025873015873015937,0.6022706052117817,0.6198412698412697,0.017570664629488086,0.2104826396174098,0.197687563822049,-0.012795075795360794,0.6101694915254238,0.6333333333333333,0.023163841807909535,0.5749206349206348,0.6026984126984127,0.0277777777777779,0.2243175591587488,0.2274019907716366,0.0030844316128877947,0.5714285714285714,0.6031746031746031,0.031746031746031744,0.5778325123152709,0.5997572362278245,0.021924723912553623,0.2054336456077381,0.199551908104916,-0.005881737502822115,0.5901639344262295,0.6178861788617886,0.02772224443555915,0.5542857142857143,0.5685714285714285,0.014285714285714235,0.1762766841864093,0.1799433017278906,0.003666617541481315,0.54,0.56,0.020000000000000018,0.1239729225023343,0.1651567094499491,0.04118378694761479,0.268800436923818,0.2374426201231702,-0.03135781680064781,0.1105163727959697,0.1621706893831834,0.051654316587213714,0.2579048257611894,0.2583251407221222,0.0004203149609328105,10.4,10.4,0.0,41,41,0
ADC_Post1_Post2_Pre,ADC,Post1,Post2,Pre,corr_mrmr_auto_k,corr_mrmr,SVM_Linear,corr_mrmr_auto_k_no_smote,corr_mrmr_auto_k_smote,0.6797420634920636,0.6183333333333334,-0.06140873015873016,0.1772623134018692,0.2173346294170925,0.04007231601522329,0.6406349206349207,0.6723809523809523,0.03174603174603163,0.7634868417233073,0.7321239828349579,-0.03136285888834933,0.1637891523006072,0.1659286863807482,0.0021395340801410034,0.6885643101408006,0.7393858463223373,0.05082153618153673,0.6297058823529411,0.6203221288515406,-0.009383753501400527,0.1746809031239135,0.1194202636980569,-0.055260639425856586,0.6194690265486725,0.6106194690265486,-0.008849557522123908,0.5988492063492064,0.5840079365079365,-0.014841269841269877,0.1813183086457034,0.1386507936507936,-0.04266751499490978,0.603015873015873,0.6074603174603175,0.004444444444444473,0.6620213996529787,0.6503896103896103,-0.011631789263368386,0.2345102561660141,0.2314042286088283,-0.003106027557185781,0.6351351351351351,0.6557377049180327,0.02060256978289765,0.7355555555555555,0.6177777777777778,-0.11777777777777776,0.1993074428869214,0.2566257783689253,0.05731833548200391,0.746031746031746,0.6349206349206349,-0.11111111111111116,0.6799493991144845,0.6139814546508259,-0.06596794446365861,0.1851838596143381,0.2065685114663445,0.021384651852006414,0.6861313868613139,0.6451612903225806,-0.04097009653873329,0.4621428571428571,0.5502380952380952,0.08809523809523812,0.3610754910044181,0.342400820669964,-0.01867467033445408,0.46,0.58,0.11999999999999994,0.1888623796210003,0.1528596480191246,-0.0360027316018757,0.3456433793913744,0.2649383781402212,-0.08070500125115321,0.2108169563098911,0.2140373063547266,0.0032203500448354794,0.2305870912055586,0.2312895115922181,0.0007024203866595191,10.4,10.4,0.0,41,41,0
ADC_Post1_Post2_Pre,ADC,Post1,Post2,Pre,corr_mrmr_auto_k,corr_mrmr,SVM_RBF,corr_mrmr_auto_k_no_smote,corr_mrmr_auto_k_smote,0.4969047619047619,0.4909523809523809,-0.005952380952380987,0.1850531577731491,0.1973831064274443,0.012329948654295209,0.5866666666666667,0.5514285714285715,-0.03523809523809518,0.6420672947036623,0.647547314334574,0.005480019630911714,0.1401220494165182,0.1418769692576956,0.0017549198411773992,0.6603347771750998,0.6490005377994275,-0.01133423937567235,0.5798459383753501,0.5692717086834733,-0.010574229691876824,0.1685249392939406,0.1386823489196605,-0.02984259037428011,0.5663716814159292,0.5486725663716814,-0.017699115044247815,0.5170634920634921,0.550952380952381,0.03388888888888886,0.1414703410429542,0.1021964006625967,-0.03927394038035749,0.5244444444444444,0.5601587301587302,0.03571428571428581,0.5829505135387489,0.4744155844155844,-0.10853492912316454,0.1706178547886187,0.287659728521485,0.11704187373286631,0.5714285714285714,0.6304347826086957,0.05900621118012428,0.8555555555555555,0.49,-0.3655555555555555,0.1975154314959019,0.3533333333333333,0.15581790183743138,0.8888888888888888,0.4603174603174603,-0.42857142857142855,0.6841905844463388,0.4746803069053708,-0.20951027754096807,0.1653180030271799,0.3084598314825261,0.1431418284553462,0.6956521739130435,0.5321100917431193,-0.16354208216992416,0.1785714285714285,0.6119047619047618,0.43333333333333335,0.2910221255351908,0.3310808246813085,0.040058699146117704,0.16,0.66,0.5,0.0406204906204905,0.0999227997941327,0.059302309173642195,0.2741216255160582,0.2053079059436993,-0.06881371957235888,0.052694610778443,0.1162398405152584,0.0635452297368154,0.2370810038629927,0.2440374497622244,0.006956445899231722,10.4,10.4,0.0,41,41,0
ADC_Post1_Post2_Pre,ADC,Post1,Post2,Pre,corr_mrmr_auto_k,corr_mrmr,XGBoost,corr_mrmr_auto_k_no_smote,corr_mrmr_auto_k_smote,0.6220634920634922,0.5854365079365079,-0.036626984126984286,0.1120714170496935,0.0958923952872327,-0.016179021762460805,0.5666666666666667,0.5723809523809524,0.005714285714285783,0.7268535332011054,0.6761233986711026,-0.050730134530002746,0.1365708233832532,0.1435815735954183,0.007010750212165101,0.6508068671200788,0.6480617295379938,-0.0027451375820850554,0.5687955182072829,0.5750840336134454,0.006288515406162487,0.1032181300802559,0.1355265356995162,0.032308405619260294,0.5575221238938053,0.5575221238938053,0.0,0.5718650793650795,0.5652380952380953,-0.006626984126984148,0.096181537381303,0.1228254029793185,0.0266438655980155,0.5495238095238095,0.5515873015873016,0.0020634920634921006,0.6252747252747253,0.6218954248366013,-0.0033793004381239555,0.1699556332709265,0.1850250493067008,0.015069416035774302,0.6,0.6031746031746031,0.0031746031746031633,0.6373015873015874,0.6180952380952381,-0.019206349206349227,0.1374093530655818,0.1924071436935709,0.054997790627989096,0.6190476190476191,0.6031746031746031,-0.015873015873015928,0.6131356168198273,0.6023313595727389,-0.010804257247088445,0.1200819997940093,0.1651758586248475,0.04509385883083819,0.609375,0.6031746031746031,-0.006200396825396859,0.5064285714285715,0.5123809523809524,0.005952380952380931,0.1940755165456194,0.2223121133383457,0.028236596792726304,0.48,0.5,0.020000000000000018,0.1365103789632091,0.1291423001949317,-0.007368078768277414,0.1868194740630491,0.2445327618077761,0.057713287744727004,0.0994580809690787,0.1031746031746031,0.003716522205524403,0.3078729134644963,0.3107884009274456,0.0029154874629492844,10.4,10.4,0.0,41,41,0
ADC_Post1_Post2_Pre,ADC,Post1,Post2,Pre,elasticnet_then_mrmr_auto_k,elasticnet_then_mrmr,ExtraTrees,elasticnet_then_mrmr_auto_k_no_smote,elasticnet_then_mrmr_auto_k_smote,0.7514285714285716,0.7323809523809525,-0.01904761904761909,0.0912489969296383,0.1046360475359258,0.013387050606287504,0.7222222222222222,0.714920634920635,-0.0073015873015872534,0.7795287327807408,0.7746840411806312,-0.004844691600109585,0.1568300577485302,0.152585790405196,-0.004244267343334218,0.7741342198173871,0.773065033261582,-0.0010691865558050129,0.6548459383753501,0.678655462184874,0.023809523809523947,0.0699713271986896,0.0521882906633955,-0.01778303653529411,0.6460176991150443,0.672566371681416,0.026548672566371723,0.6509126984126984,0.6748015873015872,0.02388888888888885,0.0701453966357465,0.0563972520411491,-0.013748144594597396,0.6453968253968254,0.6692063492063491,0.023809523809523725,0.6968831168831169,0.7135064935064934,0.01662337662337654,0.1446186556924653,0.1302166804824343,-0.014401975210031004,0.6949152542372882,0.7096774193548387,0.014762165117550574,0.6682539682539682,0.716031746031746,0.04777777777777781,0.1543360033007204,0.1225602417164076,-0.03177576158431279,0.6507936507936508,0.6984126984126984,0.04761904761904756,0.6687912087912088,0.7026929392446634,0.03390173045345457,0.1121624402088319,0.0837369906080107,-0.028425449600821204,0.6721311475409836,0.704,0.031868852459016384,0.6335714285714286,0.6335714285714286,0.0,0.1461687590507936,0.1461687590507936,0.0,0.64,0.64,0.0,0.2911974994621819,0.3381016870453489,0.046904187583167,0.1362022869413721,0.1066675151978015,-0.029534771743570595,0.2884130982367758,0.3377158244891494,0.049302726252373585,0.2205555856429713,0.2248143242454544,0.004258738602483075,6.0,6.0,0.0,17,17,0
ADC_Post1_Post2_Pre,ADC,Post1,Post2,Pre,elasticnet_then_mrmr_auto_k,elasticnet_then_mrmr,GradientBoosting,elasticnet_then_mrmr_auto_k_no_smote,elasticnet_then_mrmr_auto_k_smote,0.7286111111111111,0.7344444444444445,0.005833333333333357,0.0591760209994324,0.0526941095967376,-0.006481911402694801,0.7123809523809523,0.7212698412698413,0.008888888888888946,0.7359033100246919,0.7486537169237302,0.01275040689903828,0.1310537758230049,0.1009848845232394,-0.030068891299765504,0.7099593580034221,0.7211534892003288,0.01119413119690671,0.7153221288515406,0.6844677871148459,-0.030854341736694657,0.0769198385761918,0.0766965807270291,-0.00022325784916270297,0.7079646017699115,0.672566371681416,-0.03539823008849552,0.7025,0.6788888888888888,-0.02361111111111125,0.0616564515246641,0.0710853305024885,0.0094288789778244,0.700952380952381,0.6712698412698412,-0.029682539682539755,0.7200424575424575,0.7207792207792207,0.0007367632367631938,0.1207945193370971,0.0991514002355111,-0.021643119101586006,0.7272727272727273,0.7166666666666667,-0.010606060606060619,0.7723809523809523,0.704920634920635,-0.06746031746031733,0.1395764387800987,0.1381339117531088,-0.0014425270269899093,0.7619047619047619,0.6825396825396826,-0.0793650793650793,0.7382058801413641,0.7030351741422521,-0.035170705999111984,0.108857871341682,0.0947586672448462,-0.014099204096835793,0.7441860465116279,0.6991869918699187,-0.04499905464170917,0.6326190476190476,0.6528571428571428,0.020238095238095166,0.1005641682083516,0.1277433651777609,0.02717919696940929,0.64,0.66,0.020000000000000018,0.4062955275512726,0.3505944055944056,-0.055701121956866995,0.1305736046175988,0.1480769364721964,0.017503331854597626,0.4044082414949689,0.3404322448335699,-0.06397599666139903,0.2183994764766547,0.2186727582705217,0.000273281793867014,6.0,6.0,0.0,17,17,0
ADC_Post1_Post2_Pre,ADC,Post1,Post2,Pre,elasticnet_then_mrmr_auto_k,elasticnet_then_mrmr,KNN,elasticnet_then_mrmr_auto_k_no_smote,elasticnet_then_mrmr_auto_k_smote,0.7463690476190477,0.7376190476190475,-0.008750000000000147,0.0623977369478707,0.1080491942120184,0.0456514572641477,0.7134920634920635,0.6987301587301586,-0.014761904761904865,0.7601316387674626,0.7623439812785058,0.002212342511043186,0.1365020908478897,0.1440959647980179,0.007593873950128199,0.726136471059906,0.7201059706726067,-0.006030500387299242,0.6797478991596639,0.682703081232493,0.0029551820728290767,0.0670808024047683,0.09097563150741,0.023894829102641707,0.672566371681416,0.672566371681416,0.0,0.6796031746031745,0.6755952380952381,-0.004007936507936405,0.0317971810163185,0.0740017125771336,0.0422045315608151,0.6588888888888889,0.6733333333333333,0.014444444444444482,0.6993627450980392,0.73989898989899,0.04053624480095075,0.138099258610458,0.1172526714421047,-0.02084658716835329,0.6805555555555556,0.7241379310344828,0.04358237547892718,0.8101587301587301,0.6914285714285714,-0.11873015873015869,0.1581309324147055,0.16518189734008,0.007050964925374492,0.7777777777777778,0.6666666666666666,-0.11111111111111116,0.7255500821018062,0.6958876117496807,-0.029662470352125436,0.0810300889035255,0.1003767851126101,0.019346696209084593,0.725925925925926,0.6942148760330579,-0.031711049892868104,0.549047619047619,0.6597619047619048,0.11071428571428577,0.1788955788104162,0.1910503251956656,0.012154746385249382,0.54,0.68,0.14,0.3518342542608849,0.3474170732455736,-0.0044171810153113,0.0777747616593944,0.1545917067215177,0.0768169450621233,0.3237910399482452,0.3431264728986646,0.019335432950419396,0.2305362341051488,0.2379190865202294,0.007382852415080576,6.0,6.0,0.0,17,17,0
ADC_Post1_Post2_Pre,ADC,Post1,Post2,Pre,elasticnet_then_mrmr_auto_k,elasticnet_then_mrmr,LightGBM,elasticnet_then_mrmr_auto_k_no_smote,elasticnet_then_mrmr_auto_k_smote,0.6649999999999999,0.6548412698412698,-0.010158730158730145,0.1063664994232041,0.0821175100836179,-0.024248989339586205,0.6647619047619047,0.6526984126984127,-0.012063492063491998,0.7177709526539752,0.6982467569433022,-0.019524195710672987,0.133846900453456,0.1407434433719291,0.006896542918473081,0.7026821503599212,0.718160154419976,0.01547800406005484,0.6791316526610645,0.6269887955182072,-0.05214285714285727,0.0799196039312703,0.0954592053492755,0.0155396014180052,0.672566371681416,0.6194690265486725,-0.053097345132743445,0.6691666666666667,0.6269047619047619,-0.042261904761904834,0.0802203519232234,0.1036832395314593,0.023462887608235908,0.6733333333333333,0.6215873015873016,-0.05174603174603176,0.7087878787878787,0.6821289821289821,-0.026658896658896647,0.1464937623446027,0.1750499116677084,0.028556149323105684,0.7241379310344828,0.6785714285714286,-0.04556650246305416,0.6714285714285715,0.6095238095238095,-0.06190476190476202,0.1698190164919932,0.1150547319010801,-0.054764284590913107,0.6666666666666666,0.6031746031746031,-0.06349206349206349,0.6812748171368861,0.6368728334245576,-0.04440198371232851,0.1338061930223984,0.1248853180150248,-0.00892087500737361,0.6942148760330579,0.6386554621848739,-0.05555941384818397,0.6669047619047619,0.6442857142857144,-0.02261904761904754,0.1300191857463025,0.1571688290225722,0.027149643276269703,0.68,0.64,-0.040000000000000036,0.3313261924488105,0.2393953073530538,-0.0919308850957567,0.1515797656121642,0.1970862210565755,0.04550645544441129,0.3431264728986646,0.2397120951337819,-0.10341437776488271,0.2759364981783629,0.2616416550016859,-0.014294843176677008,6.0,6.0,0.0,17,17,0
ADC_Post1_Post2_Pre,ADC,Post1,Post2,Pre,elasticnet_then_mrmr_auto_k,elasticnet_then_mrmr,LogisticRegression,elasticnet_then_mrmr_auto_k_no_smote,elasticnet_then_mrmr_auto_k_smote,0.7681746031746032,0.7776587301587302,0.00948412698412704,0.0493905920904946,0.0517901384718435,0.0023995463813488993,0.7580952380952382,0.7622222222222222,0.00412698412698409,0.8082796824869855,0.8149424034233131,0.006662720936327693,0.1018193535677518,0.0885853582730816,-0.013233995294670203,0.7784539350383726,0.7776658429788068,-0.0007880920595657592,0.7282773109243698,0.7337535014005603,0.005476190476190523,0.0717040384962679,0.0568037253558719,-0.014900313140395999,0.7168141592920354,0.7256637168141593,0.008849557522123908,0.7186507936507937,0.7270634920634921,0.008412698412698427,0.0527141877326151,0.0543754479742799,0.001661260241664797,0.7130158730158731,0.720952380952381,0.007936507936507908,0.7580555555555555,0.7640404040404041,0.005984848484848593,0.104705642660452,0.1011082351582432,-0.0035974075022087992,0.746031746031746,0.75,0.003968253968253954,0.7668253968253967,0.7836507936507936,0.016825396825396854,0.180299853824094,0.1365241776975563,-0.04377567612653771,0.746031746031746,0.7619047619047619,0.015873015873015817,0.7433082706766917,0.7585359951603146,0.015227724483622862,0.0976232653896577,0.0641216951261923,-0.0335015702634654,0.746031746031746,0.7559055118110236,0.009873765779277566,0.6704761904761904,0.6704761904761904,0.0,0.1820804437106286,0.1820804437106286,0.0,0.68,0.68,0.0,0.4362602353103627,0.4463270063270063,0.010066771016643605,0.1151028059191929,0.1104003310985282,-0.004702474820664701,0.426031746031746,0.4428185143947829,0.01678676836303694,0.1976413918018772,0.1958597451671699,-0.0017816466347073123,6.0,6.0,0.0,17,17,0
ADC_Post1_Post2_Pre,ADC,Post1,Post2,Pre,elasticnet_then_mrmr_auto_k,elasticnet_then_mrmr,NaiveBayes,elasticnet_then_mrmr_auto_k_no_smote,elasticnet_then_mrmr_auto_k_smote,0.7608333333333334,0.7440079365079365,-0.016825396825396854,0.0451107927560451,0.0592589876222043,0.014148194866159203,0.6771428571428573,0.6803174603174603,0.0031746031746030523,0.809764711091705,0.7982334017577642,-0.011531309333940754,0.0591981791575357,0.0694716325970147,0.01027345343947899,0.7326592651957957,0.7373614172582621,0.00470215206246638,0.6008403361344538,0.6091736694677872,0.008333333333333415,0.0982183737172057,0.0945431059832886,-0.0036752677339170897,0.5929203539823009,0.6017699115044248,0.008849557522123908,0.5929761904761904,0.6013095238095238,0.008333333333333415,0.0525414808113104,0.0467250067251397,-0.0058164740861707045,0.5626984126984127,0.5726984126984127,0.010000000000000009,0.6395274697334193,0.6442705527373719,0.004743083003952542,0.1600179265355782,0.1567748845252099,-0.003243042010368291,0.5977011494252874,0.6046511627906976,0.006950013365410235,0.8666666666666666,0.8666666666666666,0.0,0.2154524381073924,0.2154524381073924,0.0,0.8253968253968254,0.8253968253968254,0.0,0.692025012025012,0.6960586254703902,0.004033613445378226,0.0927777907139305,0.0928541250482214,7.633433429089787e-05,0.6933333333333334,0.697986577181208,0.0046532438478746885,0.3192857142857143,0.3359523809523809,0.016666666666666607,0.3100749671624122,0.2989858140561233,-0.011089153106288885,0.3,0.32,0.020000000000000018,0.1841579811308726,0.2008246477975393,0.01666666666666672,0.0947817499505435,0.0820601586736655,-0.012721591276877997,0.1319305277221109,0.1526412264622562,0.020710698740145306,0.3069422163839226,0.2939242760232079,-0.013017940360714686,6.0,6.0,0.0,17,17,0
ADC_Post1_Post2_Pre,ADC,Post1,Post2,Pre,elasticnet_then_mrmr_auto_k,elasticnet_then_mrmr,RandomForest,elasticnet_then_mrmr_auto_k_no_smote,elasticnet_then_mrmr_auto_k_smote,0.7239285714285715,0.7052777777777777,-0.018650793650793807,0.0782862791081466,0.1045988088305404,0.0263125297223938,0.7225396825396826,0.6987301587301586,-0.023809523809523947,0.7528625782660379,0.7409888081016446,-0.011873770164393282,0.1464740825951376,0.1682262111661555,0.02175212857101788,0.7573775076459355,0.733474619704122,-0.0239028879418135,0.6998459383753503,0.6861344537815126,-0.013711484593837642,0.0789082938785983,0.1005580295945877,0.02164973571598941,0.6902654867256637,0.672566371681416,-0.017699115044247704,0.7054365079365079,0.6879365079365078,-0.01750000000000007,0.0583035773367253,0.0935783281649207,0.0352747508281954,0.6871428571428572,0.6712698412698412,-0.015873015873015928,0.7353446553446553,0.7171095571095571,-0.01823509823509817,0.1408904734141977,0.1450677422222495,0.004177268808051804,0.7258064516129032,0.7166666666666667,-0.009139784946236573,0.7392063492063492,0.7015873015873015,-0.03761904761904766,0.1379762304212203,0.1678041306209842,0.029827900199763918,0.7142857142857143,0.6825396825396826,-0.031746031746031744,0.7206666666666667,0.698908190015268,-0.02175847665139863,0.0998346024472726,0.1352117073137837,0.035377104866511105,0.72,0.6991869918699187,-0.020813008130081245,0.6716666666666666,0.6742857142857143,0.002619047619047632,0.1294861639970335,0.0899407716423876,-0.039545392354645895,0.66,0.66,0.0,0.3980829563476387,0.3643758823336288,-0.03370707401400991,0.1251770875036496,0.1910478406439195,0.06587075314026991,0.3735149691113575,0.3404322448335699,-0.033082724277787634,0.2143607922141124,0.2179612523741481,0.0036004601600357067,6.0,6.0,0.0,17,17,0
ADC_Post1_Post2_Pre,ADC,Post1,Post2,Pre,elasticnet_then_mrmr_auto_k,elasticnet_then_mrmr,SVM_Linear,elasticnet_then_mrmr_auto_k_no_smote,elasticnet_then_mrmr_auto_k_smote,0.7565674603174604,0.7667857142857143,0.010218253968253932,0.0624449997352671,0.0674931759379119,0.005048176202644805,0.7493650793650793,0.7561904761904761,0.0068253968253967345,0.797561583181259,0.8079910904931193,0.01042950731186032,0.1070925252795469,0.0995989922173794,-0.00749353306216749,0.7895651941439474,0.7845463069078809,-0.005018887236066583,0.7170868347338935,0.7337535014005603,0.01666666666666683,0.0616135080327502,0.0568037253558719,-0.004809782676878302,0.7079646017699115,0.7256637168141593,0.017699115044247815,0.7156349206349206,0.7286507936507937,0.013015873015873036,0.0558403133011372,0.0548621121353032,-0.0009782011658340042,0.6968253968253968,0.725079365079365,0.028253968253968198,0.7361038961038961,0.7922222222222223,0.05611832611832612,0.1294080089793179,0.1248010762853241,-0.004606932693993801,0.7142857142857143,0.7666666666666667,0.05238095238095242,0.8203174603174602,0.7525396825396825,-0.06777777777777771,0.1475504192751382,0.1694197409597186,0.02186932168458039,0.7936507936507936,0.7301587301587301,-0.06349206349206349,0.7552026618269811,0.7472716273442226,-0.007931034482758559,0.0706450326808664,0.0756735694703273,0.0050285367894608995,0.7518796992481203,0.7479674796747967,-0.00391221957332355,0.6109523809523809,0.7047619047619047,0.09380952380952379,0.1968896464515557,0.2178799103377779,0.020990263886222188,0.6,0.72,0.12,0.4194544194544194,0.4477889757301522,0.02833455627573278,0.1138415593425553,0.107827126497266,-0.006014432845289297,0.3994201964889676,0.4473891781038018,0.047968981614834205,0.1982616899436546,0.1988741050430126,0.0006124150993579991,6.0,6.0,0.0,17,17,0
ADC_Post1_Post2_Pre,ADC,Post1,Post2,Pre,elasticnet_then_mrmr_auto_k,elasticnet_then_mrmr,SVM_RBF,elasticnet_then_mrmr_auto_k_no_smote,elasticnet_then_mrmr_auto_k_smote,0.7875,0.7904761904761906,0.0029761904761905766,0.0552656836779481,0.0629960786151556,0.007730394937207501,0.7552380952380952,0.7650793650793651,0.009841269841269984,0.8169401633459957,0.8190883370104233,0.002148173664427544,0.1047551679843135,0.1050956519047305,0.00034048392041699516,0.801558693862986,0.7948672459253328,-0.006691447937653194,0.7219887955182074,0.7319887955182072,0.009999999999999787,0.0312006029804658,0.051265448017402,0.020064845036936202,0.7168141592920354,0.7256637168141593,0.008849557522123908,0.7163888888888889,0.7217063492063491,0.005317460317460276,0.0458524147732611,0.0310173311220029,-0.014835083651258203,0.7047619047619047,0.7188888888888889,0.01412698412698421,0.7447115113988179,0.7519949494949495,0.007283438096131634,0.1411499182070931,0.1014917933828591,-0.039658124824234,0.7183098591549296,0.7424242424242424,0.02411438326931281,0.8434920634920635,0.7979365079365079,-0.04555555555555557,0.1760534287532116,0.1468160443181758,-0.02923738443503579,0.8095238095238095,0.7777777777777778,-0.031746031746031744,0.7599139784946236,0.7579310344827587,-0.00198294401186494,0.0605107333419286,0.0666571535027777,0.0061464201608491045,0.7611940298507462,0.7596899224806202,-0.0015041073701260732,0.5892857142857143,0.6454761904761905,0.056190476190476235,0.2304732388634297,0.1779806099148694,-0.05249262894856033,0.6,0.66,0.06000000000000005,0.4200031298904537,0.4416178718736169,0.02161474198316321,0.0689149834788951,0.0682136144074541,-0.0007013690714409992,0.4163976759199483,0.440504711707395,0.024107035787446718,0.1997485216918733,0.1936880855441604,-0.0060604361477129,6.0,6.0,0.0,17,17,0
ADC_Post1_Post2_Pre,ADC,Post1,Post2,Pre,elasticnet_then_mrmr_auto_k,elasticnet_then_mrmr,XGBoost,elasticnet_then_mrmr_auto_k_no_smote,elasticnet_then_mrmr_auto_k_smote,0.673531746031746,0.6857936507936507,0.012261904761904696,0.038535321789849,0.0491771546777776,0.010641832887928596,0.6774603174603174,0.6638095238095238,-0.01365079365079358,0.707324814460288,0.7360126203980931,0.028687805937805066,0.1217076597413691,0.1374885781652092,0.015780918423840107,0.7048565183264337,0.7094117193607166,0.004555201034282863,0.6763165266106442,0.6413165266106442,-0.03500000000000003,0.0734085761817689,0.0805734883872529,0.007164912205484,0.672566371681416,0.6371681415929203,-0.03539823008849563,0.6737698412698413,0.6421031746031746,-0.03166666666666673,0.0419807512070386,0.0843644074097088,0.0423836562026702,0.6568253968253968,0.6353968253968254,-0.021428571428571352,0.6918927125506074,0.680879120879121,-0.011013591671486411,0.144339054457127,0.1788619445772879,0.03452289012016091,0.6756756756756757,0.6833333333333333,0.0076576576576576905,0.8234920634920636,0.6649206349206349,-0.1585714285714287,0.1741680002625186,0.1840506136090463,0.00988261334652768,0.7936507936507936,0.6507936507936508,-0.1428571428571428,0.7252749401136498,0.6554504754504755,-0.06982446466317427,0.090837457582491,0.1395187588720537,0.0486813012895627,0.7299270072992701,0.6666666666666666,-0.06326034063260344,0.5240476190476191,0.6192857142857142,0.09523809523809512,0.1922394576310877,0.1698845813340831,-0.02235487629700461,0.52,0.62,0.09999999999999998,0.3423856811840923,0.2695262599036184,-0.0728594212804739,0.0950646166216068,0.1576003578142639,0.0625357411926571,0.3209355205457203,0.2691276226534154,-0.05180789789230489,0.2408098912584716,0.2482874200755896,0.0074775288171179954,6.0,6.0,0.0,17,17,0
ADC_Post1_Post2_Pre,ADC,Post1,Post2,Pre,mrmr_then_elasticnet_no_corr_auto_k,mrmr_then_elasticnet_no_corr,ExtraTrees,mrmr_then_elasticnet_no_corr_auto_k_no_smote,mrmr_then_elasticnet_no_corr_auto_k_smote,0.6919444444444445,0.7091666666666667,0.01722222222222225,0.0626025990829658,0.0669173292156636,0.0043147301326978,0.6482539682539683,0.6714285714285715,0.02317460317460318,0.7424571365368634,0.7673755420134513,0.024918405476587857,0.1365948829891294,0.1077480532010772,-0.028846829788052183,0.7021985485435271,0.7372249014512433,0.03502635290771616,0.6128011204481792,0.6156582633053221,0.0028571428571428914,0.1113327020117382,0.1061709696304495,-0.005161732381288697,0.6017699115044248,0.6017699115044248,0.0,0.6335714285714286,0.6339682539682541,0.00039682539682550644,0.1039075310374508,0.0986226000141959,-0.005284931023254905,0.5933333333333333,0.5974603174603175,0.004126984126984201,0.6857323232323231,0.6874291497975709,0.0016968265652477221,0.1592552862525053,0.1546921974420497,-0.0045630888104555845,0.6363636363636364,0.6451612903225806,0.008797653958944274,0.7109523809523809,0.6807936507936507,-0.030158730158730163,0.178560070185501,0.1936497527944965,0.015089682608995514,0.6666666666666666,0.6349206349206349,-0.031746031746031744,0.663510999721526,0.6507128298199077,-0.012798169901618306,0.0915841988543787,0.1096282418411282,0.018044042986749498,0.6511627906976745,0.64,-0.011162790697674452,0.5561904761904761,0.5871428571428571,0.030952380952380953,0.2430186204524692,0.214685341647648,-0.0283332788048212,0.52,0.56,0.040000000000000036,0.2519120694120693,0.251609071537525,-0.0003029978745442974,0.2100874129416372,0.2021269825906057,-0.0079604303510315,0.187829420220412,0.1945192460003167,0.006689825779904707,0.2339577200239771,0.2337132772397452,-0.000244442784231913,10.0,10.0,0.0,44,44,0
ADC_Post1_Post2_Pre,ADC,Post1,Post2,Pre,mrmr_then_elasticnet_no_corr_auto_k,mrmr_then_elasticnet_no_corr,GradientBoosting,mrmr_then_elasticnet_no_corr_auto_k_no_smote,mrmr_then_elasticnet_no_corr_auto_k_smote,0.6317063492063493,0.6217857142857144,-0.009920634920634885,0.0936864675127168,0.0717040982245226,-0.021982369288194192,0.6006349206349205,0.6417460317460317,0.04111111111111121,0.6847018371009325,0.685019524103158,0.000317687002225564,0.1568980636848632,0.12292316274771,-0.033974900937153205,0.6246694937973183,0.6816887506109606,0.05701925681364228,0.6160364145658263,0.6246498599439776,0.008613445378151341,0.1306959096667357,0.0778700778799108,-0.05282583178682489,0.6017699115044248,0.6194690265486725,0.017699115044247704,0.6168650793650794,0.6303968253968254,0.013531746031746006,0.1055403378456428,0.0574800457231603,-0.0480602921224825,0.5892063492063492,0.6071428571428572,0.017936507936508028,0.6535353535353536,0.668676236044657,0.015140882509303344,0.1664234527828322,0.1600876698425485,-0.006335782940283696,0.6285714285714286,0.6428571428571429,0.014285714285714346,0.7225396825396826,0.7403174603174604,0.01777777777777778,0.1406725378763475,0.1440325541993413,0.003360016322993792,0.6984126984126984,0.7142857142857143,0.015873015873015928,0.6681736909323116,0.6767451195037402,0.008571428571428563,0.1257299903829957,0.0832659365417497,-0.042464053841246005,0.6616541353383458,0.6766917293233082,0.015037593984962405,0.5111904761904762,0.5204761904761905,0.009285714285714342,0.1967617664683974,0.2053126590881804,0.00855089261978298,0.48,0.5,0.020000000000000018,0.2324304803178042,0.2488406155426308,0.016410135224826594,0.2108744706256349,0.1093005512817112,-0.10157391934392371,0.181027540666774,0.2174263166371396,0.03639877597036559,0.2574676597138881,0.2515221016754123,-0.0059455580384757956,10.0,10.0,0.0,44,44,0
ADC_Post1_Post2_Pre,ADC,Post1,Post2,Pre,mrmr_then_elasticnet_no_corr_auto_k,mrmr_then_elasticnet_no_corr,KNN,mrmr_then_elasticnet_no_corr_auto_k_no_smote,mrmr_then_elasticnet_no_corr_auto_k_smote,0.7160714285714287,0.7490079365079365,0.03293650793650782,0.0774608866749837,0.0538054851694132,-0.0236554015055705,0.6788888888888889,0.7295238095238094,0.05063492063492048,0.7852845528322023,0.8059908177000541,0.020706264867851765,0.0720221274235084,0.0614176814664788,-0.010604445957029598,0.7654701181560069,0.8090902346377062,0.04362011648169939,0.633655462184874,0.6686554621848739,0.03499999999999992,0.0874791934062364,0.0582337648663469,-0.029245428539889505,0.6283185840707964,0.6637168141592921,0.03539823008849563,0.6432142857142857,0.6845634920634921,0.04134920634920636,0.077089847225335,0.0607954639374859,-0.0162943832878491,0.6150793650793651,0.6633333333333333,0.048253968253968216,0.6746853146853147,0.7234090909090909,0.048723776223776216,0.137040564750403,0.1300738823747221,-0.006966682375680905,0.647887323943662,0.711864406779661,0.06397708283599901,0.7585714285714286,0.6974603174603173,-0.06111111111111123,0.1201603027722046,0.1671982452431725,0.0470379424709679,0.7301587301587301,0.6666666666666666,-0.06349206349206349,0.6937303556658396,0.6894834820352062,-0.004246873630633474,0.0649113132723862,0.0823377177550647,0.0174264044826785,0.6865671641791045,0.6885245901639344,0.0019574259848299524,0.5278571428571428,0.6716666666666666,0.14380952380952383,0.191508512093018,0.1294861639970335,-0.0620223480959845,0.5,0.66,0.16000000000000003,0.2743123086344151,0.3442557164851456,0.0699434078507305,0.1560449420825597,0.119409842613115,-0.036635099469444696,0.2340219496449321,0.323992443324937,0.0899704936800049,0.243994474531141,0.2193119681225787,-0.024682506408562316,10.0,10.0,0.0,44,44,0
ADC_Post1_Post2_Pre,ADC,Post1,Post2,Pre,mrmr_then_elasticnet_no_corr_auto_k,mrmr_then_elasticnet_no_corr,LightGBM,mrmr_then_elasticnet_no_corr_auto_k_no_smote,mrmr_then_elasticnet_no_corr_auto_k_smote,0.6261904761904762,0.6103571428571428,-0.015833333333333366,0.079764372543361,0.0600131210982703,-0.019751251445090698,0.6114285714285714,0.5915873015873016,-0.019841269841269882,0.7272803217640487,0.6998175594220933,-0.027462762341955327,0.1337267613929084,0.1395900783753096,0.0058633169824011955,0.6892332443801192,0.6700480063923067,-0.019185237987812576,0.5946498599439776,0.5820308123249298,-0.012619047619047752,0.0532652332211779,0.058854360334393,0.005589127113215103,0.5929203539823009,0.5752212389380531,-0.017699115044247815,0.5784126984126984,0.5776190476190476,-0.0007936507936507908,0.0961849754831406,0.061310538338552,-0.034874437144588606,0.5936507936507937,0.5653968253968253,-0.02825396825396831,0.6540584415584416,0.6381860399662258,-0.015872401592215812,0.2028833729321167,0.1461664784708148,-0.0567168944613019,0.6491228070175439,0.6119402985074627,-0.0371825085100812,0.594920634920635,0.6847619047619047,0.08984126984126972,0.1921497903983071,0.2031612098760162,0.011011419477709117,0.5873015873015873,0.6507936507936508,0.06349206349206349,0.5994871794871794,0.6266689484042098,0.02718176891703039,0.1409687530948345,0.100997299304912,-0.039971453789922506,0.6166666666666667,0.6307692307692307,0.014102564102564052,0.5619047619047619,0.4704761904761904,-0.09142857142857153,0.2692056004781442,0.2500684713489723,-0.01913712912917187,0.6,0.48,-0.12,0.1401076125577935,0.1420777034023602,0.001970090844566702,0.1717195931846433,0.1114785483518554,-0.0602410448327879,0.185010975227344,0.1318822023047375,-0.05312877292260651,0.2768630777020165,0.2893914238307666,0.01252834612875009,10.0,10.0,0.0,44,44,0
ADC_Post1_Post2_Pre,ADC,Post1,Post2,Pre,mrmr_then_elasticnet_no_corr_auto_k,mrmr_then_elasticnet_no_corr,LogisticRegression,mrmr_then_elasticnet_no_corr_auto_k_no_smote,mrmr_then_elasticnet_no_corr_auto_k_smote,0.7316666666666667,0.7278174603174603,-0.00384920634920638,0.0504180057979485,0.0489214100244519,-0.0014965957734966034,0.7022222222222222,0.700952380952381,-0.0012698412698411987,0.7917089952858418,0.7893384856784902,-0.002370509607351634,0.1018215821531297,0.099830346876072,-0.001991235277057704,0.7534928177037648,0.753752567197451,0.00025974949368623435,0.6749439775910364,0.6987535014005604,0.023809523809523947,0.0911771418220009,0.076670054136106,-0.014507087685894898,0.6637168141592921,0.6902654867256637,0.02654867256637161,0.6742063492063493,0.6980952380952382,0.02388888888888896,0.0827393799146581,0.0706560517705416,-0.0120833281441165,0.653015873015873,0.6768253968253968,0.023809523809523725,0.6993650793650794,0.7126894158473106,0.013324336482231192,0.1396197550095046,0.1285178739254239,-0.011101881084080695,0.6811594202898551,0.6944444444444444,0.01328502415458932,0.7693650793650793,0.8171428571428573,0.04777777777777803,0.1317399118869289,0.1283081765057326,-0.003431735381196316,0.746031746031746,0.7936507936507936,0.04761904761904756,0.7175639097744361,0.7454150263997462,0.027851116625310146,0.0977963314057171,0.0774420039248517,-0.020354327480865395,0.7121212121212122,0.7407407407407407,0.028619528619528545,0.5790476190476191,0.5790476190476191,0.0,0.1632812633925175,0.1632812633925175,0.0,0.56,0.56,0.0,0.3392259505200681,0.3852527823054139,0.04602683178534578,0.1697668933514504,0.1471559261416534,-0.022610967209796995,0.3098682095789135,0.3603428756267184,0.05047466604780493,0.2202732133274535,0.2191732244568229,-0.0010999888706305916,10.0,10.0,0.0,44,44,0
ADC_Post1_Post2_Pre,ADC,Post1,Post2,Pre,mrmr_then_elasticnet_no_corr_auto_k,mrmr_then_elasticnet_no_corr,NaiveBayes,mrmr_then_elasticnet_no_corr_auto_k_no_smote,mrmr_then_elasticnet_no_corr_auto_k_smote,0.6892460317460316,0.6752380952380952,-0.014007936507936414,0.0399799174832218,0.0698077119956601,0.029827794512438305,0.5733333333333333,0.5888888888888888,0.015555555555555545,0.7634974857675727,0.749981139569338,-0.013516346198234719,0.0843147761887057,0.0984409208664652,0.014126144677759508,0.6566839307231904,0.6691996432661711,0.012515712542980673,0.5808403361344537,0.5702661064425769,-0.010574229691876824,0.0726667900834407,0.049873821755441,-0.022792968327999694,0.5752212389380531,0.5663716814159292,-0.008849557522123908,0.5744444444444444,0.5649206349206349,-0.00952380952380949,0.063107266498463,0.0441733512247805,-0.018933915273682503,0.5468253968253968,0.540952380952381,-0.005873015873015808,0.6290163601672554,0.6248100109609062,-0.004206349206349214,0.1587265798838884,0.1504655971846552,-0.008260982699233227,0.5882352941176471,0.5853658536585366,-0.0028694404591105283,0.8403174603174601,0.8069841269841269,-0.033333333333333215,0.2056976281713616,0.2144457955851363,0.008748167413774682,0.7936507936507936,0.7619047619047619,-0.031746031746031744,0.6766291175968595,0.6588043092951927,-0.017824808301666772,0.0790692130007733,0.0816540479579381,0.0025848349571648,0.6756756756756757,0.6620689655172414,-0.013606710158434288,0.3085714285714286,0.3228571428571429,0.01428571428571429,0.3005158075158334,0.2939241113280002,-0.006591696187833174,0.3,0.32,0.020000000000000018,0.1392109500805152,0.1182719279122156,-0.020939022168299612,0.1119218826425935,0.0697788441980673,-0.0421430384445262,0.0981044230129696,0.0852469849661324,-0.0128574380468372,0.3640997537837247,0.3520593160682477,-0.012040437715477026,10.0,10.0,0.0,44,44,0
ADC_Post1_Post2_Pre,ADC,Post1,Post2,Pre,mrmr_then_elasticnet_no_corr_auto_k,mrmr_then_elasticnet_no_corr,RandomForest,mrmr_then_elasticnet_no_corr_auto_k_no_smote,mrmr_then_elasticnet_no_corr_auto_k_smote,0.6878968253968254,0.691111111111111,0.003214285714285614,0.0428472210737347,0.0323539024894805,-0.010493318584254195,0.6657142857142857,0.6765079365079366,0.01079365079365091,0.7497357972356007,0.743985806060134,-0.005749991175466707,0.1199940870796758,0.1013456788471801,-0.01864840823249571,0.7287981857868376,0.7396636295093514,0.010865443722513746,0.6609383753501401,0.6420308123249299,-0.01890756302521024,0.0756273004922536,0.0430519637730071,-0.03257533671924649,0.6548672566371682,0.6371681415929203,-0.017699115044247815,0.6594841269841271,0.6391269841269842,-0.02035714285714285,0.064476055660922,0.0401508869936822,-0.0243251686672398,0.6471428571428571,0.6250793650793651,-0.022063492063492007,0.7047525676937442,0.6683838383838383,-0.03636872930990587,0.1348331689647477,0.0921041540116703,-0.042729014953077404,0.6818181818181818,0.6571428571428571,-0.024675324675324628,0.7425396825396825,0.7658730158730159,0.023333333333333428,0.1515134034118905,0.1826776566202585,0.031164253208367992,0.7142857142857143,0.7301587301587301,0.015873015873015817,0.6982516119358225,0.6904761904761904,-0.00777542145963217,0.0885524230683186,0.0740166065818112,-0.01453581648650741,0.6976744186046512,0.6917293233082706,-0.005945095296380543,0.5764285714285714,0.5123809523809524,-0.06404761904761902,0.2108943271725441,0.1562775599277178,-0.05461676724482631,0.58,0.52,-0.05999999999999994,0.3092029802556118,0.2668758022122499,-0.042327178043361946,0.1293013228013654,0.0649030320348358,-0.06439829076652959,0.2961188308576904,0.2538250926075053,-0.04229373825018512,0.2297745329364667,0.2299084076705971,0.00013387473413037365,10.0,10.0,0.0,44,44,0
ADC_Post1_Post2_Pre,ADC,Post1,Post2,Pre,mrmr_then_elasticnet_no_corr_auto_k,mrmr_then_elasticnet_no_corr,SVM_Linear,mrmr_then_elasticnet_no_corr_auto_k_no_smote,mrmr_then_elasticnet_no_corr_auto_k_smote,0.7397222222222222,0.7305952380952381,-0.009126984126984095,0.0458745262562357,0.0327904583642554,-0.0130840678919803,0.6673015873015874,0.691111111111111,0.023809523809523614,0.7891351190062306,0.7789958839913507,-0.0101392350148799,0.1099153142092123,0.1015235603009822,-0.008391753908230104,0.7214383505402753,0.7494167840632184,0.027978433522943158,0.6702240896358542,0.6685574229691877,-0.0016666666666664831,0.0971307085021384,0.0696148878523217,-0.027515820649816697,0.6637168141592921,0.6637168141592921,0.0,0.6676190476190477,0.6676190476190476,-1.1102230246251565e-16,0.0575194819494134,0.0396711094649226,-0.017848372484490796,0.6406349206349207,0.6468253968253967,0.00619047619047608,0.6750641025641027,0.6823009446693657,0.007236842105263097,0.1445816813790773,0.1324761198282814,-0.012105561550795896,0.654320987654321,0.6666666666666666,0.012345679012345623,0.8657142857142857,0.818095238095238,-0.04761904761904767,0.1330556443175443,0.1061314995074728,-0.026924144810071493,0.8412698412698413,0.7936507936507936,-0.04761904761904767,0.7376497695852534,0.7268287515228561,-0.010821018062397325,0.0861581151378314,0.0679696918781485,-0.01818842325968291,0.7361111111111112,0.7246376811594203,-0.011473429951690872,0.4695238095238094,0.5171428571428571,0.04761904761904773,0.1973658733972502,0.163981084026077,-0.0333847893711732,0.44,0.5,0.06,0.334836132885405,0.3280106831852051,-0.0068254497001998815,0.126135012842274,0.0842598454577308,-0.041875167384543194,0.2921200131882624,0.3011067708333333,0.008986757645070897,0.2268266641337784,0.2207710349737999,-0.006055629159978482,10.0,10.0,0.0,44,44,0
ADC_Post1_Post2_Pre,ADC,Post1,Post2,Pre,mrmr_then_elasticnet_no_corr_auto_k,mrmr_then_elasticnet_no_corr,SVM_RBF,mrmr_then_elasticnet_no_corr_auto_k_no_smote,mrmr_then_elasticnet_no_corr_auto_k_smote,0.7211507936507937,0.7412698412698413,0.020119047619047592,0.0645047708103364,0.0515665403888947,-0.012938230421441696,0.6758730158730158,0.7006349206349206,0.024761904761904763,0.7915882498989408,0.8105431110565885,0.018954861157647662,0.093662137818234,0.0738242006946045,-0.019837937123629495,0.746991533976051,0.7702656845504394,0.02327415057438842,0.678655462184874,0.6715126050420167,-0.0071428571428573395,0.074171392464648,0.0601942209822225,-0.013977171482425506,0.672566371681416,0.6637168141592921,-0.008849557522123908,0.6841666666666667,0.6745634920634921,-0.009603174603174613,0.0528720366070389,0.0446763366525204,-0.0081956999545185,0.6526984126984127,0.6488888888888888,-0.003809523809523818,0.6933820565399512,0.6914862914862915,-0.001895765053659737,0.1296185516712958,0.1211671049508073,-0.00845144672048849,0.6666666666666666,0.6712328767123288,0.004566210045662156,0.8571428571428571,0.8093650793650793,-0.04777777777777781,0.1465999985907151,0.1349303451221016,-0.011669653468613483,0.8253968253968254,0.7777777777777778,-0.04761904761904756,0.7429493087557605,0.7257142857142858,-0.01723502304147473,0.0578434824491821,0.0624953513010396,0.004651868851857498,0.7375886524822695,0.7205882352941176,-0.017000417188151817,0.5111904761904762,0.5397619047619047,0.02857142857142847,0.1967617664683974,0.1581597688151299,-0.03860199765326752,0.48,0.52,0.040000000000000036,0.3557385796259035,0.3369338201152617,-0.01880475951064181,0.1142459910792609,0.0983595344935027,-0.0158864565857582,0.3151515151515152,0.3040518638573743,-0.011099651294140866,0.2250030607592339,0.2172623951838237,-0.007740665575410199,10.0,10.0,0.0,44,44,0
ADC_Post1_Post2_Pre,ADC,Post1,Post2,Pre,mrmr_then_elasticnet_no_corr_auto_k,mrmr_then_elasticnet_no_corr,XGBoost,mrmr_then_elasticnet_no_corr_auto_k_no_smote,mrmr_then_elasticnet_no_corr_auto_k_smote,0.6336904761904762,0.6054761904761905,-0.028214285714285747,0.0957868121334289,0.1091454241274534,0.013358611994024494,0.6063492063492063,0.6053968253968254,-0.0009523809523809268,0.7228874984433815,0.6853770473490177,-0.037510451094363795,0.1245012693291324,0.1539736812082852,0.029472411879152796,0.6787878570188781,0.6703326614092115,-0.008455195609666566,0.5887955182072829,0.5735994397759103,-0.015196078431372606,0.1451127740914936,0.1067554924331956,-0.03835728165829799,0.5752212389380531,0.5663716814159292,-0.008849557522123908,0.5915873015873017,0.5682142857142857,-0.02337301587301599,0.1232655939487962,0.0970127643273235,-0.026252829621472698,0.5695238095238095,0.5698412698412698,0.0003174603174602719,0.6475,0.6227777777777778,-0.0247222222222222,0.1958173752363269,0.2026247520009754,0.006807376764648515,0.6190476190476191,0.6296296296296297,0.010582010582010581,0.6436507936507937,0.5480952380952381,-0.09555555555555562,0.197432499444075,0.2246935148396257,0.027261015395550703,0.6190476190476191,0.5396825396825397,-0.07936507936507942,0.619180245042314,0.5617809776430465,-0.057399267399267484,0.1591380011614189,0.1777932721442854,0.018655270982866484,0.6190476190476191,0.5811965811965812,-0.03785103785103783,0.5395238095238095,0.5883333333333333,0.04880952380952375,0.2194385745074448,0.1813223035861219,-0.038116270921322914,0.52,0.6,0.07999999999999996,0.1824071057721674,0.1301450676982592,-0.052262038073908196,0.2387045902755406,0.1913600646306233,-0.04734452564491731,0.1390476190476191,0.1371357332086643,-0.0019118858389547966,0.3024905800821069,0.3170608953353841,0.014570315253277233,10.0,10.0,0.0,44,44,0
ADC_Post1_Post2_T2,ADC,Post1,Post2,T2,corr_mrmr_auto_k,corr_mrmr,ExtraTrees,corr_mrmr_auto_k_no_smote,corr_mrmr_auto_k_smote,0.677420634920635,0.6507539682539683,-0.026666666666666727,0.1057703388264395,0.111077120651259,0.005306781824819501,0.6273015873015874,0.6003174603174602,-0.02698412698412711,0.7479154188642007,0.7387398786774575,-0.009175540186743159,0.125708330519418,0.1315981496341646,0.0058898191147466195,0.7144616442972873,0.6607344631181424,-0.05372718117914488,0.6184173669467787,0.5665546218487394,-0.05186274509803934,0.1203427654151641,0.0861894520503311,-0.034153313364833,0.6017699115044248,0.5575221238938053,-0.04424778761061954,0.6199603174603174,0.5706746031746032,-0.049285714285714266,0.0977618326000914,0.0797708278985687,-0.017991004701522706,0.6036507936507937,0.5598412698412698,-0.043809523809523854,0.6738061938061938,0.635018315018315,-0.038787878787878816,0.1682109136831622,0.1788730766784446,0.010662162995282387,0.6607142857142857,0.6181818181818182,-0.04253246753246753,0.6158730158730159,0.5673015873015873,-0.0485714285714286,0.2188289683975294,0.2060500884539413,-0.012778879943588117,0.5873015873015873,0.5396825396825397,-0.04761904761904767,0.6175646722093499,0.5714208754208754,-0.04614379678847447,0.1642710479795114,0.1450278915310819,-0.0192431564484295,0.6218487394957983,0.576271186440678,-0.045577553055120346,0.6240476190476191,0.574047619047619,-0.050000000000000044,0.162213291463547,0.1903100465876658,0.0280967551241188,0.62,0.58,-0.040000000000000036,0.236360055309023,0.1326948051948051,-0.1036652501142179,0.2002463789012859,0.1537430071841193,-0.04650337171716662,0.2043498670004694,0.1177389131792628,-0.0866109538212066,0.2428139101505103,0.2398698480770648,-0.002944062073445497,12.0,12.0,0.0,44,44,0
ADC_Post1_Post2_T2,ADC,Post1,Post2,T2,corr_mrmr_auto_k,corr_mrmr,GradientBoosting,corr_mrmr_auto_k_no_smote,corr_mrmr_auto_k_smote,0.6642063492063492,0.6778571428571429,0.013650793650793691,0.125327587877509,0.0728873955933532,-0.05244019228415581,0.6152380952380951,0.6842857142857143,0.06904761904761914,0.7391485846403303,0.7053116667925461,-0.0338369178477842,0.1527132509230454,0.1313855684339426,-0.0213276824891028,0.7010351056801851,0.6970456443515631,-0.00398946132862199,0.5865966386554622,0.6329831932773109,0.04638655462184871,0.1590210510772627,0.0704164297981134,-0.0886046212791493,0.584070796460177,0.6283185840707964,0.04424778761061943,0.5796825396825398,0.6455952380952381,0.06591269841269831,0.1459364768603369,0.0651720207623596,-0.08076445609797729,0.5671428571428572,0.6295238095238096,0.062380952380952426,0.6141607412195648,0.6936752136752137,0.07951447245564891,0.2025194549627189,0.156930711320166,-0.04558874364255289,0.6081081081081081,0.6842105263157895,0.07610241820768138,0.727936507936508,0.6338095238095238,-0.09412698412698417,0.1981130435628366,0.1528593680300878,-0.04525367553274881,0.7142857142857143,0.6190476190476191,-0.09523809523809523,0.6480150594677847,0.6431827431827432,-0.004832316285041549,0.1615779313021118,0.1083220400793716,-0.05325589122274019,0.656934306569343,0.65,-0.006934306569343018,0.4314285714285714,0.6573809523809524,0.22595238095238102,0.2801619227301344,0.1499591781187161,-0.13020274461141831,0.42,0.64,0.22000000000000003,0.1576666666666666,0.2713934278234179,0.11372676115675132,0.2941458443999809,0.1182148349190237,-0.17593100948095725,0.1374045801526717,0.2558795860771402,0.11847500592446847,0.2494875565411973,0.22962007382514,-0.019867482716057316,12.0,12.0,0.0,44,44,0
ADC_Post1_Post2_T2,ADC,Post1,Post2,T2,corr_mrmr_auto_k,corr_mrmr,KNN,corr_mrmr_auto_k_no_smote,corr_mrmr_auto_k_smote,0.7066071428571428,0.6944047619047619,-0.012202380952380909,0.1449344068892115,0.139845931673732,-0.005088475215479504,0.6646031746031745,0.6741269841269842,0.009523809523809712,0.7486750193552927,0.715515294926611,-0.03315972442868165,0.1433718247762071,0.1650936056405725,0.02172178086436538,0.7123603611638374,0.7082594830180302,-0.004100878145807174,0.628655462184874,0.67484593837535,0.046190476190476004,0.1209005445754163,0.0948503744820047,-0.026050170093411595,0.6194690265486725,0.6637168141592921,0.04424778761061954,0.6160317460317459,0.6809920634920635,0.06496031746031761,0.1017426887002484,0.0964782353000992,-0.005264453400149194,0.5988888888888889,0.6653968253968254,0.06650793650793652,0.6346566831860949,0.7136363636363636,0.07897968045026871,0.152796213208226,0.1605202744018064,0.007724061193580406,0.6282051282051282,0.7192982456140351,0.09109311740890691,0.7882539682539683,0.6626984126984127,-0.12555555555555564,0.1316622414748584,0.1486904285332951,0.0170281870584367,0.7777777777777778,0.6507936507936508,-0.12698412698412698,0.694991674991675,0.6795413282369804,-0.015450346754694588,0.1272793898930678,0.1332714961909944,0.005992106297926597,0.6950354609929078,0.6833333333333333,-0.011702127659574457,0.4438095238095238,0.6992857142857143,0.25547619047619047,0.1165412348073884,0.1010365776472844,-0.015504657160104005,0.42,0.68,0.26000000000000006,0.2353241800152555,0.3440984354550148,0.10877425543975927,0.2036935023258219,0.1816084525894,-0.02208504973642189,0.2040950040950041,0.3267481969269363,0.12265319283193218,0.2242677332541959,0.2320442132770658,0.007776480022869875,12.0,12.0,0.0,44,44,0
ADC_Post1_Post2_T2,ADC,Post1,Post2,T2,corr_mrmr_auto_k,corr_mrmr,LightGBM,corr_mrmr_auto_k_no_smote,corr_mrmr_auto_k_smote,0.6181746031746032,0.6344047619047618,0.01623015873015865,0.1311663475636268,0.1555016711012892,0.024335323537662407,0.5898412698412698,0.6114285714285714,0.0215873015873016,0.7178455026001408,0.7336380154358253,0.015792512835684502,0.1265222773165459,0.1423509423613232,0.015828665044777313,0.6756850897847937,0.6988452619964463,0.023160172211652563,0.5757002801120448,0.6135154061624649,0.037815126050420145,0.12589400503803,0.1454332592021937,0.01953925416416369,0.5575221238938053,0.5929203539823009,0.03539823008849563,0.5878174603174603,0.6210714285714285,0.0332539682539682,0.1064073520269238,0.1353794951599043,0.028972143132980507,0.5598412698412698,0.6019047619047619,0.042063492063492136,0.6287112887112888,0.6633866133866134,0.03467532467532464,0.1612922997940333,0.1974804394201331,0.03618813962609979,0.6181818181818182,0.673469387755102,0.055287569573283846,0.5715873015873015,0.5538095238095238,-0.01777777777777778,0.199748140737007,0.2889405151846876,0.0891923744476806,0.5396825396825397,0.5238095238095238,-0.015873015873015817,0.5772879057547249,0.5732486772486772,-0.004039228506047654,0.1670860596825235,0.2200830106211425,0.052996950938619,0.576271186440678,0.5892857142857143,0.013014527845036317,0.604047619047619,0.6883333333333332,0.08428571428571419,0.1299040287648632,0.1330830985178475,0.0031790697529842926,0.58,0.68,0.10000000000000009,0.1687212562212562,0.2318049009725666,0.0630836447513104,0.209866913603936,0.2720662048109278,0.0621992912069918,0.1177389131792628,0.1980870101820425,0.0803480970027797,0.2931828298389326,0.2846527095976963,-0.008530120241236339,12.0,12.0,0.0,44,44,0
ADC_Post1_Post2_T2,ADC,Post1,Post2,T2,corr_mrmr_auto_k,corr_mrmr,LogisticRegression,corr_mrmr_auto_k_no_smote,corr_mrmr_auto_k_smote,0.6419841269841269,0.6507936507936508,0.008809523809523934,0.0736773009223452,0.0751181147696125,0.0014408138472672971,0.6488888888888888,0.6587301587301587,0.009841269841269873,0.7248117866728652,0.7270650777914589,0.0022532911185937365,0.1008993253635258,0.1037251382827982,0.0028258129192723913,0.6935289352971128,0.6955944670827222,0.00206553178560942,0.6108403361344538,0.6179831932773109,0.0071428571428571175,0.0621560580015894,0.0439465893689748,-0.0182094686326146,0.6106194690265486,0.6194690265486725,0.008849557522123908,0.5918253968253968,0.6006349206349206,0.008809523809523823,0.0969903616835776,0.0929939299107847,-0.003996431772792894,0.6095238095238096,0.6215873015873016,0.012063492063491998,0.6515928515928515,0.6739393939393938,0.02234654234654232,0.1206475806016136,0.1287447343061853,0.008097153704571702,0.6610169491525424,0.6785714285714286,0.017554479418886215,0.6284126984126984,0.6117460317460318,-0.016666666666666607,0.1504192511654981,0.1403002215942308,-0.010119029571267285,0.6190476190476191,0.6031746031746031,-0.015873015873015928,0.6302794918330308,0.6287246852764095,-0.0015548065566213243,0.1098217048749357,0.0942244365564715,-0.015597268318464197,0.639344262295082,0.6386554621848739,-0.0006888001102081098,0.5552380952380952,0.5895238095238095,0.03428571428571425,0.216351943058772,0.2468743380254623,0.03052239496669029,0.6,0.64,0.040000000000000036,0.1752900905993374,0.1894586349022734,0.014168544302936015,0.1919598261856075,0.1765202220375527,-0.015439604148054814,0.2172544080604533,0.2397120951337819,0.022457687073328597,0.2351142609962484,0.2342887703888047,-0.0008254906074437185,12.0,12.0,0.0,44,44,0
ADC_Post1_Post2_T2,ADC,Post1,Post2,T2,corr_mrmr_auto_k,corr_mrmr,NaiveBayes,corr_mrmr_auto_k_no_smote,corr_mrmr_auto_k_smote,0.5257539682539683,0.5347222222222223,0.00896825396825407,0.0622581488441928,0.0675671423110421,0.005308993466849307,0.5107936507936508,0.5220634920634921,0.011269841269841319,0.6535071546760576,0.6566318961512276,0.0031247414751700564,0.1064524088719939,0.1116723119814516,0.005219903109457691,0.6095111182549565,0.6080460172732639,-0.001465100981692613,0.5106442577030813,0.5189775910364146,0.008333333333333304,0.0611924620750714,0.0495580670390461,-0.0116343950360253,0.5132743362831859,0.5221238938053098,0.008849557522123908,0.4900396825396825,0.4943253968253968,0.004285714285714282,0.0463135190942604,0.0467047814331419,0.00039126233888149564,0.4768253968253968,0.4888888888888889,0.012063492063492054,0.5528138528138528,0.5552061973114604,0.0023923444976076125,0.0944139865806587,0.090825241665754,-0.0035887449149046985,0.5434782608695652,0.550561797752809,0.007083536883243813,0.7974603174603174,0.7774603174603174,-0.020000000000000018,0.1363328519119879,0.12682688677433,-0.009505965137657918,0.7936507936507936,0.7777777777777778,-0.015873015873015817,0.6379945054945055,0.6358393330807124,-0.0021551724137931494,0.0536309928403496,0.056747421235187,0.0031164283948374033,0.6451612903225806,0.6447368421052632,-0.0004244482173174635,0.1826190476190476,0.2111904761904762,0.02857142857142861,0.1391087602041398,0.1275257299190371,-0.011583030285102686,0.16,0.2,0.04000000000000001,-0.0178559159837071,-0.010446221633599,0.007409694350108098,0.0938207854901145,0.0944728496770782,0.0006520641869637023,-0.0492993415498903,-0.023482053002348,0.025817288547542304,0.4254182293027674,0.4085409539875367,-0.0168772753152307,12.0,12.0,0.0,44,44,0
ADC_Post1_Post2_T2,ADC,Post1,Post2,T2,corr_mrmr_auto_k,corr_mrmr,RandomForest,corr_mrmr_auto_k_no_smote,corr_mrmr_auto_k_smote,0.6859126984126984,0.6718253968253969,-0.014087301587301537,0.1120774306723363,0.1275789639333099,0.015501533260973588,0.6419047619047619,0.6142857142857142,-0.027619047619047654,0.742568806511164,0.7289001277796796,-0.013668678731484363,0.1341301588281711,0.1618833529132882,0.027753194085117117,0.6815729479135462,0.6730533284010156,-0.008519619512530552,0.6154621848739495,0.6196078431372548,0.004145658263305263,0.1219050660241922,0.1135880677489853,-0.008316998275206891,0.6017699115044248,0.6017699115044248,0.0,0.6242063492063492,0.6413095238095238,0.017103174603174565,0.1022997093674224,0.0843806448332446,-0.017919064534177798,0.6015873015873016,0.5974603174603175,-0.00412698412698409,0.6708730158730158,0.6837811311495522,0.012908115276536347,0.1805836538401678,0.1522371694190366,-0.02834648442113122,0.6551724137931034,0.6451612903225806,-0.010011123470522798,0.6303174603174603,0.687142857142857,0.05682539682539678,0.211264057259262,0.2341290825840852,0.022865025324823207,0.6031746031746031,0.6349206349206349,0.031746031746031744,0.6227399267399267,0.642434227330779,0.01969430059085231,0.1570132860625527,0.1501873891912276,-0.006825896871325093,0.628099173553719,0.64,0.011900826446280988,0.618095238095238,0.5954761904761904,-0.02261904761904765,0.1823355656568442,0.2018626416083409,0.019527075951496692,0.6,0.56,-0.039999999999999925,0.2401339228147739,0.2682372229866389,0.028103300171864992,0.2040615937308159,0.174359290357818,-0.029702303372997896,0.2010997643362136,0.1945192460003167,-0.006580518335896901,0.2352291591559443,0.2416120157858463,0.006382856629901984,12.0,12.0,0.0,44,44,0
ADC_Post1_Post2_T2,ADC,Post1,Post2,T2,corr_mrmr_auto_k,corr_mrmr,SVM_Linear,corr_mrmr_auto_k_no_smote,corr_mrmr_auto_k_smote,0.6369444444444443,0.6441269841269841,0.00718253968253979,0.0743708811749749,0.0814756663217301,0.0071047851467552076,0.5942857142857143,0.6453968253968254,0.05111111111111111,0.7297231491715849,0.7269345565826393,-0.002788592588945593,0.078647010051427,0.0934360998751287,0.014789089823701695,0.6594831854621426,0.6896416443358289,0.03015845887368629,0.5958403361344538,0.6025070028011206,0.006666666666666821,0.0342333019684619,0.0501624365180434,0.015929134549581496,0.5929203539823009,0.6017699115044248,0.008849557522123908,0.5970238095238095,0.6082539682539683,0.011230158730158757,0.0207467968428647,0.0543116989699156,0.0335649021270509,0.5709523809523809,0.5995238095238096,0.028571428571428692,0.6244804318488529,0.6572427572427573,0.032762325393904335,0.1058051842974991,0.1181089606976509,0.012303776400151789,0.6075949367088608,0.65,0.042405063291139244,0.7919047619047619,0.6398412698412699,-0.152063492063492,0.1353200437308669,0.1067563870589416,-0.0285636566719253,0.7619047619047619,0.6190476190476191,-0.1428571428571428,0.6788873482839,0.6349472955829778,-0.04394005270092216,0.0350192656858499,0.0641357439383201,0.0291164782524702,0.676056338028169,0.6341463414634146,-0.04190999656475436,0.4021428571428571,0.5766666666666668,0.1745238095238097,0.1312732000875445,0.1162373051610846,-0.015035894926459903,0.38,0.58,0.19999999999999996,0.1862007298791833,0.2066058539505385,0.020405124071355196,0.0476674340351007,0.107267815275722,0.0596003812406213,0.1467498358502953,0.1978230004732607,0.051073164622965406,0.2434632775737542,0.2380410097982443,-0.005422267775509887,12.0,12.0,0.0,44,44,0
ADC_Post1_Post2_T2,ADC,Post1,Post2,T2,corr_mrmr_auto_k,corr_mrmr,SVM_RBF,corr_mrmr_auto_k_no_smote,corr_mrmr_auto_k_smote,0.509920634920635,0.6980952380952381,0.1881746031746031,0.2107805623207581,0.0445565479614203,-0.16622401435933779,0.5784126984126985,0.6615873015873016,0.08317460317460312,0.6394652145499484,0.7668252802066444,0.127360065656696,0.1849896059682911,0.0695237932714617,-0.11546581269682939,0.6715272662882359,0.7203505566270672,0.04882329033883126,0.5555462184873949,0.6259383753501401,0.07039215686274514,0.0859275646095032,0.0704876456380035,-0.015439918971499697,0.5575221238938053,0.6194690265486725,0.06194690265486724,0.5671428571428572,0.628095238095238,0.06095238095238087,0.0666394502268034,0.0702631557839568,0.0036237055571533977,0.5474603174603174,0.6195238095238096,0.07206349206349216,0.5096681096681096,0.6816239316239316,0.17195582195582204,0.2951241706512787,0.15574563384516,-0.13937853680611872,0.5970149253731343,0.6724137931034483,0.07539886773031401,0.6171428571428571,0.6428571428571429,0.0257142857142858,0.347280983689941,0.1587301587301587,-0.1885508249597823,0.6349206349206349,0.6190476190476191,-0.015873015873015817,0.5288998357963874,0.6432900432900432,0.1143902074936558,0.2738256605855901,0.1116309166080374,-0.1621947439775527,0.6153846153846154,0.6446280991735537,0.029243483788938263,0.5171428571428571,0.6133333333333333,0.09619047619047616,0.3562159400116274,0.1571976816340212,-0.19901825837760617,0.46,0.62,0.15999999999999998,0.1244505494505494,0.2444157890966401,0.11996523964609071,0.1245072403202431,0.1373924082745976,0.012885167954354487,0.0957106274007683,0.2366064414768264,0.1408958140760581,0.2388699150041656,0.2315193367789487,-0.007350578225216897,12.0,12.0,0.0,44,44,0
ADC_Post1_Post2_T2,ADC,Post1,Post2,T2,corr_mrmr_auto_k,corr_mrmr,XGBoost,corr_mrmr_auto_k_no_smote,corr_mrmr_auto_k_smote,0.6572222222222223,0.6573809523809524,0.00015873015873013596,0.0931031877957322,0.1401115345946943,0.0470083467989621,0.6187301587301587,0.6196825396825396,0.0009523809523809268,0.7357105193276032,0.7442413699541077,0.008530850626504494,0.1197164428245032,0.1459408004760615,0.02622435765155831,0.6766846706225802,0.681222253038618,0.004537582416037855,0.6348459383753501,0.5988935574229691,-0.03595238095238096,0.1584502787363492,0.1166256211823424,-0.0418246575540068,0.6194690265486725,0.584070796460177,-0.03539823008849552,0.6367063492063492,0.6098412698412699,-0.026865079365079314,0.137511079743249,0.1100866604739689,-0.027424419269280104,0.6092063492063492,0.5815873015873017,-0.027619047619047543,0.6601151789387083,0.657051282051282,-0.003063896887426254,0.1888326521306748,0.189053665994352,0.0002210138636772052,0.6470588235294118,0.6333333333333333,-0.013725490196078494,0.7146031746031746,0.6373015873015874,-0.0773015873015872,0.1718847545847349,0.2102141105758849,0.038329355991150005,0.6984126984126984,0.6031746031746031,-0.09523809523809523,0.6723473818646232,0.6198236546062633,-0.052523727258359854,0.1595342490155095,0.1477485861294619,-0.011785662886047599,0.6717557251908397,0.6178861788617886,-0.053869546329051055,0.5588095238095238,0.5823809523809523,0.023571428571428577,0.1838329617427986,0.1821489261360522,-0.0016840356067463758,0.52,0.56,0.040000000000000036,0.2727063808878225,0.2059964573841881,-0.06670992350363442,0.2813862256188639,0.2162679637382591,-0.0651182618806048,0.2206896551724138,0.1621706893831834,-0.05851896578923038,0.2744524241388175,0.27833801542347,0.00388559128465249,12.0,12.0,0.0,44,44,0
ADC_Post1_Post2_T2,ADC,Post1,Post2,T2,elasticnet_then_mrmr_auto_k,elasticnet_then_mrmr,ExtraTrees,elasticnet_then_mrmr_auto_k_no_smote,elasticnet_then_mrmr_auto_k_smote,0.7440079365079365,0.729642857142857,-0.01436507936507947,0.0514669536373045,0.0681484048928746,0.016681451255570107,0.7,0.7022222222222222,0.0022222222222222365,0.7835816165586178,0.7619144321349138,-0.021667184423703967,0.1042624334142825,0.0924865664583597,-0.011775866955922795,0.7346875229627656,0.7297826265486498,-0.004904896414115845,0.6506582633053222,0.6844677871148459,0.033809523809523734,0.0909430635361583,0.0766965807270291,-0.014246482809129199,0.6371681415929203,0.672566371681416,0.03539823008849563,0.6490476190476191,0.6896031746031746,0.040555555555555456,0.087308297000455,0.0687048598917043,-0.018603437108750703,0.6395238095238096,0.6733333333333333,0.033809523809523734,0.696923076923077,0.7279653679653679,0.031042291042290948,0.1199210785840312,0.1140035214740809,-0.005917557109950303,0.6964285714285714,0.7241379310344828,0.027709359605911366,0.6428571428571429,0.6906349206349207,0.04777777777777781,0.1587301587301587,0.1326232034153608,-0.026106955314797897,0.6190476190476191,0.6666666666666666,0.04761904761904756,0.6588549150654414,0.6991523902594683,0.04029747519402693,0.1212598333718272,0.0978397952300586,-0.0234200381417686,0.6554621848739496,0.6942148760330579,0.03875269115910829,0.6552380952380952,0.6885714285714285,0.033333333333333326,0.1089571261037945,0.0772456692898461,-0.03171145681394841,0.66,0.68,0.020000000000000018,0.2896612821141123,0.3647136135960386,0.0750523314819263,0.1801179128839618,0.1453628642463033,-0.03475504863765852,0.2750743232670943,0.3431264728986646,0.0680521496315703,0.2313122690436063,0.2316204514223154,0.0003081823787091098,8.0,8.0,0.0,26,26,0
ADC_Post1_Post2_T2,ADC,Post1,Post2,T2,elasticnet_then_mrmr_auto_k,elasticnet_then_mrmr,GradientBoosting,elasticnet_then_mrmr_auto_k_no_smote,elasticnet_then_mrmr_auto_k_smote,0.7482539682539683,0.7632936507936507,0.015039682539682464,0.0668429264796041,0.0273395131557208,-0.0395034133238833,0.7311111111111112,0.7438095238095238,0.012698412698412653,0.7690347591435053,0.7641433530547677,-0.004891406088737615,0.1163310039799832,0.078622985168486,-0.0377080188114972,0.7390985626540374,0.7331803745099508,-0.005918188144086622,0.7053221288515406,0.697703081232493,-0.007619047619047525,0.0679934125016404,0.0572608629391017,-0.010732549562538697,0.6991150442477876,0.6902654867256637,-0.008849557522123908,0.6902777777777778,0.7009126984126983,0.010634920634920553,0.0690948114587596,0.0450908911041843,-0.024003920354575305,0.6930158730158731,0.6933333333333334,0.0003174603174602719,0.7230710466004584,0.7457575757575758,0.02268652915711744,0.1312953744843118,0.0830900028684308,-0.04820537161588101,0.7230769230769231,0.75,0.02692307692307694,0.7612698412698412,0.6906349206349207,-0.0706349206349205,0.1534900116407233,0.1326232034153608,-0.020866808225362493,0.746031746031746,0.6666666666666666,-0.07936507936507942,0.7286100329036926,0.7079840848806367,-0.02062594802305595,0.1038575149738941,0.0815650686851284,-0.0222924462887657,0.734375,0.7058823529411765,-0.028492647058823484,0.6192857142857143,0.7111904761904762,0.09190476190476182,0.1817345251781382,0.0613417622128939,-0.12039276296524432,0.64,0.72,0.07999999999999996,0.3775159504032743,0.3885707892842002,0.011054838880925899,0.1307987088986517,0.1037260372819792,-0.027072671616672497,0.3876314950589735,0.3811610076670317,-0.006470487391941782,0.2130072439329598,0.2138543514741006,0.0008471075411407847,8.0,8.0,0.0,26,26,0
ADC_Post1_Post2_T2,ADC,Post1,Post2,T2,elasticnet_then_mrmr_auto_k,elasticnet_then_mrmr,KNN,elasticnet_then_mrmr_auto_k_no_smote,elasticnet_then_mrmr_auto_k_smote,0.7466865079365078,0.7632738095238094,0.016587301587301595,0.0293840832972881,0.0506010889863168,0.021217005689028703,0.696031746031746,0.7314285714285713,0.035396825396825315,0.7698874941010491,0.7965004705381382,0.026612976437089153,0.0922584759919038,0.0898786958038674,-0.002379780188036404,0.7296919827837272,0.7618004167925797,0.03210843400885255,0.662703081232493,0.7078011204481793,0.045098039215686336,0.0549365280192069,0.0756929608269296,0.0207564328077227,0.6548672566371682,0.6991150442477876,0.04424778761061943,0.673452380952381,0.7166666666666667,0.04321428571428565,0.0479571988353262,0.0575881022327569,0.009630903397430703,0.6492063492063491,0.7095238095238096,0.060317460317460436,0.7115322585910822,0.796868686868687,0.08533642827760479,0.1207612525680384,0.0565191006103482,-0.0642421519576902,0.6875,0.7959183673469388,0.10841836734693877,0.7395238095238096,0.6485714285714285,-0.09095238095238112,0.164852102417451,0.142926261938546,-0.021925840478905,0.6984126984126984,0.6190476190476191,-0.0793650793650793,0.6984615384615385,0.7034033392660394,0.0049418008045009065,0.069791987378642,0.0814890889569272,0.011697101578285199,0.6929133858267716,0.6964285714285714,0.003515185601799753,0.6073809523809524,0.7847619047619048,0.17738095238095242,0.1612564048895852,0.0835249497668815,-0.0777314551227037,0.6,0.8,0.20000000000000007,0.3289487768361007,0.4176963831375596,0.08874760630145889,0.1049755135530282,0.1359130468379846,0.03093753328495641,0.2990297439160172,0.4072817031780315,0.10825195926201425,0.2267472947139189,0.2177032315193227,-0.009044063194596219,8.0,8.0,0.0,26,26,0
ADC_Post1_Post2_T2,ADC,Post1,Post2,T2,elasticnet_then_mrmr_auto_k,elasticnet_then_mrmr,LightGBM,elasticnet_then_mrmr_auto_k_no_smote,elasticnet_then_mrmr_auto_k_smote,0.7043650793650794,0.6752380952380953,-0.029126984126984112,0.0746027524473027,0.0724575791829478,-0.0021451732643548993,0.6673015873015873,0.6447619047619049,-0.022539682539682415,0.7426822654340753,0.7002719336252659,-0.04241033180880949,0.1209463882173492,0.1408476257106136,0.019901237493264404,0.6711421498291879,0.6409076548875332,-0.030234494941654644,0.6465126050420167,0.6141736694677871,-0.03233893557422962,0.0797849682485626,0.0394686369843271,-0.0403163312642355,0.6371681415929203,0.6106194690265486,-0.026548672566371723,0.6286111111111111,0.6127380952380952,-0.015873015873015928,0.0785235544385433,0.0414682349813885,-0.037055319457154796,0.6333333333333333,0.6095238095238096,-0.023809523809523725,0.6698135198135198,0.6617249417249418,-0.008088578088577991,0.1284991331150833,0.1286809901443546,0.00018185702927131508,0.6774193548387096,0.6610169491525424,-0.016402405686167243,0.676984126984127,0.6261904761904762,-0.050793650793650835,0.1626035340853701,0.1063728947794699,-0.05623063930590019,0.6666666666666666,0.6190476190476191,-0.04761904761904756,0.6653333333333334,0.6341908410873927,-0.03114249224594079,0.1222311107879023,0.0878733599436359,-0.0343577508442664,0.672,0.639344262295082,-0.03265573770491803,0.5802380952380953,0.5992857142857143,0.01904761904761898,0.1559616500335231,0.1108501470546648,-0.04511150297885831,0.6,0.6,0.0,0.2543138085478817,0.2152500082077547,-0.03906380034012702,0.1538136242554924,0.0775950238701362,-0.07621860038535619,0.266117535244733,0.2172544080604533,-0.04886312718427968,0.2414839859723279,0.254701604521116,0.013217618548788113,8.0,8.0,0.0,26,26,0
ADC_Post1_Post2_T2,ADC,Post1,Post2,T2,elasticnet_then_mrmr_auto_k,elasticnet_then_mrmr,LogisticRegression,elasticnet_then_mrmr_auto_k_no_smote,elasticnet_then_mrmr_auto_k_smote,0.7686904761904763,0.7879365079365079,0.019246031746031678,0.0773144199119999,0.072436712718471,-0.004877707193528896,0.7549206349206349,0.7704761904761904,0.015555555555555545,0.8309865390171118,0.8429068148626971,0.011920275845585304,0.0816340146814799,0.0655575771936872,-0.016076437487792708,0.8147256031498651,0.8224610558316985,0.007735452681833399,0.6994677871148459,0.6994677871148459,0.0,0.0728277930279908,0.0774488985187802,0.004621105490789396,0.6902654867256637,0.6902654867256637,0.0,0.6955555555555556,0.6972222222222222,0.0016666666666665941,0.0712897239561814,0.0752312300129525,0.003941506056771099,0.6912698412698413,0.6912698412698413,0.0,0.7441491841491842,0.7460539460539461,0.0019047619047619646,0.0651710234292415,0.0654527584503426,0.00028173502110109827,0.7413793103448276,0.7413793103448276,0.0,0.7073015873015873,0.7106349206349206,0.0033333333333332993,0.1438014644365601,0.1247538266297084,-0.019047637806851717,0.6825396825396826,0.6825396825396826,0.0,0.7151710694360421,0.7191686702757483,0.003997600839706128,0.081650825139861,0.0726165636296303,-0.009034261510230693,0.7107438016528925,0.7107438016528925,0.0,0.6838095238095239,0.6838095238095239,0.0,0.1201227641125939,0.1201227641125939,0.0,0.7,0.7,0.0,0.3830976994020472,0.3853130203130203,0.0022153209109730954,0.1523533581896582,0.1599034845146707,0.007550126325012507,0.3786331500392773,0.3786331500392773,0.0,0.202018583009318,0.1984057437604249,-0.0036128392488930794,8.0,8.0,0.0,26,26,0
ADC_Post1_Post2_T2,ADC,Post1,Post2,T2,elasticnet_then_mrmr_auto_k,elasticnet_then_mrmr,NaiveBayes,elasticnet_then_mrmr_auto_k_no_smote,elasticnet_then_mrmr_auto_k_smote,0.7252380952380951,0.7265873015873016,0.0013492063492064332,0.1504990020215198,0.1548705357452659,0.004371533723746102,0.6199999999999999,0.6238095238095238,0.003809523809523929,0.7877859846045447,0.7907567083252685,0.0029707237207237114,0.0568429091137675,0.0599038087209803,0.0030608996072127997,0.6849729804601072,0.6916092999857504,0.006636319525643142,0.5850840336134453,0.5532212885154062,-0.0318627450980391,0.1137208330654943,0.0722501088398445,-0.04147072422564979,0.5752212389380531,0.5486725663716814,-0.026548672566371723,0.5807936507936509,0.5474603174603174,-0.03333333333333344,0.132848134567824,0.1005892816244722,-0.03225885294335179,0.5550793650793651,0.5271428571428571,-0.027936507936507926,0.6309736157562245,0.6075120772946859,-0.023461538461538534,0.1130270855636996,0.1088527152942105,-0.004174370269489094,0.5974025974025974,0.5769230769230769,-0.020479520479520508,0.7873015873015874,0.7706349206349207,-0.01666666666666672,0.226567494200001,0.22563144507091,-0.00093604912909101,0.7301587301587301,0.7142857142857143,-0.015873015873015817,0.6647426647426647,0.6415824915824915,-0.02316017316017327,0.1008234836729001,0.0767063669170791,-0.024117116755820997,0.6571428571428571,0.6382978723404256,-0.018844984802431575,0.3742857142857143,0.3242857142857143,-0.04999999999999999,0.2982123609860899,0.2938693309507976,-0.004343030035292295,0.38,0.34,-0.03999999999999998,0.1498955890395332,0.0825456925592019,-0.06734989648033131,0.279780816456253,0.2119495367199569,-0.06783127973629613,0.1134357633213468,0.056019656019656,-0.057416107301690805,0.3277220473135395,0.3208177142079574,-0.006904333105582083,8.0,8.0,0.0,26,26,0
ADC_Post1_Post2_T2,ADC,Post1,Post2,T2,elasticnet_then_mrmr_auto_k,elasticnet_then_mrmr,RandomForest,elasticnet_then_mrmr_auto_k_no_smote,elasticnet_then_mrmr_auto_k_smote,0.7398015873015873,0.7202777777777778,-0.0195238095238095,0.0529088359648409,0.089465110779919,0.0365562748150781,0.7212698412698413,0.6980952380952381,-0.02317460317460318,0.7654236029394512,0.7594731285103907,-0.005950474429060493,0.1078829373596358,0.1288790056794207,0.0209960683197849,0.769698506687253,0.7458821535845541,-0.023816353102698917,0.643795518207283,0.6216526610644257,-0.022142857142857242,0.0582255116055475,0.0735218536865164,0.015296342080968896,0.6371681415929203,0.6106194690265486,-0.026548672566371723,0.6478174603174602,0.6198809523809523,-0.027936507936507926,0.0471765151613219,0.0546419205462031,0.007465405384881198,0.6353968253968254,0.6074603174603175,-0.027936507936507926,0.6923076923076923,0.661254562431033,-0.031053129876659313,0.104456893518572,0.1254029985245746,0.020946105006002594,0.6833333333333333,0.6557377049180327,-0.02759562841530061,0.6773015873015874,0.6571428571428571,-0.020158730158730265,0.1195709133768524,0.1782024406436341,0.05863152726678171,0.6507936507936508,0.6349206349206349,-0.015873015873015928,0.6704689501531605,0.6413841116200463,-0.029084838533114277,0.0764178742272413,0.1221952651858682,0.04577739095862689,0.6666666666666666,0.6451612903225806,-0.021505376344086002,0.6183333333333334,0.5826190476190476,-0.03571428571428581,0.1125956383603636,0.1292609377293687,0.0166652993690051,0.62,0.58,-0.040000000000000036,0.2847085771614073,0.2338277267854732,-0.050880850375934095,0.1034700762464044,0.1140165524954142,0.010546476249009798,0.2691276226534154,0.2140373063547266,-0.055090316298688796,0.2108140388526157,0.2161432612476914,0.005329222395075689,8.0,8.0,0.0,26,26,0
ADC_Post1_Post2_T2,ADC,Post1,Post2,T2,elasticnet_then_mrmr_auto_k,elasticnet_then_mrmr,SVM_Linear,elasticnet_then_mrmr_auto_k_no_smote,elasticnet_then_mrmr_auto_k_smote,0.7721031746031747,0.7803571428571429,0.00825396825396818,0.0598982403226636,0.0557027528424335,-0.004195487480230103,0.746031746031746,0.7600000000000001,0.013968253968254074,0.8158277081576507,0.8249142353222589,0.009086527164608227,0.0861406483768388,0.0696144796788834,-0.016526168697955396,0.7892078911619567,0.8190374678271928,0.029829576665236113,0.6911344537815125,0.689467787114846,-0.0016666666666664831,0.0737150331442928,0.0859516586464114,0.012236625502118598,0.6814159292035398,0.6814159292035398,0.0,0.6941269841269841,0.6967460317460317,0.002619047619047521,0.0714009646827097,0.0709855751335939,-0.0004153895491158105,0.6750793650793651,0.6874603174603174,0.012380952380952381,0.7211799964741141,0.7622077922077922,0.041027795733678096,0.0957603892168519,0.0638485727551838,-0.0319118164616681,0.7076923076923077,0.7547169811320755,0.047024673439767795,0.763968253968254,0.662063492063492,-0.10190476190476194,0.1499118746757849,0.1396522333645211,-0.010259641311263806,0.7301587301587301,0.6349206349206349,-0.09523809523809523,0.7257646030785777,0.6976871887942668,-0.028077414284310875,0.0766449829770028,0.0758138311330243,-0.0008311518439785004,0.71875,0.6896551724137931,-0.02909482758620685,0.6242857142857143,0.7314285714285714,0.1071428571428571,0.1267811870419073,0.0969302060897824,-0.029850980952124906,0.62,0.74,0.12,0.3751071001071001,0.3813787193198958,0.0062716192127957315,0.1527605720787072,0.159137474554578,0.006376902475870805,0.3516098182977366,0.3673405909797823,0.0157307726820457,0.2031169841191856,0.2022592986936453,-0.0008576854255402944,8.0,8.0,0.0,26,26,0
ADC_Post1_Post2_T2,ADC,Post1,Post2,T2,elasticnet_then_mrmr_auto_k,elasticnet_then_mrmr,SVM_RBF,elasticnet_then_mrmr_auto_k_no_smote,elasticnet_then_mrmr_auto_k_smote,0.7807936507936508,0.786984126984127,0.006190476190476191,0.0532294197434864,0.0455249883622358,-0.007704431381250598,0.7485714285714286,0.7682539682539683,0.019682539682539746,0.8282702323189939,0.8309033023165782,0.002633069997584281,0.0687651908683099,0.0768479532927208,0.008082762424410903,0.8048729266446981,0.8247281757081444,0.019855249063446267,0.6994677871148459,0.6911344537815125,-0.008333333333333415,0.0728277930279908,0.0826002118662723,0.00977241883828149,0.6902654867256637,0.6814159292035398,-0.008849557522123908,0.7041269841269842,0.6888888888888889,-0.015238095238095273,0.0730057791504727,0.08029181157689,0.007286032426417302,0.6850793650793651,0.6833333333333333,-0.0017460317460317176,0.7308158508158508,0.7405594405594406,0.009743589743589798,0.0838127309668783,0.0744234691185245,-0.0093892618483538,0.71875,0.7368421052631579,0.018092105263157854,0.7673015873015874,0.693968253968254,-0.07333333333333336,0.149005606263351,0.1239453873998429,-0.025060218863508094,0.7301587301587301,0.6666666666666666,-0.06349206349206349,0.732855279962358,0.7087071318142097,-0.024148148148148252,0.0704362199710191,0.0792019871566354,0.008765767185616294,0.7244094488188977,0.7,-0.024409448818897728,0.6409523809523809,0.6838095238095239,0.04285714285714293,0.1142003649556737,0.1201227641125939,0.005922399156920194,0.64,0.7,0.05999999999999994,0.3928368298368297,0.3686463536463537,-0.02419047619047604,0.1541129444175193,0.1685612402176161,0.014448295800096794,0.3709241291554001,0.3621825023518344,-0.00874162680356566,0.2023013838653075,0.1972904169423108,-0.005010966922996685,8.0,8.0,0.0,26,26,0
ADC_Post1_Post2_T2,ADC,Post1,Post2,T2,elasticnet_then_mrmr_auto_k,elasticnet_then_mrmr,XGBoost,elasticnet_then_mrmr_auto_k_no_smote,elasticnet_then_mrmr_auto_k_smote,0.7103174603174603,0.6439682539682539,-0.06634920634920649,0.0683185371957375,0.1076075753589326,0.03928903816319511,0.7066666666666667,0.6485714285714286,-0.05809523809523809,0.7504683471475307,0.7234088255234623,-0.02705952162406844,0.1228821209861757,0.1283071222831645,0.005425001296988793,0.7509342810258552,0.7318479800868514,-0.019086300939003875,0.6857983193277312,0.5821708683473389,-0.10362745098039228,0.060174274231373,0.0939996676178156,0.0338253933864426,0.6814159292035398,0.584070796460177,-0.09734513274336276,0.6828174603174604,0.5721825396825397,-0.11063492063492064,0.054038761132279,0.097619563813321,0.043580802681042,0.6647619047619048,0.5795238095238096,-0.08523809523809522,0.694025974025974,0.6142490842490843,-0.07977688977688968,0.128534954815981,0.1750403928441981,0.04650543802821708,0.68,0.6290322580645161,-0.05096774193548392,0.8282539682539684,0.6117460317460318,-0.21650793650793654,0.1112579528553809,0.1403002215942308,0.029042268738849908,0.8095238095238095,0.6190476190476191,-0.19047619047619047,0.7402197802197803,0.6074814814814815,-0.1327382987382988,0.0654500549800877,0.1420369935776649,0.07658693859757719,0.7391304347826086,0.624,-0.11513043478260865,0.5373809523809523,0.5326190476190475,-0.004761904761904745,0.1621839329832454,0.149900949912202,-0.012282983071043418,0.52,0.54,0.020000000000000018,0.3558544247943803,0.1354480980012895,-0.22040632679309077,0.108765624667508,0.1821466436395697,0.0733810189720617,0.337890625,0.1587201013781086,-0.1791705236218914,0.2223875088009746,0.280104235576635,0.05771672677566039,8.0,8.0,0.0,26,26,0
ADC_Post1_Post2_T2,ADC,Post1,Post2,T2,mrmr_then_elasticnet_no_corr_auto_k,mrmr_then_elasticnet_no_corr,ExtraTrees,mrmr_then_elasticnet_no_corr_auto_k_no_smote,mrmr_then_elasticnet_no_corr_auto_k_smote,0.6965476190476191,0.6655555555555555,-0.030992063492063626,0.0690272730468778,0.1098827795682918,0.04085550652141401,0.6444444444444444,0.6253968253968254,-0.01904761904761898,0.7514838388424069,0.739999385651746,-0.011484453190660937,0.1219286660659407,0.1384843022830116,0.016555636217070888,0.7193649423256505,0.6925810805158459,-0.026783861809804632,0.6427030812324931,0.6498459383753502,0.0071428571428571175,0.0807157620851944,0.0788106127394417,-0.0019051493457526991,0.6371681415929203,0.6460176991150443,0.008849557522123908,0.6566666666666666,0.6507936507936508,-0.005873015873015808,0.0946560920498871,0.1038970433459209,0.009240951296033792,0.6374603174603175,0.6536507936507936,0.01619047619047609,0.7394716394716395,0.7394716394716395,0.0,0.1606625683559675,0.1606625683559675,0.0,0.6896551724137931,0.7254901960784313,0.0358350236646382,0.6752380952380952,0.6063492063492062,-0.068888888888889,0.1697940892782851,0.1199016982096587,-0.049892391068626404,0.6349206349206349,0.5873015873015873,-0.04761904761904756,0.6685907522429261,0.6510962467484206,-0.017494505494505486,0.0708688920725668,0.0920665795193843,0.021197687446817493,0.6611570247933884,0.6491228070175439,-0.012034217775844569,0.6380952380952382,0.6952380952380952,0.05714285714285705,0.2560603316096351,0.2156832732884431,-0.04037705832119198,0.64,0.72,0.07999999999999996,0.2929972804972804,0.2856421356421356,-0.007355144855144824,0.1867354699721466,0.1986753345062054,0.011939864534058792,0.2721131186174391,0.2998760842627014,0.027762965645262316,0.2317346508832105,0.2379422430828701,0.006207592199659606,8.0,8.0,0.0,35,35,0
ADC_Post1_Post2_T2,ADC,Post1,Post2,T2,mrmr_then_elasticnet_no_corr_auto_k,mrmr_then_elasticnet_no_corr,GradientBoosting,mrmr_then_elasticnet_no_corr_auto_k_no_smote,mrmr_then_elasticnet_no_corr_auto_k_smote,0.6607142857142858,0.6640476190476191,0.0033333333333332993,0.1022251798842553,0.1275838022877435,0.0253586224034882,0.6323809523809524,0.6476190476190475,0.015238095238095162,0.7349647667679513,0.7343278550231963,-0.0006369117447549977,0.1223350300864518,0.1371794142528109,0.01484438416635911,0.7056486934300161,0.7125214470642176,0.006872753634201478,0.5659383753501401,0.6402240896358543,0.07428571428571418,0.0990678886569149,0.0724418381343173,-0.026626050522597602,0.5575221238938053,0.6371681415929203,0.07964601769911506,0.5601190476190476,0.6397619047619048,0.07964285714285713,0.1148595327784908,0.0891748518081826,-0.025684680970308196,0.5433333333333333,0.6333333333333333,0.08999999999999997,0.6489285714285714,0.7073809523809524,0.05845238095238103,0.2166406316121381,0.1858156011795655,-0.030825030432572592,0.5915492957746479,0.6774193548387096,0.08587005906406175,0.6904761904761905,0.6771428571428572,-0.013333333333333308,0.2189670889467733,0.1213454430676652,-0.0976216458791081,0.6666666666666666,0.6666666666666666,0.0,0.6227017543859649,0.669091084709746,0.04638933032378112,0.1213113736177965,0.0894531998907096,-0.031858173727086894,0.6268656716417911,0.672,0.045134328358208964,0.4297619047619047,0.6023809523809525,0.17261904761904778,0.3528391486961271,0.2420621909931206,-0.1107769577030065,0.42,0.6,0.18,0.1060655383023803,0.2631640260950605,0.1570984877926802,0.2130470218628249,0.1587613880770061,-0.0542856337858188,0.0881213686249192,0.266117535244733,0.17799616661981377,0.2377018705965655,0.2362072882041319,-0.0014945823924336077,8.0,8.0,0.0,35,35,0
ADC_Post1_Post2_T2,ADC,Post1,Post2,T2,mrmr_then_elasticnet_no_corr_auto_k,mrmr_then_elasticnet_no_corr,KNN,mrmr_then_elasticnet_no_corr_auto_k_no_smote,mrmr_then_elasticnet_no_corr_auto_k_smote,0.6971825396825396,0.6926388888888888,-0.004543650793650822,0.0605247066152258,0.0555559948962219,-0.004968711719003899,0.6442857142857142,0.6577777777777777,0.013492063492063444,0.7499582596844132,0.7369092301458944,-0.01304902953851883,0.1019279618198022,0.0968904687124162,-0.005037493107385993,0.7193029357806868,0.7050302672568775,-0.014272668523809373,0.610266106442577,0.6119327731092438,0.0016666666666668162,0.0331578484588591,0.0282587312692097,-0.004899117189649402,0.6106194690265486,0.6106194690265486,0.0,0.608095238095238,0.6396428571428571,0.03154761904761905,0.0592111364505715,0.0406985798476125,-0.018512556602959,0.6012698412698413,0.6136507936507937,0.012380952380952381,0.6527197802197803,0.7033838383838383,0.05066405816405806,0.0912399159127528,0.1494558370893473,0.05821592117659449,0.6417910447761194,0.6727272727272727,0.03093622795115336,0.722857142857143,0.6242857142857142,-0.09857142857142875,0.1671470024659686,0.1512071190273303,-0.015939883438638308,0.6825396825396826,0.5873015873015873,-0.09523809523809523,0.6627348303870043,0.6298952062430323,-0.03283962414397201,0.0519024175456979,0.0540143733693518,0.0021119558236538938,0.6615384615384615,0.6271186440677966,-0.034419817470664915,0.4933333333333334,0.655,0.16166666666666663,0.1933907960581371,0.1971744856156033,0.003783689557466191,0.52,0.64,0.12,0.2034944324296556,0.2498630164162079,0.0463685839865523,0.1069863686984016,0.0562737662245575,-0.0507126024738441,0.2042253521126761,0.2236102435977514,0.0193848914850753,0.2448978059125389,0.2374403883972468,-0.0074574175152921085,8.0,8.0,0.0,35,35,0
ADC_Post1_Post2_T2,ADC,Post1,Post2,T2,mrmr_then_elasticnet_no_corr_auto_k,mrmr_then_elasticnet_no_corr,LightGBM,mrmr_then_elasticnet_no_corr_auto_k_no_smote,mrmr_then_elasticnet_no_corr_auto_k_smote,0.6347619047619047,0.6253968253968254,-0.009365079365079354,0.1049036589056905,0.0915152841940551,-0.013388374711635412,0.664920634920635,0.6017460317460317,-0.06317460317460333,0.6921795697754665,0.7105543082098713,0.018374738434404847,0.1104057591987807,0.1204902030970219,0.010084443898241188,0.7195344968162887,0.6673656260557888,-0.05216887076049992,0.632843137254902,0.6036974789915966,-0.029145658263305396,0.1095936361763303,0.0641893940413943,-0.045404242134936004,0.6371681415929203,0.6017699115044248,-0.03539823008849552,0.6290873015873016,0.6075396825396825,-0.02154761904761915,0.1289867874351068,0.0825396825396825,-0.04644710489542431,0.6374603174603175,0.6057142857142856,-0.031746031746031855,0.6867365967365967,0.6951048951048951,0.008368298368298444,0.1618742813547665,0.175667898943861,0.013793617589094503,0.6896551724137931,0.6666666666666666,-0.02298850574712652,0.6365079365079364,0.6007936507936508,-0.03571428571428559,0.0944944512135696,0.1655594362570024,0.0710649850434328,0.6349206349206349,0.5714285714285714,-0.06349206349206349,0.6553235794986736,0.6125714285714285,-0.04275215092724505,0.1134096216271113,0.1033276715587386,-0.010081950068372689,0.6611570247933884,0.6153846153846154,-0.04577240940877303,0.6216666666666667,0.6142857142857143,-0.007380952380952377,0.1959024700655348,0.2215181590402477,0.02561568897471289,0.64,0.64,0.0,0.2490609101043883,0.2018419929465148,-0.04721891715787349,0.2431553762199911,0.1574721790862442,-0.08568319713374689,0.2721131186174391,0.2075736325385693,-0.06453948607886978,0.2548934080486306,0.2596383198193244,0.004744911770693805,8.0,8.0,0.0,35,35,0
ADC_Post1_Post2_T2,ADC,Post1,Post2,T2,mrmr_then_elasticnet_no_corr_auto_k,mrmr_then_elasticnet_no_corr,LogisticRegression,mrmr_then_elasticnet_no_corr_auto_k_no_smote,mrmr_then_elasticnet_no_corr_auto_k_smote,0.7104761904761905,0.7128571428571429,0.0023809523809523725,0.0746730506935,0.0681512700983934,-0.006521780595106594,0.7015873015873016,0.7003174603174603,-0.0012698412698413097,0.7738751885826375,0.7768794890035371,0.0030043004208996082,0.0841793242480104,0.0690063521130654,-0.015172972134945006,0.7395654842074306,0.7517971856397785,0.012231701432347863,0.6481792717086835,0.663655462184874,0.015476190476190532,0.1001362362398552,0.0960899659065049,-0.004046270333350296,0.6460176991150443,0.6637168141592921,0.017699115044247815,0.638015873015873,0.6535714285714286,0.015555555555555545,0.134957604645497,0.1341002133516664,-0.0008573912938306116,0.6453968253968254,0.6612698412698412,0.015873015873015817,0.7016269841269841,0.712536075036075,0.010909090909090868,0.1337592639421667,0.1235220455927376,-0.01023721834942909,0.6949152542372882,0.7049180327868853,0.01000277854959708,0.6674603174603174,0.6985714285714285,0.03111111111111109,0.1618425028130906,0.1319947928762148,-0.0298477099368758,0.6507936507936508,0.6825396825396826,0.031746031746031744,0.6698412698412698,0.6934865900383141,0.02364532019704435,0.105241806058735,0.0813475663680849,-0.02389423969065009,0.6721311475409836,0.6935483870967742,0.021417239555790668,0.6085714285714285,0.6085714285714285,0.0,0.2457742636285002,0.2457742636285002,0.0,0.64,0.64,0.0,0.2639562743336328,0.2941937952501333,0.030237520916500504,0.2654120155324784,0.2626131795269991,-0.0027988360054793104,0.2884130982367758,0.3212140373063548,0.03280093906957898,0.2195633074019236,0.2206626596114377,0.0010993522095140984,8.0,8.0,0.0,35,35,0
ADC_Post1_Post2_T2,ADC,Post1,Post2,T2,mrmr_then_elasticnet_no_corr_auto_k,mrmr_then_elasticnet_no_corr,NaiveBayes,mrmr_then_elasticnet_no_corr_auto_k_no_smote,mrmr_then_elasticnet_no_corr_auto_k_smote,0.6951190476190476,0.6898015873015872,-0.005317460317460387,0.0763287848476673,0.0731263829000129,-0.003202401947654393,0.6679365079365078,0.6657142857142858,-0.0022222222222220145,0.7890103321847652,0.7815200446944778,-0.007490287490287462,0.0499559954159024,0.0495891898970109,-0.00036680551889149704,0.724290141536705,0.7218259027408418,-0.002464238795863216,0.6074089635854343,0.6045518207282913,-0.0028571428571430024,0.0752565515864072,0.0869187268848791,0.011662175298471897,0.6106194690265486,0.6106194690265486,0.0,0.5812698412698414,0.584126984126984,0.0028571428571426694,0.1074203930430428,0.1197442580117417,0.012323864968698903,0.5868253968253968,0.5888888888888889,0.0020634920634921006,0.6221288515406163,0.6261904761904762,0.0040616246498599295,0.0658257345464408,0.0766356044734813,0.0108098699270405,0.6172839506172839,0.620253164556962,0.0029692139396780837,0.8173015873015872,0.803015873015873,-0.014285714285714235,0.1050146062379211,0.1216047067819096,0.016590100543988504,0.7936507936507936,0.7777777777777778,-0.015873015873015817,0.6975376597415578,0.6922116672756059,-0.00532599246595189,0.0279671099525611,0.036405033355946,0.008437923403384898,0.6944444444444444,0.6901408450704225,-0.004303599374021916,0.3452380952380952,0.3652380952380952,0.020000000000000018,0.1925482535157688,0.211814319918293,0.019266066402524207,0.38,0.4,0.020000000000000018,0.1557550434388094,0.1611149394786314,0.00535989603982201,0.2060356489525094,0.2293566495708942,0.023321000618384796,0.1803494889548301,0.1838476690741955,0.003498180119365396,0.3124917525785595,0.3047912166205548,-0.007700535958004684,8.0,8.0,0.0,35,35,0
ADC_Post1_Post2_T2,ADC,Post1,Post2,T2,mrmr_then_elasticnet_no_corr_auto_k,mrmr_then_elasticnet_no_corr,RandomForest,mrmr_then_elasticnet_no_corr_auto_k_no_smote,mrmr_then_elasticnet_no_corr_auto_k_smote,0.7223809523809525,0.6734126984126985,-0.048968253968253994,0.077585850011101,0.1165629600617289,0.0389771100506279,0.677142857142857,0.6469841269841269,-0.030158730158730163,0.7712133731397348,0.7535961982173707,-0.017617174922364143,0.1234893502978483,0.1298433451460229,0.006353994848174588,0.7070831968041391,0.7045519103099418,-0.0025312864941973157,0.621750700280112,0.6384173669467788,0.01666666666666672,0.0857233202246987,0.0847290967922555,-0.0009942234324431948,0.6106194690265486,0.6283185840707964,0.017699115044247815,0.6286507936507937,0.6384126984126983,0.009761904761904638,0.0860430204057494,0.0898577442969079,0.0038147238911585,0.6115873015873016,0.6357142857142857,0.024126984126984108,0.7157203907203907,0.7317460317460317,0.01602564102564097,0.1774861776320271,0.1626809901627804,-0.014805187469246694,0.6666666666666666,0.7058823529411765,0.03921568627450989,0.6406349206349207,0.6006349206349206,-0.040000000000000036,0.1973229757654394,0.2204249314749169,0.023101955709477512,0.6031746031746031,0.5714285714285714,-0.031746031746031744,0.6325741890959283,0.6224062571888659,-0.010167931907062444,0.1310294229319722,0.1506374683225901,0.01960804539061789,0.6333333333333333,0.631578947368421,-0.0017543859649122862,0.6166666666666667,0.6761904761904762,0.059523809523809534,0.2333333333333333,0.2181399413532639,-0.015193391980069415,0.62,0.7,0.07999999999999996,0.2440275622136746,0.2650455584532664,0.021017996239591774,0.173103127741342,0.1808152864256013,0.007712158684259285,0.2204452806522421,0.2648698884758365,0.04442460782359439,0.2308649377780223,0.24024109709154,0.009376159313517707,8.0,8.0,0.0,35,35,0
ADC_Post1_Post2_T2,ADC,Post1,Post2,T2,mrmr_then_elasticnet_no_corr_auto_k,mrmr_then_elasticnet_no_corr,SVM_Linear,mrmr_then_elasticnet_no_corr_auto_k_no_smote,mrmr_then_elasticnet_no_corr_auto_k_smote,0.7130952380952381,0.7096428571428571,-0.0034523809523809845,0.0829985717501959,0.070167842186414,-0.012830729563781895,0.6812698412698414,0.6917460317460317,0.010476190476190306,0.7852262705663919,0.7722606675419655,-0.012965603024426398,0.0820796871574087,0.0680627282651237,-0.014016958892284992,0.7310521224117368,0.7225702101053084,-0.008481912306428363,0.6669887955182074,0.6315126050420168,-0.03547619047619066,0.0676430223059318,0.0880020036307014,0.0203589813247696,0.6637168141592921,0.6283185840707964,-0.03539823008849563,0.6565079365079366,0.6254761904761904,-0.031031746031746188,0.0999170101590475,0.1203579736624751,0.020440963503427598,0.6468253968253967,0.6171428571428572,-0.029682539682539533,0.6886021142600091,0.6730158730158731,-0.01558624124413599,0.119664916252104,0.1194596045855668,-0.00020531166653720012,0.6666666666666666,0.6521739130434783,-0.01449275362318836,0.8149206349206348,0.7385714285714285,-0.07634920634920628,0.1305862124472959,0.1262414791608549,-0.004344733286440999,0.7936507936507936,0.7142857142857143,-0.0793650793650793,0.7275678443420379,0.6872039072039071,-0.0403639371381308,0.0494453330637244,0.0597962781786608,0.010350945114936401,0.7246376811594203,0.6818181818181818,-0.04281949934123852,0.498095238095238,0.5123809523809524,0.014285714285714401,0.2412242020325873,0.2344743723576566,-0.00674982967493068,0.5,0.52,0.020000000000000018,0.2985164192532613,0.2389773453240946,-0.059539073929166686,0.1997622346593727,0.2379646309489642,0.03820239628959149,0.3011067708333333,0.2372227579556413,-0.06388401287769202,0.2228979523671756,0.220261858515425,-0.0026360938517505927,8.0,8.0,0.0,35,35,0
ADC_Post1_Post2_T2,ADC,Post1,Post2,T2,mrmr_then_elasticnet_no_corr_auto_k,mrmr_then_elasticnet_no_corr,SVM_RBF,mrmr_then_elasticnet_no_corr_auto_k_no_smote,mrmr_then_elasticnet_no_corr_auto_k_smote,0.7183333333333334,0.7379761904761905,0.019642857142857073,0.0757187779440036,0.0741929365690204,-0.0015258413749831973,0.692063492063492,0.7087301587301587,0.016666666666666607,0.7755283784845572,0.7834802744147142,0.007951895930156994,0.0861995631392072,0.0989885702261207,0.01278900708691351,0.7322511668804104,0.7501413492803393,0.0178901823999289,0.658655462184874,0.6653221288515405,0.0066666666666664876,0.0645312375071675,0.0683454217483782,0.0038141842412107024,0.6548672566371682,0.6637168141592921,0.008849557522123908,0.6665873015873015,0.6737301587301587,0.0071428571428572285,0.0874711196624708,0.0991423285491806,0.011671208886709805,0.6450793650793651,0.6571428571428571,0.012063492063491998,0.7206349206349206,0.7287393162393162,0.008104395604395576,0.1685382444245556,0.154133901132792,-0.0144043432917636,0.6764705882352942,0.6923076923076923,0.015837104072398134,0.7617460317460318,0.7474603174603175,-0.014285714285714346,0.1510860990370967,0.1581118114599742,0.0070257124228775,0.7301587301587301,0.7142857142857143,-0.015873015873015817,0.7069841269841269,0.7073504273504272,0.000366300366300254,0.0479522732406329,0.0428292977664736,-0.005122975474159297,0.7022900763358778,0.703125,0.0008349236641221891,0.5714285714285714,0.6000000000000001,0.028571428571428692,0.261579885085186,0.2438123139721299,-0.017767571113056074,0.56,0.6,0.039999999999999925,0.3112332112332112,0.3246943115364168,0.013461100303205631,0.1639896689621366,0.1856826465588605,0.021692977596723895,0.2931836407377706,0.3155881415364998,0.022404500798729188,0.2219418812164596,0.2194538825466848,-0.00248799866977481,8.0,8.0,0.0,35,35,0
ADC_Post1_Post2_T2,ADC,Post1,Post2,T2,mrmr_then_elasticnet_no_corr_auto_k,mrmr_then_elasticnet_no_corr,XGBoost,mrmr_then_elasticnet_no_corr_auto_k_no_smote,mrmr_then_elasticnet_no_corr_auto_k_smote,0.6132539682539683,0.6042063492063491,-0.009047619047619193,0.1028602047359276,0.1011540862049511,-0.0017061185309764915,0.6311111111111111,0.6228571428571428,-0.008253968253968291,0.7088637264691819,0.7026138021197241,-0.006249924349457814,0.1397216131530338,0.1410961196990518,0.0013745065460180061,0.6835158849213485,0.691004852140453,0.007488967219104525,0.587170868347339,0.5682633053221288,-0.01890756302521024,0.1028904808571164,0.0765696073501166,-0.026320873506999798,0.5929203539823009,0.5752212389380531,-0.017699115044247815,0.5692063492063493,0.5455158730158731,-0.02369047619047615,0.133885289890564,0.1054792659028273,-0.0284060239877367,0.5874603174603175,0.5715873015873016,-0.015873015873015817,0.6216666666666666,0.6013986013986014,-0.02026806526806524,0.196468827043885,0.1669427351546804,-0.029526091889204603,0.6349206349206349,0.6229508196721312,-0.011969815248503712,0.6250793650793651,0.5917460317460318,-0.033333333333333326,0.1782855560077079,0.1494877454570244,-0.028797810550683506,0.6349206349206349,0.6031746031746031,-0.031746031746031744,0.6137706334802523,0.5910244130905684,-0.02274622038968388,0.1605777882478027,0.1428565740340558,-0.017721214213746894,0.6349206349206349,0.6129032258064516,-0.022017409114183262,0.5133333333333333,0.4992857142857143,-0.014047619047619031,0.2324746103221692,0.2139065428412483,-0.018568067480920908,0.54,0.54,0.0,0.1254291786644728,0.081363747703613,-0.04406543096085981,0.2528338060774676,0.200361321297251,-0.05247248478021657,0.1749206349206349,0.1425861523869744,-0.0323344825336605,0.3028150993133838,0.2973402834554345,-0.005474815857949289,8.0,8.0,0.0,35,35,0
ADC_Post1_Pre_T2,ADC,Post1,Pre,T2,corr_mrmr_auto_k,corr_mrmr,ExtraTrees,corr_mrmr_auto_k_no_smote,corr_mrmr_auto_k_smote,0.6634920634920635,0.6973015873015873,0.033809523809523845,0.1159830419138497,0.0568612992906148,-0.0591217426232349,0.672063492063492,0.680952380952381,0.008888888888888946,0.7545432041197427,0.7511195713228753,-0.003423632796867415,0.1355597904672533,0.1384201360669053,0.002860345599652009,0.7389379731838026,0.7225466175989825,-0.016391355584820078,0.6299439775910365,0.6531792717086835,0.02323529411764702,0.1481080921212623,0.0883863097875679,-0.059721782333694406,0.6194690265486725,0.6460176991150443,0.026548672566371723,0.6442460317460318,0.6660317460317461,0.021785714285714297,0.1495742256526566,0.0858906914883896,-0.063683534164267,0.6195238095238096,0.6453968253968254,0.025873015873015826,0.725,0.7353632478632479,0.010363247863247937,0.2260776661041756,0.180861774416143,-0.04521589168803258,0.6724137931034483,0.6949152542372882,0.022501461133839884,0.6396825396825396,0.6773015873015874,0.037619047619047774,0.1511357856338748,0.1195709133768524,-0.03156487225702241,0.6190476190476191,0.6507936507936508,0.031746031746031744,0.654392492039551,0.6784729344729344,0.024080442433383475,0.1440402961163777,0.0883703069938576,-0.055669989122520094,0.6446280991735537,0.6721311475409836,0.027503048367429894,0.6488095238095238,0.6547619047619048,0.005952380952380931,0.2579792394396483,0.2195129632688782,-0.038466276170770086,0.62,0.64,0.020000000000000018,0.2718027349961383,0.3130515683147262,0.04124883331858792,0.2876573337039478,0.1667299629592649,-0.1209273707446829,0.2366064414768264,0.2884130982367758,0.05180665675994939,0.2302723527903127,0.2291132087857599,-0.0011591440045528034,14.8,14.8,0.0,52,52,0
ADC_Post1_Pre_T2,ADC,Post1,Pre,T2,corr_mrmr_auto_k,corr_mrmr,GradientBoosting,corr_mrmr_auto_k_no_smote,corr_mrmr_auto_k_smote,0.7074603174603175,0.7143253968253968,0.006865079365079296,0.0942323381864777,0.0752432018895199,-0.018989136296957795,0.6601587301587302,0.6876190476190476,0.027460317460317407,0.7679557728175676,0.745537315501513,-0.02241845731605452,0.1215533740927689,0.1566819925387486,0.0351286184459797,0.7140246420227054,0.7533842733501488,0.039359631327443356,0.6259383753501401,0.628795518207283,0.0028571428571428914,0.0704876456380035,0.0661955702877769,-0.004292075350226604,0.6194690265486725,0.6194690265486725,0.0,0.638888888888889,0.629047619047619,-0.009841269841269984,0.0572771789900322,0.067084574501553,0.009807395511520801,0.6112698412698413,0.6298412698412699,0.018571428571428572,0.6731060606060606,0.6984126984126984,0.025306637806637777,0.1413929457420046,0.1328743043286355,-0.008518641413369082,0.6515151515151515,0.7083333333333334,0.05681818181818188,0.713015873015873,0.5395238095238095,-0.17349206349206348,0.1384738469849661,0.1287089211925802,-0.009764925792385887,0.6825396825396826,0.5396825396825397,-0.1428571428571429,0.6710683339648856,0.6044963086449154,-0.0665720253199702,0.0807909401284389,0.1242582516433837,0.04346731151494479,0.6666666666666666,0.6126126126126126,-0.05405405405405406,0.5647619047619048,0.7185714285714286,0.15380952380952384,0.1531113447796301,0.0677195765128807,-0.0853917682667494,0.54,0.72,0.17999999999999994,0.2627153501593591,0.2463136079019313,-0.016401742257427798,0.1159946592555754,0.1299138019772049,0.013919142721629502,0.2239258904328381,0.2518860662047728,0.027960175771934687,0.2319509419902234,0.2234092056695262,-0.008541736320697185,14.8,14.8,0.0,52,52,0
ADC_Post1_Pre_T2,ADC,Post1,Pre,T2,corr_mrmr_auto_k,corr_mrmr,KNN,corr_mrmr_auto_k_no_smote,corr_mrmr_auto_k_smote,0.6370436507936507,0.6797619047619048,0.04271825396825413,0.0582164496844095,0.0567618470579586,-0.0014546026264508974,0.6293650793650793,0.6753968253968254,0.04603174603174609,0.7127719745325738,0.741001019262924,0.02822904473035026,0.1059155706049206,0.0824379255089858,-0.023477645095934807,0.6738101824709358,0.7194492951767082,0.04563911270577237,0.6222268907563024,0.6349859943977592,0.012759103641456715,0.0795672500522239,0.0800017555849395,0.00043450553271559555,0.6106194690265486,0.6283185840707964,0.017699115044247815,0.6148412698412697,0.6443253968253968,0.029484126984127057,0.0828753856946912,0.076529874020123,-0.006345511674568205,0.5992063492063492,0.6336507936507937,0.0344444444444445,0.6657545825347683,0.7198412698412698,0.05408668730650157,0.1248756906009563,0.0916520637031876,-0.0332236268977687,0.6376811594202898,0.6981132075471698,0.06043204812687997,0.7292063492063492,0.6107936507936508,-0.11841269841269841,0.1630324870592812,0.1358247948848727,-0.027207692174408493,0.6984126984126984,0.5873015873015873,-0.11111111111111105,0.6718948336300951,0.644030044030044,-0.02786478960005101,0.0867007148875898,0.0725895253319176,-0.014111189555672199,0.6666666666666666,0.6379310344827587,-0.028735632183907955,0.5004761904761904,0.6778571428571428,0.17738095238095242,0.2488084985169123,0.1538684834658535,-0.09494001505105881,0.5,0.68,0.18000000000000005,0.2188652708117718,0.2752555128331525,0.05639024202138074,0.1659780425491505,0.1540317876838041,-0.011946254865346395,0.2009000321440051,0.2618973561430794,0.060997323999074315,0.2471549855987186,0.240448220493483,-0.006706765105235601,14.8,14.8,0.0,52,52,0
ADC_Post1_Pre_T2,ADC,Post1,Pre,T2,corr_mrmr_auto_k,corr_mrmr,LightGBM,corr_mrmr_auto_k_no_smote,corr_mrmr_auto_k_smote,0.6861111111111111,0.6778571428571429,-0.00825396825396818,0.1769104409209018,0.1513757353498522,-0.025534705571049615,0.68,0.7012698412698413,0.021269841269841216,0.750869906353409,0.742175505942042,-0.008694400411367043,0.1637553938316602,0.1782008898383694,0.014445496006709191,0.7400033803414146,0.7259737272805498,-0.014029653060864788,0.612703081232493,0.6767086834733893,0.06400560224089635,0.129569789048429,0.1581050471718091,0.02853525812338009,0.6017699115044248,0.6637168141592921,0.06194690265486724,0.6288095238095237,0.6929761904761904,0.0641666666666667,0.1375746436116692,0.1583874077212774,0.020812764109608195,0.6098412698412699,0.6695238095238095,0.05968253968253967,0.7070707070707071,0.761926961926962,0.054856254856254894,0.2422558337603437,0.2279072422191321,-0.014348591541211597,0.68,0.7358490566037735,0.055849056603773484,0.5552380952380952,0.6419047619047619,0.08666666666666667,0.1802419918081941,0.1975628784840423,0.01732088667584819,0.5396825396825397,0.6190476190476191,0.07936507936507942,0.6020317460317461,0.6775819735819736,0.07555022755022744,0.1736687956775444,0.1810339371414434,0.007365141463898994,0.6017699115044248,0.6724137931034483,0.07064388159902346,0.7023809523809523,0.7440476190476191,0.04166666666666674,0.183503322552359,0.1940147503567939,0.010511427804434925,0.68,0.72,0.039999999999999925,0.2353677621283255,0.3630050505050505,0.127637288376725,0.2665671758743496,0.3156898972300848,0.0491227213557352,0.213943422476426,0.3321928460342147,0.11824942355778867,0.2269409120606624,0.2359190906792689,0.008978178618606503,14.8,14.8,0.0,52,52,0
ADC_Post1_Pre_T2,ADC,Post1,Pre,T2,corr_mrmr_auto_k,corr_mrmr,LogisticRegression,corr_mrmr_auto_k_no_smote,corr_mrmr_auto_k_smote,0.6932142857142857,0.7012301587301588,0.008015873015873143,0.101832262941379,0.1043279854412673,0.002495722499888303,0.688888888888889,0.7003174603174603,0.011428571428571344,0.7556545492404625,0.7584358900596185,0.002781340819156042,0.03785370912344,0.0428575698927886,0.005003860769348598,0.7315560319341807,0.7351816648719385,0.00362563293775775,0.6611764705882354,0.661750700280112,0.0005742296918765932,0.10096582799979,0.1057123373812345,0.004746509381444511,0.6548672566371682,0.6548672566371682,0.0,0.669047619047619,0.661904761904762,-0.0071428571428570065,0.0872254357626886,0.1114363154727741,0.02421087971008551,0.6595238095238095,0.6553968253968254,-0.00412698412698409,0.7239393939393939,0.7129059829059828,-0.011033411033411045,0.044261100250769,0.072176640650707,0.027915540399938002,0.7222222222222222,0.7068965517241379,-0.01532567049808431,0.6519047619047619,0.6852380952380952,0.033333333333333326,0.1866545185551428,0.174332835449169,-0.012321683105973813,0.6190476190476191,0.6507936507936508,0.031746031746031744,0.6682419976537624,0.6828282828282828,0.01458628517452043,0.1150724799821005,0.1056917320064027,-0.009380747975697809,0.6666666666666666,0.6776859504132231,0.011019283746556474,0.6861904761904762,0.6385714285714286,-0.04761904761904767,0.1028218634382154,0.1627596477872996,0.0599377843490842,0.7,0.66,-0.039999999999999925,0.3290205665413132,0.3158249158249158,-0.013195650716397389,0.1821954340514297,0.2264972428786733,0.04430180882724358,0.3132304815334268,0.3076197957580519,-0.005610685775374935,0.2228125496663108,0.2209658023243604,-0.0018467473419504221,14.8,14.8,0.0,52,52,0
ADC_Post1_Pre_T2,ADC,Post1,Pre,T2,corr_mrmr_auto_k,corr_mrmr,NaiveBayes,corr_mrmr_auto_k_no_smote,corr_mrmr_auto_k_smote,0.6615873015873015,0.6447619047619046,-0.016825396825396854,0.0848406387788905,0.0715300865928586,-0.013310552186031901,0.6365079365079365,0.6276190476190476,-0.008888888888888835,0.7353352515722411,0.7171964814824906,-0.01813877008975051,0.0654599508160793,0.0955914676463867,0.03013151683030739,0.6963351533552864,0.6826030305538908,-0.013732122801395574,0.5652240896358542,0.5416946778711484,-0.0235294117647058,0.1197371659645089,0.0996609722727305,-0.02007619369177839,0.5663716814159292,0.5486725663716814,-0.017699115044247815,0.5415079365079365,0.5192857142857144,-0.022222222222222143,0.1398901775636359,0.1188701322436891,-0.021020045319946792,0.5326984126984127,0.5168253968253969,-0.015873015873015817,0.5994635798983625,0.5827969132316959,-0.016666666666666607,0.1120144804686076,0.0929541514710806,-0.019060328997526993,0.5777777777777777,0.5681818181818182,-0.009595959595959491,0.8253968253968254,0.7809523809523811,-0.04444444444444429,0.1758970816151754,0.2301094638021603,0.0542123821869849,0.8253968253968254,0.7936507936507936,-0.031746031746031744,0.6739483376499159,0.6394385337283472,-0.03450980392156866,0.0755106182055486,0.090892719820374,0.015382101614825408,0.6797385620915033,0.6622516556291391,-0.01748690646236417,0.2576190476190476,0.2576190476190476,0.0,0.2659104925020367,0.2659104925020367,0.0,0.24,0.24,0.0,0.084925861079787,0.04026247848537,-0.044663382594417,0.2812113774200475,0.2401717361227838,-0.041039641297263674,0.0692553370314339,0.0354811715481171,-0.0337741654833168,0.4141862612396795,0.4066931872016676,-0.007493074038011915,14.8,14.8,0.0,52,52,0
ADC_Post1_Pre_T2,ADC,Post1,Pre,T2,corr_mrmr_auto_k,corr_mrmr,RandomForest,corr_mrmr_auto_k_no_smote,corr_mrmr_auto_k_smote,0.6923809523809523,0.7024206349206349,0.01003968253968257,0.1720276129639397,0.119963172521407,-0.05206444044253271,0.6784126984126985,0.6784126984126984,-1.1102230246251565e-16,0.7754364418614557,0.7675989858117851,-0.007837456049670566,0.1920827410018553,0.162726793990601,-0.029355947011254296,0.7246900091688939,0.7266193407176091,0.0019293315487152185,0.641610644257703,0.6582773109243698,0.01666666666666683,0.1471151579440349,0.1342893368790663,-0.012825821064968601,0.6283185840707964,0.6460176991150443,0.017699115044247815,0.6552777777777777,0.6693650793650793,0.014087301587301537,0.1424867110890929,0.1291573461148438,-0.01332936497424908,0.6253968253968254,0.6453968253968254,0.020000000000000018,0.7133333333333334,0.7165567765567766,0.0032234432234432564,0.2133463537693266,0.1918422974913609,-0.0215040562779657,0.6721311475409836,0.6949152542372882,0.022784106696304596,0.6650793650793652,0.6706349206349207,0.005555555555555536,0.1399528409216325,0.1510440694285909,0.0110912285069584,0.6507936507936508,0.6507936507936508,0.0,0.6699806076276664,0.6781719683824947,0.008191360754828292,0.1476590553554367,0.1459777889298308,-0.0016812664256058985,0.6612903225806451,0.6721311475409836,0.010840824960338447,0.6454761904761904,0.6680952380952381,0.02261904761904765,0.2317345615774187,0.1773040741040023,-0.05443048747341639,0.6,0.64,0.040000000000000036,0.2938115847736509,0.3224673806708261,0.028655795897175207,0.27425280057264,0.2538428071937605,-0.0204099933788795,0.2497628833386026,0.2884130982367758,0.03865021489817319,0.2275445090981128,0.2280420371871723,0.0004975280890595069,14.8,14.8,0.0,52,52,0
ADC_Post1_Pre_T2,ADC,Post1,Pre,T2,corr_mrmr_auto_k,corr_mrmr,SVM_Linear,corr_mrmr_auto_k_no_smote,corr_mrmr_auto_k_smote,0.7002380952380951,0.7094841269841269,0.00924603174603178,0.0947013978212946,0.0814258639978131,-0.013275533823481497,0.6790476190476191,0.6955555555555556,0.01650793650793647,0.7520544894882393,0.756108152438445,0.004053662950205705,0.1256264360670516,0.1279229404961895,0.0022965044291378967,0.7114541476571958,0.7161935390698557,0.004739391412659888,0.6722268907563025,0.6656582633053222,-0.006568627450980302,0.0909666140510327,0.0912006555505427,0.00023404149951000708,0.6637168141592921,0.6548672566371682,-0.008849557522123908,0.6759126984126984,0.687420634920635,0.011507936507936578,0.0914702423775884,0.0780975770716969,-0.013372665305891498,0.6447619047619048,0.6574603174603175,0.012698412698412764,0.6836007130124778,0.7410256410256411,0.057424928013163234,0.1044143418505264,0.1284836717715526,0.0240693299210262,0.6623376623376623,0.7142857142857143,0.051948051948051965,0.8396825396825397,0.6622222222222222,-0.17746031746031754,0.1565243560078863,0.1390621141969957,-0.017462241810890594,0.8095238095238095,0.6349206349206349,-0.17460317460317465,0.736183908045977,0.6818658882085992,-0.05431801983737783,0.0668641703830584,0.0867884372293106,0.01992426684625219,0.7285714285714285,0.6722689075630253,-0.05630252100840327,0.5121428571428571,0.7126190476190476,0.20047619047619047,0.145277902429242,0.1246982753046151,-0.020579627124626895,0.48,0.68,0.20000000000000007,0.3383920187793426,0.352189269766585,0.013797250987242382,0.1895258427624867,0.1672041079620663,-0.022321734800420406,0.2981366459627329,0.3104365514004068,0.012299905437673897,0.2276164482444265,0.2221507733159264,-0.005465674928500114,14.8,14.8,0.0,52,52,0
ADC_Post1_Pre_T2,ADC,Post1,Pre,T2,corr_mrmr_auto_k,corr_mrmr,SVM_RBF,corr_mrmr_auto_k_no_smote,corr_mrmr_auto_k_smote,0.7149603174603174,0.697936507936508,-0.01702380952380944,0.1175504801959816,0.1138512464754386,-0.0036992337205430104,0.6666666666666665,0.6822222222222223,0.015555555555555767,0.783412728396771,0.7606628629698822,-0.022749865426888838,0.1032426583957236,0.1345590840939063,0.0313164256981827,0.7063307260552725,0.7042380791427236,-0.0020926469125488456,0.6321288515406163,0.6630812324929971,0.030952380952380842,0.0801796251751716,0.1003731240086526,0.020193498833480997,0.6283185840707964,0.6637168141592921,0.03539823008849563,0.6261904761904761,0.6643650793650794,0.038174603174603305,0.094153881432275,0.113351116829835,0.019197235397559992,0.6088888888888889,0.6592063492063491,0.050317460317460205,0.6467948717948717,0.7122710622710622,0.06547619047619047,0.0739308519795675,0.1156987409651632,0.04176788898559569,0.6363636363636364,0.6984126984126984,0.06204906204906202,0.8119047619047619,0.7163492063492064,-0.0955555555555555,0.1556769853226008,0.1271601953974781,-0.028516789925122688,0.7777777777777778,0.6984126984126984,-0.07936507936507942,0.7056022408963585,0.7001508295625942,-0.005451411333764256,0.0566519252894435,0.0784568933997945,0.021804968110351,0.7,0.6984126984126984,-0.0015873015873015817,0.4404761904761905,0.6123809523809525,0.17190476190476195,0.112183037994188,0.1922146853410815,0.0800316473468935,0.44,0.62,0.18,0.2461637653127014,0.3163968606746444,0.070233095361943,0.1892561305014271,0.2273305309219274,0.03807440042050031,0.2242562929061785,0.3184126984126983,0.09415640550651982,0.2268922280693066,0.2238610504171591,-0.0030311776521474987,14.8,14.8,0.0,52,52,0
ADC_Post1_Pre_T2,ADC,Post1,Pre,T2,corr_mrmr_auto_k,corr_mrmr,XGBoost,corr_mrmr_auto_k_no_smote,corr_mrmr_auto_k_smote,0.695515873015873,0.6826190476190476,-0.012896825396825462,0.1384499640382837,0.1317365649687308,-0.0067133990695529,0.6634920634920635,0.6819047619047618,0.018412698412698325,0.7623688711054344,0.7558092004026757,-0.0065596707027586465,0.1551444206616031,0.1521374493022093,-0.0030069713593938174,0.7163995668228171,0.7207284714725959,0.004328904649778753,0.6499439775910364,0.6499439775910364,0.0,0.1183423614553366,0.1183423614553366,0.0,0.6371681415929203,0.6371681415929203,0.0,0.6665079365079365,0.662063492063492,-0.004444444444444473,0.1250876739646179,0.1242104314963803,-0.0008772424682376018,0.6395238095238096,0.6415873015873016,0.0020634920634919895,0.7127272727272727,0.7066666666666667,-0.006060606060605989,0.2060730834012034,0.1922215587285586,-0.013851524672644805,0.6964285714285714,0.7037037037037037,0.007275132275132323,0.6363492063492063,0.6141269841269842,-0.022222222222222143,0.1738891605628415,0.1590903848976845,-0.014798775665156999,0.6190476190476191,0.6031746031746031,-0.015873015873015928,0.6565162907268169,0.6496839925901711,-0.006832298136645876,0.1545364302744927,0.1557397708177699,0.0012033405432771982,0.6554621848739496,0.6495726495726496,-0.005889535301299986,0.6966666666666667,0.7100000000000001,0.01333333333333342,0.1674647558277396,0.1190704739966117,-0.048394281831127886,0.66,0.68,0.020000000000000018,0.3068775471140605,0.3016981168513895,-0.0051794302626710365,0.2410819189220965,0.2406004899346902,-0.0004814289874063016,0.2750743232670943,0.2780115318684742,0.002937208601379915,0.2538279367366598,0.2614899930344978,0.007662056297838005,14.8,14.8,0.0,52,52,0
ADC_Post1_Pre_T2,ADC,Post1,Pre,T2,elasticnet_then_mrmr_auto_k,elasticnet_then_mrmr,ExtraTrees,elasticnet_then_mrmr_auto_k_no_smote,elasticnet_then_mrmr_auto_k_smote,0.7277777777777779,0.7294841269841269,0.0017063492063490449,0.0677793576262846,0.0688550498412203,0.0010756922149356973,0.6952380952380952,0.6949206349206349,-0.0003174603174602719,0.7870991238887082,0.7803645039595288,-0.006734619929179342,0.1178990824862902,0.1225671472890121,0.0046680648027218885,0.732584823006682,0.7636084912400665,0.031023668233384427,0.6732773109243697,0.6761344537815125,0.0028571428571427804,0.0802203631984316,0.0845652000425878,0.004344836844156208,0.6637168141592921,0.6637168141592921,0.0,0.6948412698412699,0.6935714285714287,-0.0012698412698411987,0.0752488104351642,0.082371012031411,0.0071222015962468105,0.6674603174603174,0.6695238095238095,0.0020634920634921006,0.7463492063492063,0.7463492063492063,0.0,0.1537550479315209,0.1537550479315209,0.0,0.7272727272727273,0.7358490566037735,0.00857632933104624,0.662063492063492,0.6452380952380952,-0.016825396825396854,0.1396522333645211,0.162332146771782,0.022679913407260915,0.6349206349206349,0.6190476190476191,-0.015873015873015817,0.6836753635380637,0.6754011096116359,-0.008274253926427777,0.0960094952299285,0.1193850087231179,0.023375513493189407,0.6779661016949152,0.6724137931034483,-0.005552308591466937,0.7276190476190476,0.741904761904762,0.014285714285714346,0.131609606166777,0.1169394284746286,-0.0146701776921484,0.7,0.72,0.020000000000000018,0.3619804723578309,0.3613168313168313,-0.0006636410409995852,0.1548351280870862,0.16435817143931,0.009523043352223814,0.3294815740162398,0.3321928460342147,0.002711272017974886,0.2276175785339898,0.2279215976536381,0.00030401911964828,9.6,9.6,0.0,33,33,0
ADC_Post1_Pre_T2,ADC,Post1,Pre,T2,elasticnet_then_mrmr_auto_k,elasticnet_then_mrmr,GradientBoosting,elasticnet_then_mrmr_auto_k_no_smote,elasticnet_then_mrmr_auto_k_smote,0.7036507936507937,0.643968253968254,-0.05968253968253978,0.1007021832197069,0.1503345978397327,0.04963241462002578,0.6923809523809524,0.6534920634920636,-0.03888888888888886,0.7361887741623006,0.7286798576011827,-0.007508916561117851,0.1628596872833478,0.1707032128693316,0.007843525585983807,0.7345543237149015,0.727882032505955,-0.006672291208946524,0.6731792717086835,0.6649439775910364,-0.008235294117647118,0.0806671625368018,0.0906209177985414,0.009953755261739597,0.6637168141592921,0.6548672566371682,-0.008849557522123908,0.6771031746031746,0.6746825396825397,-0.0024206349206349342,0.0766918441027274,0.0998665019722597,0.023174657869532295,0.6633333333333333,0.6615873015873015,-0.0017460317460318286,0.7141658341658342,0.7187301587301588,0.00456432456432454,0.1578699680858469,0.1665181500037615,0.008648181917914582,0.711864406779661,0.7307692307692307,0.01890482398956972,0.6849206349206349,0.6131746031746032,-0.07174603174603178,0.1577269887274878,0.1989374647732311,0.041210476045743294,0.6666666666666666,0.6031746031746031,-0.06349206349206349,0.6852340252340252,0.6499345945031771,-0.03529943073084807,0.1228881217326891,0.1608105686635141,0.037922446930824985,0.6885245901639344,0.6608695652173913,-0.02765502494654315,0.6692857142857143,0.7361904761904762,0.06690476190476191,0.1201340898599779,0.0866535835232159,-0.033480506336762,0.66,0.72,0.05999999999999994,0.3392646904871194,0.3264527833886921,-0.012811907098427278,0.1509644824917286,0.1988401020608959,0.04787561956916728,0.323992443324937,0.3160018624864193,-0.007990580838517669,0.230898026823985,0.2467315848235892,0.015833557999604203,9.6,9.6,0.0,33,33,0
ADC_Post1_Pre_T2,ADC,Post1,Pre,T2,elasticnet_then_mrmr_auto_k,elasticnet_then_mrmr,KNN,elasticnet_then_mrmr_auto_k_no_smote,elasticnet_then_mrmr_auto_k_smote,0.6898015873015874,0.6916865079365079,0.0018849206349205172,0.0455242965593481,0.0629660877464786,0.017441791187130504,0.6733333333333332,0.6765079365079365,0.0031746031746032743,0.7140604690982842,0.7259107149128703,0.011850245814586047,0.1288339755994273,0.1457000141109525,0.01686603851152521,0.7155376229224641,0.6938361326665834,-0.02170149025588075,0.6366946778711485,0.6425070028011205,0.005812324929971968,0.0854679182107076,0.057678600229619,-0.027789317981088593,0.6371681415929203,0.6371681415929203,0.0,0.6508333333333334,0.6612301587301588,0.010396825396825404,0.0723460041637969,0.0467896689094299,-0.025556335254367,0.6209523809523809,0.6312698412698412,0.01031746031746028,0.67993783993784,0.6998907525223315,0.0199529125844915,0.1715108447633785,0.1448087205649873,-0.026702124198391186,0.6486486486486487,0.671875,0.023226351351351315,0.7871428571428571,0.7126984126984126,-0.07444444444444454,0.129023699925065,0.1811472078436458,0.05212350791858081,0.7619047619047619,0.6825396825396826,-0.0793650793650793,0.7008939974457216,0.6758227723744965,-0.025071225071225056,0.0714250421404229,0.0776839636877172,0.006258921547294294,0.7007299270072993,0.6771653543307087,-0.023564572676590623,0.5145238095238095,0.6097619047619047,0.09523809523809523,0.2412157416372435,0.1808715358248924,-0.06034420581235109,0.48,0.58,0.09999999999999998,0.2830821306353221,0.2987288496782167,0.015646719042894608,0.1316535917562493,0.0844440696682245,-0.0472095220880248,0.2475231443885008,0.2630825512963257,0.015559406907824896,0.2295212040621531,0.2330912979153197,0.003570093853166617,9.6,9.6,0.0,33,33,0
ADC_Post1_Pre_T2,ADC,Post1,Pre,T2,elasticnet_then_mrmr_auto_k,elasticnet_then_mrmr,LightGBM,elasticnet_then_mrmr_auto_k_no_smote,elasticnet_then_mrmr_auto_k_smote,0.6780555555555555,0.655079365079365,-0.022976190476190483,0.1205517152486131,0.1224165251040222,0.0018648098554090997,0.629047619047619,0.6315873015873016,0.0025396825396826195,0.7364347904440984,0.7160889893058566,-0.020345801138241804,0.1388044415513489,0.1697093030128354,0.030904861461486494,0.6959280461435915,0.693791498696035,-0.002136547447556536,0.6488935574229691,0.5943697478991596,-0.05452380952380942,0.0822662465986256,0.1103715889938329,0.028105342395207303,0.6371681415929203,0.584070796460177,-0.053097345132743334,0.6551587301587302,0.586626984126984,-0.06853174603174617,0.0935781262328257,0.1261557554310141,0.03257762919818839,0.6436507936507936,0.5898412698412698,-0.05380952380952375,0.6998412698412698,0.6090909090909091,-0.09075036075036069,0.1584222410205947,0.2340700687006442,0.07564782768004949,0.7115384615384616,0.6538461538461539,-0.05769230769230771,0.5941269841269842,0.543015873015873,-0.05111111111111122,0.176504510643926,0.2566458061042092,0.08014129546028317,0.5873015873015873,0.5396825396825397,-0.04761904761904767,0.6346053293112117,0.5642661361626878,-0.07033919314852388,0.1534119073154535,0.2317183654975949,0.07830645818214138,0.6434782608695652,0.591304347826087,-0.05217391304347818,0.7161904761904763,0.6302380952380953,-0.085952380952381,0.0809719864214409,0.0981507009180421,0.01717871449660119,0.7,0.64,-0.05999999999999994,0.2905014144961467,0.1610232643453709,-0.1294781501507758,0.1783646657727701,0.2563208792834842,0.07795621351071408,0.2809250349216204,0.1756945522272234,-0.105230482694397,0.2740726190628116,0.2906562435551176,0.016583624492305993,9.6,9.6,0.0,33,33,0
ADC_Post1_Pre_T2,ADC,Post1,Pre,T2,elasticnet_then_mrmr_auto_k,elasticnet_then_mrmr,LogisticRegression,elasticnet_then_mrmr_auto_k_no_smote,elasticnet_then_mrmr_auto_k_smote,0.7330952380952382,0.7319444444444445,-0.0011507936507937355,0.0899306863349279,0.0832647109748564,-0.006665975360071505,0.7187301587301588,0.7247619047619047,0.006031746031745944,0.8014173186211737,0.7990859319518099,-0.002331386669363833,0.1200364895398641,0.1201537496853473,0.00011726014548320285,0.7856941017231256,0.7932952762972552,0.0076011745741295655,0.6554201680672269,0.6887535014005602,0.033333333333333326,0.1038334167487829,0.0697458123499593,-0.03408760439882359,0.6460176991150443,0.6814159292035398,0.03539823008849552,0.6765079365079366,0.7062698412698414,0.029761904761904767,0.1145046954096166,0.0763764265241351,-0.0381282688854815,0.6495238095238096,0.6895238095238095,0.039999999999999925,0.7354248366013072,0.777063492063492,0.041638655462184815,0.2153581977011793,0.1600879230582229,-0.05527027464295642,0.7090909090909091,0.7647058823529411,0.05561497326203202,0.6387301587301588,0.6387301587301588,0.0,0.1903772229665077,0.1903772229665077,0.0,0.6190476190476191,0.6190476190476191,0.0,0.6588158552302795,0.6778596106634873,0.0190437554332078,0.1434923461900946,0.1197553971545553,-0.0237369490355393,0.6610169491525424,0.6842105263157895,0.023193577163247103,0.7142857142857143,0.7738095238095238,0.059523809523809534,0.2030102261646877,0.1614840472172682,-0.0415261789474195,0.68,0.76,0.07999999999999996,0.3216749916749917,0.3828619142051978,0.06118692253020608,0.2192441128387136,0.1484857213569571,-0.0707583914817565,0.2941911305434103,0.3698884758364312,0.07569734529302091,0.2128114536388771,0.2113556017439714,-0.001455851894905713,9.6,9.6,0.0,33,33,0
ADC_Post1_Pre_T2,ADC,Post1,Pre,T2,elasticnet_then_mrmr_auto_k,elasticnet_then_mrmr,NaiveBayes,elasticnet_then_mrmr_auto_k_no_smote,elasticnet_then_mrmr_auto_k_smote,0.6973809523809524,0.6917460317460318,-0.005634920634920659,0.069113998379365,0.064000641688645,-0.0051133566907199945,0.633015873015873,0.6292063492063492,-0.003809523809523818,0.7745065232105324,0.7659426986908253,-0.008563824519707053,0.0815977216007015,0.0808854755504608,-0.0007122460502407002,0.6933503357798094,0.6899580955880664,-0.003392240191743001,0.5457422969187676,0.5469327731092438,0.0011904761904761862,0.0604114472135594,0.0632441016787106,0.0028326544651511992,0.5486725663716814,0.5486725663716814,0.0,0.5243253968253968,0.5271031746031747,0.002777777777777879,0.1019005277763491,0.1058554041656866,0.003954876389337503,0.518888888888889,0.520952380952381,0.0020634920634919895,0.576934046345811,0.5784523809523809,0.0015183346065699155,0.0828297844544122,0.0760642555676231,-0.006765528886789107,0.5697674418604651,0.5714285714285714,0.0016611295681062677,0.7974603174603174,0.7863492063492064,-0.011111111111111072,0.1363328519119879,0.1482801377263391,0.0119472858143512,0.7777777777777778,0.7619047619047619,-0.015873015873015928,0.6557905920989086,0.6523375745282438,-0.0034530175706647404,0.0396675355466757,0.043793327613943,0.004125792067267299,0.6577181208053692,0.6530612244897959,-0.004656896315573311,0.2511904761904762,0.2678571428571429,0.01666666666666672,0.1725328191856411,0.1675148485651225,-0.0050179706205185914,0.26,0.28,0.020000000000000018,0.0421477027443724,0.0474822695035461,0.005334566759173702,0.2099755515371533,0.2179515361013295,0.007975984564176197,0.0396600566572237,0.043802887008462,0.0041428303512383025,0.3681707654695387,0.3608506645092604,-0.007320100960278297,9.6,9.6,0.0,33,33,0
ADC_Post1_Pre_T2,ADC,Post1,Pre,T2,elasticnet_then_mrmr_auto_k,elasticnet_then_mrmr,RandomForest,elasticnet_then_mrmr_auto_k_no_smote,elasticnet_then_mrmr_auto_k_smote,0.7255952380952382,0.7327777777777778,0.007182539682539568,0.1134645876387085,0.0942794343480734,-0.019185153290635096,0.7320634920634921,0.7263492063492063,-0.005714285714285783,0.7814205665001588,0.7874116619636854,0.005991095463526608,0.1393436632061329,0.1319337606763328,-0.007409902529800089,0.7715027720211615,0.7708212321958339,-0.0006815398253275928,0.678655462184874,0.6631792717086835,-0.015476190476190532,0.074171392464648,0.0631022000965385,-0.011069192368109507,0.672566371681416,0.6548672566371682,-0.017699115044247815,0.6809920634920635,0.6659126984126985,-0.015079365079365026,0.0827715759596739,0.0686393696339354,-0.0141322063257385,0.6733333333333333,0.6595238095238095,-0.013809523809523827,0.7161616161616162,0.7151981351981352,-0.0009634809634809782,0.1595959595959596,0.144586601161225,-0.01500935843473461,0.7241379310344828,0.7222222222222222,-0.0019157088122605526,0.6784126984126985,0.6339682539682541,-0.0444444444444444,0.1801083070476586,0.1704073048137538,-0.009701002233904799,0.6666666666666666,0.6190476190476191,-0.04761904761904756,0.6841358627928501,0.6593064713064714,-0.02482939148637875,0.136464649579714,0.1254488191402266,-0.011015830439487395,0.6942148760330579,0.6666666666666666,-0.02754820936639124,0.6835714285714285,0.6978571428571428,0.014285714285714346,0.1115912528370865,0.1100257648655094,-0.0015654879715771008,0.68,0.7,0.019999999999999907,0.3446657088573806,0.315244509570573,-0.029421199286807642,0.1609367594551364,0.1321703085768398,-0.0287664508782966,0.3431264728986646,0.3132304815334268,-0.029895991365237795,0.2088919675746489,0.2142752734052594,0.005383305830610502,9.6,9.6,0.0,33,33,0
ADC_Post1_Pre_T2,ADC,Post1,Pre,T2,elasticnet_then_mrmr_auto_k,elasticnet_then_mrmr,SVM_Linear,elasticnet_then_mrmr_auto_k_no_smote,elasticnet_then_mrmr_auto_k_smote,0.7671428571428571,0.7633333333333333,-0.003809523809523818,0.0632870698673597,0.0648746295642488,0.0015875596968891043,0.725079365079365,0.7336507936507937,0.008571428571428674,0.818654977046231,0.8158325429437625,-0.0028224341024685184,0.116883896575042,0.11799663395276,0.0011127373777179983,0.7954687364473012,0.7948027131179825,-0.0006660233293187545,0.6729411764705883,0.6407983193277311,-0.03214285714285714,0.0744958707302836,0.0843176060229117,0.0098217352926281,0.672566371681416,0.6371681415929203,-0.03539823008849563,0.7020238095238096,0.6626190476190477,-0.03940476190476194,0.0691857312377595,0.0997541699972828,0.030568438759523295,0.6671428571428571,0.6415873015873016,-0.025555555555555554,0.7426767676767676,0.7305555555555555,-0.012121212121212088,0.1789768162216044,0.2040485296911884,0.02507171346958398,0.703125,0.7037037037037037,0.0005787037037037202,0.7433333333333334,0.6133333333333333,-0.13000000000000012,0.1619480178755737,0.1656114745234374,0.0036634566478637165,0.7142857142857143,0.6031746031746031,-0.11111111111111116,0.7087404549473516,0.6432292853345485,-0.06551116961280312,0.0712388499258581,0.1209224762958259,0.0496836263699678,0.7086614173228346,0.6495726495726496,-0.05908876775018501,0.6607142857142858,0.7119047619047619,0.05119047619047612,0.2278759259810552,0.2223865605492498,-0.005489365431805393,0.62,0.68,0.06000000000000005,0.3706183645583201,0.2937760155561632,-0.07684234900215692,0.1319918925816228,0.1824336901983916,0.050441797616768785,0.3349769365357086,0.2780115318684742,-0.056965404667234376,0.2118192135364878,0.2087740581506758,-0.003045155385812015,9.6,9.6,0.0,33,33,0
ADC_Post1_Pre_T2,ADC,Post1,Pre,T2,elasticnet_then_mrmr_auto_k,elasticnet_then_mrmr,SVM_RBF,elasticnet_then_mrmr_auto_k_no_smote,elasticnet_then_mrmr_auto_k_smote,0.7452380952380953,0.7385714285714287,-0.006666666666666599,0.0613318010587789,0.0608018354140755,-0.0005299656447033951,0.7187301587301587,0.720952380952381,0.0022222222222223476,0.816403896393707,0.8132365286307511,-0.003167367762955897,0.0982023330280246,0.0991192433223313,0.000916910294306697,0.796226086870546,0.7886979537067107,-0.007528133163835271,0.6703221288515406,0.6752240896358543,0.004901960784313708,0.0726948557472601,0.0288467266387164,-0.0438481291085437,0.6637168141592921,0.672566371681416,0.008849557522123908,0.6951984126984128,0.695515873015873,0.0003174603174602719,0.0729494608254171,0.0471958042683793,-0.025753656557037805,0.6592063492063491,0.6753968253968254,0.01619047619047631,0.741010101010101,0.754090909090909,0.013080808080808026,0.1921875847920176,0.1702234797489795,-0.021964105043038112,0.6984126984126984,0.7321428571428571,0.03373015873015872,0.7296825396825397,0.6707936507936508,-0.05888888888888888,0.1558739857080357,0.1206875407376089,-0.035186444970426806,0.6984126984126984,0.6507936507936508,-0.04761904761904756,0.7020000000000001,0.687844611528822,-0.014155388471178032,0.0828277999493192,0.0647524182783276,-0.018075381670991597,0.6984126984126984,0.6890756302521008,-0.00933706816059754,0.6607142857142858,0.7202380952380952,0.05952380952380942,0.2278759259810552,0.1758523138351586,-0.0520236121458966,0.62,0.7,0.07999999999999996,0.358225352112676,0.359006205062543,0.0007808529498670169,0.1334678300687106,0.0665306885080685,-0.06693714156064211,0.3184126984126983,0.3457987795337193,0.027386081121020978,0.2151159191746737,0.2107487770581731,-0.004367142116500605,9.6,9.6,0.0,33,33,0
ADC_Post1_Pre_T2,ADC,Post1,Pre,T2,elasticnet_then_mrmr_auto_k,elasticnet_then_mrmr,XGBoost,elasticnet_then_mrmr_auto_k_no_smote,elasticnet_then_mrmr_auto_k_smote,0.6838492063492063,0.6926190476190476,0.008769841269841261,0.1170329257915257,0.0682731608305629,-0.048759764960962806,0.7073015873015873,0.6895238095238094,-0.017777777777777892,0.7565513320668136,0.7614130782068105,0.004861746139996903,0.1460541314099695,0.1353453793739847,-0.010708752035984814,0.7659876957050842,0.7558511252474156,-0.010136570457668581,0.6418907563025211,0.6717927170868349,0.02990196078431373,0.1130995905884288,0.0315535805806157,-0.08154601000781311,0.6371681415929203,0.672566371681416,0.03539823008849563,0.6513095238095238,0.6716666666666666,0.02035714285714285,0.1120297624494366,0.0492585488613747,-0.0627712135880619,0.6312698412698412,0.6774603174603174,0.046190476190476226,0.6893251846193023,0.7285048285048286,0.039179643885526305,0.1904105124195793,0.1249588175529704,-0.06545169486660889,0.671875,0.7407407407407407,0.0688657407407407,0.6928571428571428,0.6395238095238096,-0.05333333333333323,0.150868820027993,0.1423592735349575,-0.008509546493035508,0.6825396825396826,0.6349206349206349,-0.04761904761904767,0.6742030806459118,0.6698948353877359,-0.004308245258175969,0.131638910189133,0.1033422159331625,-0.028296694255970506,0.6771653543307087,0.6837606837606838,0.006595329429975094,0.6097619047619047,0.7038095238095238,0.09404761904761905,0.1808715358248924,0.1337883392822078,-0.04708319654268461,0.58,0.72,0.14,0.2858365586626455,0.3268887028890593,0.04105214422641379,0.2117865116308549,0.0809046294526552,-0.1308818821781997,0.2630825512963257,0.3484494311983792,0.0853668799020535,0.2319016390018672,0.2406887243517749,0.008787085349907714,9.6,9.6,0.0,33,33,0
ADC_Post1_Pre_T2,ADC,Post1,Pre,T2,mrmr_then_elasticnet_no_corr_auto_k,mrmr_then_elasticnet_no_corr,ExtraTrees,mrmr_then_elasticnet_no_corr_auto_k_no_smote,mrmr_then_elasticnet_no_corr_auto_k_smote,0.7813888888888888,0.7470238095238095,-0.034365079365079265,0.0653864705163155,0.0666028606223779,0.0012163901060623927,0.6714285714285715,0.6634920634920635,-0.00793650793650802,0.8284023337341992,0.7915778059037374,-0.03682452783046186,0.1169101234519143,0.138956664722902,0.022046541270987693,0.7653158187623101,0.7303385577194406,-0.03497726104286958,0.6036974789915966,0.58703081232493,-0.016666666666666607,0.0451325267857679,0.0323895532954197,-0.012742973490348204,0.6017699115044248,0.584070796460177,-0.017699115044247815,0.6368253968253968,0.6201587301587301,-0.01666666666666672,0.0307076199649257,0.0325478116055814,0.0018401916406557,0.6057142857142856,0.5836507936507936,-0.022063492063492007,0.7228282828282828,0.6971139971139971,-0.02571428571428569,0.1658272094732758,0.1769677578964692,0.011140548423193397,0.6666666666666666,0.6379310344827587,-0.028735632183907955,0.6188888888888889,0.6355555555555557,0.01666666666666672,0.2006040261526223,0.2004193135268352,-0.00018471262578709235,0.5714285714285714,0.5873015873015873,0.015873015873015928,0.6175832862789384,0.6133874820831343,-0.00419580419580412,0.0658616782785839,0.0651964908081847,-0.0006651874703992033,0.6153846153846154,0.6115702479338843,-0.00381436745073116,0.6547619047619048,0.6047619047619047,-0.050000000000000044,0.2195129632688782,0.2205949489885803,0.001081985719702111,0.64,0.58,-0.06000000000000005,0.2487131968599722,0.2153798635266389,-0.0333333333333333,0.0660257408988153,0.056236113611491,-0.009789627287324298,0.2075736325385693,0.1655930871956009,-0.04198054534296841,0.2242533050550703,0.2254300196727192,0.0011767146176488996,11.6,11.6,0.0,49,49,0
ADC_Post1_Pre_T2,ADC,Post1,Pre,T2,mrmr_then_elasticnet_no_corr_auto_k,mrmr_then_elasticnet_no_corr,GradientBoosting,mrmr_then_elasticnet_no_corr_auto_k_no_smote,mrmr_then_elasticnet_no_corr_auto_k_smote,0.7113492063492064,0.6897222222222223,-0.02162698412698405,0.0891194572010033,0.0442723425224063,-0.044847114678597,0.6812698412698411,0.6641269841269841,-0.017142857142857015,0.7742448411730359,0.7530182104670057,-0.02122663070603026,0.144869194301148,0.1328874008924778,-0.0119817934086702,0.7508172835163291,0.7438144992817233,-0.007002784234605874,0.611218487394958,0.6134593837535014,0.0022408963585434094,0.0846873775601896,0.0785938992319189,-0.006093478328270702,0.6106194690265486,0.6106194690265486,0.0,0.6211507936507937,0.6173015873015872,-0.003849206349206491,0.0983761772992583,0.0993217107040709,0.0009455334048126124,0.6074603174603175,0.6157142857142857,0.00825396825396818,0.6782828282828283,0.6796536796536797,0.001370851370851467,0.2191220854170538,0.2113910926147159,-0.00773099280233791,0.6557377049180327,0.6792452830188679,0.023507578100835147,0.6506349206349207,0.5750793650793651,-0.0755555555555556,0.1981524642616652,0.1684272842000017,-0.029725180061663498,0.6349206349206349,0.5714285714285714,-0.06349206349206349,0.6331135531135531,0.6054600301659125,-0.027653522947640563,0.1368190661264744,0.1468056419788263,0.009986575852351909,0.6451612903225806,0.6206896551724138,-0.024471635150166815,0.5916666666666667,0.6595238095238095,0.06785714285714284,0.2273030282830976,0.2016935103290225,-0.025609517954075095,0.58,0.66,0.08000000000000007,0.2204465206849541,0.2122216535205174,-0.008224867164436711,0.1762993510413039,0.1726128900031505,-0.003686461038153399,0.2140373063547266,0.2267496111975118,0.01271230484278521,0.2321999727712263,0.2383070622826406,0.006107089511414282,11.6,11.6,0.0,49,49,0
ADC_Post1_Pre_T2,ADC,Post1,Pre,T2,mrmr_then_elasticnet_no_corr_auto_k,mrmr_then_elasticnet_no_corr,KNN,mrmr_then_elasticnet_no_corr_auto_k_no_smote,mrmr_then_elasticnet_no_corr_auto_k_smote,0.726468253968254,0.7429761904761905,0.01650793650793647,0.1011787730549546,0.0673586535540666,-0.03382011950088799,0.6696825396825397,0.686031746031746,0.016349206349206336,0.737077599502252,0.7663774237265751,0.02929982422432309,0.1603601860210809,0.1458983930607923,-0.0144617929602886,0.7111828041918712,0.7369370467495358,0.025754242557664564,0.6264565826330533,0.6336974789915967,0.007240896358543414,0.1118100341237189,0.0491436286264278,-0.0626664054972911,0.6194690265486725,0.6283185840707964,0.008849557522123908,0.6426984126984128,0.6387698412698413,-0.003928571428571503,0.0798519195144272,0.0297813692963915,-0.050070550218035706,0.6071428571428572,0.6274603174603175,0.02031746031746029,0.6804761904761905,0.7087912087912087,0.02831501831501826,0.1597645660128927,0.1716890103946758,0.011924444381783084,0.6428571428571429,0.6779661016949152,0.03510895883777232,0.7625396825396826,0.6715873015873016,-0.090952380952381,0.2158884214857759,0.192838786767693,-0.023049634718082884,0.7142857142857143,0.6349206349206349,-0.07936507936507942,0.6747071543593283,0.6501498501498502,-0.024557304209478104,0.1277293614607016,0.1091870160287248,-0.018542345431976803,0.6766917293233082,0.6557377049180327,-0.020954024405275495,0.5228571428571429,0.6059523809523809,0.083095238095238,0.2593232077487425,0.2104955819552413,-0.04882762579350122,0.5,0.62,0.12,0.2743722165125042,0.2640601503759398,-0.010312066136564435,0.1657987180562285,0.0544210874889054,-0.11137763056732311,0.2174263166371396,0.2528337531486145,0.035407436511474905,0.2417205796993542,0.2399702206978127,-0.001750359001541496,11.6,11.6,0.0,49,49,0
ADC_Post1_Pre_T2,ADC,Post1,Pre,T2,mrmr_then_elasticnet_no_corr_auto_k,mrmr_then_elasticnet_no_corr,LightGBM,mrmr_then_elasticnet_no_corr_auto_k_no_smote,mrmr_then_elasticnet_no_corr_auto_k_smote,0.6727380952380952,0.6988095238095238,0.026071428571428523,0.1357195998216991,0.1079178321844974,-0.0278017676372017,0.6276190476190475,0.6507936507936508,0.023174603174603292,0.7339622873914613,0.7415086305047789,0.0075463431133175884,0.1703293764983962,0.1521484784022046,-0.018180898096191583,0.6788773623677663,0.7118389637028677,0.0329616013351014,0.6082633053221288,0.588501400560224,-0.01976190476190476,0.0933729458175514,0.1144422638446043,0.021069318027052905,0.6106194690265486,0.584070796460177,-0.02654867256637161,0.6102380952380952,0.5907142857142856,-0.01952380952380961,0.0994183132416283,0.1076570846298572,0.0082387713882289,0.6074603174603175,0.5857142857142856,-0.021746031746031846,0.6587412587412588,0.6468481518481519,-0.011893106893106853,0.1879106701621002,0.1951555549633247,0.00724488480122451,0.6557377049180327,0.6428571428571429,-0.012880562060889833,0.6404761904761905,0.5847619047619048,-0.055714285714285716,0.1184535441701945,0.1955168999106411,0.0770633557404466,0.6349206349206349,0.5714285714285714,-0.06349206349206349,0.6357424822942065,0.5916749916749916,-0.04406749061921489,0.1187880010964616,0.1561039925701089,0.037315991473647295,0.6451612903225806,0.6050420168067226,-0.04011927351585798,0.58,0.5966666666666666,0.016666666666666607,0.212236765063088,0.215096877398689,0.0028601123356009894,0.58,0.6,0.020000000000000018,0.2042574092574092,0.1713639412230961,-0.03289346803431312,0.1799297083211611,0.2105851761031477,0.030655467781986606,0.2140373063547266,0.1689876388671569,-0.045049667487569695,0.291563029608741,0.2639759810694342,-0.02758704853930677,11.6,11.6,0.0,49,49,0
ADC_Post1_Pre_T2,ADC,Post1,Pre,T2,mrmr_then_elasticnet_no_corr_auto_k,mrmr_then_elasticnet_no_corr,LogisticRegression,mrmr_then_elasticnet_no_corr_auto_k_no_smote,mrmr_then_elasticnet_no_corr_auto_k_smote,0.7830952380952381,0.7869047619047619,0.003809523809523818,0.0618719896972408,0.059544969783818,-0.0023270199134228023,0.7390476190476191,0.746984126984127,0.007936507936507908,0.8292115811162365,0.8335426836808415,0.004331102564605005,0.095797947611788,0.0945364370162288,-0.0012615105955592065,0.8016995683168302,0.8121274957780245,0.010427927461194253,0.6509383753501401,0.6509383753501401,0.0,0.0730633703489541,0.0506011690474701,-0.022462201301484006,0.6460176991150443,0.6460176991150443,0.0,0.6626984126984127,0.6615079365079364,-0.0011904761904762973,0.0608911729713772,0.0380489136332722,-0.022842259338105,0.6371428571428572,0.6392063492063491,0.0020634920634918785,0.6872727272727273,0.690017825311943,0.002745098039215743,0.129453183513435,0.1194567239775202,-0.009996459535914784,0.6716417910447762,0.676923076923077,0.00528128587830079,0.7463492063492063,0.7296825396825397,-0.016666666666666607,0.1778780896131513,0.1558739857080357,-0.02200410390511559,0.7142857142857143,0.6984126984126984,-0.015873015873015928,0.6925188834154351,0.6889096880131362,-0.0036091954022988704,0.0892664492588303,0.0734232274012592,-0.015843221857571102,0.6923076923076923,0.6875,-0.004807692307692291,0.579047619047619,0.5933333333333333,0.014285714285714235,0.135378867042546,0.1218377792166471,-0.013541087825898912,0.56,0.58,0.019999999999999907,0.3095223677032188,0.3066935388743899,-0.0028288288288289,0.1295136333898649,0.0867045710362997,-0.042809062353565214,0.2765685019206146,0.2795664647752629,0.0029979628546483172,0.2040684848494977,0.2026374369128687,-0.0014310479366289874,11.6,11.6,0.0,49,49,0
ADC_Post1_Pre_T2,ADC,Post1,Pre,T2,mrmr_then_elasticnet_no_corr_auto_k,mrmr_then_elasticnet_no_corr,NaiveBayes,mrmr_then_elasticnet_no_corr_auto_k_no_smote,mrmr_then_elasticnet_no_corr_auto_k_smote,0.7062698412698413,0.7034126984126984,-0.0028571428571428914,0.0504217536147973,0.0555315140724402,0.005109760457642894,0.6958730158730159,0.699047619047619,0.0031746031746031633,0.7826119209349568,0.7840662281993775,0.001454307264420751,0.0991905491260872,0.1021219145766835,0.0029313654505963016,0.7494250298644911,0.7546228899524672,0.0051978600879760695,0.5955042016806724,0.6239355742296919,0.028431372549019507,0.0724204001392616,0.0562387349982564,-0.0161816651410052,0.6017699115044248,0.6283185840707964,0.02654867256637161,0.568888888888889,0.5956746031746032,0.02678571428571419,0.0773003650371086,0.0795591278540239,0.002258762816915297,0.5706349206349206,0.6006349206349206,0.030000000000000027,0.6007936507936507,0.6206959706959707,0.019902319902320054,0.1027341023827581,0.0846827507233283,-0.018051351659429796,0.6022727272727273,0.6235294117647059,0.021256684491978595,0.8473015873015873,0.8473015873015873,0.0,0.0950495488135258,0.0950495488135258,0.0,0.8412698412698413,0.8412698412698413,0.0,0.6946964658477323,0.709811785310878,0.015115319463145704,0.0710847884444273,0.0570588583630169,-0.014025930081410398,0.7019867549668874,0.7162162162162162,0.014229461249328779,0.2904761904761904,0.344047619047619,0.0535714285714286,0.1118287482458798,0.1206088108753708,0.008780062629491006,0.3,0.36,0.06,0.1389290356623466,0.1911584193040741,0.052229383641727495,0.1611992777759846,0.164377304557118,0.0031780267811333807,0.1489539748953975,0.2108413701363484,0.06188739524095091,0.3350221249625262,0.3201354267943134,-0.014886698168212809,11.6,11.6,0.0,49,49,0
ADC_Post1_Pre_T2,ADC,Post1,Pre,T2,mrmr_then_elasticnet_no_corr_auto_k,mrmr_then_elasticnet_no_corr,RandomForest,mrmr_then_elasticnet_no_corr_auto_k_no_smote,mrmr_then_elasticnet_no_corr_auto_k_smote,0.7059920634920634,0.7553968253968254,0.04940476190476195,0.095941384746783,0.0408630747657917,-0.0550783099809913,0.6717460317460318,0.7050793650793651,0.033333333333333326,0.7500896013363068,0.7870359364673682,0.03694633513106149,0.1432317996824836,0.1245600708270863,-0.018671728855397293,0.6937016906739955,0.723198172466216,0.02949648179222053,0.6086974789915967,0.6086974789915967,0.0,0.0682314131445894,0.0682314131445894,0.0,0.6017699115044248,0.6017699115044248,0.0,0.6213492063492063,0.6213492063492063,0.0,0.0714842816255876,0.0714842816255876,0.0,0.6036507936507937,0.6077777777777778,0.00412698412698409,0.6915864527629234,0.697016317016317,0.005429864253393646,0.2068645813811797,0.2044224136671471,-0.002442167714032578,0.6607142857142857,0.6730769230769231,0.01236263736263743,0.6117460317460318,0.5784126984126985,-0.033333333333333326,0.2047104648072797,0.1777029320905262,-0.02700753271675349,0.5873015873015873,0.5555555555555556,-0.031746031746031744,0.6117771883289125,0.6018461538461539,-0.00993103448275856,0.1385522229127425,0.1343294545766635,-0.004222768336078986,0.6218487394957983,0.6086956521739131,-0.013153087321885248,0.6309523809523809,0.6642857142857143,0.033333333333333326,0.2020305089104421,0.1759973201197745,-0.0260331887906676,0.62,0.66,0.040000000000000036,0.2228205387934011,0.2228205387934011,0.0,0.130119763117547,0.130119763117547,0.0,0.2043498670004694,0.2107713797920224,0.006421512791553008,0.2268024833391728,0.2205731354110121,-0.006229347928160711,11.6,11.6,0.0,49,49,0
ADC_Post1_Pre_T2,ADC,Post1,Pre,T2,mrmr_then_elasticnet_no_corr_auto_k,mrmr_then_elasticnet_no_corr,SVM_Linear,mrmr_then_elasticnet_no_corr_auto_k_no_smote,mrmr_then_elasticnet_no_corr_auto_k_smote,0.7664285714285715,0.7772222222222223,0.0107936507936508,0.0641629240792892,0.0765318081707179,0.012368884091428708,0.704126984126984,0.7279365079365079,0.023809523809523836,0.8183947937167751,0.8249546027170707,0.006559809000295513,0.103981419311708,0.1040170045046509,3.558519294290241e-05,0.7611404319016002,0.787031423405681,0.025890991504080807,0.6426050420168068,0.6380812324929972,-0.0045238095238095966,0.062968299858171,0.104912360690645,0.041944060832474,0.6371681415929203,0.6371681415929203,0.0,0.6572222222222222,0.6523015873015872,-0.004920634920634992,0.0452592543109257,0.0955538416763454,0.050294587365419696,0.6250793650793651,0.6312698412698412,0.00619047619047608,0.6810394971385684,0.6824463118580766,0.0014068147195082092,0.1300451385431385,0.1393597382545607,0.009314599711422178,0.6571428571428571,0.671875,0.01473214285714286,0.7663492063492063,0.7088888888888889,-0.057460317460317434,0.1771627684093247,0.1980647107125083,0.020901942303183596,0.7301587301587301,0.6825396825396826,-0.04761904761904756,0.693876111611373,0.6729706575283786,-0.02090545408299438,0.0739943972019819,0.1148086303441968,0.0408142331422149,0.6917293233082706,0.6771653543307087,-0.014563968977561959,0.548095238095238,0.5957142857142856,0.04761904761904767,0.1634408919764819,0.1296288089813134,-0.033812082995168496,0.52,0.58,0.05999999999999994,0.2974271296079806,0.2911728711478399,-0.006254258460140716,0.1001939858020021,0.1956443522405122,0.09545036643851008,0.2538250926075053,0.2630825512963257,0.009257458688820386,0.2189928721944603,0.2079680999833419,-0.011024772211118389,11.6,11.6,0.0,49,49,0
ADC_Post1_Pre_T2,ADC,Post1,Pre,T2,mrmr_then_elasticnet_no_corr_auto_k,mrmr_then_elasticnet_no_corr,SVM_RBF,mrmr_then_elasticnet_no_corr_auto_k_no_smote,mrmr_then_elasticnet_no_corr_auto_k_smote,0.7732936507936508,0.7717063492063492,-0.0015873015873015817,0.0621854138779228,0.0690420997611644,0.006856685883241606,0.699047619047619,0.7168253968253968,0.01777777777777778,0.8040004200810629,0.8042472152678736,0.0002467951868106999,0.1128003596823145,0.1257184601273776,0.012918100445063113,0.7419912222078768,0.7595881232512651,0.01759690104338829,0.6242717086834734,0.6375070028011205,0.013235294117647123,0.0568572529808966,0.0600157558684335,0.0031585028875369056,0.6194690265486725,0.6371681415929203,0.017699115044247815,0.6461904761904762,0.658888888888889,0.012698412698412764,0.0417957938671299,0.0499114862790623,0.008115692411932399,0.6092063492063492,0.6353968253968254,0.02619047619047621,0.6852287581699347,0.7079076479076478,0.022678889737713148,0.1471930251854658,0.1338805633974065,-0.013312461788059282,0.6470588235294118,0.6833333333333333,0.03627450980392155,0.740952380952381,0.6853968253968252,-0.0555555555555558,0.2045154170411321,0.1513936267955687,-0.053121790245563405,0.6984126984126984,0.6507936507936508,-0.04761904761904756,0.6727513227513227,0.6687749287749287,-0.003976393976393933,0.0732168845698108,0.0628093936189986,-0.010407490950812212,0.6717557251908397,0.6666666666666666,-0.0050890585241730735,0.5514285714285714,0.6323809523809524,0.080952380952381,0.2110636060645905,0.1631159180493689,-0.04794768801522159,0.52,0.62,0.09999999999999998,0.2720781267589778,0.2958506987343162,0.023772571975338386,0.0911213959977156,0.1080950933320198,0.016973697334304205,0.2206896551724138,0.2691276226534154,0.0484379674810016,0.2210983118236478,0.2140275107269218,-0.007070801096726004,11.6,11.6,0.0,49,49,0
ADC_Post1_Pre_T2,ADC,Post1,Pre,T2,mrmr_then_elasticnet_no_corr_auto_k,mrmr_then_elasticnet_no_corr,XGBoost,mrmr_then_elasticnet_no_corr_auto_k_no_smote,mrmr_then_elasticnet_no_corr_auto_k_smote,0.6770238095238096,0.6251190476190477,-0.0519047619047619,0.0810865290616344,0.1122378808590168,0.031151351797382404,0.6425396825396825,0.6314285714285715,-0.011111111111111072,0.7426753534297803,0.6789865515009689,-0.06368880192881143,0.1199630364872201,0.1537563470491964,0.033793310561976306,0.713813837020751,0.670922354153304,-0.04289148286744693,0.5467366946778711,0.5943137254901961,0.047577030812325005,0.0620992925619754,0.1188874965334357,0.056788203971460297,0.5486725663716814,0.584070796460177,0.03539823008849563,0.5451190476190476,0.5931349206349206,0.048015873015872956,0.061877486868847,0.1051293459994621,0.0432518591306151,0.5374603174603174,0.5857142857142856,0.048253968253968216,0.6158333333333333,0.6278388278388278,0.012005494505494485,0.1630950643030009,0.1768462736852624,0.013751209382261514,0.5882352941176471,0.6428571428571429,0.054621848739495826,0.6638095238095237,0.586984126984127,-0.07682539682539669,0.1447403214208077,0.22910079792743,0.08436047650662229,0.6349206349206349,0.5714285714285714,-0.06349206349206349,0.607366402268951,0.5882274918064392,-0.019138910462511816,0.0807386553306567,0.1851600143551696,0.1044213590245129,0.6106870229007634,0.6050420168067226,-0.005645006094040728,0.4264285714285714,0.5992857142857143,0.17285714285714293,0.256394855633776,0.1386802060370738,-0.11771464959670222,0.44,0.6,0.15999999999999998,0.0793218248367813,0.1816988038172127,0.10237697898043141,0.1094458214172057,0.2121617550453461,0.1027159336281404,0.0757016840417,0.1689876388671569,0.0932859548254569,0.268969611220867,0.2853273147108457,0.016357703489978725,11.6,11.6,0.0,49,49,0
ADC_Post2_Pre_T2,ADC,Post2,Pre,T2,corr_mrmr_auto_k,corr_mrmr,ExtraTrees,corr_mrmr_auto_k_no_smote,corr_mrmr_auto_k_smote,0.6948730872175848,0.6851080985291511,-0.009764988688433673,0.1054605028077354,0.1187652801057351,0.013304777297999698,0.6115625,0.6040625,-0.007500000000000062,0.8036536861794161,0.7962509123293213,-0.0074027738500948015,0.1009290800545406,0.1100455590453199,0.009116478990779303,0.7135055779502113,0.7191134477965746,0.0056078698463633,0.6100131752305665,0.5813042030433334,-0.028708972187233117,0.0979416900778223,0.0603263045667256,-0.0376153855110967,0.6052631578947368,0.5789473684210527,-0.02631578947368418,0.6326574010784537,0.6047387407913724,-0.027918660287081343,0.0900330577281586,0.0667606963486059,-0.0232723613795527,0.6090625000000001,0.58125,-0.027812500000000018,0.6777472527472528,0.6511111111111111,-0.026636141636141697,0.1320900147937442,0.1369148604511054,0.004824845657361215,0.6727272727272727,0.6428571428571429,-0.029870129870129825,0.6150983519404571,0.5941095162147794,-0.02098883572567778,0.2114469690566678,0.1875890473050276,-0.0238579217516402,0.578125,0.5625,-0.015625,0.6168161950770645,0.5941568898090637,-0.022659305268000862,0.1214535708822281,0.0877402988535228,-0.033713272028705304,0.6218487394957983,0.6,-0.021848739495798353,0.6502164502164501,0.6153679653679653,-0.034848484848484795,0.1372273887893872,0.1512080995099,0.013980710720512796,0.64,0.6,-0.040000000000000036,0.2444258954161998,0.1871690882825782,-0.05725680713362161,0.18291149301938,0.125627657925466,-0.05728383509391399,0.2139135764633774,0.1597051597051597,-0.05420841675821769,0.2457317259863442,0.2420009304756036,-0.0037307955107406254,14.0,14.0,0.0,53,53,0
ADC_Post2_Pre_T2,ADC,Post2,Pre,T2,corr_mrmr_auto_k,corr_mrmr,GradientBoosting,corr_mrmr_auto_k_no_smote,corr_mrmr_auto_k_smote,0.6417444782755787,0.6045201157162879,-0.037224362559290736,0.1608077537130917,0.1651060954855369,0.004298341772445202,0.5425,0.5364062499999999,-0.00609375000000012,0.7427137278611131,0.7012157374870651,-0.041497990374048,0.1547302589767752,0.1437185255433948,-0.01101173343338041,0.6667660952061237,0.6579011149344439,-0.008864980271679812,0.5137760789934703,0.5083105300496605,-0.005465548943809795,0.0972823489175401,0.135459806344353,0.0381774574268129,0.5087719298245614,0.5,-0.00877192982456143,0.5457820688083845,0.5304682159945318,-0.01531385281385278,0.0825657349381394,0.126111025489801,0.04354529055166159,0.4990624999999999,0.5021875,0.0031250000000001,0.5886387631975867,0.5540584415584415,-0.03458032163914515,0.1389809608848336,0.1170874136494259,-0.021893547235407707,0.5606060606060606,0.5636363636363636,0.00303030303030305,0.6390749601275918,0.5360446570972887,-0.10303030303030314,0.2705931404811381,0.2782103807400202,0.0076172402588821075,0.578125,0.484375,-0.09375,0.5587513935340023,0.5144876020665494,-0.04426379146745285,0.1464993233920565,0.1705489624614519,0.02404963906939539,0.5692307692307692,0.5210084033613446,-0.04822236586942463,0.4524891774891775,0.5248917748917749,0.07240259740259736,0.2029976482660616,0.0742206498176498,-0.12877699844841178,0.42,0.52,0.10000000000000003,0.0804715753692936,0.067996272452685,-0.012475302916608602,0.1552900678585705,0.2267583978302075,0.07146832997163699,-0.0018832391713747,0.0042905301869446,0.0061737693583193,0.2811163381574619,0.2738473457481521,-0.007268992409309782,14.0,14.0,0.0,53,53,0
ADC_Post2_Pre_T2,ADC,Post2,Pre,T2,corr_mrmr_auto_k,corr_mrmr,KNN,corr_mrmr_auto_k_no_smote,corr_mrmr_auto_k_smote,0.6481001171431793,0.6376557785648694,-0.010444338578309842,0.100696809263871,0.0878197809919328,-0.012877028271938207,0.60859375,0.5928125000000001,-0.01578124999999997,0.7529112951767079,0.7397192702253949,-0.013192024951312997,0.0764566632962683,0.089463606479477,0.013006943183208705,0.7079858375044855,0.7096114753453436,0.0016256378408581185,0.5911783868305607,0.6001317523056653,0.008953365475104613,0.0776570884352089,0.0655194559112324,-0.012137632523976497,0.5877192982456141,0.5964912280701754,0.00877192982456132,0.6194322928533456,0.625940229361282,0.006507936507936463,0.0542830315197649,0.0563212436911868,0.002038212171421902,0.5825,0.6078125,0.02531249999999996,0.652991452991453,0.6825757575757576,0.02958430458430461,0.1311736108402721,0.1419398597409741,0.010766248900701991,0.6349206349206349,0.6875,0.052579365079365115,0.6702498670919723,0.5365124933545985,-0.13373737373737382,0.1691467832430793,0.1768630790669484,0.007716295823869096,0.625,0.515625,-0.109375,0.6312206119162641,0.5777713027713027,-0.05344930914496138,0.0788091135253996,0.117542439548611,0.038733326023211403,0.6299212598425197,0.5892857142857143,-0.040635545556805375,0.5686147186147186,0.7153679653679654,0.14675324675324686,0.1514743296894301,0.0960975583885835,-0.05537677130084659,0.54,0.7,0.15999999999999992,0.2221034901242724,0.2270609363980181,0.004957446273745697,0.1066471063417742,0.1099243619162593,0.003277255574485105,0.1646398503274088,0.2083333333333333,0.04369348300592449,0.2556195432499159,0.2879850695543866,0.03236552630447065,14.0,14.0,0.0,53,53,0
ADC_Post2_Pre_T2,ADC,Post2,Pre,T2,corr_mrmr_auto_k,corr_mrmr,LightGBM,corr_mrmr_auto_k_no_smote,corr_mrmr_auto_k_smote,0.6610158200828058,0.6130382314832076,-0.04797758859959822,0.0987917336005823,0.1131386647854925,0.014346931184910205,0.5746875,0.5315624999999999,-0.04312500000000008,0.7590790872042881,0.7271813454400986,-0.03189774176418947,0.1026630361990318,0.1067715803390085,0.0041085441399767025,0.6734758052803425,0.6274449506920186,-0.0460308545883239,0.5629023150762281,0.4868609651218346,-0.07604134995439354,0.0997975435240086,0.0665692125432667,-0.033228330980741905,0.5614035087719298,0.4824561403508772,-0.0789473684210526,0.6079425837320575,0.5158578263841422,-0.09208475734791521,0.1058117122518542,0.0716987331208408,-0.03411297913101341,0.5634375,0.4778125,-0.08562500000000006,0.6636363636363637,0.5676923076923077,-0.09594405594405597,0.2336283062714713,0.1330924846392749,-0.1005358216321964,0.625,0.5409836065573771,-0.0840163934426229,0.5886124401913875,0.569377990430622,-0.019234449760765493,0.2631826695601982,0.2639407234178811,0.0007580538576829055,0.546875,0.515625,-0.03125,0.5700832013143227,0.5166666666666667,-0.053416534647655944,0.1502098811187922,0.1273664878302853,-0.022843393288506875,0.5833333333333334,0.528,-0.055333333333333345,0.6272727272727272,0.4623376623376624,-0.16493506493506482,0.2500413188995466,0.2224971360353579,-0.02754418286418872,0.58,0.44,-0.13999999999999996,0.1793325764223991,0.0209211935018386,-0.1584113829205605,0.1996748576296643,0.1339244892671671,-0.0657503683624972,0.1246928746928747,-0.0440856876746351,-0.1687785623675098,0.3122314743220322,0.3242658887126413,0.012034414390609094,14.0,14.0,0.0,53,53,0
ADC_Post2_Pre_T2,ADC,Post2,Pre,T2,corr_mrmr_auto_k,corr_mrmr,LogisticRegression,corr_mrmr_auto_k_no_smote,corr_mrmr_auto_k_smote,0.715084129055421,0.6462350320245058,-0.06884909703091513,0.1095810933770847,0.1270554858412215,0.017474392464136804,0.6321875,0.59109375,-0.04109375000000004,0.8078322689893772,0.7330519998922631,-0.0747802690971141,0.0909860325492645,0.1511455210341232,0.060159488484858706,0.7356387137813727,0.707094985922953,-0.028543727858419743,0.617310226005878,0.5718556805513326,-0.045454545454545414,0.0521261564705362,0.0588587021350656,0.006732545664529403,0.6140350877192983,0.5701754385964912,-0.04385964912280704,0.643905407458039,0.5975417710944028,-0.046363636363636274,0.0393188809625237,0.0692491155633722,0.029930234600848496,0.6146875,0.5603125,-0.05437500000000006,0.6844877344877344,0.6420634920634921,-0.04242424242424225,0.1253011423058338,0.1535750173896729,0.028273875083839106,0.6724137931034483,0.6119402985074627,-0.06047349459598561,0.6474428495481127,0.6819883040935673,0.034545454545454546,0.1551922536916649,0.2244408789626259,0.06924862527096101,0.609375,0.640625,0.03125,0.6401656314699793,0.6200828157349896,-0.020082815734989712,0.0571128435596411,0.0732638469568238,0.016151003397182694,0.639344262295082,0.6259541984732825,-0.013390063821799525,0.6403679653679654,0.5130952380952382,-0.1272727272727272,0.1184902339158887,0.2825820371321407,0.164091803216252,0.62,0.48,-0.14,0.2615394610749265,0.169115218650684,-0.09242424242424249,0.0837437284536688,0.1230730767659426,0.039329348312273804,0.2264034546576186,0.1214218307643912,-0.1049816238932274,0.2455582993901019,0.2603493102734827,0.014791010883380779,14.0,14.0,0.0,53,53,0
ADC_Post2_Pre_T2,ADC,Post2,Pre,T2,corr_mrmr_auto_k,corr_mrmr,NaiveBayes,corr_mrmr_auto_k_no_smote,corr_mrmr_auto_k_smote,0.5786789747555299,0.5603594155268796,-0.01831955922865025,0.0886810538106147,0.0842910498529196,-0.004390003957695093,0.589375,0.5868749999999999,-0.0025000000000000577,0.6401706736555197,0.6407760343537597,0.0006053606982400206,0.0993627058435981,0.0821923458442365,-0.017170359999361604,0.6252647459093684,0.6294222585100552,0.0041575126006867524,0.5293894511285815,0.5198656416047721,-0.009523809523809379,0.0916160415631757,0.1064985165903769,0.014882475027201206,0.5350877192982456,0.5263157894736842,-0.00877192982456143,0.5026378446115287,0.4933954203691045,-0.009242424242424219,0.0678955717962779,0.0804517288393745,0.012556157043096594,0.5028125,0.495,-0.0078125,0.5547775925484904,0.5460944026733501,-0.008683189875140274,0.1344637696218391,0.1462441688859055,0.011780399264066405,0.5632183908045977,0.5581395348837209,-0.005078855920876757,0.7597129186602871,0.7397129186602871,-0.020000000000000018,0.0849924789357737,0.1058878568205978,0.020895377884824096,0.765625,0.75,-0.015625,0.6330549410345675,0.6212169219034207,-0.011838019131146793,0.0964733708319023,0.1164772410045498,0.0200038701726475,0.6490066225165563,0.64,-0.009006622516556262,0.2455627705627706,0.2470779220779221,0.0015151515151514972,0.1465922574041629,0.1148979648423719,-0.031694292561791,0.24,0.24,0.0,0.0031514175363984,-0.0137038320167375,-0.0168552495531359,0.1368953247731145,0.1602215915293807,0.0233262667562662,0.0059230009871666,-0.0105055810899541,-0.0164285820771207,0.3956966811535284,0.387186326120685,-0.00851035503284342,14.0,14.0,0.0,53,53,0
ADC_Post2_Pre_T2,ADC,Post2,Pre,T2,corr_mrmr_auto_k,corr_mrmr,RandomForest,corr_mrmr_auto_k_no_smote,corr_mrmr_auto_k_smote,0.6608821525807171,0.6683773253151244,0.007495172734407252,0.1459681575396749,0.1393993915182455,-0.00656876602142939,0.5775,0.5465625000000001,-0.03093749999999995,0.7686684695543341,0.7776897676477146,0.009021298093380481,0.1306733798273169,0.138513050987263,0.007839671159946104,0.6307163828946212,0.6113318867465964,-0.019384496148024732,0.5483458570415092,0.5469096121270034,-0.0014362449145057798,0.0697851876909439,0.0607076958193668,-0.009077491871577095,0.543859649122807,0.543859649122807,0.0,0.5751539834434573,0.5885885167464115,0.013434533302954299,0.0500977807511567,0.0543938125456372,0.004296031794480501,0.54125,0.5434375,0.002187500000000009,0.6143589743589744,0.6566433566433567,0.04228438228438236,0.1115352195225855,0.1923318484510635,0.080796628928478,0.6,0.603448275862069,0.0034482758620689724,0.6082083997873472,0.5999043062200957,-0.00830409356725148,0.1817788977337012,0.2386566035714099,0.05687770583770868,0.5625,0.546875,-0.015625,0.5813131313131312,0.5677489177489178,-0.013564213564213445,0.0831786136405663,0.1013338452375419,0.018155231596975588,0.5806451612903226,0.5737704918032787,-0.006874669487043961,0.5420995670995671,0.5772727272727273,0.03517316017316019,0.111078404511415,0.2454545454545454,0.13437614094313038,0.52,0.54,0.020000000000000018,0.1396636165869557,0.1501456013013036,0.010481984714347914,0.0929223239482268,0.0959030337394944,0.002980709791267591,0.0817843866171003,0.0857495373226402,0.003965150705539905,0.2734388477471139,0.2736409841330883,0.000202136385974383,14.0,14.0,0.0,53,53,0
ADC_Post2_Pre_T2,ADC,Post2,Pre,T2,corr_mrmr_auto_k,corr_mrmr,SVM_Linear,corr_mrmr_auto_k_no_smote,corr_mrmr_auto_k_smote,0.6934450105981206,0.6653602900732086,-0.028084720524911955,0.1282580793765803,0.1424903432161578,0.014232263839577514,0.5807812499999999,0.6112500000000001,0.030468750000000155,0.7966455719092469,0.7624620055589904,-0.034183566350256545,0.105604143180958,0.1230610739765364,0.017456930795578404,0.6711784338293043,0.6911865985558098,0.020008164726505462,0.6045939567678698,0.5736871823828346,-0.030906774385035196,0.0354229993928474,0.1071854580090758,0.0717624586162284,0.6052631578947368,0.5701754385964912,-0.03508771929824561,0.5996589959747854,0.6102405635300372,0.010581567555251747,0.0696330844053922,0.1091497728587211,0.039516688453328896,0.5784374999999999,0.57125,-0.007187499999999902,0.6308494556549477,0.6658041958041958,0.034954740149248154,0.146846255984724,0.2083043417974714,0.06145808581274739,0.6144578313253012,0.631578947368421,0.017121116043119833,0.8248591174906965,0.6045720361509835,-0.22028708133971298,0.162243785393163,0.2243796789392699,0.06213589354610691,0.796875,0.5625,-0.234375,0.6858947368421052,0.5894398934398934,-0.09645484340221178,0.0528092439933976,0.1348983185726796,0.082089074579282,0.6938775510204082,0.5950413223140496,-0.09883622870635855,0.3744588744588745,0.615909090909091,0.24145021645021647,0.28770704117483,0.2070774820276259,-0.08062955914720407,0.36,0.58,0.21999999999999997,0.1725456657522956,0.1888452392774564,0.016299573525160788,0.1110085902833723,0.205762889435182,0.0947542991518097,0.163677861102054,0.1403508771929824,-0.02332698390907162,0.2433365678084229,0.2430097833591703,-0.0003267844492525762,14.0,14.0,0.0,53,53,0
ADC_Post2_Pre_T2,ADC,Post2,Pre,T2,corr_mrmr_auto_k,corr_mrmr,SVM_RBF,corr_mrmr_auto_k_no_smote,corr_mrmr_auto_k_smote,0.594308032477889,0.6664753021212351,0.07216726964334608,0.1755399031529744,0.0761981364319395,-0.09934176672103491,0.5553125,0.5978124999999999,0.04249999999999987,0.7403996518586938,0.7894050272601222,0.04900537540142835,0.0993487397652733,0.0763652558081664,-0.022983483957106893,0.64284382856028,0.6963380111391148,0.05349418257883476,0.5804847326586458,0.5618613270787184,-0.018623405579927366,0.1032052798517628,0.0395639471703762,-0.0636413326813866,0.5877192982456141,0.5614035087719298,-0.026315789473684292,0.517979797979798,0.5946703880914408,0.07669059011164281,0.0284444336834231,0.0568327183869342,0.028388284703511096,0.543125,0.5634375,0.020312500000000067,0.5666815080195078,0.6598519127930893,0.09317040477358152,0.1107040731009765,0.1890392401741454,0.07833516707316888,0.5858585858585859,0.625,0.039141414141414144,0.8814141414141414,0.5787347155768208,-0.30267942583732066,0.1140968895012382,0.1876948861473407,0.0735979966461025,0.90625,0.546875,-0.359375,0.6863074352548038,0.5755022755022756,-0.11080515975252814,0.1107604040521884,0.0753386430975274,-0.035421760954661,0.7116564417177914,0.5833333333333334,-0.12832310838445804,0.1545454545454545,0.6106060606060606,0.45606060606060606,0.1646294221829779,0.2440099653236048,0.0793805431406269,0.18,0.58,0.39999999999999997,0.0358844145626207,0.1598072924234088,0.1239228778607881,0.0550781792773332,0.0812039027002158,0.026125723422882594,0.0934010152284263,0.1246928746928747,0.0312918594644484,0.2464310805490885,0.2496680340938437,0.0032369535447552,14.0,14.0,0.0,53,53,0
ADC_Post2_Pre_T2,ADC,Post2,Pre,T2,corr_mrmr_auto_k,corr_mrmr,XGBoost,corr_mrmr_auto_k_no_smote,corr_mrmr_auto_k_smote,0.6497385681835441,0.6083300307702222,-0.041408537413321955,0.0682040298561061,0.0825915874164412,0.014387557560335093,0.56125,0.524375,-0.03687499999999999,0.7412306558176123,0.7096763666205717,-0.03155428919704062,0.1247107648899728,0.1159431134907866,-0.0087676513991862,0.6388374918512703,0.6312953112808017,-0.007542180570468515,0.5437171524128046,0.5475553432075171,0.0038381907947124816,0.0420478976483849,0.1011869028957358,0.0591390052473509,0.543859649122807,0.543859649122807,0.0,0.5860087719298246,0.5937724994303941,0.007763727500569528,0.0711289929713639,0.0983888235104435,0.0272598305390796,0.5346875,0.54125,0.006562500000000027,0.6423076923076924,0.6458823529411765,0.003574660633484106,0.2062628873506449,0.1825809243196378,-0.023681963031007114,0.5909090909090909,0.6,0.009090909090909038,0.6591387559808612,0.6199043062200957,-0.03923444976076551,0.2060777492486196,0.2335825382588289,0.027504789010209307,0.609375,0.5625,-0.046875,0.5972253189644493,0.5792447552447553,-0.01798056371969403,0.0613465732584431,0.1162144552067529,0.0548678819483098,0.6,0.5806451612903226,-0.019354838709677358,0.5128787878787878,0.5676406926406926,0.05476190476190479,0.277810374579602,0.2548451978136379,-0.0229651767659641,0.46,0.52,0.06,0.1368806653583777,0.1595652806520649,0.022684615293687205,0.1057396504999532,0.1778943039021059,0.0721546534021527,0.0696798493408662,0.0817843866171003,0.012104537276234104,0.341541397997607,0.3688570240750742,0.02731562607746718,14.0,14.0,0.0,53,53,0
ADC_Post2_Pre_T2,ADC,Post2,Pre,T2,elasticnet_then_mrmr_auto_k,elasticnet_then_mrmr,ExtraTrees,elasticnet_then_mrmr_auto_k_no_smote,elasticnet_then_mrmr_auto_k_smote,0.7583501338286027,0.755332074446907,-0.003018059381695748,0.1019772806991338,0.0998764057684023,-0.0021008749307314944,0.7178125,0.7128125,-0.0050000000000000044,0.8193427971069032,0.8070775709521,-0.012265226154803188,0.1061084378147021,0.1189940261623067,0.012885588347604601,0.7789193184922854,0.7966091910146027,0.01768987252231735,0.6602629254803168,0.6794480881437404,0.019185162663423516,0.1180559822420183,0.1124553656904359,-0.005600616551582394,0.6578947368421053,0.6754385964912281,0.01754385964912275,0.6777325890483785,0.6892044505202399,0.011471861471861411,0.1345439762059837,0.1175657186397298,-0.016978257566253915,0.6625,0.678125,0.015625,0.7124875124875124,0.723976023976024,0.011488511488511599,0.1810529394571129,0.131594484937476,-0.0494584545196369,0.7272727272727273,0.7368421052631579,0.009569377990430561,0.6448591174906964,0.6781924508240297,0.033333333333333326,0.2299398360340231,0.199146926012977,-0.030792910021046088,0.625,0.65625,0.03125,0.6570906983483049,0.6868199233716474,0.02972922502334252,0.1640829715288432,0.1367011150081371,-0.027381856520706127,0.6722689075630253,0.6942148760330579,0.021945968470032606,0.7106060606060606,0.7002164502164502,-0.010389610389610393,0.1655888011189606,0.1175147276400222,-0.0480740734789384,0.7,0.7,0.0,0.3203415745333299,0.3538986287587822,0.0335570542254523,0.2534014322041872,0.2346768506153479,-0.0187245815888393,0.3187250996015937,0.3508771929824561,0.032152093380862445,0.2193455408670959,0.219169562738136,-0.00017597812895989162,13.2,13.2,0.0,37,37,0
ADC_Post2_Pre_T2,ADC,Post2,Pre,T2,elasticnet_then_mrmr_auto_k,elasticnet_then_mrmr,GradientBoosting,elasticnet_then_mrmr_auto_k_no_smote,elasticnet_then_mrmr_auto_k_smote,0.7316597450927594,0.7390838149091737,0.007424069816414303,0.0916646120865943,0.1241689136703613,0.032504301583767006,0.63484375,0.67328125,0.03843750000000001,0.7831355886981198,0.7972619727760452,0.014126384077925325,0.1430239657368385,0.1477433976720338,0.0047194319351952785,0.7209265582003341,0.7756739592613922,0.05474740106105802,0.5917025003981526,0.6708899795856318,0.07918747918747915,0.0909142527669172,0.0865656479692471,-0.0043486047976701026,0.5964912280701754,0.6666666666666666,0.07017543859649122,0.6014259132680185,0.6856079592921698,0.08418204602415125,0.0797428460880494,0.0832678029837254,0.0035249568956760013,0.56625,0.6681250000000001,0.10187500000000005,0.6206960583276373,0.7247802197802198,0.10408416145258248,0.1533462894608216,0.1046053993757172,-0.048740890085104405,0.6046511627906976,0.7241379310344828,0.11948676824378512,0.8402977139819245,0.6876661350345561,-0.15263157894736845,0.1212016746573289,0.1849147626131677,0.0637130879558388,0.8125,0.65625,-0.15625,0.6895977011494253,0.6853012887495646,-0.004296412399860672,0.0590138942506376,0.0945543892729207,0.035540495022283104,0.6933333333333334,0.6885245901639344,-0.0048087431693989435,0.3625541125541126,0.6835497835497836,0.320995670995671,0.2488556293652739,0.1266457596674513,-0.12220986969782258,0.32,0.68,0.36000000000000004,0.1864509372351826,0.3470413566073953,0.16059041937221272,0.14007931989808,0.1727045020719425,0.03262518217386248,0.1391989494418909,0.3318938926588525,0.1926949432169616,0.2342369551211036,0.2293816284865284,-0.004855326634575191,13.2,13.2,0.0,37,37,0
ADC_Post2_Pre_T2,ADC,Post2,Pre,T2,elasticnet_then_mrmr_auto_k,elasticnet_then_mrmr,KNN,elasticnet_then_mrmr_auto_k_no_smote,elasticnet_then_mrmr_auto_k_smote,0.7360267404047309,0.7234007309366162,-0.012626009468114763,0.1288583122979499,0.1197698417910893,-0.009088470506860596,0.6712499999999999,0.690625,0.019375000000000142,0.7958915523288452,0.7769276296667235,-0.018963922662121768,0.0978805893646177,0.1007724824505037,0.0028918930858859992,0.7611699141322694,0.757432501457045,-0.0037374126752244274,0.6211266993875689,0.6438373220981917,0.02271062271062274,0.0840406985761106,0.1282499220662363,0.04420922349012571,0.6228070175438597,0.6403508771929824,0.01754385964912275,0.6423139287612971,0.661282562466773,0.018968633705475857,0.1101435127000198,0.1415080765909123,0.0313645638908925,0.6159375,0.6490625,0.03312499999999996,0.6814102564102564,0.7267132867132867,0.04530303030303029,0.1686226447373296,0.171789817525509,0.0031671727881794065,0.6615384615384615,0.7254901960784313,0.06395173453996983,0.7020520999468368,0.600595427963849,-0.1014566719829878,0.1623628543904971,0.167096735156156,0.004733880765658893,0.671875,0.578125,-0.09375,0.6634163185742133,0.642750816435027,-0.020665502139186387,0.0646392187793283,0.129646826507522,0.0650076077281937,0.6666666666666666,0.6434782608695652,-0.023188405797101463,0.5825757575757576,0.7219696969696969,0.1393939393939393,0.2545093769526795,0.2053239953513324,-0.04918538160134711,0.56,0.72,0.15999999999999992,0.2515818754178219,0.2929037777953164,0.0413219023774945,0.184298748187476,0.2704135045160339,0.08611475632855792,0.2323833385530849,0.2898814949863264,0.05749815643324152,0.2299949075458493,0.2331939183015763,0.003199010755726983,13.2,13.2,0.0,37,37,0
ADC_Post2_Pre_T2,ADC,Post2,Pre,T2,elasticnet_then_mrmr_auto_k,elasticnet_then_mrmr,LightGBM,elasticnet_then_mrmr_auto_k_no_smote,elasticnet_then_mrmr_auto_k_smote,0.6826228104697004,0.7467076840402198,0.0640848735705194,0.107465043989369,0.0974564796052664,-0.010008564384102595,0.6109375,0.6626562499999998,0.051718749999999813,0.7718722685939854,0.820607208947876,0.04873494035389059,0.1146974757834333,0.0861586213127453,-0.02853885447068799,0.6951960888034937,0.7387484981643722,0.04355240936087845,0.5918313570487483,0.6460191981931113,0.054187841144362925,0.0578370112496835,0.0756081191836514,0.017771107933967904,0.5877192982456141,0.6403508771929824,0.05263157894736836,0.6042156527682843,0.6571196931723249,0.05290404040404062,0.0634880330440286,0.0586082883294392,-0.0048797447145894,0.5825,0.6359375,0.05343750000000003,0.6425,0.6855877455877455,0.04308774558774553,0.086136197062817,0.0700673988925111,-0.016068798170305904,0.6349206349206349,0.6825396825396826,0.04761904761904767,0.6648165869218501,0.7122913343965974,0.047474747474747336,0.1880334914093031,0.1598832795812846,-0.028150211828018495,0.625,0.671875,0.046875,0.6294172913543228,0.6797993730407523,0.05038208168642955,0.0581785742632978,0.0682809321841409,0.010102357920843102,0.6299212598425197,0.6771653543307087,0.047244094488189003,0.5436147186147186,0.601948051948052,0.05833333333333346,0.1332820219477742,0.0784087734780067,-0.05487324846976749,0.54,0.6,0.05999999999999994,0.1932310070173062,0.3008462332301341,0.1076152262128279,0.1205711171348015,0.1231006316657322,0.0025295145309306988,0.1646398503274088,0.2712815715622076,0.10664172123479881,0.2980922368135295,0.252005189948323,-0.04608704686520648,13.2,13.2,0.0,37,37,0
ADC_Post2_Pre_T2,ADC,Post2,Pre,T2,elasticnet_then_mrmr_auto_k,elasticnet_then_mrmr,LogisticRegression,elasticnet_then_mrmr_auto_k_no_smote,elasticnet_then_mrmr_auto_k_smote,0.7899409681227862,0.7899409681227862,0.0,0.0945097239741474,0.0964012398093544,0.0018915158352069972,0.7346874999999999,0.7371875,0.0025000000000000577,0.8095476548930887,0.8102677833485112,0.0007201284554225751,0.1336839087238397,0.1336978954693541,1.3986745514393828e-05,0.7677367204538434,0.7639959551015607,-0.0037407653522827378,0.6861370513544427,0.7043188695362609,0.018181818181818188,0.0825269286488373,0.0845547864966067,0.0020278578477693904,0.6842105263157895,0.7017543859649122,0.01754385964912275,0.7039048378522064,0.7196624136097821,0.015757575757575748,0.0998844560268752,0.0992369187747125,-0.000647537252162711,0.6837500000000001,0.7059375,0.022187499999999916,0.7372494172494173,0.7696303696303696,0.03238095238095229,0.1378234297458388,0.1157317541917708,-0.022091675554068005,0.7333333333333333,0.7678571428571429,0.03452380952380962,0.7153854332801701,0.6953854332801701,-0.020000000000000018,0.150245267769895,0.169673385710471,0.019428117940576,0.6875,0.671875,-0.015625,0.7090842490842492,0.7128851540616247,0.0038009049773755077,0.0758375879557369,0.0848971504098576,0.009059562454120693,0.7096774193548387,0.7166666666666667,0.006989247311827929,0.6924242424242424,0.7439393939393939,0.051515151515151514,0.1773180465251853,0.1701023297052871,-0.007215716819898188,0.68,0.74,0.05999999999999994,0.3725472592902009,0.4057718125147541,0.0332245532245532,0.1789325120274016,0.1830124859839008,0.0040799739564992,0.3643122676579925,0.4047911547911548,0.04047888713316228,0.2150169727640824,0.2141053612735159,-0.0009116114905665107,13.2,13.2,0.0,37,37,0
ADC_Post2_Pre_T2,ADC,Post2,Pre,T2,elasticnet_then_mrmr_auto_k,elasticnet_then_mrmr,NaiveBayes,elasticnet_then_mrmr_auto_k_no_smote,elasticnet_then_mrmr_auto_k_smote,0.7772524516065186,0.7848588183037943,0.007606366697275768,0.1396119454200984,0.1212213202488099,-0.01839062517128849,0.67640625,0.6868749999999999,0.010468749999999916,0.7909170985250987,0.7912077966279744,0.0002906981028756306,0.1785754634415453,0.1749293388825283,-0.003646124559017,0.7173055978208696,0.7267042745644972,0.009398676743627599,0.6022672979194719,0.611358207010381,0.00909090909090915,0.124219040984638,0.1179048058342925,-0.006314235150345501,0.6052631578947368,0.6140350877192983,0.00877192982456143,0.6059502923976609,0.61504120148857,0.00909090909090915,0.134703508582789,0.1286438680397378,-0.00605964054305122,0.5740625,0.5840625,0.010000000000000009,0.6436510857563489,0.6484129905182537,0.004761904761904856,0.1997127815102703,0.1964886573514687,-0.0032241241588016056,0.6091954022988506,0.6162790697674418,0.007083667468591237,0.8535672514619883,0.8535672514619883,0.0,0.1564725204947626,0.1564725204947626,0.0,0.828125,0.828125,0.0,0.6979615352029146,0.7021282018695812,0.004166666666666652,0.0862670438189627,0.0851507881500335,-0.0011162556689292003,0.7019867549668874,0.7066666666666667,0.004679911699779216,0.3583333333333333,0.3765151515151515,0.018181818181818243,0.3796928583298172,0.3639487294742907,-0.015744128855526507,0.32,0.34,0.020000000000000018,0.184264743347559,0.2024465615293772,0.018181818181818216,0.2226193712535154,0.2101931549436563,-0.0124262163098591,0.1559723593287264,0.1766250820748522,0.020652722746125785,0.3598496469848582,0.3461636386763749,-0.013686008308483322,13.2,13.2,0.0,37,37,0
ADC_Post2_Pre_T2,ADC,Post2,Pre,T2,elasticnet_then_mrmr_auto_k,elasticnet_then_mrmr,RandomForest,elasticnet_then_mrmr_auto_k_no_smote,elasticnet_then_mrmr_auto_k_smote,0.7598178412054011,0.7418050521160569,-0.018012789089344228,0.0919683493803314,0.0954721457709045,0.003503796390573105,0.7290625,0.7209375,-0.008124999999999938,0.829629824228873,0.799771658101724,-0.029858166127148977,0.0838271507078404,0.1051673348695656,0.0213401841617252,0.7977831061771254,0.7761388466631465,-0.02164425951397897,0.676788428962342,0.6903704990661511,0.013582070103809074,0.0618349274042844,0.0987816118527781,0.0369466844484937,0.6754385964912281,0.6842105263157895,0.00877192982456143,0.6895433659907344,0.7024261411103516,0.012882775119617218,0.0706133364784567,0.091764367513578,0.021151031035121295,0.6759375000000001,0.6859375,0.009999999999999898,0.7173992673992673,0.7495238095238095,0.03212454212454219,0.1217523129256548,0.0896250693791892,-0.03212724354646561,0.7288135593220338,0.7413793103448276,0.01256575102279378,0.6887187666135034,0.7076661350345561,0.018947368421052713,0.1921075429023224,0.1681868723500794,-0.023920670552243006,0.671875,0.671875,0.0,0.6843648192414797,0.7106519614686583,0.02628714222717854,0.1117577730000237,0.0842592078143177,-0.027498565185705995,0.6991869918699187,0.7049180327868853,0.005731040916966523,0.6903679653679654,0.6971861471861472,0.006818181818181834,0.1000156937517582,0.1475238041884558,0.04750811043669759,0.68,0.7,0.019999999999999907,0.3507376485926008,0.3834105671248892,0.032672918532288375,0.1356748786795531,0.1924380224862503,0.0567631438066972,0.3480680061823802,0.3670573719925971,0.018989365810216874,0.2115749029236591,0.2125072771743926,0.0009323742507335031,13.2,13.2,0.0,37,37,0
ADC_Post2_Pre_T2,ADC,Post2,Pre,T2,elasticnet_then_mrmr_auto_k,elasticnet_then_mrmr,SVM_Linear,elasticnet_then_mrmr_auto_k_no_smote,elasticnet_then_mrmr_auto_k_smote,0.7912903240654436,0.7809199536950733,-0.010370370370370363,0.1117114349870889,0.1241634553189333,0.012452020331844407,0.735625,0.7475,0.01187500000000008,0.8282404881379927,0.7971252359247012,-0.031115252213291478,0.1387111734535362,0.1540114931106226,0.015300319657086392,0.7809075126125268,0.7681469750331955,-0.012760537579331266,0.6950078906600645,0.7058926580665711,0.010884767406506568,0.0461520602019092,0.0937359340266171,0.047583873824707905,0.6929824561403509,0.7017543859649122,0.00877192982456132,0.7103083466241361,0.7239845826687932,0.013676236044657064,0.0586433942236629,0.0936768128790329,0.03503341865537,0.6893750000000001,0.7059375,0.016562499999999925,0.7366666666666666,0.7716666666666667,0.03500000000000014,0.14,0.134122663591538,-0.005877336408462025,0.7301587301587301,0.7678571428571429,0.037698412698412787,0.7448591174906964,0.7009994683678894,-0.04385964912280704,0.1545978806362305,0.185322947095743,0.030725066459512507,0.71875,0.671875,-0.046875,0.7189968503872842,0.7126432022084195,-0.006353648178864746,0.066981184539603,0.1067950602316932,0.0398138756920902,0.7244094488188977,0.7166666666666667,-0.007742782152231009,0.6757575757575757,0.746969696969697,0.07121212121212128,0.1750245948871958,0.1652557358113452,-0.009768859075850594,0.66,0.74,0.07999999999999996,0.3875779761768148,0.4149203105082617,0.02734233433144695,0.0966403175596707,0.1887908806588567,0.09215056309918601,0.3779232927970065,0.4047911547911548,0.026867861994148312,0.2147249653213636,0.2088082218775435,-0.005916743443820094,13.2,13.2,0.0,37,37,0
ADC_Post2_Pre_T2,ADC,Post2,Pre,T2,elasticnet_then_mrmr_auto_k,elasticnet_then_mrmr,SVM_RBF,elasticnet_then_mrmr_auto_k_no_smote,elasticnet_then_mrmr_auto_k_smote,0.7852343093730654,0.802000283076838,0.01676597370377264,0.1141522104688731,0.095892962648782,-0.0182592478200911,0.7346874999999999,0.7234375000000001,-0.011249999999999871,0.8255052810350435,0.8440880904250359,0.01858280938999235,0.1455794911056097,0.1271137623845791,-0.018465728721030583,0.7971939676098636,0.7968824456939129,-0.00031152191595074097,0.686449782101956,0.697592262809654,0.011142480707698077,0.0509736612413203,0.1060535397726451,0.0550798785313248,0.6842105263157895,0.6929824561403509,0.00877192982456143,0.7091360978203085,0.7189845826687933,0.009848484848484773,0.0420227656006427,0.1058230808056286,0.06380031520498591,0.6771875,0.7003125,0.02312499999999995,0.7302197802197802,0.7813186813186813,0.05109890109890114,0.1495515172831766,0.1233600441489292,-0.026191473134247384,0.7121212121212122,0.7735849056603774,0.061463693539165254,0.7743328017012228,0.6743328017012228,-0.09999999999999998,0.1568375147287614,0.1883203822387237,0.03148286750996229,0.734375,0.640625,-0.09375,0.7216710078140653,0.7010839118255998,-0.02058709598846553,0.057375313558526,0.1015880405334052,0.0442127269748792,0.7230769230769231,0.7008547008547008,-0.022222222222222254,0.6439393939393939,0.7636363636363637,0.11969696969696975,0.185443651888415,0.1688833308253669,-0.016560321063048083,0.62,0.76,0.14,0.3837024789862219,0.4046798923858203,0.02097741339959841,0.0842853429534319,0.2130278713461547,0.1287425283927228,0.3559322033898304,0.3912114739090632,0.0352792705192328,0.2130256545212627,0.2172100836458411,0.004184429124578393,13.2,13.2,0.0,37,37,0
ADC_Post2_Pre_T2,ADC,Post2,Pre,T2,elasticnet_then_mrmr_auto_k,elasticnet_then_mrmr,XGBoost,elasticnet_then_mrmr_auto_k_no_smote,elasticnet_then_mrmr_auto_k_smote,0.6818970405812511,0.7169995811383372,0.03510254055708606,0.0928519756765152,0.067734768330431,-0.02511720734608419,0.650625,0.66125,0.010624999999999996,0.7330725545972551,0.7983424603145965,0.06526990571734148,0.1358696339186334,0.0677094236689083,-0.06816021024972511,0.7394568372925088,0.7637329730388517,0.02427613574634291,0.6258306910480822,0.6272292924466837,0.0013986013986014845,0.060405852763112,0.0668840693975421,0.006478216634430101,0.6228070175438597,0.6228070175438597,0.0,0.6287571200729096,0.6399586086428192,0.011201488569909546,0.0862642298285756,0.0653386894815615,-0.02092554034701409,0.609375,0.6203125,0.010937500000000044,0.6523421676362853,0.6755244755244755,0.0231823078881902,0.0985740145215665,0.0766811197867009,-0.021892894734865595,0.647887323943662,0.6721311475409836,0.02424382359732158,0.7555661881977672,0.6779691653375863,-0.07759702286018089,0.1547942194604648,0.1379962768947449,-0.016797942565719898,0.71875,0.640625,-0.078125,0.6822713884992987,0.6606926406926407,-0.021578747806658027,0.0506527386867035,0.0412455755662944,-0.009407163120409102,0.6814814814814815,0.656,-0.02548148148148144,0.5019480519480519,0.601948051948052,0.10000000000000009,0.1486374841804426,0.0784087734780067,-0.07022871070243589,0.5,0.6,0.09999999999999998,0.2370909608414464,0.2632683586707943,0.026177397829347887,0.1649309595493234,0.132819057825309,-0.0321119017240144,0.2221516978736909,0.2390561937286557,0.016904495854964785,0.2965152257953613,0.265372316425085,-0.031142909370276306,13.2,13.2,0.0,37,37,0
ADC_Post2_Pre_T2,ADC,Post2,Pre,T2,mrmr_then_elasticnet_no_corr_auto_k,mrmr_then_elasticnet_no_corr,ExtraTrees,mrmr_then_elasticnet_no_corr_auto_k_no_smote,mrmr_then_elasticnet_no_corr_auto_k_smote,0.7186949927619783,0.6974039667580338,-0.021291026003944502,0.0918503439620147,0.1207948266224276,0.0289444826604129,0.6146874999999999,0.6190625,0.004375000000000018,0.7970884221629027,0.7783520372679075,-0.018736384894995184,0.1162307540147088,0.1419348660056805,0.02570411199097171,0.6569320852450984,0.6498416324735381,-0.007090452771560285,0.6241743763482894,0.6347015303537042,0.010527154005414818,0.090033529040028,0.0781451697058996,-0.011888359334128393,0.6228070175438597,0.631578947368421,0.00877192982456132,0.6652618288144604,0.6786855396065923,0.013423710792131893,0.092863648267999,0.0673181880628661,-0.025545460205132903,0.63125,0.6368750000000001,0.005625000000000102,0.7363791763791764,0.7397402597402598,0.003361083361083428,0.2075593401492948,0.189408538707564,-0.018150801441730813,0.7058823529411765,0.7037037037037037,-0.002178649237472796,0.5918872939925571,0.636916533758639,0.04502923976608186,0.1370699168267722,0.1711547801093484,0.034084863282576205,0.5625,0.59375,0.03125,0.6267436267436267,0.6453681970203708,0.018624570276744135,0.0935814836758822,0.0851099381240805,-0.008471545551801699,0.6260869565217392,0.6440677966101694,0.01798084008843026,0.7386363636363636,0.7204545454545455,-0.018181818181818188,0.203532847065801,0.1996381023272522,-0.0038947447385487832,0.7,0.68,-0.019999999999999907,0.2875074411727441,0.314022463741776,0.026515022569031876,0.1751733926866414,0.1299598769984448,-0.04521351568819659,0.2552415679124886,0.2678899082568806,0.012648340344391995,0.2448041217514857,0.2645293270144153,0.01972520526292959,10.8,10.8,0.0,42,42,0
ADC_Post2_Pre_T2,ADC,Post2,Pre,T2,mrmr_then_elasticnet_no_corr_auto_k,mrmr_then_elasticnet_no_corr,GradientBoosting,mrmr_then_elasticnet_no_corr_auto_k_no_smote,mrmr_then_elasticnet_no_corr_auto_k_smote,0.703450977075379,0.6734062428799271,-0.03004473419545184,0.1076451664406413,0.0917876146400524,-0.015857551800588898,0.62375,0.6187499999999999,-0.0050000000000001155,0.7467169827455767,0.7436842896666455,-0.003032693078931281,0.1272729638237476,0.1218295331947649,-0.0054434306289826845,0.6667350345904616,0.6688067994610475,0.0020717648705859126,0.6159116246072768,0.5966888184279489,-0.019222806179327923,0.0322231683089786,0.0401855719075646,0.007962403598586,0.6140350877192983,0.5964912280701754,-0.01754385964912286,0.6368200805042911,0.6343633705475811,-0.0024567099567099904,0.0430825121350019,0.0630291857006361,0.019946673565634204,0.60375,0.5990625,-0.004687499999999956,0.6639285714285714,0.6876923076923076,0.02376373626373618,0.1308937098003801,0.1698388453772562,0.038945135576876094,0.6470588235294118,0.6607142857142857,0.013655462184873901,0.7294843168527378,0.6149388623072835,-0.1145454545454544,0.1467169229975085,0.1606546638899631,0.013937740892454614,0.6875,0.578125,-0.109375,0.6678660669665166,0.6156438923395445,-0.052222174626972095,0.0263640808956492,0.0366964212625573,0.010332340366908103,0.6666666666666666,0.6166666666666667,-0.04999999999999993,0.5441558441558442,0.6537878787878788,0.10963203463203464,0.165164989549784,0.2029624490865497,0.03779745953676569,0.52,0.62,0.09999999999999998,0.2466029127169644,0.2312650752928776,-0.015337837424086814,0.0736212399621718,0.0866500867300091,0.01302884676783729,0.2093316519546026,0.1947174447174448,-0.014614207237157811,0.2577158459709177,0.2695371938698054,0.011821347898887724,10.8,10.8,0.0,42,42,0
ADC_Post2_Pre_T2,ADC,Post2,Pre,T2,mrmr_then_elasticnet_no_corr_auto_k,mrmr_then_elasticnet_no_corr,KNN,mrmr_then_elasticnet_no_corr_auto_k_no_smote,mrmr_then_elasticnet_no_corr_auto_k_smote,0.7039781156288333,0.7251465382924713,0.021168422663638053,0.0953513477973949,0.0807778479059722,-0.014573499891422703,0.609375,0.6348437500000002,0.02546875000000015,0.7633475806784462,0.7875762442091692,0.02422866353072295,0.1319546389025081,0.0919117493859557,-0.04004288951655241,0.7155335097640821,0.7324214800631004,0.01688797029901823,0.5446828533785055,0.5996612083568607,0.054978354978355126,0.0461807624563319,0.142514928357171,0.0963341659008391,0.543859649122807,0.5964912280701754,0.05263157894736836,0.5919829877724615,0.6420839978734716,0.05010101010101009,0.0561833353286417,0.1328491216085704,0.0766657862799287,0.536875,0.6012500000000001,0.06437500000000007,0.6550267379679144,0.6971428571428572,0.042116119174942734,0.2122567879624732,0.2178559718938086,0.005599183931335405,0.59375,0.6666666666666666,0.07291666666666663,0.6476023391812865,0.6053801169590642,-0.04222222222222227,0.255869867064861,0.2516665562573944,-0.004203310807466554,0.59375,0.5625,-0.03125,0.5842505021859861,0.6017391304347826,0.01748862824879649,0.0920373701121915,0.1639881041376988,0.07195073402550729,0.59375,0.6101694915254238,0.01641949152542377,0.5363636363636364,0.6787878787878788,0.14242424242424245,0.3064728696552286,0.2055586578079754,-0.10091421184725319,0.48,0.64,0.16000000000000003,0.1506286083584661,0.2510831538130116,0.10045454545454552,0.0848569574584258,0.2674080304017869,0.1825510729433611,0.0737499999999999,0.1981651376146788,0.1244151376146789,0.2736968332208271,0.2649990642380558,-0.008697768982771303,10.8,10.8,0.0,42,42,0
ADC_Post2_Pre_T2,ADC,Post2,Pre,T2,mrmr_then_elasticnet_no_corr_auto_k,mrmr_then_elasticnet_no_corr,LightGBM,mrmr_then_elasticnet_no_corr_auto_k_no_smote,mrmr_then_elasticnet_no_corr_auto_k_smote,0.6671851115391785,0.6523032155687658,-0.014881895970412673,0.0970505462292084,0.1306107363493424,0.03356019012013399,0.6174999999999999,0.61078125,-0.0067187499999998845,0.743802418062657,0.7137778432765538,-0.03002457478610321,0.1259025918960294,0.1561233940031201,0.03022080210709069,0.7157072747290756,0.6926826083629722,-0.02302466636610334,0.5714227801184323,0.5908280125671429,0.01940523244871062,0.0452211577780477,0.0553904726616638,0.010169314883616103,0.5701754385964912,0.5877192982456141,0.01754385964912286,0.6022461456671983,0.6200922761449077,0.017846130477709443,0.0635800332236911,0.0624708018450806,-0.0011092313786104993,0.5690625,0.5825,0.013437499999999991,0.6570995670995672,0.6543803418803418,-0.0027192252192254074,0.1911223004730828,0.1253355857622567,-0.06578671471082609,0.6271186440677966,0.6349206349206349,0.007801990852838281,0.6120680489101542,0.6763317384370016,0.06426368952684736,0.174427158699134,0.1967395642734975,0.02231240557436351,0.578125,0.625,0.046875,0.5959339011812774,0.6318766965723487,0.03594279539107126,0.0794873869090748,0.0542413792310957,-0.025246007677979097,0.6016260162601627,0.6299212598425197,0.02829524358235702,0.5924242424242424,0.5638528138528138,-0.02857142857142858,0.2079900753442087,0.1524307523897173,-0.055559322954491425,0.56,0.54,-0.020000000000000018,0.1729674347902846,0.2139914489891153,0.0410240141988307,0.0963124160515403,0.1143598427504914,0.018047426698951097,0.136630602782071,0.1646398503274088,0.02800924754533779,0.2796403825062856,0.326457356067039,0.04681697356075343,10.8,10.8,0.0,42,42,0
ADC_Post2_Pre_T2,ADC,Post2,Pre,T2,mrmr_then_elasticnet_no_corr_auto_k,mrmr_then_elasticnet_no_corr,LogisticRegression,mrmr_then_elasticnet_no_corr_auto_k_no_smote,mrmr_then_elasticnet_no_corr_auto_k_smote,0.6971693121693121,0.6991840712893345,0.002014759120022358,0.1263318675898344,0.1262636629545638,-6.820463527060228e-05,0.66234375,0.66453125,0.002187500000000009,0.7372323580040074,0.7394063725859168,0.002174014581909356,0.1512145101871664,0.1490623474100752,-0.002152162777091182,0.7175635251197264,0.7167670028719275,-0.0007965222477989142,0.6145130232086753,0.6145130232086753,0.0,0.0638714660305554,0.0638714660305554,0.0,0.6140350877192983,0.6140350877192983,0.0,0.652923976608187,0.6512573099415204,-0.0016666666666665941,0.0821944855182415,0.0814733223854569,-0.0007211631327845996,0.60375,0.6059375,0.002187500000000009,0.6973626373626374,0.7015584415584415,0.00419580419580412,0.1809174381590136,0.1792027094222082,-0.0017147287368053932,0.6470588235294118,0.6515151515151515,0.004456327985739694,0.7391812865497076,0.7191812865497076,-0.020000000000000018,0.203469781840008,0.2014130174144877,-0.002056764425520302,0.6875,0.671875,-0.015625,0.6681656314699793,0.6623685300207038,-0.005797101449275477,0.0242779295591657,0.0201285581815504,-0.004149371377615299,0.6666666666666666,0.6615384615384615,-0.00512820512820511,0.5666666666666667,0.5833333333333333,0.016666666666666607,0.3308238873546534,0.3333333333333333,0.002509445978679914,0.52,0.54,0.020000000000000018,0.2622635402425621,0.2601940650023551,-0.0020694752402070082,0.1384784587078306,0.1368612803658897,-0.0016171783419408892,0.2093316519546026,0.2128060263653484,0.0034743744107458008,0.2361085314855298,0.235809625851786,-0.00029890563374379564,10.8,10.8,0.0,42,42,0
ADC_Post2_Pre_T2,ADC,Post2,Pre,T2,mrmr_then_elasticnet_no_corr_auto_k,mrmr_then_elasticnet_no_corr,NaiveBayes,mrmr_then_elasticnet_no_corr_auto_k_no_smote,mrmr_then_elasticnet_no_corr_auto_k_smote,0.6739067250311269,0.6841912172534181,0.01028449222229122,0.1203689573603526,0.1067387155152326,-0.01363024184511999,0.5478125,0.5712499999999999,0.02343749999999989,0.7398922206432075,0.7428402960456173,0.002948075402409822,0.1592862151156596,0.159588222553751,0.0003020074380913895,0.5862804577785248,0.6021474775498634,0.015867019771338642,0.5708899795856317,0.5795479882436404,0.008658008658008698,0.0900993247321949,0.0564559755509215,-0.033643349181273395,0.5701754385964912,0.5789473684210527,0.00877192982456143,0.6215497076023392,0.6254385964912281,0.0038888888888889417,0.1099612555386679,0.0847642613006463,-0.02519699423802159,0.5646875,0.5790625,0.014375000000000027,0.7147727272727272,0.72,0.005227272727272747,0.2416049127900704,0.2315167380558045,-0.010088174734265903,0.6190476190476191,0.6379310344827587,0.018883415435139606,0.659766081871345,0.6175438596491227,-0.04222222222222227,0.226171252030475,0.2167614680021907,-0.009409784028284296,0.609375,0.578125,-0.03125,0.6138298738298739,0.6015442647021595,-0.01228560912771437,0.0602433330042844,0.0430723888835343,-0.017170944120750105,0.6141732283464567,0.6065573770491803,-0.007615851297276377,0.5833333333333333,0.6333333333333333,0.050000000000000044,0.4013864859597432,0.3711842908553348,-0.030202195104408414,0.52,0.58,0.05999999999999994,0.1966104206315162,0.2050732994739145,0.008462878842398297,0.1873816051360506,0.1319542224198683,-0.055427382716182305,0.1290926099158091,0.1560764959901295,0.026983886074320396,0.3730026938715027,0.3672116878527361,-0.005791006018766587,10.8,10.8,0.0,42,42,0
ADC_Post2_Pre_T2,ADC,Post2,Pre,T2,mrmr_then_elasticnet_no_corr_auto_k,mrmr_then_elasticnet_no_corr,RandomForest,mrmr_then_elasticnet_no_corr_auto_k_no_smote,mrmr_then_elasticnet_no_corr_auto_k_smote,0.669801771416604,0.6873000798598884,0.01749830844328437,0.0870301248149006,0.1086006682946006,0.0215705434797,0.58640625,0.5965624999999999,0.010156249999999867,0.7469751938866646,0.7525760324861819,0.0056008385995173215,0.1230855096977583,0.1333573951490616,0.010271885451303309,0.6234743385953743,0.6290737061917713,0.005599367596397009,0.5885636103027407,0.5989908642082555,0.0104272539055148,0.0435070285518331,0.0823417848017886,0.03883475624995549,0.5877192982456141,0.5964912280701754,0.00877192982456132,0.6163224348750664,0.6267517278043593,0.010429292929292844,0.0739868058233493,0.0982017684795716,0.024214962656222305,0.5846875,0.5990625,0.014375000000000027,0.67012987012987,0.6808857808857809,0.010755910755910869,0.1728492880239397,0.1750587406373492,0.0022094526134094905,0.639344262295082,0.6607142857142857,0.021370023419203688,0.6470388091440723,0.6110792131844763,-0.03595959595959597,0.137030044265883,0.1535189972452345,0.01648895297935149,0.609375,0.578125,-0.03125,0.6250016405938446,0.6176527176527176,-0.00734892294112699,0.025297803123966,0.080618952270942,0.055321149146976,0.624,0.6166666666666667,-0.007333333333333303,0.5856060606060606,0.6424242424242423,0.05681818181818177,0.2256202551653179,0.1889023924304084,-0.036717862734909484,0.56,0.62,0.05999999999999994,0.2003967144781573,0.2196996608264773,0.01930294634832,0.1189209803302795,0.1727205594697294,0.053799579139449896,0.168270723377833,0.1947174447174448,0.02644672133961179,0.2660247077932919,0.2676266677837103,0.0016019599904184,10.8,10.8,0.0,42,42,0
ADC_Post2_Pre_T2,ADC,Post2,Pre,T2,mrmr_then_elasticnet_no_corr_auto_k,mrmr_then_elasticnet_no_corr,SVM_Linear,mrmr_then_elasticnet_no_corr_auto_k_no_smote,mrmr_then_elasticnet_no_corr_auto_k_smote,0.6309898368510808,0.6375876329943315,0.006597796143250734,0.2188947586794542,0.2037288265847157,-0.015165932094738516,0.60875,0.638125,0.02937500000000004,0.7075263583029097,0.7130179213207885,0.005491563017878787,0.1888925278934307,0.1788352905490861,-0.010057237344344605,0.682955970664348,0.7153795909915011,0.03242362032715307,0.5882059969016491,0.5890717977674499,0.0008658008658007921,0.0481617940716048,0.1229912506531425,0.0748294565815377,0.5877192982456141,0.5877192982456141,0.0,0.6209941520467837,0.630388091440723,0.009393939393939399,0.0727713456848135,0.13691530246762,0.06414395678280649,0.569375,0.5978125000000001,0.028437500000000115,0.6620238095238096,0.6030769230769232,-0.05894688644688639,0.1842157182191635,0.3347205847008593,0.1505048664816958,0.6133333333333333,0.673469387755102,0.060136054421768725,0.7753216374269005,0.5486549707602338,-0.22666666666666668,0.2079591366025899,0.3336890274176119,0.125729890815022,0.71875,0.515625,-0.203125,0.6615777581294822,0.5359730639730639,-0.12560469415641828,0.0361757296867435,0.2726741550301204,0.2364984253433769,0.6618705035971223,0.584070796460177,-0.07779970713694528,0.4666666666666667,0.7121212121212122,0.24545454545454548,0.3188521078284831,0.1709504570614343,-0.1479016507670488,0.42,0.68,0.26000000000000006,0.2053977877305039,0.2174641821547931,0.012066394424289195,0.1140018670454179,0.2552861288603385,0.14128426181492063,0.1421709894332371,0.1894099848714069,0.047238995438169784,0.2500205927630403,0.2474694425086707,-0.002551150254369583,10.8,10.8,0.0,42,42,0
ADC_Post2_Pre_T2,ADC,Post2,Pre,T2,mrmr_then_elasticnet_no_corr_auto_k,mrmr_then_elasticnet_no_corr,SVM_RBF,mrmr_then_elasticnet_no_corr_auto_k_no_smote,mrmr_then_elasticnet_no_corr_auto_k_smote,0.6249302434230664,0.6346761877144652,0.009745944291398856,0.2106240820941032,0.1949261444825735,-0.015697937611529683,0.6218750000000001,0.6331249999999999,0.011249999999999871,0.7045631747642314,0.7055799080309646,0.0010167332667332385,0.1862206698080644,0.1771732051312474,-0.009047464676816996,0.7015370945950159,0.7196315410207701,0.018094446425754196,0.5699865352039264,0.5605003691960213,-0.009486166007905084,0.0433058298182736,0.1060050608026441,0.0626992309843705,0.5701754385964912,0.5614035087719298,-0.00877192982456143,0.6101608187134503,0.6037214247740563,-0.006439393939393967,0.0703666680542111,0.1251214895565932,0.05475482150238209,0.5559375,0.5700000000000001,0.014062500000000089,0.6597402597402597,0.583076923076923,-0.07666333666333669,0.189298801089115,0.3372846672257162,0.1479858661366012,0.6056338028169014,0.64,0.034366197183098635,0.7286549707602339,0.5286549707602338,-0.20000000000000007,0.2177902145304687,0.3144750639547135,0.09668484942424477,0.671875,0.5,-0.171875,0.6362621082621083,0.5136489533011271,-0.12261315496098113,0.0290025601830474,0.2588905914585679,0.22988803127552052,0.6370370370370371,0.5614035087719298,-0.07563352826510727,0.4916666666666666,0.6787878787878788,0.18712121212121224,0.3295619988880865,0.2186547903782853,-0.11090720850980121,0.44,0.64,0.2,0.183210461233356,0.1664935750256705,-0.016716886207685494,0.1065556404777253,0.2267140220120448,0.1201583815343195,0.1136147254839733,0.1358399029714978,0.022225177487524506,0.2537264513397695,0.2446561936271729,-0.009070257712596619,10.8,10.8,0.0,42,42,0
ADC_Post2_Pre_T2,ADC,Post2,Pre,T2,mrmr_then_elasticnet_no_corr_auto_k,mrmr_then_elasticnet_no_corr,XGBoost,mrmr_then_elasticnet_no_corr_auto_k_no_smote,mrmr_then_elasticnet_no_corr_auto_k_smote,0.6588602820181768,0.6421186230037905,-0.01674165901438629,0.0877959009683869,0.0834411506691655,-0.004354750299221388,0.5975,0.5743750000000001,-0.02312499999999995,0.7199118563643857,0.7183679709308415,-0.0015438854335442231,0.1426391800808845,0.147989535742988,0.005350355662103512,0.6327891608961111,0.6154000057202118,-0.01738915517589934,0.5990907643081556,0.5899998552172465,-0.009090909090909038,0.0492592120602723,0.0788136492450852,0.029554437184812904,0.5964912280701754,0.5877192982456141,-0.00877192982456132,0.6247387407913724,0.63146331738437,0.006724576592997633,0.0457128337288128,0.0815089324772377,0.0357960987484249,0.5925,0.59125,-0.0012499999999999734,0.6639316239316239,0.6978015448603684,0.033869920928744524,0.1297822088172065,0.1929338219436892,0.06315161312648268,0.6451612903225806,0.6545454545454545,0.009384164222873914,0.6674428495481127,0.6076236044657097,-0.059819245082402994,0.1542300931205502,0.2140583895263389,0.05982829640578871,0.625,0.5625,-0.0625,0.6370600414078675,0.6044688644688645,-0.03259117693900304,0.0434861473671576,0.0869175737534826,0.043431426386324995,0.6349206349206349,0.6050420168067226,-0.029878618113912236,0.582034632034632,0.6553030303030303,0.07326839826839826,0.1545587926386812,0.2341141990964007,0.0795554064577195,0.56,0.62,0.05999999999999994,0.2254015260886242,0.2270721779130952,0.0016706518244709867,0.0911134996088412,0.152341760425121,0.061228260816279786,0.1841941505911636,0.1789764020839719,-0.0052177485071917,0.3134497465288969,0.3192316090508836,0.005781862521986703,10.8,10.8,0.0,42,42,0
Post1_Post2_Pre_T2,Post1,Post2,Pre,T2,corr_mrmr_auto_k,corr_mrmr,ExtraTrees,corr_mrmr_auto_k_no_smote,corr_mrmr_auto_k_smote,0.5764760348583878,0.5971420790538439,0.020666044195456035,0.1597287319417777,0.1462654977380233,-0.013463234203754393,0.5324519230769231,0.5423677884615385,0.009915865384615419,0.6938265446807932,0.7048687217997861,0.011042177118992913,0.0826613585426408,0.0768120067481044,-0.005849351794536398,0.6362845624125057,0.6638268819778459,0.027542319565340145,0.5762732570852704,0.5497423538024206,-0.026530903282849794,0.092707002568874,0.0705807847910214,-0.022126217777852605,0.5517241379310345,0.5431034482758621,-0.008620689655172376,0.5972852474323063,0.5923856209150327,-0.004899626517273603,0.1240170116083972,0.0917737365908118,-0.03224327501758541,0.5540865384615384,0.5498798076923077,-0.0042067307692307265,0.6182539682539682,0.6510683760683761,0.03281440781440792,0.0966300397157106,0.2174155536631434,0.12078551394743281,0.6071428571428571,0.6078431372549019,0.0007002801120448154,0.5894117647058824,0.5458823529411765,-0.04352941176470593,0.2308521898618548,0.2832925542266807,0.05244036436482591,0.53125,0.484375,-0.046875,0.5655913978494623,0.5088792688792688,-0.05671212897019351,0.0869513058451646,0.1345822553694921,0.04763094952432749,0.5666666666666667,0.5391304347826087,-0.02753623188405796,0.6051587301587301,0.638888888888889,0.03373015873015883,0.1557558639051561,0.1956312984628779,0.0398754345577218,0.5769230769230769,0.6153846153846154,0.03846153846153855,0.1569337111840822,0.1466852848972645,-0.010248426286817686,0.1855955222284517,0.1378422964542427,-0.047753225774208985,0.1066350710900474,0.0974750440399294,-0.009160027050117994,0.2519659411853188,0.2502742294167712,-0.001691711768547599,14.8,14.8,0.0,53,53,0
Post1_Post2_Pre_T2,Post1,Post2,Pre,T2,corr_mrmr_auto_k,corr_mrmr,GradientBoosting,corr_mrmr_auto_k_no_smote,corr_mrmr_auto_k_smote,0.6210589791472145,0.5533761282290695,-0.06768285091814508,0.1213857288389944,0.1102071852648142,-0.011178543574180203,0.5698617788461537,0.5199819711538461,-0.0498798076923076,0.6898032833611417,0.6554079468495326,-0.03439533651160909,0.0627321648246826,0.1148980055059997,0.05216584068131709,0.6215943639369492,0.5893944531995043,-0.03219991073744488,0.539176482891722,0.517649715258169,-0.02152676763355299,0.0403249368446831,0.0915585945224454,0.0512336576777623,0.5431034482758621,0.5258620689655172,-0.017241379310344862,0.582156862745098,0.5509477124183007,-0.031209150326797386,0.0541817253489027,0.0935344357684745,0.03935271041957181,0.5444711538461539,0.5306490384615384,-0.013822115384615419,0.5888888888888889,0.5809803921568627,-0.007908496732026205,0.1398853145779352,0.2122612189432676,0.0723759043653324,0.5964912280701754,0.5849056603773585,-0.011585567692816934,0.5976470588235294,0.5074509803921569,-0.09019607843137256,0.2202735009594061,0.1164276675389082,-0.1038458334204979,0.53125,0.484375,-0.046875,0.5464039408866995,0.5064662855737907,-0.039937655312908826,0.0642296529991806,0.1107978799396361,0.04656822694045551,0.5619834710743802,0.5299145299145299,-0.03206894115985026,0.5666666666666667,0.5944444444444444,0.02777777777777779,0.1433720877840437,0.1984507899943527,0.055078702210309,0.5576923076923077,0.5769230769230769,0.019230769230769162,0.1319280306354917,0.089223093573106,-0.04270493706238569,0.0712420337240529,0.1628604699195434,0.0916184361954905,0.0878338278931749,0.0601060695344726,-0.027727758358702295,0.2733187687639275,0.2769876243902769,0.0036688556263493877,14.8,14.8,0.0,53,53,0
Post1_Post2_Pre_T2,Post1,Post2,Pre,T2,corr_mrmr_auto_k,corr_mrmr,KNN,corr_mrmr_auto_k_no_smote,corr_mrmr_auto_k_smote,0.4972432306255836,0.5333123249299719,0.036069094304388316,0.126948737825611,0.129496879442822,0.0025481416172110083,0.4508713942307693,0.4989483173076922,0.048076923076922906,0.6122614936621351,0.623289923849795,0.011028430187659866,0.1031873861414047,0.0945392793934218,-0.0086481067479829,0.5399682086817481,0.5684117988838745,0.02844359020212639,0.4440627287679568,0.508937280739283,0.06487455197132619,0.1169374637003895,0.0997370626002276,-0.017200401100161897,0.4568965517241379,0.4827586206896552,0.025862068965517293,0.4401027077497665,0.4890429505135387,0.04894024276377218,0.1113028214931093,0.1112522873409676,-5.053415214169299e-05,0.4483173076923077,0.484375,0.03605769230769229,0.4895042016806723,0.5628851540616246,0.07338095238095232,0.1970675140976647,0.2453893426965778,0.0483218285989131,0.5074626865671642,0.5357142857142857,0.028251599147121498,0.496078431372549,0.4407843137254902,-0.05529411764705877,0.1720134290153828,0.1250629983501295,-0.04695043066525331,0.53125,0.46875,-0.0625,0.4695413518942931,0.4684128622209116,-0.001128489673381472,0.1692029160116506,0.1194265469478672,-0.04977636906378341,0.5190839694656488,0.5,-0.01908396946564883,0.3841269841269842,0.5373015873015873,0.15317460317460307,0.2384045609754091,0.2954854741047409,0.057080913129331806,0.3653846153846153,0.5,0.1346153846153847,-0.0889009727703697,-0.0265804968913249,0.062320475879044795,0.1779441846642158,0.211956149536812,0.034011964872596195,-0.1039274924471298,-0.0308056872037914,0.0731218052433384,0.329684286276547,0.3247497213541347,-0.004934564922412288,14.8,14.8,0.0,53,53,0
Post1_Post2_Pre_T2,Post1,Post2,Pre,T2,corr_mrmr_auto_k,corr_mrmr,LightGBM,corr_mrmr_auto_k_no_smote,corr_mrmr_auto_k_smote,0.5536725801431683,0.5137768440709618,-0.039895736072206534,0.0865291574412087,0.0730363478161791,-0.013492809625029606,0.5315504807692307,0.544170673076923,0.01262019230769229,0.6422232322822711,0.6449489688745217,0.002725736592250616,0.1465293742446427,0.0843718654096977,-0.062157508834945016,0.643662673077463,0.6481515202914838,0.004488847214020764,0.5154126617419166,0.5215196372037306,0.006106975461814046,0.0973014810659626,0.0875342981964137,-0.009767182869548904,0.5086206896551724,0.5258620689655172,0.017241379310344862,0.5226120448179272,0.5341993464052287,0.01158730158730148,0.116489909270131,0.089976756886826,-0.026513152383304997,0.5060096153846154,0.5234375,0.01742788461538458,0.5391812865497077,0.5449238480817428,0.0057425615320351175,0.1643118762227168,0.1623816400540358,-0.0019302361686810154,0.5573770491803278,0.5737704918032787,0.016393442622950838,0.5345098039215685,0.5545098039215686,0.020000000000000018,0.125107258864881,0.1271846387490164,0.002077379884135394,0.53125,0.546875,0.015625,0.5161056376573618,0.5282843137254901,0.01217867606812828,0.1081532127779544,0.1151753840402192,0.007022171262264801,0.544,0.56,0.016000000000000014,0.5107142857142858,0.513888888888889,0.0031746031746031633,0.2056750280981373,0.1210805262094631,-0.08459450188867422,0.4807692307692308,0.5,0.019230769230769218,0.024858609499518,0.0582991007562305,0.0334404912567125,0.215372095807855,0.1721268942794473,-0.04324520152840769,0.0119545726240286,0.0466228332337118,0.0346682606096832,0.2996191438169575,0.3451631190565483,0.045543975239590806,14.8,14.8,0.0,53,53,0
Post1_Post2_Pre_T2,Post1,Post2,Pre,T2,corr_mrmr_auto_k,corr_mrmr,LogisticRegression,corr_mrmr_auto_k_no_smote,corr_mrmr_auto_k_smote,0.5874159663865546,0.5946420790538438,0.007226112667289231,0.1001429290340687,0.1330693632083573,0.0329264341742886,0.5667067307692307,0.5615985576923078,-0.005108173076922906,0.6972197849686894,0.6873203529835203,-0.009899431985169072,0.0334560671490705,0.0465585644141449,0.013102497265074405,0.6700303350218706,0.649507837689838,-0.020522497332032597,0.5767181959061826,0.5725036365192093,-0.004214559386973238,0.0923391384441157,0.0949408293065273,0.0026016908624115903,0.5517241379310345,0.5517241379310345,0.0,0.5774649859943978,0.5757983193277312,-0.0016666666666665941,0.0801894892713884,0.081771694523678,0.0015822052522895952,0.5576923076923077,0.5594951923076923,0.0018028846153845812,0.6093455564043799,0.6087394957983193,-0.00060606060606061,0.0816994306262015,0.0867894342851587,0.005090003658957204,0.6153846153846154,0.62,0.004615384615384577,0.5192156862745098,0.4992156862745097,-0.020000000000000073,0.1023401689874952,0.1297772616422826,0.027437092654787387,0.5,0.484375,-0.015625,0.5492003252914068,0.5329040289951106,-0.016296296296296253,0.0546544287019011,0.0799605563201289,0.0253061276182278,0.5517241379310345,0.543859649122807,-0.007864488808227432,0.6357142857142857,0.6523809523809524,0.01666666666666672,0.1292554799145145,0.1372947057638735,0.00803922584935901,0.6153846153846154,0.6346153846153846,0.019230769230769162,0.1414466060396761,0.1374719097571308,-0.0039746962825452925,0.1450884636901927,0.1479603894842327,0.002871925794039998,0.1129411764705882,0.1160609613130129,0.0031197848424247,0.2708465993178675,0.27389337945101,0.0030467801331425237,14.8,14.8,0.0,53,53,0
Post1_Post2_Pre_T2,Post1,Post2,Pre,T2,corr_mrmr_auto_k,corr_mrmr,NaiveBayes,corr_mrmr_auto_k_no_smote,corr_mrmr_auto_k_smote,0.5855812324929973,0.5753688141923436,-0.01021241830065367,0.0710484351160891,0.0596777716274863,-0.011370663488602807,0.5555889423076923,0.5462740384615384,-0.009314903846153855,0.640401143650642,0.6250484702805171,-0.015352673370124914,0.1130835131447437,0.1087122501878469,-0.004371262956896799,0.6369484960299414,0.615060457324434,-0.021888038705507373,0.5361964385879847,0.5268774421722141,-0.009318996415770608,0.0846472235094475,0.069767964164017,-0.01487925934543051,0.5431034482758621,0.5431034482758621,0.0,0.5550887021475257,0.54687441643324,-0.00821428571428573,0.07139389227903,0.0433648231799725,-0.028029069099057495,0.5282451923076923,0.5300480769230769,0.0018028846153845812,0.5695238095238094,0.550952380952381,-0.01857142857142846,0.1531705731849167,0.1342958456157891,-0.018874727569127586,0.5733333333333334,0.5753424657534246,0.002009132420091264,0.711764705882353,0.691764705882353,-0.020000000000000018,0.1788080488655372,0.2050436699203232,0.026235621054785996,0.671875,0.65625,-0.015625,0.5951436850043661,0.5777126793380664,-0.017431005666299737,0.0892541031413278,0.1027768060862346,0.013522702944906803,0.6187050359712231,0.6131386861313869,-0.005566349839836171,0.3984126984126984,0.401984126984127,0.0035714285714286143,0.2252989950892116,0.1727790719669213,-0.05251992312229031,0.3846153846153846,0.4038461538461538,0.019230769230769218,0.088271166513121,0.0743876092263812,-0.013883557286739803,0.1310582320865147,0.0619859863082644,-0.0690722457782503,0.0576333537706927,0.0610873549175321,0.0034540011468394,0.3689552700420505,0.3714024323191203,0.0024471622770698143,14.8,14.8,0.0,53,53,0
Post1_Post2_Pre_T2,Post1,Post2,Pre,T2,corr_mrmr_auto_k,corr_mrmr,RandomForest,corr_mrmr_auto_k_no_smote,corr_mrmr_auto_k_smote,0.545083255524432,0.5663562091503268,0.021272953625894764,0.1057028529993092,0.1362334423472796,0.0305305893479704,0.544170673076923,0.5336538461538461,-0.010516826923076872,0.6651582260533562,0.69467635097563,0.029518124922273792,0.0975646063924239,0.0741403669493578,-0.023424239443066097,0.6520735086316441,0.6303371349605842,-0.02173637367105996,0.5381801241645514,0.5552979093579761,0.01711778519342466,0.0652781911513928,0.0891485999901742,0.0238704088387814,0.5344827586206896,0.5517241379310345,0.017241379310344862,0.5568884220354808,0.5777917833800187,0.020903361344537852,0.0679527011872637,0.0864249787286758,0.018472277541412105,0.5348557692307692,0.5558894230769231,0.021033653846153966,0.5891708291708292,0.630989010989011,0.041818181818181754,0.1858917007170697,0.2419144350584042,0.05602273434133451,0.5862068965517241,0.6111111111111112,0.024904214559387072,0.5427450980392157,0.5309803921568628,-0.0117647058823529,0.1417331074268425,0.158454667283757,0.01672155985691451,0.53125,0.515625,-0.015625,0.5287912087912088,0.5314228514228514,0.0026316426316426167,0.1031114645947541,0.1239702401864057,0.020858775591651613,0.5573770491803278,0.559322033898305,0.0019449847179772162,0.571031746031746,0.6246031746031745,0.05357142857142849,0.1995617521473767,0.2074998444267798,0.007938092279403092,0.5384615384615384,0.5961538461538461,0.05769230769230771,0.0996956633845224,0.1407926963344902,0.041097032949967804,0.1265417508461593,0.1612650864379718,0.03472333559181251,0.0689655172413793,0.1097992916174733,0.040833774376094006,0.2617540400114522,0.2674212726287526,0.0056672326173003995,14.8,14.8,0.0,53,53,0
Post1_Post2_Pre_T2,Post1,Post2,Pre,T2,corr_mrmr_auto_k,corr_mrmr,SVM_Linear,corr_mrmr_auto_k_no_smote,corr_mrmr_auto_k_smote,0.5803828197945845,0.571462029256147,-0.008920790538437529,0.1613726124984768,0.1386178446346112,-0.0227547678638656,0.5151742788461539,0.5492788461538461,0.03410456730769229,0.6776295300335404,0.6688523310113965,-0.008777199022143911,0.0631837288708641,0.0650398973507697,0.0018561684799056066,0.6001170156614368,0.6348372045656945,0.034720188904257654,0.4934262190658185,0.5343515587119592,0.040925339646140646,0.0486857104325511,0.0691582686755606,0.020472558243009503,0.5,0.5172413793103449,0.017241379310344862,0.5279785247432306,0.5668113912231559,0.03883286647992534,0.0641665844250763,0.1075258249066815,0.043359240481605194,0.4909855769230769,0.5228365384615384,0.03185096153846151,0.5482983682983682,0.5700581771170006,0.021759808818632376,0.1312923814541393,0.0876454223965697,-0.0436469590575696,0.5441176470588235,0.5769230769230769,0.03280542986425339,0.6329411764705882,0.5423529411764706,-0.09058823529411764,0.2387278858034972,0.2467336796031685,0.008005793799671312,0.578125,0.46875,-0.109375,0.5350402504472273,0.5147712418300653,-0.020269008617161965,0.0664780166300338,0.081068518834612,0.014590502204578193,0.5606060606060606,0.5172413793103449,-0.04336468129571569,0.423015873015873,0.5912698412698413,0.16825396825396827,0.24212983738207,0.1094547746543448,-0.1326750627277252,0.4038461538461538,0.5769230769230769,0.17307692307692307,0.0349693954207524,0.096927833818021,0.061958438397268605,0.1034790876075342,0.1491155191342934,0.04563643152675921,-0.0181598062953995,0.0447058823529411,0.0628656886483406,0.2744488190950863,0.2660591238261006,-0.008389695268985697,14.8,14.8,0.0,53,53,0
Post1_Post2_Pre_T2,Post1,Post2,Pre,T2,corr_mrmr_auto_k,corr_mrmr,SVM_RBF,corr_mrmr_auto_k_no_smote,corr_mrmr_auto_k_smote,0.5993012760659819,0.4678618113912232,-0.13143946467475875,0.1413702079326348,0.0479842243590876,-0.0933859835735472,0.567608173076923,0.4758112980769231,-0.09179687499999994,0.6977362182387937,0.5463080909321072,-0.15142812730668653,0.0375716674608606,0.1612977315130807,0.12372606405222009,0.6696114108826622,0.5813276583144971,-0.08828375256816512,0.4734999952463801,0.4445666124754,-0.028933382770980065,0.1211011136047231,0.1012458038373189,-0.019855309767404197,0.5086206896551724,0.4655172413793103,-0.0431034482758621,0.4957679738562091,0.5179084967320262,0.022140522875817137,0.0177971407912226,0.0162042080806142,-0.0015929327106084003,0.4771634615384615,0.4831730769230769,0.006009615384615419,0.5102521319985168,0.4334615384615384,-0.07679059353697842,0.1410852131674453,0.2656954701161401,0.12461025694869479,0.5376344086021505,0.5263157894736842,-0.011318619128466323,0.7776470588235294,0.4247058823529411,-0.35294117647058826,0.2871745186332679,0.3331385820929373,0.04596406345966941,0.78125,0.3125,-0.46875,0.5694927536231884,0.36,-0.20949275362318842,0.1534209428900965,0.1959591794226542,0.0425382365325577,0.6369426751592356,0.392156862745098,-0.24478581241413766,0.2138888888888888,0.611111111111111,0.39722222222222225,0.2681095224891923,0.3365584717969102,0.06844894930771789,0.173076923076923,0.6538461538461539,0.48076923076923084,-0.0080745341614906,0.0327433999580474,0.040817934119538,0.0338836812347474,0.0294954896572454,-0.004388191577502001,-0.0481927710843372,-0.0321469575200918,0.0160458135642454,0.2568279538862992,0.2732270295483676,0.016399075662068385,14.8,14.8,0.0,53,53,0
Post1_Post2_Pre_T2,Post1,Post2,Pre,T2,corr_mrmr_auto_k,corr_mrmr,XGBoost,corr_mrmr_auto_k_no_smote,corr_mrmr_auto_k_smote,0.560836445689387,0.5171848739495799,-0.04365157173980705,0.0883742590960572,0.0834777684720608,-0.0048964906239963996,0.5369591346153846,0.5333533653846153,-0.0036057692307692735,0.6560929250789982,0.6115633651789465,-0.044529559900051696,0.0699570833493442,0.156648642432684,0.08669155908333981,0.6389594823302047,0.6314476930674302,-0.007511789262774515,0.5199281252673911,0.5275201315801984,0.00759200631280732,0.0546189782029571,0.0818449222696816,0.027225944066724496,0.5258620689655172,0.5258620689655172,0.0,0.5378408029878619,0.5380182072829132,0.00017740429505130884,0.0491490822678663,0.0932092581042265,0.0440601758363602,0.5252403846153846,0.5234375,-0.0018028846153845812,0.5483849483849483,0.5484848484848486,9.990009990024085e-05,0.1460269907352155,0.1584474722715318,0.012420481536316308,0.576271186440678,0.5737704918032787,-0.0025006946373993255,0.5427450980392157,0.5462745098039214,0.003529411764705781,0.1465344900897109,0.1605430997883678,0.014008609698656915,0.53125,0.546875,0.015625,0.518578799941029,0.5227633477633477,0.004184547822318696,0.0992832944657338,0.1136099284398871,0.014326633974153291,0.5528455284552846,0.56,0.0071544715447154905,0.5329365079365079,0.5297619047619048,-0.0031746031746031633,0.0960907597762994,0.1671101431679402,0.07101938339164081,0.5192307692307693,0.5,-0.019230769230769273,0.0667654485596221,0.0585767333883073,-0.008188715171314802,0.0945243417900424,0.1670831515590473,0.07255880976900489,0.0500297796307325,0.0466228332337118,-0.003406946397020695,0.3469392853958795,0.3536354876540608,0.006696202258181294,14.8,14.8,0.0,53,53,0
Post1_Post2_Pre_T2,Post1,Post2,Pre,T2,elasticnet_then_mrmr_auto_k,elasticnet_then_mrmr,ExtraTrees,elasticnet_then_mrmr_auto_k_no_smote,elasticnet_then_mrmr_auto_k_smote,0.6883730158730159,0.6897478991596638,0.001374883286647921,0.1019396893995718,0.0749942340733858,-0.026945455326186002,0.6703725961538461,0.6802884615384616,0.009915865384615419,0.760002681164568,0.7637379644664287,0.0037352833018606812,0.0944406905666978,0.1093629496118902,0.014922259045192413,0.752630597672765,0.7394174128901028,-0.013213184782662202,0.5974791553768195,0.6369722293526521,0.03949307397583257,0.0599390811037371,0.0412529617005681,-0.018686119403169,0.603448275862069,0.646551724137931,0.0431034482758621,0.6208333333333333,0.6605742296918767,0.03974089635854339,0.0696672703454962,0.0352689442829244,-0.0343983260625718,0.5973557692307692,0.6418269230769231,0.044471153846153966,0.6064102564102564,0.6504975674480319,0.04408731103777552,0.1250805131895059,0.1401548199761909,0.015074306786685004,0.6363636363636364,0.676923076923077,0.04055944055944061,0.7,0.7235294117647059,0.02352941176470591,0.1989592297092678,0.1721028098626799,-0.026856419846587903,0.65625,0.6875,0.03125,0.6196916533758638,0.6531558468939873,0.033464193518123464,0.0920654794316581,0.0813532249528966,-0.010712254478761507,0.6461538461538462,0.6821705426356589,0.036016696481812716,0.5416666666666666,0.5976190476190476,0.055952380952380976,0.0633430791721743,0.1038318504217542,0.040488771249579905,0.5384615384615384,0.5961538461538461,0.05769230769230771,0.2091481992346383,0.2866455990240238,0.07749739978938552,0.1053553372315961,0.0394289859882357,-0.0659263512433604,0.1954161640530759,0.2841661649608669,0.08875000090779098,0.2263731503915042,0.2331884277645433,0.00681527737303908,15.2,15.2,0.0,41,41,0
Post1_Post2_Pre_T2,Post1,Post2,Pre,T2,elasticnet_then_mrmr_auto_k,elasticnet_then_mrmr,GradientBoosting,elasticnet_then_mrmr_auto_k_no_smote,elasticnet_then_mrmr_auto_k_smote,0.68109477124183,0.6047502334267041,-0.07634453781512596,0.1074680991166085,0.1003993870336242,-0.007068712082984305,0.6574519230769231,0.5923978365384615,-0.06505408653846168,0.7044209262588417,0.6660519903027518,-0.03836893595608992,0.15721629020755,0.1779012248548756,0.020684934647325598,0.7092058032851047,0.6482865760979768,-0.060919227187127944,0.5965479212420257,0.5729195782588441,-0.023628342983181616,0.122966766245933,0.087366043641713,-0.035600722604219995,0.6120689655172413,0.5775862068965517,-0.03448275862068961,0.6243347338935574,0.599673202614379,-0.024661531279178472,0.1087807110712282,0.0814194552053301,-0.027361255865898104,0.6051682692307692,0.5703125,-0.03485576923076916,0.607483660130719,0.5954474421347487,-0.012036217995970322,0.1678119180747355,0.1527340228818239,-0.015077895192911611,0.6417910447761194,0.6119402985074627,-0.02985074626865669,0.7117647058823529,0.6882352941176471,-0.0235294117647058,0.2006908483439056,0.1929555231394908,-0.007735325204414806,0.671875,0.640625,-0.03125,0.6243884220354808,0.6039215686274509,-0.020466853408029895,0.1336973404254947,0.1016208511360779,-0.032076489289416796,0.6564885496183206,0.6259541984732825,-0.030534351145038108,0.5369047619047619,0.5111111111111112,-0.025793650793650702,0.1354425014602656,0.141202944745987,0.005760443285721395,0.5384615384615384,0.5,-0.038461538461538436,0.2224494885193912,0.1719376169476207,-0.050511871571770506,0.213577772302955,0.1472450084120124,-0.06633276389094259,0.2114803625377643,0.1413897280966767,-0.07009063444108762,0.2422082816279057,0.2632536881783557,0.021045406550450008,15.2,15.2,0.0,41,41,0
Post1_Post2_Pre_T2,Post1,Post2,Pre,T2,elasticnet_then_mrmr_auto_k,elasticnet_then_mrmr,KNN,elasticnet_then_mrmr_auto_k_no_smote,elasticnet_then_mrmr_auto_k_smote,0.7272047152194212,0.7359379863056332,0.008733271086212024,0.1771482217571386,0.1580792902247267,-0.019068931532411904,0.6721754807692307,0.7016225961538461,0.02944711538461542,0.8073881619894057,0.7927397335494168,-0.014648428439988814,0.1307051186886671,0.0900503316916459,-0.0406547869970212,0.7332849005797802,0.7400868932097633,0.006801992629983045,0.5954013481265983,0.6586553910803077,0.0632540429537094,0.0757820507350217,0.1088147967025194,0.033032745967497695,0.6120689655172413,0.6637931034482759,0.051724137931034586,0.5987044817927171,0.6810690943043884,0.08236461251167138,0.0581445912692499,0.117842012377325,0.0596974211080751,0.5889423076923077,0.6574519230769231,0.06850961538461542,0.5807056277056277,0.7030555555555555,0.12234992784992782,0.1300912112464458,0.2176161531767731,0.08752494193032731,0.611764705882353,0.6865671641791045,0.07480245829675147,0.8176470588235294,0.7470588235294117,-0.07058823529411773,0.1768623103337989,0.1680336100833611,-0.008828700250437804,0.8125,0.71875,-0.09375,0.654720133667502,0.678918918918919,0.024198785251416943,0.1127490282700664,0.1015936312785004,-0.011155396991566008,0.697986577181208,0.7022900763358778,0.004303499154669765,0.3797619047619047,0.615079365079365,0.23531746031746031,0.1279083430339361,0.2541913702478721,0.12628302721393597,0.3653846153846153,0.5961538461538461,0.23076923076923084,0.1785304440602,0.3222081346501371,0.1436776905899371,0.1024394316509979,0.2302449815275196,0.1278055498765217,0.1848844472204872,0.3166163141993958,0.1317318669789086,0.2305783588062119,0.2206718952694414,-0.009906463536770521,15.2,15.2,0.0,41,41,0
Post1_Post2_Pre_T2,Post1,Post2,Pre,T2,elasticnet_then_mrmr_auto_k,elasticnet_then_mrmr,LightGBM,elasticnet_then_mrmr_auto_k_no_smote,elasticnet_then_mrmr_auto_k_smote,0.6503824307500778,0.7231271397447868,0.07274470899470897,0.0862367003751264,0.0948903911085609,0.0086536907334345,0.6524939903846154,0.6505408653846154,-0.001953125,0.6668193233347268,0.7476424732424736,0.08082314990774675,0.17328740635859,0.0805269194418633,-0.0927604869167267,0.6855486513907527,0.6837437920867164,-0.0018048593040362881,0.571042373767624,0.6179743874960782,0.046932013728454236,0.0923227196460155,0.1055502917760573,0.013227572130041804,0.5948275862068966,0.6293103448275862,0.03448275862068961,0.583482726423903,0.6489098972922502,0.06542717086834726,0.0594927503596201,0.0651967635806973,0.005704013221077199,0.5895432692307692,0.6262019230769231,0.036658653846153966,0.5901754385964912,0.6316666666666667,0.04149122807017547,0.1766653600188617,0.1570130135363088,-0.0196523464825529,0.6307692307692307,0.6666666666666666,0.03589743589743588,0.6415686274509803,0.7164705882352941,0.07490196078431377,0.10088725954645,0.2335938568657102,0.13270659731926018,0.640625,0.65625,0.015625,0.5929710902124696,0.6285714285714286,0.03560033835895893,0.1334825219284631,0.152529689314733,0.01904716738626991,0.6356589147286822,0.6614173228346457,0.025758408105963526,0.5253968253968254,0.5813492063492064,0.055952380952380976,0.1100172917534187,0.138786810560616,0.028769518807197303,0.5384615384615384,0.5961538461538461,0.05769230769230771,0.1649065712040316,0.2728289671695063,0.10792239596547468,0.1196297009014768,0.1376747853071425,0.0180450844056657,0.1794099939795304,0.2519496100779844,0.072539616098454,0.2943757218835107,0.2744187809516645,-0.01995694093184619,15.2,15.2,0.0,41,41,0
Post1_Post2_Pre_T2,Post1,Post2,Pre,T2,elasticnet_then_mrmr_auto_k,elasticnet_then_mrmr,LogisticRegression,elasticnet_then_mrmr_auto_k_no_smote,elasticnet_then_mrmr_auto_k_smote,0.7167841581076876,0.7158037659508247,-0.0009803921568628526,0.1562032096770755,0.1508596619034656,-0.005343547773609902,0.689002403846154,0.6956129807692308,0.006610576923076872,0.7376520984374524,0.7355090724494981,-0.002143025987954239,0.1546087509382462,0.1516692169617102,-0.002939533976535985,0.7246742300563318,0.7306788408666144,0.006004610810282585,0.627951284903454,0.6348478366275919,0.006896551724137945,0.1482438614514802,0.1403146837166791,-0.00792917773480109,0.6379310344827587,0.646551724137931,0.008620689655172376,0.6483426704014938,0.6566760037348273,0.008333333333333415,0.1593794732706207,0.1492235703704788,-0.0101559029001419,0.6340144230769231,0.6436298076923077,0.009615384615384581,0.6290559732664995,0.6366750208855472,0.007619047619047636,0.1579183425972193,0.1539862713731146,-0.0039320712241046885,0.671875,0.6825396825396826,0.010664682539682557,0.7117647058823529,0.7117647058823529,0.0,0.2204116940611199,0.2204116940611199,0.0,0.671875,0.671875,0.0,0.6449764195434824,0.6482022259950952,0.003225806451612856,0.1419865470711388,0.1388037143568125,-0.003182832714326317,0.671875,0.6771653543307087,0.00529035433070868,0.5849206349206348,0.6015873015873016,0.01666666666666672,0.1291384713088352,0.1103602748937694,-0.018778196415065812,0.5961538461538461,0.6153846153846154,0.019230769230769273,0.2603293682800962,0.2766651787928383,0.016335810512742133,0.2992515009418711,0.2802107628658926,-0.019040738075978503,0.2680288461538461,0.2867426514697061,0.018713805315860033,0.2291450995337126,0.2271386530501451,-0.0020064464835674867,15.2,15.2,0.0,41,41,0
Post1_Post2_Pre_T2,Post1,Post2,Pre,T2,elasticnet_then_mrmr_auto_k,elasticnet_then_mrmr,NaiveBayes,elasticnet_then_mrmr_auto_k_no_smote,elasticnet_then_mrmr_auto_k_smote,0.673897447868036,0.6955026455026455,0.021605197634609552,0.1317907495607501,0.1558691682917246,0.024078418730974493,0.6448317307692307,0.6682692307692307,0.0234375,0.7109530928843674,0.7649296537685953,0.053976560884227975,0.1020088964577846,0.1099035005866731,0.007894604128888497,0.6902902773884221,0.7465967414654174,0.056306464076995355,0.5884986166966145,0.6162763944743922,0.02777777777777768,0.0611587086713002,0.0532554552029624,-0.007903253468337805,0.5948275862068966,0.6120689655172413,0.01724137931034475,0.5854808590102707,0.6090919701213818,0.023611111111111138,0.076440370750243,0.0870968147991617,0.010656444048918703,0.5715144230769231,0.5907451923076923,0.019230769230769162,0.5681623931623931,0.5927655677655678,0.024603174603174627,0.1108951967004184,0.0934961504160949,-0.01739904628432351,0.6,0.6144578313253012,0.014457831325301207,0.8058823529411765,0.8058823529411765,0.0,0.1700803799388348,0.1700803799388348,0.0,0.796875,0.796875,0.0,0.6486257928118393,0.6653828369373045,0.016757044125465193,0.0991102544240566,0.0814035792979322,-0.017706675126124408,0.6845637583892618,0.6938775510204082,0.0093137926311464,0.365079365079365,0.4123015873015873,0.047222222222222276,0.0992539568308792,0.153260934631602,0.054006977800722805,0.3461538461538461,0.3846153846153846,0.03846153846153849,0.146426574053925,0.1905970377365838,0.044170463682658784,0.1035125615445873,0.1098273617326588,0.006314800188071498,0.1486570893191755,0.1879278158058493,0.03927072648667379,0.366806487214743,0.350736590717443,-0.016069896497300007,15.2,15.2,0.0,41,41,0
Post1_Post2_Pre_T2,Post1,Post2,Pre,T2,elasticnet_then_mrmr_auto_k,elasticnet_then_mrmr,RandomForest,elasticnet_then_mrmr_auto_k_no_smote,elasticnet_then_mrmr_auto_k_smote,0.6911647992530345,0.6998054777466542,0.008640678493619713,0.0838487143912856,0.0740235071826357,-0.009825207208649905,0.6829927884615385,0.6980168269230769,0.015024038461538325,0.7574166741262035,0.745997132741934,-0.011419541384269483,0.0491825730566672,0.1211717961058657,0.0719892230491985,0.739382576729133,0.7671866461732233,0.027804069444090307,0.6225839726952074,0.6022978998507363,-0.020286072844471037,0.0684472475858673,0.0730118116319595,0.004564564046092193,0.6379310344827587,0.6206896551724138,-0.017241379310344862,0.6271615312791783,0.6101680672268908,-0.01699346405228752,0.059295680817868,0.047816334420608,-0.011479346397259997,0.6358173076923077,0.6183894230769231,-0.01742788461538458,0.6314020344980098,0.6179271708683473,-0.013474863629662548,0.1507469241009537,0.1699391550892711,0.019192230988317405,0.6774193548387096,0.6612903225806451,-0.016129032258064502,0.6368627450980392,0.6250980392156863,-0.0117647058823529,0.1406876067437092,0.1263110408733954,-0.014376565870313801,0.65625,0.640625,-0.015625,0.6146531730971958,0.5991176470588235,-0.015535526038372272,0.1248835509862534,0.1333868116512699,0.008503260665016499,0.6666666666666666,0.6507936507936508,-0.015873015873015817,0.6174603174603176,0.5952380952380952,-0.022222222222222365,0.0735402152927642,0.1006717172725497,0.027131501979785505,0.6153846153846154,0.5961538461538461,-0.019230769230769273,0.2408826509327134,0.2112490536639144,-0.029633597268799022,0.1285244350292272,0.1052856722984201,-0.02323876273080709,0.2706586826347305,0.2359281437125748,-0.03473053892215566,0.2241913275839136,0.2225951691640129,-0.0015961584199007117,15.2,15.2,0.0,41,41,0
Post1_Post2_Pre_T2,Post1,Post2,Pre,T2,elasticnet_then_mrmr_auto_k,elasticnet_then_mrmr,SVM_Linear,elasticnet_then_mrmr_auto_k_no_smote,elasticnet_then_mrmr_auto_k_smote,0.7306178026766261,0.7386064425770308,0.00798863990040466,0.1505900185328672,0.1609812780819452,0.010391259549078019,0.6914062499999999,0.6941105769230769,0.002704326923076983,0.7542981872270803,0.7657839592976631,0.011485772070582767,0.1349465391299994,0.1272882695181485,-0.007658269611850899,0.7260480698154287,0.7340266731934922,0.007978603378063553,0.6014080222089121,0.6417443883517298,0.04033636614281766,0.0974482190176741,0.1333442082748532,0.03589598925717909,0.6206896551724138,0.6551724137931034,0.03448275862068961,0.619967320261438,0.6625583566760037,0.04259103641456574,0.080776249147984,0.1427929437165086,0.062016694568524613,0.6057692307692308,0.6514423076923077,0.04567307692307687,0.5963853367433931,0.642389306599833,0.04600396985643984,0.1466025624054832,0.1519760188589395,0.005373456453456299,0.631578947368421,0.6875,0.05592105263157898,0.7788235294117647,0.7235294117647058,-0.05529411764705894,0.16957508467508,0.2084711193725806,0.03889603469750058,0.75,0.6875,-0.0625,0.6505882352941177,0.6574764195434823,0.0068881842493646595,0.1135522683483638,0.130999118548934,0.017446850200570213,0.6857142857142857,0.6875,0.0017857142857142794,0.4611111111111111,0.6015873015873016,0.14047619047619048,0.0777777777777777,0.1103602748937694,0.032582497115991704,0.4615384615384615,0.6153846153846154,0.1538461538461539,0.216735736507121,0.288080564452345,0.07134482794522398,0.1599723638331111,0.2684681635875934,0.10849579975448231,0.2162162162162162,0.3028846153846154,0.08666839916839922,0.2296179497902765,0.2309505405475121,0.0013325907572356022,15.2,15.2,0.0,41,41,0
Post1_Post2_Pre_T2,Post1,Post2,Pre,T2,elasticnet_then_mrmr_auto_k,elasticnet_then_mrmr,SVM_RBF,elasticnet_then_mrmr_auto_k_no_smote,elasticnet_then_mrmr_auto_k_smote,0.7523062558356676,0.7559943977591036,0.003688141923436028,0.1849647835403156,0.1839374122358487,-0.0010273713044668953,0.658653846153846,0.7133413461538461,0.05468750000000011,0.8346301804775091,0.8328546045814754,-0.001775575896033721,0.1332763417469493,0.1338146082183603,0.000538266471411003,0.7080020743693619,0.7452620340191469,0.03725995964978501,0.5680746888755788,0.6728406681688106,0.10476597929323184,0.1438788888200367,0.1438875934820609,8.704662024211496e-06,0.603448275862069,0.6637931034482759,0.06034482758620696,0.5977941176470589,0.6855648926237162,0.0877707749766573,0.0819406567002654,0.155948184106682,0.07400752740641658,0.5865384615384616,0.6646634615384616,0.078125,0.5874065394828619,0.6896428571428571,0.10223631765999519,0.1695051864279652,0.1045042828056178,-0.0650009036223474,0.6153846153846154,0.711864406779661,0.09647979139504559,0.7705882352941177,0.691764705882353,-0.07882352941176474,0.1845222016630367,0.2212765730919293,0.036754371428892596,0.75,0.65625,-0.09375,0.6319887955182073,0.6724549643904483,0.04046616887224097,0.1367465780356291,0.1321954481692872,-0.004551129866341902,0.676056338028169,0.6829268292682927,0.006870491240123733,0.425,0.6793650793650793,0.2543650793650793,0.1841731606027864,0.137953768076411,-0.046219392526375414,0.4230769230769231,0.6730769230769231,0.25000000000000006,0.1878901936325377,0.3378331089485996,0.14994291531606188,0.1760831437511949,0.2807738284302252,0.10469068467903028,0.1775585696670776,0.3263847528290649,0.14882618316198729,0.2391962653892125,0.2238356309866159,-0.015360634402596579,15.2,15.2,0.0,41,41,0
Post1_Post2_Pre_T2,Post1,Post2,Pre,T2,elasticnet_then_mrmr_auto_k,elasticnet_then_mrmr,XGBoost,elasticnet_then_mrmr_auto_k_no_smote,elasticnet_then_mrmr_auto_k_smote,0.680083255524432,0.7180788982259569,0.03799564270152489,0.0586939624990463,0.0592075457776064,0.0005135832785601036,0.6736778846153847,0.7160456730769231,0.042367788461538436,0.6961549766286517,0.7212031645350304,0.02504818790637875,0.1481493364963441,0.15482804386055,0.006678707364205894,0.7001994507019278,0.7182690282795262,0.018069577577598417,0.5911867887396253,0.611431505091127,0.020244716351501713,0.0828448583823383,0.0926719429773908,0.009827084595052507,0.6120689655172413,0.6379310344827587,0.02586206896551735,0.6197712418300653,0.6201680672268907,0.0003968253968253954,0.0632874166635827,0.078675728681884,0.015388312018301292,0.6051682692307692,0.6358173076923077,0.030649038461538547,0.6095068330362449,0.6292759528053645,0.01976911976911966,0.1551807588683175,0.1929430054987588,0.03776224663044131,0.6417910447761194,0.6774193548387096,0.03562831006259026,0.7117647058823529,0.6450980392156862,-0.06666666666666665,0.2006908483439056,0.1127067283388228,-0.08798412000508281,0.671875,0.65625,-0.015625,0.619858469703671,0.6153471915081822,-0.004511278195488799,0.1096610092705284,0.1368390346982811,0.027178025427752703,0.6564885496183206,0.6666666666666666,0.010178117048346036,0.5277777777777778,0.5952380952380952,0.06746031746031744,0.1337954953199144,0.1358974907492317,0.0021019954293172993,0.5384615384615384,0.6153846153846154,0.07692307692307698,0.2115274883374858,0.2290464099507819,0.0175189216132961,0.1193525226063562,0.1603563127541868,0.04100379014783059,0.2114803625377643,0.2706586826347305,0.059178320096966164,0.2656089772429829,0.2438009082415339,-0.021808069001448993,15.2,15.2,0.0,41,41,0
Post1_Post2_Pre_T2,Post1,Post2,Pre,T2,mrmr_then_elasticnet_no_corr_auto_k,mrmr_then_elasticnet_no_corr,ExtraTrees,mrmr_then_elasticnet_no_corr_auto_k_no_smote,mrmr_then_elasticnet_no_corr_auto_k_smote,0.6281170245876128,0.6129022720199191,-0.015214752567693668,0.0720217505572867,0.1091674115140565,0.0371456609567698,0.59765625,0.5925480769230769,-0.005108173076923128,0.7260617505739492,0.7219239965434797,-0.004137754030469454,0.1149468937400806,0.1228468393731781,0.007899945633097497,0.6932034908079834,0.6903379346885454,-0.002865556119437951,0.5731140013119991,0.5292057651901924,-0.04390823612180672,0.0839557226197769,0.0912462722905562,0.007290549670779287,0.5862068965517241,0.5344827586206896,-0.051724137931034475,0.5988211951447245,0.5507959850606909,-0.0480252100840336,0.0660270611579594,0.094032571236073,0.02800551007811361,0.5853365384615384,0.53125,-0.054086538461538436,0.6336363636363636,0.5925490196078431,-0.041087344028520434,0.2113457687679715,0.211730752543111,0.0003849837751394858,0.6333333333333333,0.5806451612903226,-0.052688172043010684,0.5980392156862745,0.5662745098039215,-0.03176470588235303,0.0784313725490196,0.0960135835577694,0.017582211008749793,0.59375,0.5625,-0.03125,0.581028431028431,0.5421262457367935,-0.03890218529163758,0.1091069128497764,0.1064098897537039,-0.002697023096072504,0.6129032258064516,0.5714285714285714,-0.04147465437788023,0.5996031746031746,0.5353174603174604,-0.06428571428571417,0.2039636217125773,0.2397968296836491,0.03583320797107181,0.5769230769230769,0.5,-0.07692307692307687,0.1854377326038641,0.0899101409325102,-0.0955275916713539,0.1207895371034606,0.1733257148801337,0.052536177776673104,0.1694510739856802,0.0622754491017963,-0.10717562488388391,0.2446972303886392,0.2411956560702389,-0.0035015743184002857,11.6,11.6,0.0,46,46,0
Post1_Post2_Pre_T2,Post1,Post2,Pre,T2,mrmr_then_elasticnet_no_corr_auto_k,mrmr_then_elasticnet_no_corr,GradientBoosting,mrmr_then_elasticnet_no_corr_auto_k_no_smote,mrmr_then_elasticnet_no_corr_auto_k_smote,0.5766265950824774,0.5904652972300031,0.013838702147525694,0.1306919847096191,0.1374741369978598,0.006782152288240695,0.5641526442307693,0.6192908653846154,0.055138221153846145,0.6736201578872997,0.6868963140756066,0.013276156188306909,0.1214357604868343,0.13044949980287,0.00901373931603569,0.6268712506220272,0.6941691850284046,0.06729793440637744,0.5378530751167013,0.5939600505785155,0.0561069754618142,0.1267321474044708,0.0925491509709536,-0.0341829964335172,0.5517241379310345,0.603448275862069,0.051724137931034475,0.5544607843137255,0.6016573295985062,0.04719654528478068,0.1314565139927515,0.0871533540844365,-0.04430315990831499,0.5306490384615384,0.6009615384615384,0.0703125,0.5424388572633354,0.616468253968254,0.07402939670491859,0.1629587407369283,0.1847557852311175,0.021797044494189205,0.573170731707317,0.6451612903225806,0.0719905586152636,0.7505882352941177,0.6215686274509804,-0.12901960784313726,0.2455866502238387,0.0889081101863108,-0.1566785400375279,0.734375,0.625,-0.109375,0.5996739844263064,0.5985407887495173,-0.001133195676789045,0.1460810356484408,0.1251255924470656,-0.020955443201375212,0.6438356164383562,0.6349206349206349,-0.008914981517721299,0.3583333333333333,0.5817460317460318,0.2234126984126985,0.2134374745810949,0.1634920634920635,-0.049945411089031416,0.3269230769230769,0.5769230769230769,0.24999999999999994,0.0829410182151956,0.1911543695886927,0.1082133513734971,0.2441787911284782,0.1746201042174915,-0.06955868691098671,0.0633540372670807,0.2011976047904191,0.13784356752333837,0.2592891672133966,0.2389318321131861,-0.02035733510021051,11.6,11.6,0.0,46,46,0
Post1_Post2_Pre_T2,Post1,Post2,Pre,T2,mrmr_then_elasticnet_no_corr_auto_k,mrmr_then_elasticnet_no_corr,KNN,mrmr_then_elasticnet_no_corr_auto_k_no_smote,mrmr_then_elasticnet_no_corr_auto_k_smote,0.5913760504201682,0.6188305322128851,0.027454481792716923,0.0722158310346551,0.1013220760166757,0.029106244982020593,0.5686598557692307,0.5984074519230769,0.029747596153846145,0.6886258469278188,0.6957789515314203,0.007153104603601523,0.1097019190367487,0.1091837156228213,-0.0005182034139274011,0.6665713477613753,0.6633608976321886,-0.003210450129186637,0.558424840516053,0.5673640227032885,0.00893918218723544,0.047393153150911,0.1135230706167673,0.0661299174658563,0.5603448275862069,0.5775862068965517,0.017241379310344862,0.5866479925303454,0.5735644257703082,-0.01308356676003719,0.0592664195749538,0.135990607427155,0.0767241878522012,0.5528846153846154,0.5811298076923077,0.02824519230769229,0.5896270086982162,0.6178966131907309,0.0282696044925147,0.1428241857927764,0.2618461173295454,0.11902193153676899,0.5970149253731343,0.6363636363636364,0.03934871099050208,0.6764705882352942,0.507843137254902,-0.1686274509803921,0.1704867852492875,0.1074681537728998,-0.06301863147638771,0.625,0.546875,-0.078125,0.5950163398692812,0.5417133520074697,-0.053302987861811424,0.0598871255907768,0.1741436993252748,0.11425657373449799,0.6106870229007634,0.5882352941176471,-0.022451728783116298,0.4968253968253968,0.6392857142857142,0.14246031746031745,0.1451621798300467,0.2049340976483336,0.05977191781828689,0.4807692307692308,0.6153846153846154,0.13461538461538464,0.1430016289475565,0.142269023415059,-0.0007326055324974878,0.0880697161194688,0.2383575825119627,0.15028786639249392,0.106344410876133,0.1596688350088705,0.0533244241327375,0.2929014781644454,0.2784875546612841,-0.014413923503161286,11.6,11.6,0.0,46,46,0
Post1_Post2_Pre_T2,Post1,Post2,Pre,T2,mrmr_then_elasticnet_no_corr_auto_k,mrmr_then_elasticnet_no_corr,LightGBM,mrmr_then_elasticnet_no_corr_auto_k_no_smote,mrmr_then_elasticnet_no_corr_auto_k_smote,0.5764791472144414,0.5502699968876439,-0.026209150326797492,0.1146998449685722,0.1511449682850319,0.0364451233164597,0.5643028846153846,0.5310997596153846,-0.033203125,0.6735611799697484,0.6361622613960914,-0.03739891857365696,0.1094991356899025,0.1073101598395853,-0.0021889758503171874,0.6668772832542122,0.5888357965208961,-0.07804148673331612,0.5287608263692801,0.5004791648840593,-0.02828166148522082,0.0985857768546152,0.085437850874543,-0.013147925980072195,0.5344827586206896,0.5,-0.03448275862068961,0.5516806722689076,0.4894771241830066,-0.062203548085901006,0.0800762270324736,0.1055155127512488,0.025439285718775212,0.5348557692307692,0.4981971153846154,-0.036658653846153744,0.5657894736842105,0.5222222222222224,-0.04356725146198814,0.1868916440885175,0.1870168672659643,0.00012522317744681488,0.5862068965517241,0.55,-0.036206896551724044,0.5509803921568627,0.467843137254902,-0.08313725490196067,0.1417200862713149,0.1311212111397888,-0.010598875131526103,0.53125,0.515625,-0.015625,0.5286061117180662,0.4771495140460658,-0.05145659767200034,0.1381326177191867,0.1422452084369518,0.004112590717765097,0.5573770491803278,0.532258064516129,-0.025118984664198818,0.5523809523809524,0.5111111111111111,-0.041269841269841345,0.1525668508914361,0.2308064230871221,0.078239572195686,0.5384615384615384,0.4807692307692308,-0.057692307692307654,0.0991203747711744,-0.024896788564938,-0.1240171633361124,0.1497820161684518,0.2102308507808871,0.060448834612435304,0.0689655172413793,-0.003579952267303,-0.07254546950868229,0.2934421287693086,0.2777037917596042,-0.015738337009704395,11.6,11.6,0.0,46,46,0
Post1_Post2_Pre_T2,Post1,Post2,Pre,T2,mrmr_then_elasticnet_no_corr_auto_k,mrmr_then_elasticnet_no_corr,LogisticRegression,mrmr_then_elasticnet_no_corr_auto_k_no_smote,mrmr_then_elasticnet_no_corr_auto_k_smote,0.6560932150638034,0.6691230936819172,0.013029878618113888,0.0878099154847355,0.0926017559223332,0.0047918404375977,0.6493389423076923,0.65625,0.006911057692307709,0.6882030841789031,0.6917169286532382,0.003513844474335115,0.1614847894374445,0.1642106250182719,0.0027258355808274237,0.7139976953190509,0.7163164343325719,0.0023187390135209762,0.5996097278077256,0.5782835629331736,-0.021326164874551967,0.047619102052048,0.0728277897560149,0.025208687703966892,0.603448275862069,0.5948275862068966,-0.008620689655172376,0.6065966386554622,0.5962698412698414,-0.010326797385620812,0.0554911701540581,0.0636645074047962,0.008173337250738107,0.5991586538461539,0.5931490384615384,-0.006009615384615419,0.6168243521184698,0.6065742952699475,-0.010250056848522204,0.1655470657613279,0.1831651952827458,0.01761812952141789,0.640625,0.639344262295082,-0.001280737704917989,0.6250980392156863,0.5933333333333333,-0.03176470588235303,0.1207078953570886,0.1740027884719136,0.05329489311482501,0.640625,0.609375,-0.03125,0.5983006535947712,0.5666666666666667,-0.031633986928104596,0.108277280227541,0.1429840705968481,0.034706790369307086,0.640625,0.624,-0.016625,0.5880952380952381,0.5992063492063492,0.011111111111111072,0.1577030259508482,0.1683587574253684,0.010655731474520203,0.5576923076923077,0.5769230769230769,0.019230769230769162,0.1934022933384934,0.1766572197365065,-0.016745073601986904,0.0964862905454606,0.1185057307255118,0.022019440180051197,0.1983173076923077,0.1852958756724447,-0.013021432019863,0.244020416227857,0.2398490240393181,-0.004171392188538903,11.6,11.6,0.0,46,46,0
Post1_Post2_Pre_T2,Post1,Post2,Pre,T2,mrmr_then_elasticnet_no_corr_auto_k,mrmr_then_elasticnet_no_corr,NaiveBayes,mrmr_then_elasticnet_no_corr_auto_k_no_smote,mrmr_then_elasticnet_no_corr_auto_k_smote,0.6709617180205416,0.675812324929972,0.004850606909430399,0.0660891311267752,0.0618980234984101,-0.0041911076283650955,0.6739783653846154,0.6775841346153846,0.0036057692307691624,0.68829034397378,0.6934444404859221,0.005154096512142159,0.1812571070267944,0.1830279592428039,0.0017708522160095053,0.7353514241774944,0.7431006501628075,0.007749225985313024,0.6039835334607303,0.620650200127397,0.01666666666666672,0.0769299847018748,0.0596926785738206,-0.0172373061280542,0.6206896551724138,0.6293103448275862,0.008620689655172376,0.5885760971055088,0.6009477124183007,0.01237161531279185,0.0276123628202666,0.0228287096667439,-0.0047836531535227,0.6039663461538461,0.6153846153846154,0.011418269230769273,0.587012987012987,0.5990430622009569,0.012030075187969946,0.1550871465114436,0.137163309948194,-0.017923836563249584,0.6282051282051282,0.64,0.01179487179487182,0.7192156862745098,0.7074509803921569,-0.0117647058823529,0.1826895480663926,0.1812698172225846,-0.0014197308438080036,0.765625,0.75,-0.015625,0.6245344129554656,0.62991452991453,0.005380116959064374,0.1527216616746303,0.1390721998710533,-0.013649461803577012,0.6901408450704225,0.6906474820143885,0.0005066369439660212,0.4579365079365079,0.4944444444444444,0.03650793650793649,0.1532301075520677,0.1555555555555555,0.002325448003487801,0.4423076923076923,0.4807692307692308,0.03846153846153849,0.1801894766419272,0.2001851498364265,0.019995673194499297,0.0786681835913904,0.061543754766504,-0.0171244288248864,0.2133168927250308,0.2354383813611281,0.02212148863609731,0.3015412399434721,0.2974703950005292,-0.004070844942942908,11.6,11.6,0.0,46,46,0
Post1_Post2_Pre_T2,Post1,Post2,Pre,T2,mrmr_then_elasticnet_no_corr_auto_k,mrmr_then_elasticnet_no_corr,RandomForest,mrmr_then_elasticnet_no_corr_auto_k_no_smote,mrmr_then_elasticnet_no_corr_auto_k_smote,0.6044335511982571,0.5719102085278556,-0.03252334267040158,0.0727164580732168,0.1174088883207392,0.0446924302475224,0.6177884615384615,0.5709134615384615,-0.046875,0.7206790696762814,0.6875024750346598,-0.03317659464162159,0.1099448007682725,0.1284223242943431,0.018477523526070613,0.730354832965284,0.6876904277557501,-0.04266440520953396,0.568705018871871,0.5077203540496088,-0.06098466482226217,0.0768260030730501,0.0970894969996312,0.020263493926581097,0.5775862068965517,0.5086206896551724,-0.06896551724137934,0.5721428571428572,0.5032469654528477,-0.06889589169000943,0.0660338749598713,0.1157282286964934,0.04969435373662209,0.5721153846153846,0.5060096153846154,-0.06610576923076916,0.5839402427637721,0.5512971342383108,-0.03264310852546126,0.1632472020168809,0.2296973618522862,0.06645015983540531,0.6153846153846154,0.5573770491803278,-0.0580075662042876,0.6133333333333333,0.487843137254902,-0.12549019607843126,0.1208606837757316,0.1160307268164416,-0.004829956959290005,0.625,0.53125,-0.09375,0.5766386554621848,0.4974810104221869,-0.07915764503999795,0.1244428583657358,0.1522043661681317,0.027761507802395904,0.6201550387596899,0.544,-0.07615503875968987,0.5309523809523811,0.5186507936507937,-0.012301587301587369,0.1391131975530507,0.2247923932330219,0.08567919567997118,0.5192307692307693,0.4807692307692308,-0.03846153846153849,0.1358249172290918,0.0095593968109398,-0.12626552041815198,0.1346792352178032,0.2124402033890155,0.07776096817121231,0.1444912703190848,0.0119545726240286,-0.1325366976950562,0.2433689280403773,0.2543839442327005,0.011015016192323202,11.6,11.6,0.0,46,46,0
Post1_Post2_Pre_T2,Post1,Post2,Pre,T2,mrmr_then_elasticnet_no_corr_auto_k,mrmr_then_elasticnet_no_corr,SVM_Linear,mrmr_then_elasticnet_no_corr_auto_k_no_smote,mrmr_then_elasticnet_no_corr_auto_k_smote,0.6472790227201992,0.6533224400871459,0.006043417366946691,0.0775082042008643,0.0830601985746333,0.005551994373769006,0.6183894230769231,0.6349158653846154,0.01652644230769229,0.6825235858401224,0.6909099643959007,0.008386378555778284,0.1576167002925654,0.1658661026695695,0.008249402377004111,0.6817941056500206,0.6964679352685306,0.014673829618509937,0.592368538642176,0.5559020944449198,-0.0364664441972562,0.0584837927360555,0.0826249948786276,0.024141202142572094,0.603448275862069,0.5689655172413793,-0.03448275862068961,0.6251867413632118,0.5754668534080298,-0.04971988795518201,0.0489112002109989,0.069050665048984,0.020139464837985094,0.5919471153846154,0.5625,-0.02944711538461542,0.6226190476190476,0.5961904761904762,-0.026428571428571468,0.1653690986112889,0.1950440382855838,0.02967493967429491,0.625,0.6060606060606061,-0.018939393939393923,0.7352941176470589,0.6215686274509804,-0.11372549019607847,0.2185197131883142,0.1159352588164273,-0.1025844543718869,0.703125,0.625,-0.078125,0.6279013256295204,0.5773907318872193,-0.050510593742301046,0.0877704964047053,0.118128269969217,0.030357773564511706,0.6617647058823529,0.6153846153846154,-0.0463800904977375,0.5150793650793651,0.5293650793650794,0.014285714285714235,0.2226809324617529,0.2044725407096464,-0.018208391752106506,0.4807692307692308,0.5,0.019230769230769218,0.2164157309205329,0.1415314251288021,-0.0748843057917308,0.0765224587382343,0.1237534285192336,0.047230969780999305,0.1865853658536584,0.1254523522316043,-0.06113301362205409,0.2427204059359088,0.2429234845594783,0.00020307862356949702,11.6,11.6,0.0,46,46,0
Post1_Post2_Pre_T2,Post1,Post2,Pre,T2,mrmr_then_elasticnet_no_corr_auto_k,mrmr_then_elasticnet_no_corr,SVM_RBF,mrmr_then_elasticnet_no_corr_auto_k_no_smote,mrmr_then_elasticnet_no_corr_auto_k_smote,0.5805501089324618,0.5787239340180517,-0.0018261749144101724,0.1568851998422199,0.1564251944559238,-0.00046000538629611953,0.5600961538461539,0.5745192307692307,0.014423076923076872,0.6618794990909397,0.6591798200290315,-0.0026996790619081557,0.141062809515023,0.146493847259831,0.005431037744807993,0.6496899679485497,0.659879142638343,0.010189174689793301,0.5417581738493863,0.5390700018063755,-0.0026881720430107503,0.0728334865330862,0.0642892519303323,-0.0085442346027539,0.5517241379310345,0.5344827586206896,-0.017241379310344862,0.5486601307189543,0.5722222222222222,0.023562091503267935,0.0593187577764067,0.0582226940001018,-0.0010960637763049036,0.5324519230769231,0.5528846153846154,0.02043269230769229,0.5633137829912023,0.4867132867132867,-0.0766004962779156,0.1822294185758367,0.301830193927978,0.11960077535214131,0.575,0.631578947368421,0.05657894736842106,0.7250980392156863,0.4333333333333333,-0.291764705882353,0.1929571171479678,0.2268416449251697,0.03388452777720191,0.71875,0.375,-0.34375,0.5994653679653681,0.4328851540616246,-0.1665802139037435,0.1305721526535943,0.2309903585770565,0.1004182059234622,0.6388888888888888,0.4705882352941176,-0.16830065359477125,0.3722222222222222,0.711111111111111,0.33888888888888885,0.25915341754868,0.1880701208867861,-0.07108329666189389,0.3461538461538461,0.7307692307692307,0.38461538461538464,0.0908489714270267,0.1269651049334967,0.036116133506469986,0.1055141983412287,0.1063315132317274,0.0008173148904987021,0.0668316831683167,0.1010332950631458,0.034201611894829106,0.2540113554698749,0.2555507988617047,0.0015394433918297645,11.6,11.6,0.0,46,46,0
Post1_Post2_Pre_T2,Post1,Post2,Pre,T2,mrmr_then_elasticnet_no_corr_auto_k,mrmr_then_elasticnet_no_corr,XGBoost,mrmr_then_elasticnet_no_corr_auto_k_no_smote,mrmr_then_elasticnet_no_corr_auto_k_smote,0.6120385932150638,0.6053633675692499,-0.006675225645813909,0.1275619913229179,0.1571873853651613,0.029625394042243403,0.6060697115384616,0.5877403846153847,-0.018329326923076872,0.7030119199324172,0.6975317829293318,-0.005480137003085361,0.1053461751510284,0.1145441013578793,0.009197926206850907,0.6926276289338092,0.6618655111255906,-0.030762117808218692,0.5740599716684256,0.5564972476540886,-0.017562724014337006,0.1138987396135686,0.1192993975485714,0.0054006579350028006,0.5689655172413793,0.5517241379310345,-0.017241379310344862,0.5728874883286648,0.5557446311858076,-0.017142857142857126,0.107809128392081,0.1135026527543178,0.0056935243622368015,0.5625,0.5450721153846154,-0.01742788461538458,0.5706582633053221,0.5547491723962312,-0.015909090909090873,0.1601331620897431,0.1578796093123105,-0.0022535527774326103,0.6060606060606061,0.5909090909090909,-0.015151515151515138,0.6215686274509803,0.6015686274509804,-0.019999999999999907,0.1474634955055934,0.1679530517875974,0.020489556282003996,0.625,0.609375,-0.015625,0.5813442524717866,0.561111922022738,-0.020232330449048597,0.1395808104696612,0.1453302015880677,0.005749391118406499,0.6153846153846154,0.6,-0.015384615384615441,0.5242063492063492,0.5099206349206349,-0.014285714285714346,0.1190899395676361,0.1406128830058645,0.0215229434382284,0.5,0.4807692307692308,-0.019230769230769218,0.1355969006908574,0.101359541496523,-0.03423735919433439,0.2109857487654192,0.2212429778532223,0.010257229087803105,0.1254523522316043,0.0904704463208684,-0.03498190591073591,0.3048323570421317,0.3370404833419638,0.03220812629983211,11.6,11.6,0.0,46,46,0
